"TaxonID","SIFS","Scientific.name","Vernacular.name","Family","Introduced","Nb..Obs.","Years..min.","Years..max.","Doubtful....","IUCN.status","WS.Code"
1000000,100,"Abies alba Mill.",NA,"Pinaceae",NA,3,1982,2026,NA,"Least concern",NA
1000070,300,"Acer campestre L.",NA,"Sapindaceae",NA,3,1982,2025,NA,"Least concern",NA
1000130,800,"Acer pseudoplatanus L.",NA,"Sapindaceae",NA,8,1982,2025,NA,"Least concern",NA
1000180,1000,"Achillea atrata L.",NA,"Asteraceae",NA,1,1994,2024,NA,"Least concern",NA
1000330,1700,"Achillea millefolium L.",NA,"Asteraceae",NA,15,1930,2025,NA,"Least concern",NA
1000340,1701,"Achillea millefolium L. subsp. millefolium",NA,"Asteraceae",NA,2,2025,2025,NA,"",NA
1000320,1706,"Achillea millefolium aggr.",NA,"Asteraceae",NA,42,1930,2025,NA,"Least concern",NA
1000450,2700,"Achnatherum calamagrostis (L.) P. Beauv.",NA,"Poaceae",NA,3,1885,2024,NA,"Least concern",NA
1000460,2800,"Acinos alpinus (L.) Moench",NA,"Lamiaceae",NA,10,1982,2024,NA,"Least concern",NA
1000470,2900,"Acinos arvensis (Lam.) Dandy",NA,"Lamiaceae",NA,3,1982,2025,NA,"Least concern",NA
1000543,3510,"Aconitum lycoctonum L.",NA,"Ranunculaceae",NA,3,1982,2025,NA,"Least concern",NA
1000548,3520,"Aconitum lycoctonum subsp. neapolitanum (Ten.) Nyman",NA,"Ranunculaceae",NA,1,1982,2020,NA,"Least concern",NA
1000563,3540,"Aconitum napellus L.",NA,"Ranunculaceae",NA,1,1982,2024,NA,"Least concern",NA
1000620,4390,"Aconitum variegatum L.",NA,"Ranunculaceae",NA,1,2024,2024,NA,"Least concern",NA
1000660,4600,"Aconitum variegatum subsp. paniculatum (Arcang.) Negodi",NA,"Ranunculaceae",NA,1,2024,2024,NA,"Least concern",NA
1000730,5200,"Actaea spicata L.",NA,"Ranunculaceae",NA,4,1982,2025,NA,"Least concern",NA
1000770,5400,"Adenostyles alliariae (Gouan) A. Kern.",NA,"Asteraceae",NA,4,1982,2025,NA,"Least concern",NA
1000780,5450,"Adenostyles alpina (L.) Bluff & Fingerh.",NA,"Asteraceae",NA,5,1982,2025,NA,"Least concern",NA
1000880,6300,"Adoxa moschatellina L.",NA,"Adoxaceae",NA,0,1982,1982,NA,"Least concern",NA
1000930,6800,"Aegopodium podagraria L.",NA,"Apiaceae",NA,2,1982,2025,NA,"Least concern",NA
1001010,7400,"Agrimonia eupatoria L.",NA,"Rosaceae",NA,1,1982,2024,NA,"Least concern",NA
1001050,8200,"Agrostemma githago L.",NA,"Caryophyllaceae",NA,3,1930,1966,NA,"Endangered",NA
1001080,8600,"Agrostis capillaris L.",NA,"Poaceae",NA,22,1951,2024,NA,"Least concern",NA
1001090,8700,"Agrostis gigantea Roth",NA,"Poaceae",NA,1,2025,2025,NA,"Least concern",NA
1001100,8900,"Agrostis rupestris All.",NA,"Poaceae",NA,8,1951,2002,NA,"Least concern",NA
1001120,9100,"Agrostis schraderiana Bech.",NA,"Poaceae",NA,1,1982,2025,NA,"Least concern",NA
1001130,9300,"Agrostis stolonifera L.",NA,"Poaceae",NA,2,1982,2025,NA,"Least concern",NA
1001210,10200,"Ajuga genevensis L.",NA,"Lamiaceae",NA,0,1982,1982,NA,"Least concern",NA
1001220,10300,"Ajuga pyramidalis L.",NA,"Lamiaceae",NA,2,1982,2022,NA,"Least concern",NA
1001230,10400,"Ajuga reptans L.",NA,"Lamiaceae",NA,16,1930,2025,NA,"Least concern",NA
1001270,10500,"Alcea rosea L.",NA,"Malvaceae",NA,2,2024,2025,NA,"",NA
1001340,11200,"Alchemilla alpina aggr.",NA,"Rosaceae",NA,3,2024,2025,NA,"Least concern",NA
1001330,11100,"Alchemilla alpina superaggr.",NA,"",NA,3,2024,2025,NA,"",NA
1001410,12100,"Alchemilla conjuncta superaggr.",NA,"",NA,3,1951,2020,NA,"",NA
1001470,12500,"Alchemilla coriacea aggr.",NA,"Rosaceae",NA,3,1951,1951,NA,"Least concern",NA
1001640,14000,"Alchemilla fissa aggr.",NA,"Rosaceae",NA,1,1951,1982,NA,"Least concern",NA
1001870,15950,"Alchemilla hoppeana (Rchb.) Dalla Torre",NA,"Rosaceae",NA,1,1951,1951,NA,"Least concern",NA
1001890,16000,"Alchemilla hybrida aggr.",NA,"Rosaceae",NA,1,2023,2023,NA,"Least concern",NA
1002020,17200,"Alchemilla mollis (Buser) Rothm.",NA,"Rosaceae",NA,1,2025,2025,NA,"",NA
1002030,17300,"Alchemilla monticola Opiz",NA,"Rosaceae",NA,10,1967,2025,NA,"Data deficient",NA
1002150,18500,"Alchemilla plicatula aggr.",NA,"Rosaceae",NA,3,1951,2020,NA,"Least concern",NA
1002440,21100,"Alchemilla vulgaris aggr.",NA,"Rosaceae",NA,34,1952,2025,NA,"Least concern",NA
1002520,22100,"Alliaria petiolata (M. Bieb.) Cavara & Grande",NA,"Brassicaceae",NA,2,1982,2025,NA,"Least concern",NA
1002560,22350,"Allium carinatum L.",NA,"Amaryllidaceae",NA,5,1966,2024,NA,"Near threatened",NA
1002570,22400,"Allium carinatum L. subsp. carinatum",NA,"Amaryllidaceae",NA,1,1966,2024,NA,"Near threatened",NA
1002680,23600,"Allium oleraceum L.",NA,"Amaryllidaceae",NA,2,1982,2025,NA,"Least concern",NA
1002740,24200,"Allium schoenoprasum L.",NA,"Amaryllidaceae",NA,3,1982,2025,NA,"Least concern",NA
1002850,25300,"Alnus incana (L.) Moench",NA,"Betulaceae",NA,2,1982,2025,NA,"Least concern",NA
1002870,25400,"Alnus viridis (Chaix) DC.",NA,"Betulaceae",NA,3,1982,2025,NA,"Least concern",NA
1002910,25900,"Alopecurus myosuroides Huds.",NA,"Poaceae",NA,0,1966,1966,NA,"Least concern",NA
1002920,26000,"Alopecurus pratensis L.",NA,"Poaceae",NA,2,1982,2025,NA,"Least concern",NA
1003010,26800,"Alyssum alyssoides (L.) L.",NA,"Brassicaceae",NA,0,1982,1982,NA,"Least concern",NA
1003220,28900,"Amaranthus retroflexus L.",NA,"Amaranthaceae",NA,1,2011,2011,NA,"",NA
1003290,29300,"Amelanchier ovalis Medik.",NA,"Rosaceae",NA,4,1982,2025,NA,"Least concern",NA
1003380,29700,"Anagallis arvensis L.",NA,"Primulaceae",NA,7,1930,2024,NA,"Least concern",NA
1003390,29900,"Anagallis foemina Mill.",NA,"Primulaceae",NA,0,1966,1966,NA,"Vulnerable",NA
1003440,30300,"Anchusa arvensis (L.) M. Bieb.",NA,"Boraginaceae",NA,0,1982,1982,NA,"Near threatened",NA
1003540,31800,"Androsace chamaejasme Wulfen",NA,"Primulaceae",NA,4,1951,2024,NA,"Least concern",NA
1003570,32100,"Androsace helvetica (L.) All.",NA,"Primulaceae",NA,1,2018,2018,NA,"Least concern",NA
1003600,32400,"Androsace obtusifolia All.",NA,"Primulaceae",NA,0,1982,1982,NA,"Least concern",NA
1003760,33400,"Anemone narcissiflora L.",NA,"Ranunculaceae",NA,4,1982,2025,NA,"Least concern",NA
1003770,33600,"Anemone nemorosa L.",NA,"Ranunculaceae",NA,0,1982,1982,NA,"Least concern",NA
1003820,34100,"Angelica sylvestris L.",NA,"Apiaceae",NA,5,1982,2025,NA,"Least concern",NA
1075967,34130,"Angelica sylvestris L. subsp. sylvestris",NA,"Apiaceae",NA,2,2025,2025,NA,"",NA
1003840,34300,"Antennaria carpatica (Wahlenb.) Bluff & Fingerh.",NA,"Asteraceae",NA,1,2020,2020,NA,"Least concern",NA
1003850,34400,"Antennaria dioica (L.) Gaertn.",NA,"Asteraceae",NA,2,1982,2024,NA,"Least concern",NA
1003870,34600,"Anthemis arvensis L.",NA,"Asteraceae",NA,0,1966,1966,NA,"Vulnerable",NA
1003890,34800,"Anthemis cotula L.",NA,"Asteraceae",NA,0,1966,1966,NA,"Endangered",NA
1003900,34900,"Anthemis tinctoria L.",NA,"Asteraceae",NA,1,1966,2025,NA,"Least concern",NA
1003930,35200,"Anthericum ramosum L.",NA,"Asparagaceae",NA,4,1982,2025,NA,"Least concern",NA
1003970,35400,"Anthoxanthum odoratum L.",NA,"Poaceae",NA,17,1951,2025,NA,"Least concern",NA
1003960,35500,"Anthoxanthum odoratum aggr.",NA,"Poaceae",NA,26,1951,2025,NA,"Least concern",NA
1004010,35900,"Anthriscus sylvestris (L.) Hoffm.",NA,"Apiaceae",NA,7,1958,2025,NA,"Least concern",NA
1004035,35930,"Anthriscus sylvestris (L.) Hoffm. subsp. sylvestris",NA,"Apiaceae",NA,2,2025,2025,NA,"Least concern",NA
1004070,36790,"Anthyllis vulneraria L.",NA,"Fabaceae",NA,24,1930,2025,NA,"Least concern",NA
1004090,36900,"Anthyllis vulneraria subsp. alpestris (Schult.) Asch. & Graebn.",NA,"Fabaceae",NA,5,1982,2025,NA,"Least concern",NA
1004200,37900,"Apera spica-venti (L.) P. Beauv.",NA,"Poaceae",NA,0,1966,1966,NA,"Least concern",NA
1004300,38800,"Aquilegia alpina L.",NA,"Ranunculaceae",NA,2,1906,1936,NA,"Near threatened",NA
1004310,38900,"Aquilegia atrata W. D. J. Koch",NA,"Ranunculaceae",NA,2,1982,2020,NA,"Least concern",NA
1004330,39100,"Aquilegia vulgaris L.",NA,"Ranunculaceae",NA,2,2025,2025,NA,"Least concern",NA
1004340,39200,"Arabidopsis thaliana (L.) Heynh.",NA,"Brassicaceae",NA,1,2025,2025,NA,"Least concern",NA
1004360,39350,"Arabis alpina L.",NA,"Brassicaceae",NA,1,1982,2024,NA,"Least concern",NA
1004370,39400,"Arabis alpina L. subsp. alpina",NA,"Brassicaceae",NA,1,1982,2024,NA,"",NA
1004440,40200,"Arabis ciliata Clairv.",NA,"Brassicaceae",NA,3,1982,2003,NA,"Least concern",NA
1004460,40600,"Arabis hirsuta (L.) Scop.",NA,"Brassicaceae",NA,1,1966,2002,NA,"Least concern",NA
1004470,40605,"Arabis hirsuta aggr.",NA,"Brassicaceae",NA,1,1966,2002,NA,"Least concern",NA
1004570,42000,"Arabis subcoriacea Gren.",NA,"Brassicaceae",NA,2,1982,2024,NA,"Least concern",NA
1004580,42100,"Arabis turrita L.",NA,"Brassicaceae",NA,0,1982,1982,NA,"Least concern",NA
1004610,42200,"Arctium lappa L.",NA,"Asteraceae",NA,5,1982,2025,NA,"Least concern",NA
1004670,42800,"Arctium tomentosum Mill.",NA,"Asteraceae",NA,1,1966,2024,NA,"Near threatened",NA
1004720,43400,"Arenaria biflora L.",NA,"Caryophyllaceae",NA,1,1918,1918,NA,"Least concern",NA
1004810,44300,"Arenaria serpyllifolia L.",NA,"Caryophyllaceae",NA,13,1930,2025,NA,"Least concern",NA
1004800,44305,"Arenaria serpyllifolia aggr.",NA,"Caryophyllaceae",NA,15,1930,2025,NA,"Least concern",NA
1004910,45700,"Arnica montana L.",NA,"Asteraceae",NA,15,1951,2025,NA,"Least concern",NA
1004930,45900,"Arrhenatherum elatius (L.) J. Presl & C. Presl",NA,"Poaceae",NA,15,1930,2025,NA,"Least concern",NA
1004931,45930,"Arrhenatherum elatius (L.) J. Presl & C. Presl subsp. elatius",NA,"Poaceae",NA,2,2025,2025,NA,"",NA
1004950,46100,"Artemisia absinthium L.",NA,"Asteraceae",NA,1,1982,2025,NA,"Least concern",NA
1005010,46700,"Artemisia campestris L.",NA,"Asteraceae",NA,0,1982,1982,NA,"Least concern",NA
1005005,46780,"Artemisia campestris aggr.",NA,"Asteraceae",NA,0,1982,1982,NA,"",NA
1005130,47700,"Artemisia umbelliformis Lam.",NA,"Asteraceae",NA,0,1982,1982,NA,"Least concern",NA
1005150,47900,"Artemisia verlotiorum Lamotte",NA,"Asteraceae",NA,1,1982,2024,NA,"",NA
1005190,48300,"Aruncus dioicus (Walter) Fernald",NA,"Rosaceae",NA,2,1982,2025,NA,"Least concern",NA
1005280,49100,"Asperugo procumbens L.",NA,"Boraginaceae",NA,5,1982,2025,NA,"Near threatened",NA
1005310,49300,"Asperula arvensis L.",NA,"Rubiaceae",NA,0,1966,1966,NA,"Critically endangered",NA
1005320,49400,"Asperula cynanchica L.",NA,"Rubiaceae",NA,7,1982,2024,NA,"Least concern",NA
1005315,49410,"Asperula cynanchica aggr.",NA,"Rubiaceae",NA,7,1982,2024,NA,"",NA
1005340,49600,"Asperula taurina L.",NA,"Rubiaceae",NA,2,1982,2020,NA,"Least concern",NA
1005500,50900,"Asplenium ruta-muraria L.",NA,"Aspleniaceae",NA,10,1982,2025,NA,"Least concern",NA
1005540,51200,"Asplenium septentrionale (L.) Hoffm.",NA,"Aspleniaceae",NA,0,1966,1966,NA,"Least concern",NA
1005550,51400,"Asplenium trichomanes L.",NA,"Aspleniaceae",NA,1,1982,2024,NA,"Least concern",NA
1005610,51500,"Asplenium viride Huds.",NA,"Aspleniaceae",NA,4,1982,2024,NA,"Least concern",NA
1005640,51800,"Aster alpinus L.",NA,"Asteraceae",NA,2,2018,2025,NA,"Least concern",NA
1005650,51900,"Aster amellus L.",NA,"Asteraceae",NA,0,1982,1982,NA,"Near threatened",NA
1005660,52000,"Aster bellidiastrum (L.) Scop.",NA,"Asteraceae",NA,19,1951,2025,NA,"Least concern",NA
1005790,53200,"Astragalus alpinus L.",NA,"Fabaceae",NA,2,1982,2025,NA,"Least concern",NA
1005870,53900,"Astragalus frigidus (L.) A. Gray",NA,"Fabaceae",NA,2,1982,2024,NA,"Least concern",NA
1005880,54000,"Astragalus glycyphyllos L.",NA,"Fabaceae",NA,3,1982,2025,NA,"Least concern",NA
1006090,55700,"Athyrium filix-femina (L.) Roth",NA,"Athyriaceae",NA,3,1982,2025,NA,"Least concern",NA
1006140,56300,"Atriplex patula L.",NA,"Amaranthaceae",NA,3,1930,1982,NA,"Least concern",NA
1006190,56500,"Atropa bella-donna L.",NA,"Solanaceae",NA,1,1982,2024,NA,"Least concern",NA
1006240,56900,"Avena fatua L.",NA,"Poaceae",NA,0,1966,1966,NA,"Least concern",NA
1006260,57050,"Avena sativa L.",NA,"Poaceae",NA,2,1930,1982,NA,"",NA
1006310,57300,"Avena strigosa Schreb.",NA,"Poaceae",NA,1,1930,1930,NA,"",NA
1006320,57400,"Avenella flexuosa (L.) Drejer",NA,"Poaceae",NA,1,1982,2024,NA,"Least concern",NA
1006360,57995,"Ballota nigra L.",NA,"Lamiaceae",NA,0,1982,1982,NA,"Near threatened",NA
1006380,58150,"Ballota nigra subsp. meridionalis (Bég.) Bég.",NA,"Lamiaceae",NA,0,1982,1982,NA,"Near threatened",NA
1006460,58700,"Bartsia alpina L.",NA,"Orobanchaceae",NA,5,1951,2025,NA,"Least concern",NA
1006490,59100,"Bellis perennis L.",NA,"Asteraceae",NA,15,1952,2025,NA,"Least concern",NA
1006530,59200,"Berberis vulgaris L.",NA,"Berberidaceae",NA,8,1982,2025,NA,"Least concern",NA
1006550,59400,"Berteroa incana (L.) DC.",NA,"Brassicaceae",NA,0,1966,1966,NA,"",NA
1006600,60400,"Betula pendula Roth",NA,"Betulaceae",NA,5,1982,2025,NA,"Least concern",NA
1006595,60450,"Betula pendula aggr.",NA,"Betulaceae",NA,5,1982,2025,NA,"",NA
1006780,62000,"Biscutella laevigata L.",NA,"Brassicaceae",NA,9,1982,2025,NA,"Least concern",NA
1006790,62030,"Biscutella laevigata L. subsp. laevigata",NA,"Brassicaceae",NA,2,2025,2025,NA,"",NA
1006870,62500,"Blechnum spicant (L.) Roth",NA,"Blechnaceae",NA,1,1982,2020,NA,"Least concern",NA
1006900,62800,"Blysmus compressus (L.) Link",NA,"Cyperaceae",NA,1,1982,2024,NA,"Least concern",NA
1006970,63100,"Bothriochloa ischaemum (L.) Keng",NA,"Poaceae",NA,1,1982,2024,NA,"Near threatened",NA
1006990,63300,"Botrychium lunaria (L.) Sw.",NA,"Ophioglossaceae",NA,4,1982,2025,NA,"Least concern",NA
1007030,63700,"Botrychium virginianum (L.) Sw.",NA,"Ophioglossaceae",NA,8,1838,1966,NA,"Critically endangered",NA
1007060,63900,"Brachypodium pinnatum (L.) P. Beauv.",NA,"Poaceae",NA,8,2012,2025,NA,"Least concern",NA
1007070,64000,"Brachypodium pinnatum aggr.",NA,"Poaceae",NA,39,1967,2025,NA,"Least concern",NA
1007080,64100,"Brachypodium rupestre (Host) Roem. & Schult.",NA,"Poaceae",NA,8,2014,2024,NA,"Least concern",NA
1007090,64200,"Brachypodium sylvaticum (Huds.) P. Beauv.",NA,"Poaceae",NA,1,1982,2023,NA,"Least concern",NA
1007160,64700,"Brassica rapa L.",NA,"Brassicaceae",NA,4,1930,1930,NA,"",NA
1007165,64720,"Brassica rapa var. oleifera DC.",NA,"Brassicaceae",NA,4,1930,1930,NA,"",NA
1007200,65200,"Briza media L.",NA,"Poaceae",NA,43,1967,2025,NA,"Least concern",NA
1007210,65300,"Bromus arvensis L.",NA,"Poaceae",NA,0,1966,1966,NA,"Vulnerable",NA
1007230,65400,"Bromus benekenii (Lange) Trimen",NA,"Poaceae",NA,1,1982,2024,NA,"Least concern",NA
1007260,65500,"Bromus commutatus Schrad.",NA,"Poaceae",NA,0,1966,1966,NA,"Vulnerable",NA
1007290,65695,"Bromus erectus Huds.",NA,"Poaceae",NA,36,1974,2025,NA,"Least concern",NA
1007300,65700,"Bromus erectus Huds. subsp. erectus",NA,"Poaceae",NA,15,1982,2025,NA,"Least concern",NA
1007320,65900,"Bromus grossus DC.",NA,"Poaceae",NA,0,1966,1966,NA,"Critically endangered",NA
1007330,66000,"Bromus hordeaceus L.",NA,"Poaceae",NA,4,1982,2025,NA,"Least concern",NA
1007335,66030,"Bromus hordeaceus L. subsp. hordeaceus",NA,"Poaceae",NA,2,2025,2025,NA,"",NA
1007360,66100,"Bromus inermis Leyss.",NA,"Poaceae",NA,5,1982,2025,NA,"",NA
1007355,66130,"Bromus inermis aggr.",NA,"Poaceae",NA,6,1982,2025,NA,"",NA
1007390,66200,"Bromus japonicus Thunb.",NA,"Poaceae",NA,0,1966,1966,NA,"Vulnerable",NA
1007460,66550,"Bromus racemosus L.",NA,"Poaceae",NA,0,1966,1966,NA,"Endangered",NA
1007450,66750,"Bromus racemosus aggr.",NA,"Poaceae",NA,0,1966,1966,NA,"Vulnerable",NA
1007490,66930,"Bromus riparius Rehmann",NA,"Poaceae",NA,1,2025,2025,NA,"",NA
1007510,67000,"Bromus secalinus L.",NA,"Poaceae",NA,0,1966,1966,NA,"Vulnerable",NA
1007505,67020,"Bromus secalinus aggr.",NA,"Poaceae",NA,0,1966,1966,NA,"",NA
1007540,67200,"Bromus sterilis L.",NA,"Poaceae",NA,1,1982,2024,NA,"Least concern",NA
1007550,67300,"Bromus tectorum L.",NA,"Poaceae",NA,0,1966,1966,NA,"Least concern",NA
1007600,67700,"Buddleja davidii Franch.",NA,"Scrophulariaceae",NA,9,2018,2025,NA,"",NA
1007620,67900,"Buglossoides arvensis (L.) I. M. Johnst.",NA,"Boraginaceae",NA,0,1966,1966,NA,"Near threatened",NA
1007690,68600,"Buphthalmum salicifolium L.",NA,"Asteraceae",NA,20,1982,2025,NA,"Least concern",NA
1007900,70800,"Calamagrostis epigejos (L.) Roth",NA,"Poaceae",NA,2,1982,2002,NA,"Least concern",NA
1007940,71400,"Calamagrostis varia (Schrad.) Host",NA,"Poaceae",NA,2,1982,2025,NA,"Least concern",NA
1007980,71900,"Calamintha menthifolia Host",NA,"Lamiaceae",NA,0,1966,1966,NA,"Least concern",NA
1007990,71950,"Calamintha nepeta (L.) Savi",NA,"Lamiaceae",NA,0,1966,1966,NA,"Near threatened",NA
1008000,72000,"Calamintha nepeta aggr.",NA,"Lamiaceae",NA,0,1966,1966,NA,"Least concern",NA
1008160,73600,"Calluna vulgaris (L.) Hull",NA,"Ericaceae",NA,3,1982,2025,NA,"Least concern",NA
1008180,73700,"Caltha palustris L.",NA,"Ranunculaceae",NA,1,1982,2020,NA,"Least concern",NA
1008250,74400,"Camelina sativa (L.) Crantz",NA,"Brassicaceae",NA,0,1966,1966,NA,"",NA
1008300,74700,"Campanula barbata L.",NA,"Campanulaceae",NA,13,1951,2025,NA,"Least concern",NA
1008390,75200,"Campanula cochleariifolia Lam.",NA,"Campanulaceae",NA,2,1982,2025,NA,"Least concern",NA
1008440,75700,"Campanula glomerata L.",NA,"Campanulaceae",NA,3,2002,2024,NA,"Least concern",NA
1008610,76800,"Campanula rapunculoides L.",NA,"Campanulaceae",NA,2,1930,1982,NA,"Least concern",NA
1008630,77000,"Campanula rhomboidalis L.",NA,"Campanulaceae",NA,1,2012,2012,NA,"Least concern",NA
1008640,77100,"Campanula rotundifolia L.",NA,"Campanulaceae",NA,9,1967,2025,NA,"Least concern",NA
1008650,77200,"Campanula scheuchzeri Vill.",NA,"Campanulaceae",NA,19,1951,2025,NA,"Least concern",NA
1008680,77500,"Campanula thyrsoides L.",NA,"Campanulaceae",NA,1,1982,2025,NA,"Least concern",NA
1008690,77600,"Campanula trachelium L.",NA,"Campanulaceae",NA,4,1982,2025,NA,"Least concern",NA
1008700,77700,"Cannabis sativa L.",NA,"Cannabaceae",NA,0,1966,1966,NA,"",NA
1008720,77900,"Capsella bursa-pastoris (L.) Medik.",NA,"Brassicaceae",NA,20,1930,2025,NA,"Least concern",NA
1008890,78900,"Cardamine hirsuta L.",NA,"Brassicaceae",NA,4,1982,2025,NA,"Least concern",NA
1008900,79000,"Cardamine impatiens L.",NA,"Brassicaceae",NA,0,1982,1982,NA,"Least concern",NA
1009020,80300,"Cardamine resedifolia L.",NA,"Brassicaceae",NA,0,1982,1982,NA,"Least concern",NA
1009120,81100,"Cardaria draba (L.) Desv.",NA,"Brassicaceae",NA,2,1982,2025,NA,"",NA
1009140,81500,"Carduus crispus L.",NA,"Asteraceae",NA,0,1982,1982,NA,"Least concern",NA
1009170,81595,"Carduus defloratus L.",NA,"Asteraceae",NA,21,1982,2025,NA,"Least concern",NA
1009180,81600,"Carduus defloratus L. subsp. defloratus",NA,"Asteraceae",NA,2,1982,2025,NA,"Least concern",NA
1009210,82100,"Carduus nutans L.",NA,"Asteraceae",NA,0,1982,1982,NA,"Least concern",NA
1009240,82400,"Carduus personata (L.) Jacq.",NA,"Asteraceae",NA,1,1982,2024,NA,"Least concern",NA
1009270,82900,"Carex acuta aggr.",NA,"Cyperaceae",NA,0,1982,1982,NA,"Least concern",NA
1009300,83100,"Carex alba Scop.",NA,"Cyperaceae",NA,9,1982,2025,NA,"Least concern",NA
1009330,83350,"Carex atrata L.",NA,"Cyperaceae",NA,4,1951,1982,NA,"Least concern",NA
1009340,83400,"Carex atrata L. subsp. atrata",NA,"Cyperaceae",NA,0,1966,1966,NA,"Least concern",NA
1009320,83405,"Carex atrata aggr.",NA,"Cyperaceae",NA,6,1951,2024,NA,"",NA
1009350,83500,"Carex atrata subsp. aterrima (Hoppe) Hartm.",NA,"Cyperaceae",NA,0,1982,1982,NA,"Least concern",NA
1009440,84400,"Carex brunnescens (Pers.) Poir.",NA,"Cyperaceae",NA,0,1982,1982,NA,"Least concern",NA
1009480,84600,"Carex canescens L.",NA,"Cyperaceae",NA,2,1982,2024,NA,"Least concern",NA
1009490,84700,"Carex capillaris L.",NA,"Cyperaceae",NA,2,1956,2002,NA,"Least concern",NA
1009510,84900,"Carex caryophyllea Latourr.",NA,"Cyperaceae",NA,21,1982,2025,NA,"Least concern",NA
1009570,85700,"Carex davalliana Sm.",NA,"Cyperaceae",NA,7,1982,2025,NA,"Least concern",NA
1009610,86100,"Carex digitata L.",NA,"Cyperaceae",NA,7,1982,2025,NA,"Least concern",NA
1009620,86200,"Carex dioica L.",NA,"Cyperaceae",NA,0,1966,1966,NA,"Vulnerable",NA
1009630,86300,"Carex distans L.",NA,"Cyperaceae",NA,0,1966,1966,NA,"Near threatened",NA
1009680,86700,"Carex echinata Murray",NA,"Cyperaceae",NA,3,1982,2024,NA,"Least concern",NA
1009730,87200,"Carex ferruginea Scop.",NA,"Cyperaceae",NA,12,1982,2025,NA,"Least concern",NA
1009750,87400,"Carex firma Host",NA,"Cyperaceae",NA,1,1982,2020,NA,"Least concern",NA
1009760,87500,"Carex flacca Schreb.",NA,"Cyperaceae",NA,30,1967,2025,NA,"Least concern",NA
1009770,87605,"Carex flava aggr.",NA,"Cyperaceae",NA,11,1966,2025,NA,"Least concern",NA
1009800,87800,"Carex frigida All.",NA,"Cyperaceae",NA,1,1982,2024,NA,"Least concern",NA
1009880,88600,"Carex hirta L.",NA,"Cyperaceae",NA,3,1967,2024,NA,"Least concern",NA
1009900,88800,"Carex humilis Leyss.",NA,"Cyperaceae",NA,12,1982,2024,NA,"Least concern",NA
1009960,89400,"Carex lepidocarpa Tausch",NA,"Cyperaceae",NA,2,1982,2025,NA,"Least concern",NA
1009970,89500,"Carex leporina L.",NA,"Cyperaceae",NA,5,1982,2022,NA,"Least concern",NA
1010040,90300,"Carex montana L.",NA,"Cyperaceae",NA,26,1974,2025,NA,"Least concern",NA
1010050,90400,"Carex mucronata All.",NA,"Cyperaceae",NA,0,1966,1966,NA,"Least concern",NA
1010060,90500,"Carex muricata aggr.",NA,"Cyperaceae",NA,0,1966,1966,NA,"Least concern",NA
1010070,90700,"Carex nigra (L.) Reichard",NA,"Cyperaceae",NA,4,1982,2024,NA,"Least concern",NA
1010090,91200,"Carex ornithopoda Willd.",NA,"Cyperaceae",NA,21,1951,2025,NA,"Least concern",NA
1010120,91500,"Carex pairae F. W. Schultz",NA,"Cyperaceae",NA,0,1966,1966,NA,"Least concern",NA
1010130,91600,"Carex pallescens L.",NA,"Cyperaceae",NA,17,1952,2022,NA,"Least concern",NA
1010140,91700,"Carex panicea L.",NA,"Cyperaceae",NA,14,1982,2025,NA,"Least concern",NA
1010150,91800,"Carex paniculata L.",NA,"Cyperaceae",NA,7,1982,2025,NA,"Least concern",NA
1010160,92000,"Carex parviflora Host",NA,"Cyperaceae",NA,1,2024,2024,NA,"Least concern",NA
1010180,92200,"Carex paupercula Michx.",NA,"Cyperaceae",NA,0,1966,1966,NA,"Near threatened",NA
1010210,92500,"Carex pilulifera L.",NA,"Cyperaceae",NA,1,2020,2020,NA,"Least concern",NA
1010260,93100,"Carex pulicaris L.",NA,"Cyperaceae",NA,0,1966,1966,NA,"Near threatened",NA
1010320,93700,"Carex rostrata Stokes",NA,"Cyperaceae",NA,2,1982,2024,NA,"Least concern",NA
1010340,93900,"Carex sempervirens Vill.",NA,"Cyperaceae",NA,23,1951,2025,NA,"Least concern",NA
1010390,94700,"Carex sylvatica Huds.",NA,"Cyperaceae",NA,9,1967,2025,NA,"Least concern",NA
1010430,95300,"Carex vesicaria L.",NA,"Cyperaceae",NA,0,1966,1966,NA,"Least concern",NA
1010440,95400,"Carex viridula Michx.",NA,"Cyperaceae",NA,1,1966,2025,NA,"Near threatened",NA
1010490,95800,"Carlina acaulis L.",NA,"Asteraceae",NA,28,1952,2025,NA,"Least concern",NA
1010510,96000,"Carlina acaulis subsp. caulescens (Lam.) Schübl. & G. Martens",NA,"Asteraceae",NA,3,2002,2024,NA,"",NA
1010560,96500,"Carlina vulgaris L.",NA,"Asteraceae",NA,1,2002,2002,NA,"Least concern",NA
1010550,96600,"Carlina vulgaris aggr.",NA,"Asteraceae",NA,1,2002,2002,NA,"Least concern",NA
1010610,97100,"Carum carvi L.",NA,"Apiaceae",NA,29,1952,2025,NA,"Least concern",NA
1010790,98500,"Centaurea cyanus L.",NA,"Asteraceae",NA,1,1930,1966,NA,"Near threatened",NA
1010820,98750,"Centaurea jacea L.",NA,"Asteraceae",NA,15,1967,2024,NA,"Least concern",NA
1010830,98800,"Centaurea jacea L. subsp. jacea",NA,"Asteraceae",NA,3,1982,2002,NA,"Least concern",NA
1010865,99030,"Centaurea jacea aggr.",NA,"Asteraceae",NA,16,1967,2024,NA,"",NA
1010890,99200,"Centaurea montana L.",NA,"Asteraceae",NA,3,1982,2025,NA,"Least concern",NA
1010910,99400,"Centaurea nervosa Willd.",NA,"Asteraceae",NA,2,1982,2022,NA,"Least concern",NA
1010980,99995,"Centaurea scabiosa L.",NA,"Asteraceae",NA,19,1930,2025,NA,"Least concern",NA
1010990,100000,"Centaurea scabiosa L. subsp. scabiosa",NA,"Asteraceae",NA,1,1982,2025,NA,"Least concern",NA
1011000,100100,"Centaurea scabiosa subsp. alpestris (Hegetschw.) Nyman",NA,"Asteraceae",NA,2,1982,2025,NA,"Least concern",NA
1011140,101200,"Centaurium erythraea Rafn",NA,"Gentianaceae",NA,0,1966,1966,NA,"Least concern",NA
1011150,101300,"Centaurium pulchellum (Sw.) Druce",NA,"Gentianaceae",NA,0,1982,1982,NA,"Vulnerable",NA
1011180,101600,"Centranthus ruber (L.) DC.",NA,"Caprifoliaceae",NA,1,2025,2025,NA,"",NA
1011190,101800,"Cephalanthera damasonium (Mill.) Druce",NA,"Orchidaceae",NA,4,1982,2002,NA,"Least concern",NA
1011200,101900,"Cephalanthera longifolia (L.) Fritsch",NA,"Orchidaceae",NA,22,1982,2025,NA,"Least concern",NA
1011210,102000,"Cephalanthera rubra (L.) Rich.",NA,"Orchidaceae",NA,6,1982,2014,NA,"Least concern",NA
1011250,102200,"Cerastium alpinum L.",NA,"Caryophyllaceae",NA,2,1898,2025,NA,"Least concern",NA
1011270,102595,"Cerastium arvense L.",NA,"Caryophyllaceae",NA,0,1966,1966,NA,"Least concern",NA
1011280,102600,"Cerastium arvense L. subsp. arvense",NA,"Caryophyllaceae",NA,0,1966,1966,NA,"Least concern",NA
1011390,103595,"Cerastium fontanum Baumg.",NA,"Caryophyllaceae",NA,24,1951,2025,NA,"Least concern",NA
1011420,103800,"Cerastium fontanum subsp. vulgare (Hartm.) Greuter & Burdet",NA,"Caryophyllaceae",NA,16,1951,2025,NA,"Least concern",NA
1011430,103900,"Cerastium glomeratum Thuill.",NA,"Caryophyllaceae",NA,1,1966,2025,NA,"Least concern",NA
1011450,104200,"Cerastium latifolium L.",NA,"Caryophyllaceae",NA,0,1966,1966,NA,"Least concern",NA
1011510,104800,"Cerastium semidecandrum L.",NA,"Caryophyllaceae",NA,0,1966,1966,NA,"Least concern",NA
1011520,105200,"Cerastium tomentosum L.",NA,"Caryophyllaceae",NA,3,2025,2025,NA,"",NA
1011590,105700,"Cerinthe glabra Mill.",NA,"Boraginaceae",NA,1,1982,2024,NA,"Least concern",NA
1011640,106100,"Chaenorrhinum minus (L.) Lange",NA,"Plantaginaceae",NA,3,1930,2024,NA,"Least concern",NA
1011670,106200,"Chaerophyllum aureum L.",NA,"Apiaceae",NA,1,1982,2025,NA,"Least concern",NA
1011710,106700,"Chaerophyllum hirsutum L.",NA,"Apiaceae",NA,3,1982,2025,NA,"Least concern",NA
1011700,106705,"Chaerophyllum hirsutum aggr.",NA,"Apiaceae",NA,6,1982,2025,NA,"Least concern",NA
1011730,107100,"Chaerophyllum villarsii W. D. J. Koch",NA,"Apiaceae",NA,2,1982,2025,NA,"Least concern",NA
50002,NA,"Chara aspera Willd.",NA,"Characeae",NA,7,1901,1901,NA,"Vulnerable",NA
1011840,108200,"Chelidonium majus L.",NA,"Papaveraceae",NA,4,1982,2025,NA,"Least concern",NA
1011850,108300,"Chenopodium album L.",NA,"Amaranthaceae",NA,34,1930,2025,NA,"Least concern",NA
1011845,108330,"Chenopodium album aggr.",NA,"Amaranthaceae",NA,35,1930,2025,NA,"",NA
1011880,108500,"Chenopodium bonus-henricus L.",NA,"Amaranthaceae",NA,8,1982,2025,NA,"Least concern",NA
1011910,108900,"Chenopodium ficifolium Sm.",NA,"Amaranthaceae",NA,0,1982,1982,NA,"Least concern",NA
1011940,109300,"Chenopodium hybridum L.",NA,"Amaranthaceae",NA,0,1982,1982,NA,"Least concern",NA
1011970,109600,"Chenopodium polyspermum L.",NA,"Amaranthaceae",NA,1,1982,2012,NA,"Least concern",NA
1012000,109800,"Chenopodium rubrum L.",NA,"Amaranthaceae",NA,0,1994,1994,NA,"Vulnerable",NA
1012160,112500,"Chrysosplenium alternifolium L.",NA,"Saxifragaceae",NA,1,1994,2020,NA,"Least concern",NA
1012190,112800,"Cicerbita alpina (L.) Wallr.",NA,"Asteraceae",NA,4,1982,2025,NA,"Least concern",NA
1012230,113200,"Cichorium intybus L.",NA,"Asteraceae",NA,1,1966,2024,NA,"Least concern",NA
1012270,113400,"Circaea alpina L.",NA,"Onagraceae",NA,0,1966,1966,NA,"Least concern",NA
1012280,113500,"Circaea lutetiana L.",NA,"Onagraceae",NA,1,1966,2024,NA,"Least concern",NA
1012290,113600,"Circaea ×intermedia Ehrh.",NA,"Onagraceae",NA,0,1966,1966,NA,"Least concern",NA
1012300,113700,"Cirsium acaule Scop.",NA,"Asteraceae",NA,29,1952,2025,NA,"Least concern",NA
1012310,113800,"Cirsium arvense (L.) Scop.",NA,"Asteraceae",NA,35,1930,2025,NA,"Least concern",NA
1012370,114400,"Cirsium helenioides (L.) Hill",NA,"Asteraceae",NA,3,1982,2020,NA,"Least concern",NA
1012400,114800,"Cirsium oleraceum (L.) Scop.",NA,"Asteraceae",NA,4,1982,2025,NA,"Least concern",NA
1012420,114900,"Cirsium palustre (L.) Scop.",NA,"Asteraceae",NA,3,1982,2025,NA,"Least concern",NA
1012450,115300,"Cirsium spinosissimum (L.) Scop.",NA,"Asteraceae",NA,9,1951,2025,NA,"Least concern",NA
1012470,115500,"Cirsium vulgare (Savi) Ten.",NA,"Asteraceae",NA,4,1982,2025,NA,"Least concern",NA
1012570,116000,"Clematis alpina (L.) Mill.",NA,"Ranunculaceae",NA,1,1961,1982,NA,"Least concern",NA
1012620,116400,"Clematis vitalba L.",NA,"Ranunculaceae",NA,4,1982,2025,NA,"Least concern",NA
1012660,116600,"Clinopodium vulgare L.",NA,"Lamiaceae",NA,7,1982,2025,NA,"Least concern",NA
1012750,117200,"Coeloglossum viride (L.) Hartm.",NA,"Orchidaceae",NA,6,1982,2024,NA,"Least concern",NA
1012810,117700,"Colchicum autumnale L.",NA,"Colchicaceae",NA,15,1958,2025,NA,"Least concern",NA
1012960,118500,"Conringia orientalis (L.) Dumort.",NA,"Brassicaceae",NA,0,1966,1966,NA,"",NA
1013030,118900,"Convolvulus arvensis L.",NA,"Convolvulaceae",NA,36,1930,2025,NA,"Least concern",NA
1013070,119300,"Conyza canadensis (L.) Cronquist",NA,"Asteraceae",NA,9,1982,2025,NA,"",NA
1013090,119400,"Corallorhiza trifida Châtel.",NA,"Orchidaceae",NA,11,1982,2020,NA,"Least concern",NA
1013160,119700,"Cornus sanguinea L.",NA,"Cornaceae",NA,3,1982,2025,NA,"Least concern",NA
1013163,119730,"Cornus sanguinea L. subsp. sanguinea",NA,"Cornaceae",NA,1,2025,2025,NA,"",NA
1013210,120400,"Coronilla vaginalis Lam.",NA,"Fabaceae",NA,0,1982,1982,NA,"Least concern",NA
1013320,121600,"Corylus avellana L.",NA,"Betulaceae",NA,10,1982,2025,NA,"Least concern",NA
1013410,121760,"Cotoneaster dammeri C. K. Schneid.",NA,"Rosaceae",NA,1,2025,2025,NA,"",NA
1013440,121780,"Cotoneaster horizontalis Decne.",NA,"Rosaceae",NA,3,2025,2025,NA,"",NA
1013510,122000,"Cotoneaster tomentosus Lindl.",NA,"Rosaceae",NA,1,1982,2024,NA,"Least concern",NA
1013590,122400,"Crataegus monogyna Jacq.",NA,"Rosaceae",NA,2,2024,2025,NA,"Least concern",NA
1013580,122500,"Crataegus monogyna aggr.",NA,"Rosaceae",NA,3,1982,2025,NA,"Least concern",NA
1013620,122900,"Crepis alpestris (Jacq.) Tausch",NA,"Asteraceae",NA,2,1982,2024,NA,"Least concern",NA
1013630,123000,"Crepis aurea (L.) Cass.",NA,"Asteraceae",NA,20,1951,2025,NA,"Least concern",NA
1013640,123100,"Crepis biennis L.",NA,"Asteraceae",NA,7,1958,2025,NA,"Least concern",NA
1013660,123400,"Crepis capillaris Wallr.",NA,"Asteraceae",NA,1,1930,1982,NA,"Least concern",NA
1013750,124200,"Crepis nicaeensis Pers.",NA,"Asteraceae",NA,0,1966,1966,NA,"",NA
1013760,124300,"Crepis paludosa (L.) Moench",NA,"Asteraceae",NA,3,1982,2025,NA,"Least concern",NA
1013800,124800,"Crepis pyrenaica (L.) Greuter",NA,"Asteraceae",NA,1,1982,2020,NA,"Least concern",NA
1013820,125200,"Crepis setosa Haller f.",NA,"Asteraceae",NA,0,1966,1966,NA,"",NA
1013850,125550,"Crepis vesicaria L.",NA,"Asteraceae",NA,2,2012,2012,NA,"",NA
1013870,125700,"Crepis vesicaria subsp. taraxacifolia (Thuill.) Thell.",NA,"Asteraceae",NA,2,2012,2012,NA,"Least concern",NA
1013880,125800,"Crocus albiflorus Kit.",NA,"Iridaceae",NA,6,1952,2020,NA,"Least concern",NA
1013970,126300,"Cruciata laevipes Opiz",NA,"Rubiaceae",NA,1,1982,2020,NA,"Least concern",NA
1014160,127900,"Cuscuta europaea L.",NA,"Convolvulaceae",NA,0,1982,1982,NA,"Near threatened",NA
1014220,128600,"Cymbalaria muralis G. Gaertn. & al.",NA,"Plantaginaceae",NA,1,2025,2025,NA,"Least concern",NA
1014320,129400,"Cynosurus cristatus L.",NA,"Poaceae",NA,14,1967,2025,NA,"Least concern",NA
1014390,129800,"Cyperus fuscus L.",NA,"Cyperaceae",NA,0,1966,1966,NA,"Vulnerable",NA
1014460,130400,"Cypripedium calceolus L.",NA,"Orchidaceae",NA,91,1906,2025,NA,"Vulnerable",NA
1014500,130500,"Cystopteris alpina (Lam.) Desv.",NA,"Cystopteridaceae",NA,0,1994,1994,NA,"Least concern",NA
1014610,131800,"Dactylis glomerata L.",NA,"Poaceae",NA,42,1930,2025,NA,"Least concern",NA
1014620,131850,"Dactylis glomerata L. subsp. glomerata",NA,"Poaceae",NA,3,2025,2025,NA,"",NA
1014690,132300,"Dactylorhiza incarnata (L.) Soó",NA,"Orchidaceae",NA,9,1986,2020,NA,"Near threatened",NA
1014700,132350,"Dactylorhiza incarnata (L.) Soó subsp. incarnata",NA,"Orchidaceae",NA,9,1986,2020,NA,"Near threatened",NA
1014744,NA,"Dactylorhiza incarnata × majalis",NA,"Orchidaceae",NA,1,2001,2001,NA,"",NA
1014750,132500,"Dactylorhiza lapponica (Hartm.) Soó",NA,"Orchidaceae",NA,18,1989,2020,NA,"Near threatened",NA
1014760,132600,"Dactylorhiza maculata (L.) Soó",NA,"Orchidaceae",NA,78,1982,2025,NA,"Least concern",NA
1014775,132630,"Dactylorhiza maculata subsp. fuchsii (Druce) Hyl.",NA,"Orchidaceae",NA,73,1986,2025,NA,"Least concern",NA
1014800,132700,"Dactylorhiza majalis (Rchb.) P. F. Hunt & Summerh.",NA,"Orchidaceae",NA,15,1982,2025,NA,"Least concern",NA
1014860,133100,"Danthonia decumbens (L.) DC.",NA,"Poaceae",NA,10,1966,2024,NA,"Least concern",NA
1014870,133300,"Daphne alpina L.",NA,"Thymelaeaceae",NA,0,1982,1982,NA,"Near threatened",NA
1014900,133600,"Daphne mezereum L.",NA,"Thymelaeaceae",NA,5,1982,2025,NA,"Least concern",NA
1014910,133700,"Daphne striata Tratt.",NA,"Thymelaeaceae",NA,10,1982,2025,NA,"Least concern",NA
1014950,133900,"Daucus carota L.",NA,"Apiaceae",NA,7,1974,2025,NA,"Least concern",NA
1015010,134300,"Delphinium elatum L.",NA,"Ranunculaceae",NA,2,1932,1984,NA,"Near threatened",NA
1015040,134800,"Deschampsia cespitosa (L.) P. Beauv.",NA,"Poaceae",NA,10,1952,2022,NA,"Least concern",NA
1015070,135200,"Descurainia sophia (L.) Prantl",NA,"Brassicaceae",NA,1,2025,2025,NA,"Least concern",NA
1015120,135500,"Dianthus carthusianorum L.",NA,"Caryophyllaceae",NA,4,1966,2025,NA,"Least concern",NA
1015130,135600,"Dianthus carthusianorum L. subsp. carthusianorum",NA,"Caryophyllaceae",NA,2,2002,2025,NA,"Least concern",NA
1015200,136000,"Dianthus glacialis Haenke",NA,"Caryophyllaceae",NA,14,1917,2018,NA,"Least concern",NA
1015280,136800,"Dianthus superbus L.",NA,"Caryophyllaceae",NA,3,1982,2025,NA,"Least concern",NA
1015310,136900,"Dianthus sylvestris Wulfen",NA,"Caryophyllaceae",NA,3,1982,2025,NA,"Least concern",NA
1015360,137300,"Digitalis lutea L.",NA,"Plantaginaceae",NA,1,1966,2024,NA,"Least concern",NA
1015385,137600,"Digitaria sanguinalis aggr.",NA,"Poaceae",NA,1,2024,2024,NA,"Least concern",NA
1015440,138000,"Diphasiastrum tristachyum (Pursh) Holub",NA,"Lycopodiaceae",NA,0,1966,1966,NA,"Regionally extinct",NA
1015490,138900,"Diplotaxis muralis (L.) DC.",NA,"Brassicaceae",NA,0,1966,1966,NA,"Near threatened",NA
1015500,139000,"Diplotaxis tenuifolia (L.) DC.",NA,"Brassicaceae",NA,0,1982,1982,NA,"Least concern",NA
1015560,139700,"Doronicum clusii (All.) Tausch",NA,"Asteraceae",NA,1,2025,2025,NA,"Least concern",NA
1015640,140200,"Dorycnium germanicum (Gremli) Rikli",NA,"Fabaceae",NA,0,1966,1966,NA,"Vulnerable",NA
1015770,141550,"Draba thomasii W. D. J. Koch",NA,"Brassicaceae",NA,1,1972,1982,NA,"Near threatened",NA
1015860,142500,"Dryas octopetala L.",NA,"Rosaceae",NA,11,1982,2025,NA,"Least concern",NA
1015950,143500,"Dryopteris filix-mas (L.) Schott",NA,"Dryopteridaceae",NA,3,1982,2025,NA,"Least concern",NA
1015980,143900,"Dryopteris villarii (Bellardi) Schinz & Thell.",NA,"Dryopteridaceae",NA,0,1966,1966,NA,"Least concern",NA
1016120,144500,"Echium vulgare L.",NA,"Boraginaceae",NA,13,1982,2025,NA,"Least concern",NA
1016240,145200,"Eleocharis austriaca Hayek",NA,"Cyperaceae",NA,0,1982,1982,NA,"Near threatened",NA
1016300,145700,"Eleocharis palustris (L.) Roem. & Schult.",NA,"Cyperaceae",NA,0,1966,1966,NA,"Near threatened",NA
1016310,145705,"Eleocharis palustris aggr.",NA,"Cyperaceae",NA,0,1966,1982,NA,"Near threatened",NA
1016320,145900,"Eleocharis quinqueflora (Hartmann) O. Schwarz",NA,"Cyperaceae",NA,2,1982,2024,NA,"Least concern",NA
1016450,146560,"Elymus repens (L.) Gould",NA,"Poaceae",NA,6,1930,2025,NA,"Least concern",NA
1016470,146795,"Empetrum nigrum L.",NA,"Ericaceae",NA,3,2024,2025,NA,"Least concern",NA
1016510,147300,"Epilobium alpestre (Jacq.) Krock.",NA,"Onagraceae",NA,1,1982,2020,NA,"Least concern",NA
1016530,147600,"Epilobium anagallidifolium Lam.",NA,"Onagraceae",NA,0,1982,1982,NA,"Least concern",NA
1016540,147700,"Epilobium angustifolium L.",NA,"Onagraceae",NA,2,1982,2025,NA,"Least concern",NA
1016560,147900,"Epilobium collinum C. C. Gmel.",NA,"Onagraceae",NA,0,1982,1982,NA,"Least concern",NA
1016660,149000,"Epilobium parviflorum Schreb.",NA,"Onagraceae",NA,2,1982,2025,NA,"Least concern",NA
1016740,149600,"Epipactis atrorubens Besser",NA,"Orchidaceae",NA,32,1982,2024,NA,"Least concern",NA
1016770,149660,"Epipactis helleborine (L.) Crantz",NA,"Orchidaceae",NA,19,1990,2023,NA,"Least concern",NA
1016780,149800,"Epipactis helleborine aggr.",NA,"Orchidaceae",NA,20,1982,2024,NA,"Least concern",NA
1016840,150300,"Epipactis palustris (L.) Crantz",NA,"Orchidaceae",NA,14,1982,2022,NA,"Near threatened",NA
1016910,150500,"Epipogium aphyllum Sw.",NA,"Orchidaceae",NA,1,1915,1966,NA,"Vulnerable",NA
1016920,150600,"Equisetum arvense L.",NA,"Equisetaceae",NA,38,1930,2025,NA,"Least concern",NA
1016950,151100,"Equisetum palustre L.",NA,"Equisetaceae",NA,1,1982,2024,NA,"Least concern",NA
1016990,151500,"Equisetum telmateia Ehrh.",NA,"Equisetaceae",NA,4,1982,2023,NA,"Least concern",NA
1017000,151600,"Equisetum variegatum Schleich.",NA,"Equisetaceae",NA,1,1982,2024,NA,"Least concern",NA
1017270,152000,"Eragrostis minor Host",NA,"Poaceae",NA,1,2024,2024,NA,"Least concern",NA
1017400,152400,"Erica carnea L.",NA,"Ericaceae",NA,14,1982,2025,NA,"Least concern",NA
1017440,153300,"Erigeron acris L.",NA,"Asteraceae",NA,1,2023,2023,NA,"Least concern",NA
1017480,153550,"Erigeron acris subsp. serotinus (Weihe) Greuter",NA,"Asteraceae",NA,1,2023,2023,NA,"",NA
1017490,153600,"Erigeron alpinus L.",NA,"Asteraceae",NA,1,2022,2022,NA,"Least concern",NA
1017485,153650,"Erigeron alpinus aggr.",NA,"Asteraceae",NA,1,1966,2022,NA,"",NA
1017510,153800,"Erigeron annuus (L.) Desf.",NA,"Asteraceae",NA,44,2020,2025,NA,"",NA
1017550,154200,"Erigeron atticus Vill.",NA,"Asteraceae",NA,0,1966,1966,NA,"Near threatened",NA
1017560,154400,"Erigeron gaudinii Brügger",NA,"Asteraceae",NA,0,1966,1966,NA,"Near threatened",NA
1017570,154500,"Erigeron glabratus Bluff & Fingerh.",NA,"Asteraceae",NA,0,1982,1982,NA,"Least concern",NA
1017590,154700,"Erigeron neglectus A. Kern.",NA,"Asteraceae",NA,0,1966,1966,NA,"Least concern",NA
1017620,155100,"Erinus alpinus L.",NA,"Plantaginaceae",NA,1,2023,2023,NA,"Least concern",NA
1017640,155200,"Eriophorum angustifolium Honck.",NA,"Cyperaceae",NA,2,1982,2025,NA,"Least concern",NA
1017660,155400,"Eriophorum latifolium Hoppe",NA,"Cyperaceae",NA,5,1982,2025,NA,"Least concern",NA
1017740,156200,"Erodium moschatum (L.) L'Hér.",NA,"Geraniaceae",NA,0,1966,1966,NA,"",NA
1017790,156590,"Erophila verna (L.) DC.",NA,"Brassicaceae",NA,3,2020,2025,NA,"Least concern",NA
1017800,156700,"Erophila verna aggr.",NA,"Brassicaceae",NA,5,1966,2025,NA,"Least concern",NA
1017820,157000,"Erucastrum gallicum (Willd.) O. E. Schulz",NA,"Brassicaceae",NA,0,1982,1982,NA,"Least concern",NA
1017830,157100,"Erucastrum nasturtiifolium (Poir.) O. E. Schulz",NA,"Brassicaceae",NA,0,1982,1982,NA,"Least concern",NA
1017840,157200,"Eryngium alpinum L.",NA,"Apiaceae",NA,1,1909,1994,NA,"Vulnerable",NA
1017890,157400,"Erysimum cheiranthoides L.",NA,"Brassicaceae",NA,0,1966,1966,NA,"Near threatened",NA
1017970,158400,"Erysimum repandum L.",NA,"Brassicaceae",NA,0,1966,1966,NA,"",NA
1018010,158700,"Erysimum virgatum Roth",NA,"Brassicaceae",NA,0,1982,1982,NA,"Vulnerable",NA
1018110,159300,"Eupatorium cannabinum L.",NA,"Asteraceae",NA,2,1982,2025,NA,"Least concern",NA
1018170,159800,"Euphorbia cyparissias L.",NA,"Euphorbiaceae",NA,1,1982,2024,NA,"Least concern",NA
1018260,160200,"Euphorbia helioscopia L.",NA,"Euphorbiaceae",NA,19,1930,2025,NA,"Least concern",NA
1018320,160650,"Euphorbia myrsinites L.",NA,"Euphorbiaceae",NA,1,2025,2025,NA,"",NA
1018350,160900,"Euphorbia peplus L.",NA,"Euphorbiaceae",NA,3,1930,2025,NA,"Least concern",NA
1018560,162500,"Euphrasia hirtella Reut.",NA,"Orobanchaceae",NA,1,1982,2022,NA,"Least concern",NA
1018600,162750,"Euphrasia minima Schleich.",NA,"Orobanchaceae",NA,17,1951,2017,NA,"Least concern",NA
1018640,163100,"Euphrasia pectinata Ten.",NA,"Orobanchaceae",NA,0,1966,1966,NA,"Near threatened",NA
1018660,163150,"Euphrasia picta Wimm.",NA,"Orobanchaceae",NA,0,1966,1966,NA,"Near threatened",NA
1018670,163200,"Euphrasia picta Wimm. subsp. picta",NA,"Orobanchaceae",NA,0,1966,1966,NA,"Data deficient",NA
1018685,163850,"Euphrasia rostkoviana aggr.",NA,"Orobanchaceae",NA,8,1966,1974,NA,"",NA
1018810,164700,"Fagopyrum esculentum Moench",NA,"Polygonaceae",NA,0,1966,1966,NA,"",NA
1018840,165000,"Fagus sylvatica L.",NA,"Fagaceae",NA,4,1982,2025,NA,"Least concern",NA
1018870,165200,"Fallopia convolvulus (L.) Á. Löve",NA,"Polygonaceae",NA,26,1930,2012,NA,"Least concern",NA
1019020,166100,"Festuca arundinacea Schreb.",NA,"Poaceae",NA,9,1967,2025,NA,"Least concern",NA
1019030,166200,"Festuca arundinacea Schreb. subsp. arundinacea",NA,"Poaceae",NA,1,2025,2025,NA,"",NA
1019160,167650,"Festuca halleri aggr.",NA,"Poaceae",NA,0,1966,1966,NA,"Least concern",NA
1019200,167770,"Festuca heteromalla Pourr.",NA,"Poaceae",NA,2,2025,2025,NA,"Least concern",NA
1019310,168590,"Festuca ovina aggr.",NA,"Poaceae",NA,14,1982,2025,NA,"Least concern",NA
1019309,168580,"Festuca ovina superaggr.",NA,"",NA,15,1982,2025,NA,"",NA
1019380,169100,"Festuca pratensis Huds.",NA,"Poaceae",NA,21,1967,2025,NA,"Least concern",NA
1019390,169200,"Festuca pratensis Huds. subsp. pratensis",NA,"Poaceae",NA,1,2025,2025,NA,"Least concern",NA
1019480,170100,"Festuca rubra L.",NA,"Poaceae",NA,7,2017,2025,NA,"Least concern",NA
1019470,170200,"Festuca rubra aggr.",NA,"Poaceae",NA,34,1951,2025,NA,"Least concern",NA
1019510,170400,"Festuca rupicaprina (Hack.) A. Kern.",NA,"Poaceae",NA,0,1966,1966,NA,"Least concern",NA
1019520,170500,"Festuca rupicola Heuff.",NA,"Poaceae",NA,1,2023,2023,NA,"Near threatened",NA
1019570,170900,"Festuca stenantha (Hack.) K. Richt.",NA,"Poaceae",NA,0,1966,1966,NA,"Vulnerable",NA
1019630,171690,"Festuca valesiaca aggr.",NA,"Poaceae",NA,1,2023,2023,NA,"Least concern",NA
1019920,173800,"Fragaria vesca L.",NA,"Rosaceae",NA,8,1982,2025,NA,"Least concern",NA
1019950,174000,"Frangula alnus Mill.",NA,"Rhamnaceae",NA,1,1966,2024,NA,"Least concern",NA
1019970,174200,"Fraxinus excelsior L.",NA,"Oleaceae",NA,8,1982,2025,NA,"Least concern",NA
1020100,174900,"Fumaria officinalis L.",NA,"Papaveraceae",NA,4,1930,2025,NA,"Least concern",NA
1020110,175000,"Fumaria officinalis L. subsp. officinalis",NA,"Papaveraceae",NA,1,2025,2025,NA,"Least concern",NA
1020170,175700,"Gagea lutea (L.) Ker Gawl.",NA,"Liliaceae",NA,0,1966,1966,NA,"Near threatened",NA
1020290,176400,"Galeopsis angustifolia Hoffm.",NA,"Lamiaceae",NA,0,1966,1966,NA,"Least concern",NA
1020350,177100,"Galeopsis tetrahit L.",NA,"Lamiaceae",NA,34,1930,2025,NA,"Least concern",NA
1020380,177400,"Galium album Mill.",NA,"Rubiaceae",NA,9,2002,2025,NA,"Least concern",NA
1020390,177500,"Galium anisophyllon Vill.",NA,"Rubiaceae",NA,9,1982,2025,NA,"Least concern",NA
1020400,177600,"Galium aparine L.",NA,"Rubiaceae",NA,15,1930,2025,NA,"Least concern",NA
1020440,178000,"Galium boreale L.",NA,"Rubiaceae",NA,0,1982,1982,NA,"Least concern",NA
1020490,178700,"Galium lucidum All.",NA,"Rubiaceae",NA,7,1982,2025,NA,"Least concern",NA
1020520,178900,"Galium mollugo L.",NA,"Rubiaceae",NA,1,2025,2025,NA,"Least concern",NA
1020510,179000,"Galium mollugo aggr.",NA,"Rubiaceae",NA,17,1982,2025,NA,"Least concern",NA
1020560,179300,"Galium odoratum (L.) Scop.",NA,"Rubiaceae",NA,2,1982,2025,NA,"Least concern",NA
1020600,179700,"Galium pumilum Murray",NA,"Rubiaceae",NA,14,1982,2025,NA,"Least concern",NA
1020595,179650,"Galium pumilum aggr.",NA,"Rubiaceae",NA,28,1951,2025,NA,"",NA
1020620,179900,"Galium rotundifolium L.",NA,"Rubiaceae",NA,3,1982,2025,NA,"Least concern",NA
1020640,180100,"Galium rubrum aggr.",NA,"Rubiaceae",NA,2,2025,2025,NA,"",NA
1020660,180300,"Galium spurium L.",NA,"Rubiaceae",NA,28,1930,1930,NA,"Vulnerable",NA
1020690,180500,"Galium tricornutum Dandy",NA,"Rubiaceae",NA,0,1966,1966,NA,"Endangered",NA
1020730,180900,"Galium verum L.",NA,"Rubiaceae",NA,3,1982,2024,NA,"Least concern",NA
1020890,182200,"Gentiana acaulis L.",NA,"Gentianaceae",NA,8,1951,2025,NA,"Least concern",NA
1020940,182700,"Gentiana asclepiadea L.",NA,"Gentianaceae",NA,6,1982,2025,NA,"Least concern",NA
1020970,182900,"Gentiana bavarica L.",NA,"Gentianaceae",NA,6,1951,2020,NA,"Least concern",NA
1020990,183000,"Gentiana brachyphylla Vill.",NA,"Gentianaceae",NA,1,1982,2020,NA,"Least concern",NA
1021000,183100,"Gentiana campestris L.",NA,"Gentianaceae",NA,9,1951,2024,NA,"Least concern",NA
1021030,183400,"Gentiana ciliata L.",NA,"Gentianaceae",NA,2,1982,2024,NA,"Least concern",NA
1021040,183500,"Gentiana clusii E. P. Perrier & Songeon",NA,"Gentianaceae",NA,2,1982,2025,NA,"Least concern",NA
1021050,183600,"Gentiana cruciata L.",NA,"Gentianaceae",NA,1,1982,2002,NA,"Vulnerable",NA
1021120,184100,"Gentiana lutea L.",NA,"Gentianaceae",NA,2,2025,2025,NA,"Least concern",NA
1021128,184180,"Gentiana lutea subsp. vardjanii Wraber",NA,"Gentianaceae",NA,2,2025,2025,NA,"",NA
1021140,184300,"Gentiana nivalis L.",NA,"Gentianaceae",NA,3,1982,2018,NA,"Least concern",NA
1021150,184400,"Gentiana orbicularis Schur",NA,"Gentianaceae",NA,3,2024,2024,NA,"Least concern",NA
1021190,184800,"Gentiana punctata L.",NA,"Gentianaceae",NA,3,1982,2025,NA,"Least concern",NA
1021250,185400,"Gentiana verna L.",NA,"Gentianaceae",NA,9,1956,2022,NA,"Least concern",NA
1021320,187200,"Geranium dissectum L.",NA,"Geraniaceae",NA,0,1966,1966,NA,"Least concern",NA
1021360,187600,"Geranium macrorrhizum L.",NA,"Geraniaceae",NA,1,2025,2025,NA,"",NA
1021370,187700,"Geranium molle L.",NA,"Geraniaceae",NA,1,2012,2012,NA,"Least concern",NA
1021400,187995,"Geranium phaeum L.",NA,"Geraniaceae",NA,0,1982,1982,NA,"",NA
1021401,188000,"Geranium phaeum L. subsp. phaeum",NA,"Geraniaceae",NA,0,1982,1982,NA,"",NA
1021405,188100,"Geranium phaeum subsp. lividum (L'Hér.) Hayek",NA,"Geraniaceae",NA,0,1982,1982,NA,"Least concern",NA
1021430,188300,"Geranium pratense L.",NA,"Geraniaceae",NA,9,2007,2025,NA,"Near threatened",NA
1021440,188500,"Geranium pusillum L.",NA,"Geraniaceae",NA,1,1966,2011,NA,"Least concern",NA
1021450,188600,"Geranium pyrenaicum Burm. f.",NA,"Geraniaceae",NA,10,1930,2025,NA,"Least concern",NA
1021470,188795,"Geranium robertianum L.",NA,"Geraniaceae",NA,4,1982,2025,NA,"Least concern",NA
1021480,188800,"Geranium robertianum L. subsp. robertianum",NA,"Geraniaceae",NA,3,1982,2025,NA,"Least concern",NA
1021510,189100,"Geranium sanguineum L.",NA,"Geraniaceae",NA,1,1982,2023,NA,"Least concern",NA
1021530,189300,"Geranium sylvaticum L.",NA,"Geraniaceae",NA,15,1982,2025,NA,"Least concern",NA
1021540,189400,"Geum montanum L.",NA,"Rosaceae",NA,9,1951,2025,NA,"Least concern",NA
1021560,189500,"Geum reptans L.",NA,"Rosaceae",NA,4,2018,2024,NA,"Least concern",NA
1021570,189600,"Geum rivale L.",NA,"Rosaceae",NA,2,1982,2025,NA,"Least concern",NA
1021660,190300,"Glaucium corniculatum (L.) Rudolph",NA,"Papaveraceae",NA,0,1966,1966,NA,"",NA
1021690,190500,"Glechoma hederacea L.",NA,"Lamiaceae",NA,4,1982,2025,NA,"Least concern",NA
1021700,190600,"Glechoma hederacea L. subsp. hederacea",NA,"Lamiaceae",NA,2,2025,2025,NA,"Least concern",NA
1021730,190900,"Globularia bisnagarica L.",NA,"Plantaginaceae",NA,8,1982,2025,NA,"Least concern",NA
1021740,191000,"Globularia cordifolia L.",NA,"Plantaginaceae",NA,4,1982,2025,NA,"Least concern",NA
1021750,191200,"Globularia nudicaulis L.",NA,"Plantaginaceae",NA,7,1982,2025,NA,"Least concern",NA
1021765,191550,"Glyceria fluitans aggr.",NA,"Poaceae",NA,1,1982,2024,NA,"",NA
1021790,191700,"Glyceria notata Chevall.",NA,"Poaceae",NA,1,1982,2024,NA,"Least concern",NA
1021840,192200,"Gnaphalium hoppeanum W. D. J. Koch",NA,"Asteraceae",NA,0,1966,1966,NA,"Least concern",NA
1021860,192400,"Gnaphalium norvegicum Gunnerus",NA,"Asteraceae",NA,2,1951,1966,NA,"Least concern",NA
1021870,192500,"Gnaphalium supinum L.",NA,"Asteraceae",NA,3,1951,1951,NA,"Least concern",NA
1021900,192800,"Goodyera repens (L.) R. Br.",NA,"Orchidaceae",NA,5,1916,2022,NA,"Near threatened",NA
1021930,193100,"Groenlandia densa (L.) Fourr.",NA,"Potamogetonaceae",NA,0,1966,1966,NA,"Near threatened",NA
1021950,193200,"Gymnadenia conopsea (L.) R. Br.",NA,"Orchidaceae",NA,53,1982,2025,NA,"Least concern",NA
1021955,193210,"Gymnadenia conopsea (L.) R. Br. var. conopsea",NA,"Orchidaceae",NA,1,2020,2020,NA,"",NA
1021970,193300,"Gymnadenia odoratissima (L.) Rich.",NA,"Orchidaceae",NA,25,1982,2022,NA,"Least concern",NA
1021990,193500,"Gymnocarpium robertianum (Hoffm.) Newman",NA,"Cystopteridaceae",NA,5,1982,2025,NA,"Least concern",NA
1022020,193800,"Gypsophila repens L.",NA,"Caryophyllaceae",NA,1,1982,2025,NA,"Least concern",NA
1022110,194100,"Hedysarum hedysaroides (L.) Schinz & Thell.",NA,"Fabaceae",NA,11,1951,2025,NA,"Least concern",NA
1022180,194895,"Helianthemum nummularium (L.) Mill.",NA,"Cistaceae",NA,31,1956,2025,NA,"Least concern",NA
1022190,194900,"Helianthemum nummularium (L.) Mill. subsp. nummularium",NA,"Cistaceae",NA,1,2017,2017,NA,"Near threatened",NA
1022210,195100,"Helianthemum nummularium subsp. grandiflorum (Scop.) Schinz & Thell.",NA,"Cistaceae",NA,7,1956,2025,NA,"Least concern",NA
1022220,195200,"Helianthemum nummularium subsp. obscurum (Čelak.) Holub",NA,"Cistaceae",NA,7,1967,2025,NA,"Least concern",NA
1022390,196800,"Helictotrichon pubescens (Huds.) Pilg.",NA,"Poaceae",NA,17,1958,2025,NA,"Least concern",NA
1022400,196830,"Helictotrichon pubescens (Huds.) Pilg. subsp. pubescens",NA,"Poaceae",NA,2,2025,2025,NA,"Least concern",NA
1022440,197100,"Helictotrichon versicolor (Vill.) Pilg.",NA,"Poaceae",NA,4,1951,2025,NA,"Least concern",NA
1022480,197300,"Helleborus foetidus L.",NA,"Ranunculaceae",NA,1,2025,2025,NA,"Least concern",NA
1022560,197900,"Hepatica nobilis Schreb.",NA,"Ranunculaceae",NA,1,1982,2024,NA,"Least concern",NA
1022580,198300,"Heracleum mantegazzianum Sommier & Levier",NA,"Apiaceae",NA,220,2011,2025,NA,"",NA
1022590,198595,"Heracleum sphondylium L.",NA,"Apiaceae",NA,12,1930,2025,NA,"Least concern",NA
1022600,198600,"Heracleum sphondylium L. subsp. sphondylium",NA,"Apiaceae",NA,2,1982,2025,NA,"Least concern",NA
1022640,199100,"Herminium monorchis (L.) R. Br.",NA,"Orchidaceae",NA,1,1944,1982,NA,"Vulnerable",NA
1022790,199900,"Hieracium alpinum L.",NA,"Asteraceae",NA,0,1982,1982,NA,"Least concern",NA
1022800,200000,"Hieracium amplexicaule L.",NA,"Asteraceae",NA,0,1982,1982,NA,"Least concern",NA
1022820,200200,"Hieracium aurantiacum L.",NA,"Asteraceae",NA,3,1982,2025,NA,"Least concern",NA
1022860,200700,"Hieracium bupleuroides C. C. Gmel.",NA,"Asteraceae",NA,0,1966,1966,NA,"Least concern",NA
1022940,201500,"Hieracium glaucinum aggr.",NA,"Asteraceae",NA,0,1966,1966,NA,"Least concern",NA
1022960,201600,"Hieracium glaucum All.",NA,"Asteraceae",NA,0,1966,1966,NA,"Least concern",NA
1022990,201700,"Hieracium hoppeanum Schult.",NA,"Asteraceae",NA,4,1982,2024,NA,"Least concern",NA
1023000,201800,"Hieracium humile Jacq.",NA,"Asteraceae",NA,0,1982,1982,NA,"Least concern",NA
1023040,202100,"Hieracium lactucella Wallr.",NA,"Asteraceae",NA,10,1951,2024,NA,"Least concern",NA
1023050,202300,"Hieracium laevigatum aggr.",NA,"Asteraceae",NA,0,1966,1966,NA,"Least concern",NA
1023110,202700,"Hieracium murorum aggr.",NA,"Asteraceae",NA,9,1982,2025,NA,"Least concern",NA
1023170,203200,"Hieracium piliferum aggr.",NA,"Asteraceae",NA,0,1966,1966,NA,"Least concern",NA
1023200,203400,"Hieracium pilosella L.",NA,"Asteraceae",NA,20,1956,2025,NA,"Least concern",NA
1023210,203500,"Hieracium piloselloides Vill.",NA,"Asteraceae",NA,0,1966,1966,NA,"Least concern",NA
1023270,203900,"Hieracium prenanthoides aggr.",NA,"Asteraceae",NA,1,1966,2024,NA,"Least concern",NA
1023290,204100,"Hieracium racemosum aggr.",NA,"Asteraceae",NA,0,1966,1966,NA,"Near threatened",NA
1023320,204400,"Hieracium sabaudum aggr.",NA,"Asteraceae",NA,0,1982,1982,NA,"Least concern",NA
1023460,205600,"Hieracium umbellatum aggr.",NA,"Asteraceae",NA,0,1966,1966,NA,"Least concern",NA
1023500,205800,"Hieracium villosum Jacq.",NA,"Asteraceae",NA,2,1982,2025,NA,"Least concern",NA
1023490,205900,"Hieracium villosum aggr.",NA,"Asteraceae",NA,2,1982,2025,NA,"Least concern",NA
1023580,206300,"Hippocrepis comosa L.",NA,"Fabaceae",NA,28,1982,2025,NA,"Least concern",NA
1023600,206500,"Hippophaë rhamnoides L.",NA,"Elaeagnaceae",NA,2,1982,2025,NA,"Least concern",NA
1023680,207300,"Homogyne alpina (L.) Cass.",NA,"Asteraceae",NA,16,1951,2025,NA,"Least concern",NA
1023690,207400,"Hordelymus europaeus (L.) Harz",NA,"Poaceae",NA,2,1982,2024,NA,"Least concern",NA
1023700,207500,"Hordeum distichon L.",NA,"Poaceae",NA,0,1966,1966,NA,"",NA
1023770,208195,"Hordeum vulgare L.",NA,"Poaceae",NA,0,1966,1966,NA,"",NA
1023760,208205,"Hordeum vulgare aggr.",NA,"Poaceae",NA,0,1966,1966,NA,"",NA
1023800,208400,"Horminum pyrenaicum L.",NA,"Lamiaceae",NA,0,1966,1966,NA,"Near threatened",NA
1023850,208800,"Humulus lupulus L.",NA,"Cannabaceae",NA,2,1982,2024,NA,"Least concern",NA
1023860,208900,"Huperzia selago (L.) Schrank & Mart.",NA,"Lycopodiaceae",NA,4,1982,2024,NA,"Least concern",NA
1023980,209700,"Hyoscyamus niger L.",NA,"Solanaceae",NA,0,1966,1966,NA,"Vulnerable",NA
1024100,210900,"Hypericum montanum L.",NA,"Hypericaceae",NA,1,1982,2024,NA,"Least concern",NA
1024130,211050,"Hypericum perforatum L.",NA,"Hypericaceae",NA,1,1982,2024,NA,"Least concern",NA
1024140,211100,"Hypericum perforatum L. subsp. perforatum",NA,"Hypericaceae",NA,1,1982,2024,NA,"Least concern",NA
1024180,211500,"Hypericum tetrapterum Fr.",NA,"Hypericaceae",NA,1,1932,1982,NA,"Least concern",NA
1024190,211700,"Hypericum ×desetangsii Lamotte",NA,"Hypericaceae",NA,0,1966,1966,NA,"Least concern",NA
1024230,212100,"Hypochaeris radicata L.",NA,"Asteraceae",NA,3,1967,1982,NA,"Least concern",NA
1024250,212200,"Hypochaeris uniflora Vill.",NA,"Asteraceae",NA,7,1982,2025,NA,"Least concern",NA
1024330,212900,"Iberis pinnata L.",NA,"Brassicaceae",NA,0,1966,1966,NA,"Regionally extinct",NA
1024410,213600,"Impatiens glandulifera Royle",NA,"Balsaminaceae",NA,14,2011,2025,NA,"",NA
1024430,213800,"Impatiens parviflora DC.",NA,"Balsaminaceae",NA,2,1982,2025,NA,"",NA
1024470,214100,"Inula conyzae (Griess.) Meikle",NA,"Asteraceae",NA,1,1982,2024,NA,"Least concern",NA
1024880,217500,"Juglans regia L.",NA,"Juglandaceae",NA,2,1982,1995,NA,"Least concern",NA
1024900,217700,"Juncus alpinoarticulatus Chaix",NA,"Juncaceae",NA,1,1982,2024,NA,"Least concern",NA
1024930,218100,"Juncus articulatus L.",NA,"Juncaceae",NA,2,1982,2025,NA,"Least concern",NA
1024925,218150,"Juncus articulatus aggr.",NA,"Juncaceae",NA,3,1982,2025,NA,"",NA
1024940,218200,"Juncus bufonius L.",NA,"Juncaceae",NA,0,1966,1966,NA,"Least concern",NA
1024980,218600,"Juncus compressus Jacq.",NA,"Juncaceae",NA,0,1982,1982,NA,"Least concern",NA
1024990,218700,"Juncus conglomeratus L.",NA,"Juncaceae",NA,0,1966,1966,NA,"Least concern",NA
1025030,219100,"Juncus inflexus L.",NA,"Juncaceae",NA,4,1982,2025,NA,"Least concern",NA
1025110,220000,"Juncus tenuis Willd.",NA,"Juncaceae",NA,1,1982,2024,NA,"",NA
1025130,220300,"Juncus triglumis L.",NA,"Juncaceae",NA,1,1982,2024,NA,"Least concern",NA
1025140,220395,"Juniperus communis L.",NA,"Cupressaceae",NA,21,1982,2025,NA,"Least concern",NA
1025150,220400,"Juniperus communis L. subsp. communis",NA,"Cupressaceae",NA,3,1982,2025,NA,"Least concern",NA
1025160,220500,"Juniperus communis subsp. alpina Čelak.",NA,"Cupressaceae",NA,7,1982,2024,NA,"Least concern",NA
1025230,221400,"Knautia arvensis (L.) Coult.",NA,"Caprifoliaceae",NA,6,1982,2025,NA,"Least concern",NA
1025240,221450,"Knautia dipsacifolia Kreutzer",NA,"Caprifoliaceae",NA,5,1982,2025,NA,"Least concern",NA
1025250,221500,"Knautia dipsacifolia Kreutzer subsp. dipsacifolia",NA,"Caprifoliaceae",NA,3,1982,2024,NA,"Least concern",NA
1025480,223900,"Koeleria pyramidata (Lam.) P. Beauv.",NA,"Poaceae",NA,2,1982,2018,NA,"Least concern",NA
1025490,223905,"Koeleria pyramidata aggr.",NA,"Poaceae",NA,3,1982,2018,NA,"Least concern",NA
1025580,224700,"Lactuca serriola L.",NA,"Asteraceae",NA,2,2024,2025,NA,"Least concern",NA
1025650,225500,"Lamium album L.",NA,"Lamiaceae",NA,3,1961,2025,NA,"Least concern",NA
1025660,225600,"Lamium amplexicaule L.",NA,"Lamiaceae",NA,4,1930,1982,NA,"Least concern",NA
1025670,225750,"Lamium galeobdolon (L.) L.",NA,"Lamiaceae",NA,5,1982,2025,NA,"Least concern",NA
1025710,226000,"Lamium galeobdolon subsp. montanum (Pers.) Hayek",NA,"Lamiaceae",NA,4,1982,2025,NA,"Least concern",NA
1025750,226500,"Lamium purpureum L.",NA,"Lamiaceae",NA,5,1930,2025,NA,"Least concern",NA
1025770,226800,"Lappula squarrosa (Retz.) Dumort.",NA,"Boraginaceae",NA,0,1966,1966,NA,"Near threatened",NA
1025780,226900,"Lapsana communis L.",NA,"Asteraceae",NA,4,1966,2025,NA,"Least concern",NA
1025790,227000,"Lapsana communis L. subsp. communis",NA,"Asteraceae",NA,2,2002,2025,NA,"",NA
1025810,227200,"Larix decidua Mill.",NA,"Pinaceae",NA,9,1982,2025,NA,"Least concern",NA
1025860,227700,"Laserpitium latifolium L.",NA,"Apiaceae",NA,2,1982,2024,NA,"Least concern",NA
1025900,228100,"Laserpitium siler L.",NA,"Apiaceae",NA,1,1966,2025,NA,"Least concern",NA
1025940,228900,"Lathyrus aphaca L.",NA,"Fabaceae",NA,0,1966,1966,NA,"Endangered",NA
1026020,230100,"Lathyrus nissolia L.",NA,"Fabaceae",NA,0,1966,1966,NA,"Critically endangered",NA
1026050,230400,"Lathyrus pratensis L.",NA,"Fabaceae",NA,5,1967,2025,NA,"Least concern",NA
1026090,230800,"Lathyrus sylvestris L.",NA,"Fabaceae",NA,2,1982,2002,NA,"Least concern",NA
1026120,231195,"Lathyrus vernus (L.) Bernh.",NA,"Fabaceae",NA,0,1982,1982,NA,"Least concern",NA
1026130,231200,"Lathyrus vernus (L.) Bernh. subsp. vernus",NA,"Fabaceae",NA,0,1982,1982,NA,"Least concern",NA
1026290,232700,"Leontodon autumnalis L.",NA,"Asteraceae",NA,15,1952,2022,NA,"Least concern",NA
1026310,232900,"Leontodon helveticus Mérat",NA,"Asteraceae",NA,5,1951,2022,NA,"Least concern",NA
1026330,233000,"Leontodon hispidus L.",NA,"Asteraceae",NA,48,1951,2025,NA,"Least concern",NA
1026340,233100,"Leontodon hispidus L. subsp. hispidus",NA,"Asteraceae",NA,2,2025,2025,NA,"Least concern",NA
1026360,233400,"Leontodon hispidus subsp. hyoseroides (Rchb.) Murr",NA,"Asteraceae",NA,0,1982,1982,NA,"Least concern",NA
1026380,233600,"Leontodon hispidus subsp. pseudocrispus (Bisch.) Murr",NA,"Asteraceae",NA,0,1966,1966,NA,"Least concern",NA
1026400,233750,"Leontodon incanus (L.) Schrank",NA,"Asteraceae",NA,0,1966,1966,NA,"Least concern",NA
1026410,233800,"Leontodon incanus (L.) Schrank subsp. incanus",NA,"Asteraceae",NA,0,1966,1966,NA,"Least concern",NA
1026470,234600,"Leontopodium alpinum Cass.",NA,"Asteraceae",NA,0,1966,1966,NA,"Least concern",NA
1026500,234900,"Lepidium campestre (L.) R. Br.",NA,"Brassicaceae",NA,0,1966,1966,NA,"Least concern",NA
1026560,235600,"Lepidium ruderale L.",NA,"Brassicaceae",NA,0,1966,1966,NA,"Least concern",NA
1026570,235700,"Lepidium sativum L.",NA,"Brassicaceae",NA,0,1966,1966,NA,"",NA
1026600,236000,"Leucanthemopsis alpina (L.) Heywood",NA,"Asteraceae",NA,4,2020,2025,NA,"Least concern",NA
1026650,236200,"Leucanthemum adustum (W. D. J. Koch) Gremli",NA,"Asteraceae",NA,1,1982,2025,NA,"Least concern",NA
1026680,236500,"Leucanthemum halleri (Vitman) Ducommun",NA,"Asteraceae",NA,2,1982,2024,NA,"Least concern",NA
1026730,236800,"Leucanthemum vulgare Lam.",NA,"Asteraceae",NA,21,1952,2025,NA,"Least concern",NA
1026710,236905,"Leucanthemum vulgare aggr.",NA,"Asteraceae",NA,43,1952,2025,NA,"Least concern",NA
1026810,237800,"Ligusticum mutellina (L.) Crantz",NA,"Apiaceae",NA,10,1951,2025,NA,"Least concern",NA
1026850,238100,"Ligustrum vulgare L.",NA,"Oleaceae",NA,2,1982,2025,NA,"Least concern",NA
1026860,238195,"Lilium bulbiferum L.",NA,"Liliaceae",NA,0,1982,1982,NA,"Near threatened",NA
1026880,238300,"Lilium bulbiferum subsp. croceum (Chaix) Baker",NA,"Liliaceae",NA,0,1982,1982,NA,"Near threatened",NA
1026890,238500,"Lilium martagon L.",NA,"Liliaceae",NA,5,1982,2025,NA,"Least concern",NA
1026900,238600,"Limodorum abortivum (L.) Sw.",NA,"Orchidaceae",NA,2,1947,1982,NA,"Near threatened",NA
1026920,238800,"Linaria alpina (L.) Mill.",NA,"Plantaginaceae",NA,7,1982,2025,NA,"Least concern",NA
1026930,238900,"Linaria alpina (L.) Mill. subsp. alpina",NA,"Plantaginaceae",NA,2,1982,2024,NA,"Least concern",NA
1027060,240300,"Linaria vulgaris Mill.",NA,"Plantaginaceae",NA,3,1930,2025,NA,"Least concern",NA
1027090,240600,"Linnaea borealis L.",NA,"Caprifoliaceae",NA,0,1966,1966,NA,"Least concern",NA
1027130,241100,"Linum catharticum L.",NA,"Linaceae",NA,24,1952,2025,NA,"Least concern",NA
1027131,241110,"Linum catharticum L. var. catharticum",NA,"Linaceae",NA,1,2025,2025,NA,"",NA
1027210,241900,"Listera cordata (L.) R. Br.",NA,"Orchidaceae",NA,9,1928,2020,NA,"Near threatened",NA
1027220,242000,"Listera ovata (L.) R. Br.",NA,"Orchidaceae",NA,44,1982,2025,NA,"Least concern",NA
1027230,242200,"Lithospermum officinale L.",NA,"Boraginaceae",NA,0,1966,1966,NA,"Near threatened",NA
1027290,242600,"Loiseleuria procumbens (L.) Desv.",NA,"Ericaceae",NA,6,1951,2024,NA,"Least concern",NA
1027310,242800,"Lolium perenne L.",NA,"Poaceae",NA,17,1958,2025,NA,"Least concern",NA
1027370,243400,"Lonicera alpigena L.",NA,"Caprifoliaceae",NA,7,1982,2025,NA,"Least concern",NA
1027380,243500,"Lonicera caerulea L.",NA,"Caprifoliaceae",NA,1,1982,2024,NA,"Least concern",NA
1027440,243900,"Lonicera nigra L.",NA,"Caprifoliaceae",NA,2,1982,2025,NA,"Least concern",NA
1027490,244200,"Lonicera xylosteum L.",NA,"Caprifoliaceae",NA,5,1982,2025,NA,"Least concern",NA
1027500,244300,"Lotus alpinus (DC.) Ramond",NA,"Fabaceae",NA,1,1982,2025,NA,"Least concern",NA
1027520,244400,"Lotus corniculatus L.",NA,"Fabaceae",NA,35,1951,2025,NA,"Least concern",NA
1027510,244410,"Lotus corniculatus aggr.",NA,"Fabaceae",NA,59,1951,2025,NA,"Least concern",NA
1027540,244800,"Lotus maritimus L.",NA,"Fabaceae",NA,27,1982,2025,NA,"Near threatened",NA
1027600,245400,"Lunaria annua L.",NA,"Brassicaceae",NA,0,1966,1966,NA,"",NA
1027670,246000,"Luzula alpinopilosa (Chaix) Breistr.",NA,"Juncaceae",NA,1,1982,2025,NA,"Least concern",NA
1027700,246100,"Luzula campestris (L.) DC.",NA,"Juncaceae",NA,5,1951,2025,NA,"Least concern",NA
1027740,246600,"Luzula lutea (All.) DC.",NA,"Juncaceae",NA,2,2018,2025,NA,"Least concern",NA
1027760,246800,"Luzula luzuloides (Lam.) Dandy & Wilmott",NA,"Juncaceae",NA,0,1966,1966,NA,"Least concern",NA
1027790,247100,"Luzula multiflora (Ehrh.) Lej.",NA,"Juncaceae",NA,5,1951,2025,NA,"Least concern",NA
1027785,247150,"Luzula multiflora aggr.",NA,"Juncaceae",NA,7,1951,2025,NA,"Least concern",NA
1027820,247300,"Luzula nivea (L.) DC.",NA,"Juncaceae",NA,2,1982,2020,NA,"Least concern",NA
1027840,247500,"Luzula pilosa (L.) Willd.",NA,"Juncaceae",NA,1,2020,2020,NA,"Least concern",NA
1027860,247800,"Luzula spicata (L.) DC.",NA,"Juncaceae",NA,10,1951,2025,NA,"Least concern",NA
1027870,247900,"Luzula spicata (L.) DC. subsp. spicata",NA,"Juncaceae",NA,1,2024,2024,NA,"",NA
1027910,248300,"Luzula sylvatica (Huds.) Gaudin",NA,"Juncaceae",NA,2,2020,2025,NA,"Least concern",NA
1027920,248400,"Luzula sylvatica aggr.",NA,"Juncaceae",NA,2,2020,2025,NA,"Least concern",NA
1027980,249700,"Lycopodium annotinum L.",NA,"Lycopodiaceae",NA,5,1982,2025,NA,"Least concern",NA
1028080,251400,"Lysimachia nemorum L.",NA,"Primulaceae",NA,1,1982,2020,NA,"Least concern",NA
1028090,251500,"Lysimachia nummularia L.",NA,"Primulaceae",NA,1,2025,2025,NA,"Least concern",NA
1028100,251600,"Lysimachia punctata L.",NA,"Primulaceae",NA,2,2024,2025,NA,"",NA
1028120,251800,"Lysimachia vulgaris L.",NA,"Primulaceae",NA,1,2007,2007,NA,"Least concern",NA
1028210,252400,"Maianthemum bifolium (L.) F. W. Schmidt",NA,"Asparagaceae",NA,4,1982,2025,NA,"Least concern",NA
1028220,252600,"Malaxis monophyllos (L.) Sw.",NA,"Orchidaceae",NA,5,1901,1982,NA,"Vulnerable",NA
1028260,252850,"Malus pumila Mill.",NA,"Rosaceae",NA,1,2025,2025,NA,"",NA
1028280,253000,"Malus sylvestris aggr.",NA,"Rosaceae",NA,3,2025,2025,NA,"",NA
1028320,253300,"Malva moschata L.",NA,"Malvaceae",NA,3,1982,2025,NA,"Least concern",NA
1028330,253400,"Malva neglecta Wallr.",NA,"Malvaceae",NA,1,1982,2025,NA,"Least concern",NA
1028370,253500,"Malva sylvestris L.",NA,"Malvaceae",NA,0,1966,1966,NA,"Least concern",NA
1028420,254000,"Matricaria chamomilla L.",NA,"Asteraceae",NA,0,1966,1966,NA,"Least concern",NA
1028430,254100,"Matricaria discoidea DC.",NA,"Asteraceae",NA,5,1982,2025,NA,"",NA
1028510,255100,"Medicago falcata L.",NA,"Fabaceae",NA,3,1982,2025,NA,"Near threatened",NA
1028530,255300,"Medicago lupulina L.",NA,"Fabaceae",NA,47,1930,2025,NA,"Least concern",NA
1028540,255400,"Medicago minima (L.) L.",NA,"Fabaceae",NA,2,1966,2018,NA,"Least concern",NA
1028590,256000,"Medicago sativa L.",NA,"Fabaceae",NA,2,1982,2025,NA,"Least concern",NA
1028600,256100,"Medicago ×varia Martyn",NA,"Fabaceae",NA,1,2025,2025,NA,"",NA
1028660,256600,"Melampyrum sylvaticum L.",NA,"Orobanchaceae",NA,5,1982,2025,NA,"Least concern",NA
1028680,256800,"Melica ciliata L.",NA,"Poaceae",NA,0,1966,1966,NA,"Least concern",NA
1028690,256900,"Melica nutans L.",NA,"Poaceae",NA,4,1982,2025,NA,"Least concern",NA
1028720,257200,"Melilotus albus Medik.",NA,"Fabaceae",NA,2,2024,2025,NA,"Least concern",NA
1028740,257400,"Melilotus indicus (L.) All.",NA,"Fabaceae",NA,0,1966,1966,NA,"",NA
1028760,257600,"Melilotus officinalis Lam.",NA,"Fabaceae",NA,2,1982,2024,NA,"Least concern",NA
1028800,258000,"Mentha aquatica L.",NA,"Lamiaceae",NA,1,1982,2007,NA,"Least concern",NA
1028810,258100,"Mentha arvensis L.",NA,"Lamiaceae",NA,16,1930,1966,NA,"Least concern",NA
1028830,258200,"Mentha longifolia (L.) Huds.",NA,"Lamiaceae",NA,2,1982,2025,NA,"Least concern",NA
1028920,258900,"Mercurialis annua L.",NA,"Euphorbiaceae",NA,0,1982,1982,NA,"Least concern",NA
1028940,259100,"Mercurialis perennis L.",NA,"Euphorbiaceae",NA,1,1982,2024,NA,"Least concern",NA
1029080,260300,"Minuartia biflora (L.) Schinz & Thell.",NA,"Caryophyllaceae",NA,0,1966,1966,NA,"Least concern",NA
1029260,262000,"Minuartia verna (L.) Hiern",NA,"Caryophyllaceae",NA,5,1982,2024,NA,"Least concern",NA
1029430,263300,"Molinia arundinacea Schrank",NA,"Poaceae",NA,2,1982,2024,NA,"Least concern",NA
1029440,263400,"Molinia caerulea (L.) Moench",NA,"Poaceae",NA,4,1982,2023,NA,"Least concern",NA
1029470,263700,"Moneses uniflora (L.) A. Gray",NA,"Ericaceae",NA,6,1982,2025,NA,"Least concern",NA
1029480,263800,"Monotropa hypophegea Wallr.",NA,"Ericaceae",NA,0,1966,1966,NA,"Near threatened",NA
1029490,264000,"Monotropa hypopitys aggr.",NA,"Ericaceae",NA,0,1966,1966,NA,"Least concern",NA
1029640,265450,"Muscari neglectum aggr.",NA,"Asparagaceae",NA,1,1982,2025,NA,"Near threatened",NA
1029660,265500,"Muscari racemosum (L.) Mill.",NA,"Asparagaceae",NA,0,1982,1982,NA,"Data deficient",NA
1029680,265700,"Mycelis muralis (L.) Dumort.",NA,"Asteraceae",NA,2,1982,2025,NA,"Least concern",NA
1029690,265800,"Myosotis alpestris F. W. Schmidt",NA,"Boraginaceae",NA,2,1982,2025,NA,"Least concern",NA
1029700,265900,"Myosotis arvensis Hill",NA,"Boraginaceae",NA,18,1930,2025,NA,"Least concern",NA
1029815,267150,"Myosotis sylvatica aggr.",NA,"Boraginaceae",NA,2,1982,2003,NA,"",NA
1029840,267300,"Myosoton aquaticum (L.) Moench",NA,"Caryophyllaceae",NA,0,1966,1966,NA,"Least concern",NA
1029860,267500,"Myricaria germanica (L.) Desv.",NA,"Tamaricaceae",NA,0,1982,1982,NA,"Vulnerable",NA
1029920,268000,"Myrrhis odorata (L.) Scop.",NA,"Apiaceae",NA,1,1966,2025,NA,"Least concern",NA
1030080,269700,"Nardus stricta L.",NA,"Poaceae",NA,24,1951,2025,NA,"Least concern",NA
1030140,270100,"Neottia nidus-avis (L.) Rich.",NA,"Orchidaceae",NA,39,1982,2025,NA,"Least concern",NA
1030390,271655,"Nigritella rhellicani Teppner & E. Klein",NA,"Orchidaceae",NA,13,1951,2024,NA,"Least concern",NA
1030380,271700,"Nigritella rhellicani aggr.",NA,"Orchidaceae",NA,18,1951,2025,NA,"Least concern",NA
1030410,271900,"Nonea erecta Bernh.",NA,"Boraginaceae",NA,0,1966,1966,NA,"",NA
1030550,273350,"Odontites vernus aggr.",NA,"Orobanchaceae",NA,0,1966,1966,NA,"Vulnerable",NA
1030570,273500,"Odontites vulgaris Moench",NA,"Orobanchaceae",NA,0,1966,1966,NA,"Vulnerable",NA
1030840,275400,"Onobrychis montana DC.",NA,"Fabaceae",NA,7,1887,2025,NA,"Least concern",NA
1030860,275600,"Onobrychis viciifolia Scop.",NA,"Fabaceae",NA,14,1982,2025,NA,"",NA
1030940,276300,"Ononis repens L.",NA,"Fabaceae",NA,10,1982,2025,NA,"Least concern",NA
1030950,276500,"Ononis rotundifolia L.",NA,"Fabaceae",NA,0,1982,1982,NA,"Least concern",NA
1030960,276600,"Ononis spinosa L.",NA,"Fabaceae",NA,3,1982,2024,NA,"Least concern",NA
1030970,276700,"Ononis spinosa L. subsp. spinosa",NA,"Fabaceae",NA,1,1982,2024,NA,"Least concern",NA
1030955,276850,"Ononis spinosa aggr.",NA,"Fabaceae",NA,14,1967,2025,NA,"",NA
1030990,276900,"Onopordum acanthium L.",NA,"Asteraceae",NA,0,1982,1982,NA,"Vulnerable",NA
1031070,277950,"Ophrys apifera Huds.",NA,"Orchidaceae",NA,1,1920,1982,NA,"Vulnerable",NA
1031160,279100,"Ophrys insectifera L.",NA,"Orchidaceae",NA,11,1904,2025,NA,"Vulnerable",NA
1031380,281000,"Orchis militaris L.",NA,"Orchidaceae",NA,31,1904,2025,NA,"Near threatened",NA
1031500,282200,"Orchis ustulata L.",NA,"Orchidaceae",NA,13,1928,2011,NA,"Near threatened",NA
1031525,282210,"Orchis ustulata L. var. ustulata",NA,"Orchidaceae",NA,5,1990,2008,NA,"",NA
1031540,282400,"Oreopteris limbosperma (All.) Holub",NA,"Thelypteridaceae",NA,1,1982,2024,NA,"Least concern",NA
1031560,282600,"Origanum vulgare L.",NA,"Lamiaceae",NA,3,1982,2025,NA,"Least concern",NA
1031780,284700,"Orobanche caryophyllacea Sm.",NA,"Orobanchaceae",NA,0,1966,1966,NA,"Least concern",NA
1031805,285000,"Orobanche flava aggr.",NA,"Orobanchaceae",NA,0,1984,1984,NA,"",NA
1031970,286500,"Orobanche salviae F. W. Schultz",NA,"Orobanchaceae",NA,0,1966,1966,NA,"Endangered",NA
1031980,286600,"Orobanche teucrii Holandre",NA,"Orobanchaceae",NA,0,1966,1966,NA,"Near threatened",NA
1032000,286800,"Orthilia secunda (L.) House",NA,"Ericaceae",NA,2,1982,2025,NA,"Least concern",NA
1032070,287300,"Oxalis acetosella L.",NA,"Oxalidaceae",NA,4,1982,2025,NA,"Least concern",NA
1032090,287400,"Oxalis corniculata L.",NA,"Oxalidaceae",NA,1,2024,2024,NA,"Least concern",NA
1032150,287750,"Oxalis stricta L.",NA,"Oxalidaceae",NA,0,1966,1966,NA,"",NA
1032180,288100,"Oxyria digyna (L.) Hill",NA,"Polygonaceae",NA,4,2017,2024,NA,"Least concern",NA
1032190,288200,"Oxytropis campestris (L.) DC.",NA,"Fabaceae",NA,4,1982,2025,NA,"Least concern",NA
1032270,289300,"Oxytropis jacquinii Bunge",NA,"Fabaceae",NA,4,1982,2024,NA,"Least concern",NA
1032300,289600,"Oxytropis pilosa (L.) DC.",NA,"Fabaceae",NA,0,1966,1966,NA,"Near threatened",NA
1032390,290600,"Panicum miliaceum L.",NA,"Poaceae",NA,0,1966,1966,NA,"",NA
1032470,291095,"Papaver dubium L.",NA,"Papaveraceae",NA,3,1982,2025,NA,"Least concern",NA
1032480,291100,"Papaver dubium L. subsp. dubium",NA,"Papaveraceae",NA,2,1982,2025,NA,"Least concern",NA
1032530,291800,"Papaver rhoeas L.",NA,"Papaveraceae",NA,1,1982,2025,NA,"Least concern",NA
1032590,292600,"Paris quadrifolia L.",NA,"Melanthiaceae",NA,4,1982,2025,NA,"Least concern",NA
1032600,292700,"Parnassia palustris L.",NA,"Celastraceae",NA,8,1952,2025,NA,"Least concern",NA
1032640,293100,"Parthenocissus inserta (A. Kern.) Fritsch",NA,"Vitaceae",NA,2,2025,2025,NA,"",NA
1032645,293230,"Parthenocissus quinquefolia aggr.",NA,"Vitaceae",NA,2,2025,2025,NA,"",NA
1032800,294200,"Pedicularis foliosa L.",NA,"Orobanchaceae",NA,4,1982,2025,NA,"Least concern",NA
1032850,294700,"Pedicularis recutita L.",NA,"Orobanchaceae",NA,5,1982,2024,NA,"Least concern",NA
1032940,295500,"Pedicularis verticillata L.",NA,"Orobanchaceae",NA,6,1951,2025,NA,"Least concern",NA
1033000,295700,"Petasites albus (L.) Gaertn.",NA,"Asteraceae",NA,4,1982,2025,NA,"Least concern",NA
1033020,296000,"Petasites paradoxus (Retz.) Baumg.",NA,"Asteraceae",NA,4,1982,2025,NA,"Least concern",NA
1033060,296300,"Petrorhagia saxifraga (L.) Link",NA,"Caryophyllaceae",NA,2,1966,2018,NA,"Least concern",NA
1033130,296900,"Peucedanum cervaria (L.) Lapeyr.",NA,"Apiaceae",NA,0,1982,1982,NA,"Near threatened",NA
1033160,297200,"Peucedanum ostruthium (L.) W. D. J. Koch",NA,"Apiaceae",NA,2,1982,2025,NA,"Least concern",NA
1033200,297700,"Peucedanum verticillare (L.) Mert. & W. D. J. Koch",NA,"Apiaceae",NA,6,1982,2024,NA,"Near threatened",NA
1033230,297900,"Phalaris arundinacea L.",NA,"Poaceae",NA,2,1982,2024,NA,"Least concern",NA
1033260,298100,"Phalaris canariensis L.",NA,"Poaceae",NA,0,1982,1982,NA,"",NA
1033290,298400,"Phegopteris connectilis (Michx.) Watt",NA,"Thelypteridaceae",NA,1,1966,2020,NA,"Least concern",NA
1033330,298900,"Phleum alpinum aggr.",NA,"Poaceae",NA,18,1951,2025,NA,"Least concern",NA
1033360,299300,"Phleum bertolonii DC.",NA,"Poaceae",NA,0,1982,1982,NA,"Least concern",NA
1033390,299900,"Phleum phleoides (L.) H. Karst.",NA,"Poaceae",NA,1,1982,2002,NA,"Least concern",NA
1033410,300000,"Phleum pratense L.",NA,"Poaceae",NA,6,1967,1982,NA,"Least concern",NA
1033400,300005,"Phleum pratense aggr.",NA,"Poaceae",NA,8,1967,2024,NA,"Least concern",NA
1033420,300200,"Phleum rhaeticum (Humphries) Rauschert",NA,"Poaceae",NA,3,1982,2025,NA,"Least concern",NA
1033450,300300,"Phragmites australis (Cav.) Steud.",NA,"Poaceae",NA,3,1982,2025,NA,"Least concern",NA
1033510,300600,"Physalis alkekengi L.",NA,"Solanaceae",NA,1,1982,2024,NA,"",NA
1033570,300800,"Phyteuma betonicifolium Vill.",NA,"Campanulaceae",NA,5,1982,2025,NA,"Least concern",NA
1033630,301400,"Phyteuma hemisphaericum L.",NA,"Campanulaceae",NA,2,1951,1982,NA,"Least concern",NA
1033670,301800,"Phyteuma orbiculare L.",NA,"Campanulaceae",NA,16,1982,2025,NA,"Least concern",NA
1033680,301900,"Phyteuma ovatum Honck.",NA,"Campanulaceae",NA,5,1982,2025,NA,"Least concern",NA
1033800,302800,"Picea abies (L.) H. Karst.",NA,"Pinaceae",NA,21,1982,2025,NA,"Least concern",NA
1033830,303100,"Picris hieracioides L.",NA,"Asteraceae",NA,3,1982,2025,NA,"Least concern",NA
1033835,303130,"Picris hieracioides L. subsp. hieracioides",NA,"Asteraceae",NA,1,2025,2025,NA,"",NA
1033920,303800,"Pimpinella major (L.) Huds.",NA,"Apiaceae",NA,16,1967,2025,NA,"Least concern",NA
1033970,304000,"Pimpinella saxifraga L.",NA,"Apiaceae",NA,11,2002,2025,NA,"Least concern",NA
1033950,304100,"Pimpinella saxifraga aggr.",NA,"Apiaceae",NA,19,1974,2025,NA,"Least concern",NA
1033980,304300,"Pinguicula alpina L.",NA,"Lentibulariaceae",NA,3,1982,2021,NA,"Least concern",NA
1034050,304800,"Pinguicula vulgaris L.",NA,"Lentibulariaceae",NA,8,1982,2025,NA,"Near threatened",NA
1034051,304810,"Pinguicula vulgaris L. var. vulgaris",NA,"Lentibulariaceae",NA,1,2025,2025,NA,"",NA
1034060,304900,"Pinus cembra L.",NA,"Pinaceae",NA,2,1982,2024,NA,"Least concern",NA
1034080,305495,"Pinus mugo Turra",NA,"Pinaceae",NA,3,1982,2025,NA,"Least concern",NA
1034090,305500,"Pinus mugo Turra subsp. mugo",NA,"Pinaceae",NA,1,1982,2024,NA,"Least concern",NA
1034130,306100,"Pinus sylvestris L.",NA,"Pinaceae",NA,3,1982,2025,NA,"Least concern",NA
1034180,306595,"Pisum sativum L.",NA,"Fabaceae",NA,11,1930,1930,NA,"",NA
1034210,306800,"Pisum sativum subsp. arvense (L.) Asch. & Graebn.",NA,"Fabaceae",NA,11,1930,1930,NA,"",NA
1034250,307000,"Plantago alpina L.",NA,"Plantaginaceae",NA,21,1951,2025,NA,"Least concern",NA
1034260,307100,"Plantago arenaria Waldst. & Kit.",NA,"Plantaginaceae",NA,0,1966,1966,NA,"Endangered",NA
1034280,307250,"Plantago atrata Hoppe",NA,"Plantaginaceae",NA,17,1951,2022,NA,"Least concern",NA
1034290,307300,"Plantago atrata Hoppe subsp. atrata",NA,"Plantaginaceae",NA,3,1982,2012,NA,"",NA
1034330,307800,"Plantago lanceolata L.",NA,"Plantaginaceae",NA,45,1958,2025,NA,"Least concern",NA
1034350,307850,"Plantago major L.",NA,"Plantaginaceae",NA,9,1967,2025,NA,"Least concern",NA
1034360,307900,"Plantago major L. subsp. major",NA,"Plantaginaceae",NA,1,1982,2025,NA,"Least concern",NA
1034390,308100,"Plantago media L.",NA,"Plantaginaceae",NA,38,1967,2025,NA,"Least concern",NA
1034405,308350,"Plantago serpentina aggr.",NA,"Plantaginaceae",NA,24,1951,2025,NA,"",NA
1034420,308400,"Platanthera bifolia (L.) Rich.",NA,"Orchidaceae",NA,35,1982,2025,NA,"Least concern",NA
1034425,NA,"Platanthera bifolia × chlorantha",NA,"Orchidaceae",NA,1,2000,2000,NA,"",NA
1034430,308500,"Platanthera chlorantha (Custer) Rchb.",NA,"Orchidaceae",NA,4,1990,2023,NA,"Least concern",NA
1034470,309000,"Poa alpina L.",NA,"Poaceae",NA,20,1951,2025,NA,"Least concern",NA
1034480,309100,"Poa angustifolia L.",NA,"Poaceae",NA,2,2002,2002,NA,"Least concern",NA
1034490,309200,"Poa annua L.",NA,"Poaceae",NA,6,1967,2025,NA,"Least concern",NA
1034530,309600,"Poa cenisia All.",NA,"Poaceae",NA,0,1982,1982,NA,"Least concern",NA
1034550,309800,"Poa compressa L.",NA,"Poaceae",NA,2,1982,2025,NA,"Least concern",NA
1034600,310300,"Poa minor Gaudin",NA,"Poaceae",NA,0,1984,1984,NA,"Least concern",NA
1034620,310500,"Poa nemoralis L.",NA,"Poaceae",NA,1,1982,2025,NA,"Least concern",NA
1034660,310800,"Poa pratensis L.",NA,"Poaceae",NA,8,1930,2025,NA,"Least concern",NA
1034650,310900,"Poa pratensis aggr.",NA,"Poaceae",NA,10,1930,2025,NA,"Least concern",NA
1034680,311100,"Poa supina Schrad.",NA,"Poaceae",NA,2,1982,2024,NA,"Least concern",NA
1034690,311295,"Poa trivialis L.",NA,"Poaceae",NA,14,1930,2025,NA,"Least concern",NA
1034700,311300,"Poa trivialis L. subsp. trivialis",NA,"Poaceae",NA,2,1982,2025,NA,"Least concern",NA
1034770,312300,"Polygala alpestris Rchb.",NA,"Polygalaceae",NA,11,1955,2025,NA,"Least concern",NA
1034785,312490,"Polygala amara aggr.",NA,"Polygalaceae",NA,4,1982,2025,NA,"",NA
1034800,312500,"Polygala amarella Crantz",NA,"Polygalaceae",NA,4,1982,2025,NA,"Least concern",NA
1034830,312700,"Polygala chamaebuxus L.",NA,"Polygalaceae",NA,13,1982,2025,NA,"Least concern",NA
1034840,312800,"Polygala comosa Schkuhr",NA,"Polygalaceae",NA,2,1982,2025,NA,"Near threatened",NA
1034890,313195,"Polygala vulgaris L.",NA,"Polygalaceae",NA,7,1982,2025,NA,"Least concern",NA
1034900,313200,"Polygala vulgaris L. subsp. vulgaris",NA,"Polygalaceae",NA,3,1982,2025,NA,"Least concern",NA
1034930,313500,"Polygonatum odoratum (Mill.) Druce",NA,"Asparagaceae",NA,5,1982,2023,NA,"Least concern",NA
1034940,313700,"Polygonatum verticillatum (L.) All.",NA,"Asparagaceae",NA,4,1982,2025,NA,"Least concern",NA
1034990,314190,"Polygonum aviculare L.",NA,"Polygonaceae",NA,18,1930,2025,NA,"Least concern",NA
1034980,314300,"Polygonum aviculare aggr.",NA,"Polygonaceae",NA,19,1930,2025,NA,"Least concern",NA
1035050,314950,"Polygonum lapathifolium L.",NA,"Polygonaceae",NA,1,2012,2012,NA,"Least concern",NA
1035100,315400,"Polygonum mite Schrank",NA,"Polygonaceae",NA,4,1930,1930,NA,"Least concern",NA
1035140,315600,"Polygonum persicaria L.",NA,"Polygonaceae",NA,20,1930,1966,NA,"Least concern",NA
1035170,315800,"Polygonum viviparum L.",NA,"Polygonaceae",NA,21,1951,2025,NA,"Least concern",NA
1035240,316500,"Polystichum aculeatum (L.) Roth",NA,"Dryopteridaceae",NA,2,1982,2025,NA,"Least concern",NA
1035260,316800,"Polystichum lonchitis (L.) Roth",NA,"Dryopteridaceae",NA,5,1982,2025,NA,"Least concern",NA
1035310,317100,"Populus alba L.",NA,"Salicaceae",NA,0,1982,1982,NA,"Least concern",NA
1035360,317500,"Populus tremula L.",NA,"Salicaceae",NA,7,1982,2025,NA,"Least concern",NA
1035490,318500,"Potamogeton crispus L.",NA,"Potamogetonaceae",NA,0,1966,1966,NA,"Least concern",NA
1035520,318900,"Potamogeton gramineus L.",NA,"Potamogetonaceae",NA,0,1966,1966,NA,"Vulnerable",NA
1035700,320900,"Potentilla anserina L.",NA,"Rosaceae",NA,3,1930,2020,NA,"Least concern",NA
1035720,321300,"Potentilla aurea L.",NA,"Rosaceae",NA,16,1951,2024,NA,"Least concern",NA
1035730,321400,"Potentilla brauneana Hoppe",NA,"Rosaceae",NA,0,1966,1966,NA,"Least concern",NA
1035740,321600,"Potentilla caulescens L.",NA,"Rosaceae",NA,0,1982,1982,NA,"Least concern",NA
1035790,322100,"Potentilla crantzii (Crantz) Fritsch",NA,"Rosaceae",NA,4,1982,2025,NA,"Least concern",NA
1035810,322400,"Potentilla erecta (L.) Raeusch.",NA,"Rosaceae",NA,34,1952,2025,NA,"Least concern",NA
1035850,322700,"Potentilla grandiflora L.",NA,"Rosaceae",NA,3,1982,2024,NA,"Least concern",NA
1035900,323000,"Potentilla intermedia L.",NA,"Rosaceae",NA,0,1966,1966,NA,"",NA
1035980,323700,"Potentilla norvegica L.",NA,"Rosaceae",NA,0,1966,1966,NA,"",NA
1036020,324300,"Potentilla pusilla Host",NA,"Rosaceae",NA,15,1982,2025,NA,"Least concern",NA
1036040,324500,"Potentilla reptans L.",NA,"Rosaceae",NA,15,1930,2025,NA,"Least concern",NA
1036090,325100,"Potentilla verna L.",NA,"Rosaceae",NA,8,2012,2025,NA,"Least concern",NA
1036120,325200,"Prenanthes purpurea L.",NA,"Asteraceae",NA,2,1982,2025,NA,"Least concern",NA
1036200,325950,"Primula elatior (L.) L.",NA,"Primulaceae",NA,2,1982,2025,NA,"Least concern",NA
1036210,326000,"Primula elatior (L.) L. subsp. elatior",NA,"Primulaceae",NA,1,1982,2025,NA,"",NA
1036230,326200,"Primula farinosa L.",NA,"Primulaceae",NA,14,1956,2025,NA,"Least concern",NA
1036290,326700,"Primula integrifolia L.",NA,"Primulaceae",NA,6,1951,2024,NA,"Least concern",NA
1036330,327195,"Primula veris L.",NA,"Primulaceae",NA,10,1974,2025,NA,"Least concern",NA
1036340,327200,"Primula veris L. subsp. veris",NA,"Primulaceae",NA,1,1982,2025,NA,"Least concern",NA
1036430,327650,"Pritzelago alpina (L.) Kuntze",NA,"Brassicaceae",NA,3,1982,2024,NA,"Least concern",NA
1036440,327700,"Pritzelago alpina (L.) Kuntze subsp. alpina",NA,"Brassicaceae",NA,1,1982,2020,NA,"Least concern",NA
1036450,327800,"Pritzelago alpina subsp. brevicaulis (Spreng.) Greuter & Burdet",NA,"Brassicaceae",NA,0,1982,1982,NA,"Least concern",NA
1036460,327900,"Prunella grandiflora (L.) Scholler",NA,"Lamiaceae",NA,14,1982,2025,NA,"Least concern",NA
1036480,328100,"Prunella vulgaris L.",NA,"Lamiaceae",NA,38,1930,2025,NA,"Least concern",NA
1036500,328400,"Prunus avium L.",NA,"Rosaceae",NA,7,1982,2025,NA,"Least concern",NA
1036510,328500,"Prunus cerasifera Ehrh.",NA,"Rosaceae",NA,1,2025,2025,NA,"",NA
1036550,329040,"Prunus domestica L.",NA,"Rosaceae",NA,0,1966,1966,NA,"",NA
1036580,329100,"Prunus domestica subsp. insititia (L.) Bonnier & Layens",NA,"Rosaceae",NA,0,1966,1966,NA,"",NA
1036620,329600,"Prunus padus L.",NA,"Rosaceae",NA,4,1982,2025,NA,"Least concern",NA
1036630,329700,"Prunus padus L. subsp. padus",NA,"Rosaceae",NA,2,2025,2025,NA,"Least concern",NA
1036670,330300,"Prunus spinosa L.",NA,"Rosaceae",NA,2,1982,2025,NA,"Least concern",NA
1036710,330400,"Pseudorchis albida (L.) Á. Löve & D. Löve",NA,"Orchidaceae",NA,4,1982,2017,NA,"Least concern",NA
1036760,330800,"Pteridium aquilinum (L.) Kuhn",NA,"Dennstaedtiaceae",NA,15,1967,2025,NA,"Least concern",NA
1036840,331200,"Pulicaria dysenterica (L.) Bernh.",NA,"Asteraceae",NA,1,1932,1932,NA,"Near threatened",NA
1036980,333195,"Pulsatilla alpina (L.) Delarbre",NA,"Ranunculaceae",NA,4,2024,2025,NA,"Least concern",NA
1037090,334100,"Pulsatilla vernalis (L.) Mill.",NA,"Ranunculaceae",NA,5,1982,2025,NA,"Least concern",NA
1037160,334500,"Pyrola media Sw.",NA,"Ericaceae",NA,0,1966,1966,NA,"Least concern",NA
1037170,334600,"Pyrola minor L.",NA,"Ericaceae",NA,3,2017,2025,NA,"Least concern",NA
1037220,335400,"Pyrus pyraster aggr.",NA,"Rosaceae",NA,0,1982,1982,NA,"",NA
1037310,335900,"Quercus petraea Liebl.",NA,"Fagaceae",NA,2,1982,2024,NA,"Least concern",NA
1037360,336500,"Ranunculus aconitifolius L.",NA,"Ranunculaceae",NA,3,1982,2025,NA,"Least concern",NA
1037370,336595,"Ranunculus acris L.",NA,"Ranunculaceae",NA,25,1930,2025,NA,"Least concern",NA
1037380,336600,"Ranunculus acris L. subsp. acris",NA,"Ranunculaceae",NA,6,1930,1982,NA,"Least concern",NA
1037390,336700,"Ranunculus acris subsp. friesianus (Jord.) Syme",NA,"Ranunculaceae",NA,6,1974,2025,NA,"Least concern",NA
1037410,336800,"Ranunculus alpestris L.",NA,"Ranunculaceae",NA,4,1982,2024,NA,"Least concern",NA
1037500,337600,"Ranunculus breyninus Crantz",NA,"Ranunculaceae",NA,0,1982,1982,NA,"Least concern",NA
1037510,337700,"Ranunculus bulbosus L.",NA,"Ranunculaceae",NA,33,1958,2025,NA,"Least concern",NA
1037515,337750,"Ranunculus bulbosus L. subsp. bulbosus",NA,"Ranunculaceae",NA,4,2025,2025,NA,"",NA
1037610,338700,"Ranunculus glacialis L.",NA,"Ranunculaceae",NA,1,1966,2024,NA,"Least concern",NA
1037670,339300,"Ranunculus lanuginosus L.",NA,"Ranunculaceae",NA,3,1982,2025,NA,"Least concern",NA
1037710,339500,"Ranunculus montanus Willd.",NA,"Ranunculaceae",NA,16,1951,2025,NA,"Least concern",NA
1037700,339505,"Ranunculus montanus aggr.",NA,"Ranunculaceae",NA,25,1951,2025,NA,"Least concern",NA
1037810,340500,"Ranunculus polyanthemophyllus W. Koch & H. E. Hess",NA,"Ranunculaceae",NA,0,1982,1982,NA,"Near threatened",NA
1037840,340900,"Ranunculus repens L.",NA,"Ranunculaceae",NA,5,1930,2024,NA,"Least concern",NA
1037910,341700,"Ranunculus serpens Schrank",NA,"Ranunculaceae",NA,0,1982,1982,NA,"Least concern",NA
1037970,342200,"Ranunculus tuberosus Lapeyr.",NA,"Ranunculaceae",NA,10,1982,2025,NA,"Least concern",NA
1037965,342210,"Ranunculus tuberosus aggr.",NA,"Ranunculaceae",NA,18,1952,2025,NA,"Least concern",NA
1038000,342400,"Ranunculus villarsii DC.",NA,"Ranunculaceae",NA,1,1982,2018,NA,"Least concern",NA
1038050,342600,"Raphanus sativus L.",NA,"Brassicaceae",NA,0,1966,1966,NA,"",NA
1038080,342800,"Rapistrum rugosum (L.) All.",NA,"Brassicaceae",NA,0,1966,1966,NA,"",NA
1038110,342900,"Reseda lutea L.",NA,"Resedaceae",NA,2,2024,2025,NA,"Least concern",NA
1038120,343000,"Reseda luteola L.",NA,"Resedaceae",NA,0,1966,1966,NA,"Vulnerable",NA
1038140,343200,"Reynoutria japonica Houtt.",NA,"Polygonaceae",NA,1,2018,2018,NA,"",NA
1038135,343220,"Reynoutria japonica aggr.",NA,"Polygonaceae",NA,16,2012,2021,NA,"",NA
1038190,343500,"Rhamnus cathartica L.",NA,"Rhamnaceae",NA,0,1966,1966,NA,"Least concern",NA
1038200,343600,"Rhamnus pumila Turra",NA,"Rhamnaceae",NA,0,1982,1982,NA,"Least concern",NA
1038230,344100,"Rhinanthus alectorolophus (Scop.) Pollich",NA,"Orobanchaceae",NA,25,1958,2025,NA,"Least concern",NA
1038280,344700,"Rhinanthus glacialis Personnat",NA,"Orobanchaceae",NA,3,1982,2025,NA,"Least concern",NA
1038330,345300,"Rhododendron ferrugineum L.",NA,"Ericaceae",NA,12,1951,2025,NA,"Least concern",NA
1038390,345600,"Rhus typhina L.",NA,"Anacardiaceae",NA,1,2023,2023,NA,"",NA
1038500,346500,"Robinia pseudoacacia L.",NA,"Fabaceae",NA,38,1982,2025,NA,"",NA
1038580,347200,"Rorippa sylvestris (L.) Besser",NA,"Brassicaceae",NA,0,1982,1982,NA,"Least concern",NA
1038600,347400,"Rosa abietina Christ",NA,"Rosaceae",NA,0,1982,1982,NA,"Near threatened",NA
1038610,347500,"Rosa agrestis Savi",NA,"Rosaceae",NA,0,1966,1966,NA,"Near threatened",NA
1038645,347850,"Rosa canina aggr.",NA,"Rosaceae",NA,1,1982,2025,NA,"Least concern",NA
1038670,348300,"Rosa corymbifera Borkh.",NA,"Rosaceae",NA,1,1982,2024,NA,"Least concern",NA
1038665,348310,"Rosa corymbifera aggr.",NA,"Rosaceae",NA,3,1966,2025,NA,"",NA
1038690,348500,"Rosa elliptica Tausch",NA,"Rosaceae",NA,0,1966,1966,NA,"Vulnerable",NA
1038780,349000,"Rosa micrantha Sm.",NA,"Rosaceae",NA,1,1966,2024,NA,"Near threatened",NA
1038830,349500,"Rosa pendulina L.",NA,"Rosaceae",NA,6,1982,2025,NA,"Least concern",NA
1038870,349950,"Rosa rubiginosa aggr.",NA,"Rosaceae",NA,1,1966,2024,NA,"Near threatened",NA
1038960,350550,"Rosa tomentella Léman",NA,"Rosaceae",NA,0,1966,1966,NA,"Vulnerable",NA
1039160,351950,"Rubus armeniacus Focke",NA,"Rosaceae",NA,1,2024,2024,NA,"",NA
1039200,352200,"Rubus caesius L.",NA,"Rosaceae",NA,2,1982,2025,NA,"Least concern",NA
1039325,353120,"Rubus fruticosus aggr.",NA,"Rosaceae",NA,1,2024,2024,NA,"Least concern",NA
1039550,354400,"Rubus idaeus L.",NA,"Rosaceae",NA,4,1982,2025,NA,"Least concern",NA
1039950,357400,"Rubus saxatilis L.",NA,"Rosaceae",NA,8,1982,2025,NA,"Least concern",NA
1040140,358900,"Rumex acetosa L.",NA,"Polygonaceae",NA,12,1958,2025,NA,"Least concern",NA
1040160,359000,"Rumex acetosella L.",NA,"Polygonaceae",NA,0,1966,1966,NA,"Least concern",NA
1040200,359400,"Rumex alpinus L.",NA,"Polygonaceae",NA,1,1982,2025,NA,"Least concern",NA
1040220,359800,"Rumex conglomeratus Murray",NA,"Polygonaceae",NA,0,1982,1982,NA,"Least concern",NA
1040230,359900,"Rumex crispus L.",NA,"Polygonaceae",NA,1,1982,2024,NA,"Least concern",NA
1040290,360400,"Rumex obtusifolius L.",NA,"Polygonaceae",NA,8,1930,2025,NA,"Least concern",NA
1040360,360900,"Rumex scutatus L.",NA,"Polygonaceae",NA,0,1966,1966,NA,"Least concern",NA
1040380,361100,"Rumex thyrsiflorus Fingerh.",NA,"Polygonaceae",NA,0,1982,1982,NA,"Near threatened",NA
1040470,362200,"Sagina procumbens L.",NA,"Caryophyllaceae",NA,2,1982,2025,NA,"Least concern",NA
1040480,362300,"Sagina saginoides (L.) H. Karst.",NA,"Caryophyllaceae",NA,11,1951,2022,NA,"Least concern",NA
1040590,363100,"Salix appendiculata Vill.",NA,"Salicaceae",NA,5,1982,2025,NA,"Least concern",NA
1040650,363500,"Salix breviserrata Flod.",NA,"Salicaceae",NA,0,1982,1982,NA,"Least concern",NA
1040670,363700,"Salix caprea L.",NA,"Salicaceae",NA,4,1982,2025,NA,"Least concern",NA
1040690,363900,"Salix daphnoides Vill.",NA,"Salicaceae",NA,0,1982,1982,NA,"Least concern",NA
1040710,364000,"Salix elaeagnos Scop.",NA,"Salicaceae",NA,3,1982,2025,NA,"Least concern",NA
1040810,364800,"Salix herbacea L.",NA,"Salicaceae",NA,1,1951,1951,NA,"Least concern",NA
1040860,365000,"Salix myrsinifolia Salisb.",NA,"Salicaceae",NA,4,1982,2025,NA,"Least concern",NA
1040900,365500,"Salix pentandra L.",NA,"Salicaceae",NA,0,1966,1966,NA,"Near threatened",NA
1040920,365800,"Salix purpurea L.",NA,"Salicaceae",NA,2,1982,2025,NA,"Least concern",NA
1040980,366100,"Salix reticulata L.",NA,"Salicaceae",NA,2,1982,2024,NA,"Least concern",NA
1040990,366200,"Salix retusa L.",NA,"Salicaceae",NA,2,1982,2025,NA,"Least concern",NA
1041170,367300,"Salvia glutinosa L.",NA,"Lamiaceae",NA,1,1982,2023,NA,"Least concern",NA
1041200,367600,"Salvia pratensis L.",NA,"Lamiaceae",NA,18,1958,2025,NA,"Least concern",NA
1041205,367650,"Salvia pratensis L. subsp. pratensis",NA,"Lamiaceae",NA,2,2025,2025,NA,"",NA
1041270,368200,"Sambucus ebulus L.",NA,"Adoxaceae",NA,1,1982,2018,NA,"Least concern",NA
1041280,368300,"Sambucus nigra L.",NA,"Adoxaceae",NA,4,1982,2025,NA,"Least concern",NA
1041300,368400,"Sambucus racemosa L.",NA,"Adoxaceae",NA,3,1982,2025,NA,"Least concern",NA
1041340,368650,"Sanguisorba minor Scop.",NA,"Rosaceae",NA,24,1974,2025,NA,"Least concern",NA
1041350,368700,"Sanguisorba minor Scop. subsp. minor",NA,"Rosaceae",NA,9,1982,2002,NA,"Least concern",NA
1041380,369100,"Sanicula europaea L.",NA,"Apiaceae",NA,5,1982,2025,NA,"Least concern",NA
1041410,369400,"Saponaria ocymoides L.",NA,"Caryophyllaceae",NA,4,1982,2025,NA,"Least concern",NA
1041420,369500,"Saponaria officinalis L.",NA,"Caryophyllaceae",NA,0,1982,1982,NA,"Least concern",NA
1041510,371050,"Saussurea alpina (L.) DC.",NA,"Asteraceae",NA,6,1982,2025,NA,"Least concern",NA
1041520,371100,"Saussurea alpina (L.) DC. subsp. alpina",NA,"Asteraceae",NA,1,1982,2023,NA,"Least concern",NA
1041540,371400,"Saussurea discolor (Willd.) DC.",NA,"Asteraceae",NA,0,1982,1982,NA,"Least concern",NA
1041560,371600,"Saxifraga aizoides L.",NA,"Saxifragaceae",NA,10,1982,2025,NA,"Least concern",NA
1041570,371800,"Saxifraga androsacea L.",NA,"Saxifragaceae",NA,1,2018,2018,NA,"Least concern",NA
1041630,372300,"Saxifraga bryoides L.",NA,"Saxifragaceae",NA,2,2018,2025,NA,"Least concern",NA
1041730,373050,"Saxifraga exarata Vill.",NA,"Saxifragaceae",NA,0,1966,1966,NA,"Least concern",NA
1041890,374600,"Saxifraga paniculata Mill.",NA,"Saxifragaceae",NA,8,1982,2025,NA,"Least concern",NA
1041980,375400,"Saxifraga rotundifolia L.",NA,"Saxifragaceae",NA,4,1982,2024,NA,"Least concern",NA
1042010,375800,"Saxifraga stellaris L.",NA,"Saxifragaceae",NA,2,1982,2020,NA,"Least concern",NA
1042090,376500,"Scabiosa columbaria L.",NA,"Caprifoliaceae",NA,10,1967,2025,NA,"Least concern",NA
1042100,376600,"Scabiosa columbaria L. subsp. columbaria",NA,"Caprifoliaceae",NA,2,2025,2025,NA,"Least concern",NA
1042120,377100,"Scabiosa lucida Vill.",NA,"Caprifoliaceae",NA,8,1982,2024,NA,"Least concern",NA
1042125,377150,"Scabiosa lucida Vill. subsp. lucida",NA,"Caprifoliaceae",NA,1,2024,2024,NA,"",NA
1042190,377900,"Scandix pecten-veneris L.",NA,"Apiaceae",NA,0,1966,1966,NA,"Endangered",NA
1042300,379000,"Schoenus ferrugineus L.",NA,"Cyperaceae",NA,2,1982,2013,NA,"Near threatened",NA
1042310,379100,"Schoenus nigricans L.",NA,"Cyperaceae",NA,1,1982,2023,NA,"Near threatened",NA
1042430,379795,"Scleranthus annuus L.",NA,"Caryophyllaceae",NA,0,1966,1966,NA,"Near threatened",NA
1042450,379900,"Scleranthus annuus subsp. polycarpos (L.) Bonnier & Layens",NA,"Caryophyllaceae",NA,0,1966,1966,NA,"Near threatened",NA
1042620,382100,"Scrophularia nodosa L.",NA,"Scrophulariaceae",NA,1,1982,2024,NA,"Least concern",NA
1042730,383100,"Sedum acre L.",NA,"Crassulaceae",NA,1,1982,2025,NA,"Least concern",NA
1042750,383200,"Sedum album L.",NA,"Crassulaceae",NA,4,1982,2025,NA,"Least concern",NA
1042800,383700,"Sedum atratum L.",NA,"Crassulaceae",NA,1,1982,2020,NA,"Least concern",NA
1042870,384300,"Sedum hispanicum L.",NA,"Crassulaceae",NA,1,2025,2025,NA,"Least concern",NA
1042880,384350,"Sedum hybridum L.",NA,"Crassulaceae",NA,1,2025,2025,NA,"",NA
1042970,385200,"Sedum rupestre L.",NA,"Crassulaceae",NA,0,1982,1982,NA,"Least concern",NA
1042960,385210,"Sedum rupestre aggr.",NA,"Crassulaceae",NA,0,1982,1982,NA,"Least concern",NA
1043000,385500,"Sedum sexangulare L.",NA,"Crassulaceae",NA,8,1930,2025,NA,"Least concern",NA
1043020,385600,"Sedum spurium M. Bieb.",NA,"Crassulaceae",NA,1,2025,2025,NA,"",NA
1043040,385695,"Sedum telephium L.",NA,"Crassulaceae",NA,0,1966,1966,NA,"Least concern",NA
1043050,385700,"Sedum telephium L. subsp. telephium",NA,"Crassulaceae",NA,0,1966,1966,NA,"Least concern",NA
1043090,386200,"Selaginella helvetica (L.) Link",NA,"Selaginellaceae",NA,0,1982,1982,NA,"Least concern",NA
1043100,386300,"Selaginella selaginoides (L.) Schrank & Mart.",NA,"Selaginellaceae",NA,14,1951,2022,NA,"Least concern",NA
1043160,387000,"Sempervivum montanum L.",NA,"Crassulaceae",NA,1,1982,2025,NA,"Least concern",NA
1043170,387100,"Sempervivum tectorum L.",NA,"Crassulaceae",NA,1,2025,2025,NA,"Least concern",NA
1043230,387500,"Senecio abrotanifolius L.",NA,"Asteraceae",NA,1,1909,1909,NA,"Least concern",NA
1043250,387600,"Senecio alpinus (L.) Scop.",NA,"Asteraceae",NA,2,1982,2025,NA,"Least concern",NA
1043280,388200,"Senecio doronicum (L.) L.",NA,"Asteraceae",NA,7,1982,2025,NA,"Least concern",NA
1043350,388900,"Senecio hercynicus Herborg",NA,"Asteraceae",NA,5,1982,2020,NA,"Least concern",NA
1043360,389000,"Senecio inaequidens DC.",NA,"Asteraceae",NA,1,2021,2021,NA,"",NA
1043430,389800,"Senecio ovatus (G. Gaertn. & al.) Willd.",NA,"Asteraceae",NA,1,1982,2025,NA,"Least concern",NA
1043425,389870,"Senecio ovatus aggr.",NA,"Asteraceae",NA,9,1982,2025,NA,"",NA
1043530,390500,"Senecio vulgaris L.",NA,"Asteraceae",NA,2,1930,2025,NA,"Least concern",NA
1043700,392200,"Sesleria caerulea (L.) Ard.",NA,"Poaceae",NA,23,1982,2025,NA,"Least concern",NA
1043760,393100,"Setaria italica (L.) P. Beauv.",NA,"Poaceae",NA,0,1966,1966,NA,"",NA
1043820,393500,"Setaria viridis (L.) P. Beauv.",NA,"Poaceae",NA,3,1930,2024,NA,"Least concern",NA
1043830,393600,"Sherardia arvensis L.",NA,"Rubiaceae",NA,5,1930,1966,NA,"Least concern",NA
1043840,393700,"Sibbaldia procumbens L.",NA,"Rosaceae",NA,0,1966,1966,NA,"Least concern",NA
1043890,394300,"Silene acaulis (L.) Jacq.",NA,"Caryophyllaceae",NA,6,1982,2025,NA,"Least concern",NA
1043940,394900,"Silene dioica (L.) Clairv.",NA,"Caryophyllaceae",NA,8,1958,2025,NA,"Least concern",NA
1043970,395200,"Silene flos-cuculi (L.) Clairv.",NA,"Caryophyllaceae",NA,2,1974,1974,NA,"Least concern",NA
1043990,395400,"Silene gallica L.",NA,"Caryophyllaceae",NA,0,1966,1966,NA,"Critically endangered (Possibly Extinct)",NA
1044010,396000,"Silene noctiflora L.",NA,"Caryophyllaceae",NA,1,1966,2011,NA,"Vulnerable",NA
1044020,396050,"Silene nutans L.",NA,"Caryophyllaceae",NA,8,1982,2025,NA,"Least concern",NA
1044030,396100,"Silene nutans L. subsp. nutans",NA,"Caryophyllaceae",NA,6,1982,2025,NA,"Least concern",NA
1044060,396400,"Silene pratensis (Rafn) Godr.",NA,"Caryophyllaceae",NA,0,1966,1966,NA,"Least concern",NA
1044080,396800,"Silene rupestris L.",NA,"Caryophyllaceae",NA,1,1982,2024,NA,"Least concern",NA
1044140,397295,"Silene vulgaris (Moench) Garcke",NA,"Caryophyllaceae",NA,28,1958,2025,NA,"Least concern",NA
1044150,397300,"Silene vulgaris (Moench) Garcke subsp. vulgaris",NA,"Caryophyllaceae",NA,4,1982,2025,NA,"Least concern",NA
1044160,397400,"Silene vulgaris subsp. glareosa (Jord.) Marsden-Jones & Turrill",NA,"Caryophyllaceae",NA,1,2024,2024,NA,"Least concern",NA
1044200,397800,"Silybum marianum (L.) Gaertn.",NA,"Asteraceae",NA,0,1966,1966,NA,"",NA
1044220,398000,"Sinapis arvensis L.",NA,"Brassicaceae",NA,5,1930,1982,NA,"Least concern",NA
1044260,398200,"Sisymbrium altissimum L.",NA,"Brassicaceae",NA,0,1966,1966,NA,"",NA
1044270,398300,"Sisymbrium austriacum Jacq.",NA,"Brassicaceae",NA,0,1966,1966,NA,"Near threatened",NA
1044350,399200,"Sisyrinchium montanum Greene",NA,"Iridaceae",NA,1,2017,2017,NA,"",NA
1044420,400100,"Solanum nigrum L.",NA,"Solanaceae",NA,0,1982,1982,NA,"Least concern",NA
1044540,400600,"Soldanella alpina L.",NA,"Primulaceae",NA,15,1951,2024,NA,"Least concern",NA
1044560,400800,"Soldanella pusilla Baumg.",NA,"Primulaceae",NA,2,1994,2017,NA,"Least concern",NA
1044580,401000,"Solidago canadensis L.",NA,"Asteraceae",NA,2,2003,2013,NA,"",NA
1044575,401050,"Solidago canadensis aggr.",NA,"Asteraceae",NA,2,2003,2013,NA,"",NA
1044620,401395,"Solidago virgaurea L.",NA,"Asteraceae",NA,12,1982,2025,NA,"Least concern",NA
1044630,401400,"Solidago virgaurea L. subsp. virgaurea",NA,"Asteraceae",NA,1,1982,2024,NA,"Least concern",NA
1044640,401500,"Solidago virgaurea subsp. minuta (L.) Arcang.",NA,"Asteraceae",NA,3,2024,2025,NA,"Least concern",NA
1044650,401595,"Sonchus arvensis L.",NA,"Asteraceae",NA,17,1930,1982,NA,"Least concern",NA
1044660,401600,"Sonchus arvensis L. subsp. arvensis",NA,"Asteraceae",NA,0,1982,1982,NA,"Least concern",NA
1044680,401800,"Sonchus asper Hill",NA,"Asteraceae",NA,15,1930,2025,NA,"Least concern",NA
1044685,401850,"Sonchus asper Hill subsp. asper",NA,"Asteraceae",NA,1,2025,2025,NA,"",NA
1044690,401900,"Sonchus oleraceus L.",NA,"Asteraceae",NA,12,1930,2025,NA,"Least concern",NA
1044730,402200,"Sorbus aria (L.) Crantz",NA,"Rosaceae",NA,6,1982,2025,NA,"Least concern",NA
1044725,402250,"Sorbus aria aggr.",NA,"Rosaceae",NA,6,1982,2025,NA,"",NA
1044740,402300,"Sorbus aucuparia L.",NA,"Rosaceae",NA,8,1982,2025,NA,"Least concern",NA
1044750,402330,"Sorbus aucuparia L. subsp. aucuparia",NA,"Rosaceae",NA,3,2025,2025,NA,"Least concern",NA
1044870,402900,"Sparganium angustifolium Michx.",NA,"Typhaceae",NA,4,1982,2025,NA,"Near threatened",NA
1044950,403800,"Sparganium natans L.",NA,"Typhaceae",NA,0,1966,1966,NA,"Endangered",NA
1045120,405100,"Spiranthes spiralis (L.) Chevall.",NA,"Orchidaceae",NA,9,1982,2008,NA,"Vulnerable",NA
1045180,405400,"Stachys alpina L.",NA,"Lamiaceae",NA,2,1982,2024,NA,"Least concern",NA
1045190,405500,"Stachys annua (L.) L.",NA,"Lamiaceae",NA,2,1920,1966,NA,"Vulnerable",NA
1045260,406400,"Stachys palustris L.",NA,"Lamiaceae",NA,25,1930,1966,NA,"Least concern",NA
1045280,406595,"Stachys recta L.",NA,"Lamiaceae",NA,2,1982,2024,NA,"Least concern",NA
1045290,406600,"Stachys recta L. subsp. recta",NA,"Lamiaceae",NA,1,1982,2024,NA,"Least concern",NA
1045310,406800,"Stachys sylvatica L.",NA,"Lamiaceae",NA,1,1982,2020,NA,"Least concern",NA
1045390,407800,"Stellaria media (L.) Vill.",NA,"Caryophyllaceae",NA,23,1930,2025,NA,"Least concern",NA
1045400,407805,"Stellaria media aggr.",NA,"Caryophyllaceae",NA,23,1930,2025,NA,"Least concern",NA
1045450,408300,"Stellaria pallida (Dumort.) Crép.",NA,"Caryophyllaceae",NA,0,1966,1966,NA,"Least concern",NA
1045470,408600,"Stemmacantha rhapontica (L.) Dittrich",NA,"Asteraceae",NA,6,1982,2024,NA,"Least concern",NA
1045480,408700,"Stemmacantha rhapontica (L.) Dittrich subsp. rhapontica",NA,"Asteraceae",NA,1,2009,2009,NA,"Least concern",NA
1045670,409800,"Streptopus amplexifolius (L.) DC.",NA,"Liliaceae",NA,1,1966,2025,NA,"Least concern",NA
1045860,411100,"Syringa vulgaris L.",NA,"Oleaceae",NA,1,2025,2025,NA,"",NA
1045910,411200,"Tamus communis L.",NA,"Dioscoreaceae",NA,0,1966,1966,NA,"Least concern",NA
1045980,411700,"Tanacetum parthenium (L.) Sch. Bip.",NA,"Asteraceae",NA,0,1982,1982,NA,"",NA
1045990,411800,"Tanacetum vulgare L.",NA,"Asteraceae",NA,1,1966,2025,NA,"Least concern",NA
1046030,412300,"Taraxacum ceratophorum aggr.",NA,"Asteraceae",NA,0,1966,1966,NA,"Endangered",NA
1046070,412900,"Taraxacum laevigatum aggr.",NA,"Asteraceae",NA,0,1982,1982,NA,"Least concern",NA
1046080,413100,"Taraxacum officinale aggr.",NA,"Asteraceae",NA,44,1930,2025,NA,"Least concern",NA
1046110,413400,"Taraxacum palustre aggr.",NA,"Asteraceae",NA,0,1966,1966,NA,"Near threatened",NA
1046270,415000,"Teucrium chamaedrys L.",NA,"Lamiaceae",NA,19,1982,2025,NA,"Least concern",NA
1046300,415100,"Teucrium montanum L.",NA,"Lamiaceae",NA,9,1982,2025,NA,"Least concern",NA
1046340,415500,"Thalictrum aquilegiifolium L.",NA,"Ranunculaceae",NA,1,1982,2023,NA,"Least concern",NA
1046400,416195,"Thalictrum minus L.",NA,"Ranunculaceae",NA,3,1982,2025,NA,"Least concern",NA
1046415,416250,"Thalictrum minus subsp. pratense (F. W. Schultz) Hand",NA,"Ranunculaceae",NA,1,2025,2025,NA,"",NA
1046450,417200,"Thesium alpinum L.",NA,"Santalaceae",NA,12,1982,2024,NA,"Least concern",NA
1046460,417300,"Thesium bavarum Schrank",NA,"Santalaceae",NA,0,1982,1982,NA,"Near threatened",NA
1046500,417700,"Thesium pyrenaicum Pourr.",NA,"Santalaceae",NA,4,1982,2025,NA,"Least concern",NA
1046560,417995,"Thlaspi alpestre aggr.",NA,"Brassicaceae",NA,0,1966,1966,NA,"Near threatened",NA
1046570,418200,"Thlaspi arvense L.",NA,"Brassicaceae",NA,1,1982,2025,NA,"Least concern",NA
1046580,418300,"Thlaspi brachypetalum Jord.",NA,"Brassicaceae",NA,0,1966,1966,NA,"Near threatened",NA
1046610,418800,"Thlaspi perfoliatum L.",NA,"Brassicaceae",NA,4,1982,2025,NA,"Least concern",NA
1046860,420940,"Thymus pulegioides L.",NA,"Lamiaceae",NA,5,1982,2025,NA,"",NA
1046870,420990,"Thymus pulegioides L. subsp. pulegioides",NA,"Lamiaceae",NA,1,2025,2025,NA,"Least concern",NA
1046880,421100,"Thymus pulegioides subsp. carniolicus (Borbás) P. A. Schmidt",NA,"Lamiaceae",NA,0,1982,1982,NA,"Near threatened",NA
1046890,421200,"Thymus serpyllum aggr.",NA,"Lamiaceae",NA,43,1952,2025,NA,"Least concern",NA
1046950,421400,"Tilia cordata Mill.",NA,"Malvaceae",NA,2,1995,1995,NA,"Least concern",NA
1046990,421600,"Tofieldia calyculata (L.) Wahlenb.",NA,"Tofieldiaceae",NA,11,1982,2025,NA,"Least concern",NA
1047050,422100,"Torilis japonica (Houtt.) DC.",NA,"Apiaceae",NA,0,1966,1966,NA,"Least concern",NA
1047090,422400,"Tozzia alpina L.",NA,"Orobanchaceae",NA,0,1966,1966,NA,"Least concern",NA
1047180,422950,"Tragopogon pratensis L.",NA,"Asteraceae",NA,10,1958,2025,NA,"Least concern",NA
1047220,423300,"Tragopogon pratensis subsp. orientalis (L.) Čelak.",NA,"Asteraceae",NA,6,1958,2025,NA,"Least concern",NA
1047250,423600,"Traunsteinera globosa (L.) Rchb.",NA,"Orchidaceae",NA,13,1916,2020,NA,"Least concern",NA
1047280,423800,"Trichophorum alpinum (L.) Pers.",NA,"Cyperaceae",NA,0,1966,1966,NA,"Near threatened",NA
1047290,423900,"Trichophorum cespitosum (L.) Hartm.",NA,"Cyperaceae",NA,3,1982,2024,NA,"Least concern",NA
1047400,424800,"Trifolium aureum Pollich",NA,"Fabaceae",NA,0,1982,1982,NA,"Near threatened",NA
1047410,424900,"Trifolium badium Schreb.",NA,"Fabaceae",NA,19,1951,2025,NA,"Least concern",NA
1047420,425000,"Trifolium campestre Schreb.",NA,"Fabaceae",NA,0,1966,1966,NA,"Least concern",NA
1047430,425100,"Trifolium dubium Sibth.",NA,"Fabaceae",NA,0,1966,1966,NA,"Least concern",NA
1047460,425595,"Trifolium hybridum L.",NA,"Fabaceae",NA,0,1966,1966,NA,"",NA
1047480,425700,"Trifolium hybridum subsp. elegans (Savi) Asch. & Graebn.",NA,"Fabaceae",NA,0,1966,1966,NA,"",NA
1047520,426000,"Trifolium medium L.",NA,"Fabaceae",NA,4,1982,2025,NA,"Least concern",NA
1047540,426300,"Trifolium montanum L.",NA,"Fabaceae",NA,29,1974,2025,NA,"Least concern",NA
1047545,426350,"Trifolium montanum L. subsp. montanum",NA,"Fabaceae",NA,1,2025,2025,NA,"",NA
1047600,426895,"Trifolium pratense L.",NA,"Fabaceae",NA,60,1930,2025,NA,"Least concern",NA
1047610,426900,"Trifolium pratense L. subsp. pratense",NA,"Fabaceae",NA,13,1982,2025,NA,"Least concern",NA
1047620,427000,"Trifolium pratense subsp. nivale (W. D. J. Koch) Ces.",NA,"Fabaceae",NA,1,1982,2020,NA,"Least concern",NA
1047630,427100,"Trifolium repens L.",NA,"Fabaceae",NA,44,1930,2025,NA,"Least concern",NA
1047640,427200,"Trifolium repens L. subsp. repens",NA,"Fabaceae",NA,4,2011,2025,NA,"Least concern",NA
1047670,427500,"Trifolium rubens L.",NA,"Fabaceae",NA,0,1982,1982,NA,"Near threatened",NA
1047760,428100,"Trifolium thalii Vill.",NA,"Fabaceae",NA,9,1951,2024,NA,"Least concern",NA
1047890,429400,"Trisetum flavescens (L.) P. Beauv.",NA,"Poaceae",NA,16,1958,2025,NA,"Least concern",NA
1047900,429430,"Trisetum flavescens (L.) P. Beauv. subsp. flavescens",NA,"Poaceae",NA,1,2025,2025,NA,"",NA
1047910,429460,"Trisetum flavescens subsp. purpurascens (DC.) Arcang.",NA,"Poaceae",NA,3,2025,2025,NA,"",NA
1047920,429500,"Trisetum spicatum (L.) K. Richt.",NA,"Poaceae",NA,1,1917,1917,NA,"Least concern",NA
1048030,430600,"Trollius europaeus L.",NA,"Ranunculaceae",NA,19,1952,2025,NA,"Least concern",NA
1048210,431900,"Turritis glabra L.",NA,"Brassicaceae",NA,0,1982,1982,NA,"Least concern",NA
1048220,432000,"Tussilago farfara L.",NA,"Asteraceae",NA,11,1930,2025,NA,"Least concern",NA
1048310,432800,"Ulmus glabra Huds.",NA,"Ulmaceae",NA,6,1982,2025,NA,"Least concern",NA
1048360,433400,"Urtica dioica L.",NA,"Urticaceae",NA,5,1982,2025,NA,"Least concern",NA
1048370,433500,"Urtica urens L.",NA,"Urticaceae",NA,0,1982,1982,NA,"Vulnerable",NA
1048410,433900,"Utricularia minor L.",NA,"Lentibulariaceae",NA,0,1966,1966,NA,"Vulnerable",NA
1048405,433950,"Utricularia minor aggr.",NA,"Lentibulariaceae",NA,0,1966,1966,NA,"",NA
1048460,434300,"Vaccaria hispanica (Mill.) Rauschert",NA,"Caryophyllaceae",NA,0,1966,1966,NA,"Critically endangered",NA
1048470,434500,"Vaccinium gaultherioides Bigelow",NA,"Ericaceae",NA,1,2018,2018,NA,"Least concern",NA
1048490,434700,"Vaccinium microcarpum (Rupr.) Schmalh.",NA,"Ericaceae",NA,0,1966,1966,NA,"Vulnerable",NA
1048500,434800,"Vaccinium myrtillus L.",NA,"Ericaceae",NA,9,1982,2025,NA,"Least concern",NA
1048520,435100,"Vaccinium uliginosum aggr.",NA,"Ericaceae",NA,3,1951,2025,NA,"Least concern",NA
1048540,435300,"Vaccinium vitis-idaea L.",NA,"Ericaceae",NA,5,1982,2025,NA,"Least concern",NA
1048590,435700,"Valeriana montana L.",NA,"Caprifoliaceae",NA,9,1982,2025,NA,"Least concern",NA
1048690,436700,"Valeriana tripteris L.",NA,"Caprifoliaceae",NA,2,1982,2025,NA,"Least concern",NA
1048750,437300,"Valerianella dentata (L.) Pollich",NA,"Caprifoliaceae",NA,0,1966,1966,NA,"Vulnerable",NA
1048780,437500,"Valerianella locusta (L.) Laterr.",NA,"Caprifoliaceae",NA,4,1982,2025,NA,"Least concern",NA
1048775,437550,"Valerianella locusta aggr.",NA,"Caprifoliaceae",NA,4,1982,2025,NA,"",NA
1048820,437800,"Veratrum album L.",NA,"Melanthiaceae",NA,15,1952,2025,NA,"Least concern",NA
1048930,438800,"Verbascum densiflorum Bertol.",NA,"Scrophulariaceae",NA,0,1982,1982,NA,"Least concern",NA
1048940,439000,"Verbascum lychnitis L.",NA,"Scrophulariaceae",NA,4,1982,2025,NA,"Least concern",NA
1048950,439100,"Verbascum nigrum L.",NA,"Scrophulariaceae",NA,3,1982,2025,NA,"Least concern",NA
1049020,439650,"Verbascum thapsus L.",NA,"Scrophulariaceae",NA,0,1982,1982,NA,"Least concern",NA
1049030,439700,"Verbascum thapsus L. subsp. thapsus",NA,"Scrophulariaceae",NA,0,1982,1982,NA,"Least concern",NA
1049070,440000,"Verbena officinalis L.",NA,"Verbenaceae",NA,5,1982,2025,NA,"Least concern",NA
1049100,440200,"Veronica agrestis L.",NA,"Plantaginaceae",NA,15,1930,1982,NA,"Least concern",NA
1049120,440400,"Veronica alpina L.",NA,"Plantaginaceae",NA,3,1951,1982,NA,"Least concern",NA
1049130,440500,"Veronica anagallis-aquatica L.",NA,"Plantaginaceae",NA,0,1966,1966,NA,"Least concern",NA
1049125,440550,"Veronica anagallis-aquatica aggr.",NA,"Plantaginaceae",NA,0,1966,1966,NA,"",NA
1049150,440700,"Veronica aphylla L.",NA,"Plantaginaceae",NA,7,1951,2020,NA,"Least concern",NA
1049160,440800,"Veronica arvensis L.",NA,"Plantaginaceae",NA,9,1982,2025,NA,"Least concern",NA
1049180,441000,"Veronica beccabunga L.",NA,"Plantaginaceae",NA,3,1982,2025,NA,"Least concern",NA
1049190,441100,"Veronica bellidioides L.",NA,"Plantaginaceae",NA,2,1951,2024,NA,"Least concern",NA
1049210,441400,"Veronica chamaedrys L.",NA,"Plantaginaceae",NA,12,1958,2025,NA,"Least concern",NA
1049220,441430,"Veronica chamaedrys L. subsp. chamaedrys",NA,"Plantaginaceae",NA,1,2025,2025,NA,"",NA
1049260,441600,"Veronica filiformis Sm.",NA,"Plantaginaceae",NA,1,2025,2025,NA,"",NA
1049270,441700,"Veronica fruticans Jacq.",NA,"Plantaginaceae",NA,3,1982,2017,NA,"Least concern",NA
1049280,441800,"Veronica fruticulosa L.",NA,"Plantaginaceae",NA,1,1932,1932,NA,"Least concern",NA
1049290,441900,"Veronica hederifolia L.",NA,"Plantaginaceae",NA,4,1914,2025,NA,"Least concern",NA
1049300,442000,"Veronica hederifolia L. subsp. hederifolia",NA,"Plantaginaceae",NA,2,2025,2025,NA,"Least concern",NA
1049340,442400,"Veronica officinalis L.",NA,"Plantaginaceae",NA,3,1982,2025,NA,"Least concern",NA
1049380,442700,"Veronica persica Poir.",NA,"Plantaginaceae",NA,11,1930,2025,NA,"",NA
1049390,442800,"Veronica polita Fr.",NA,"Plantaginaceae",NA,3,1930,1982,NA,"Least concern",NA
1049460,443395,"Veronica serpyllifolia L.",NA,"Plantaginaceae",NA,7,1982,2025,NA,"Least concern",NA
1049470,443400,"Veronica serpyllifolia L. subsp. serpyllifolia",NA,"Plantaginaceae",NA,3,1982,2025,NA,"Least concern",NA
1049490,443900,"Veronica teucrium L.",NA,"Plantaginaceae",NA,1,1982,2025,NA,"Least concern",NA
1049520,444100,"Veronica urticifolia Jacq.",NA,"Plantaginaceae",NA,4,1982,2025,NA,"Least concern",NA
1049540,444300,"Viburnum lantana L.",NA,"Adoxaceae",NA,3,1982,2025,NA,"Least concern",NA
1049550,444400,"Viburnum opulus L.",NA,"Adoxaceae",NA,1,1982,2025,NA,"Least concern",NA
1049620,444995,"Vicia cracca L.",NA,"Fabaceae",NA,32,1930,2025,NA,"Least concern",NA
1049630,445000,"Vicia cracca L. subsp. cracca",NA,"Fabaceae",NA,2,1982,2025,NA,"Least concern",NA
1049640,445100,"Vicia cracca subsp. incana (Gouan) Rouy",NA,"Fabaceae",NA,1,1982,2025,NA,"Least concern",NA
1049690,445600,"Vicia faba L.",NA,"Fabaceae",NA,0,1966,1966,NA,"",NA
1049710,445800,"Vicia hirsuta (L.) Gray",NA,"Fabaceae",NA,1,1930,1930,NA,"Least concern",NA
1049740,446200,"Vicia lutea L.",NA,"Fabaceae",NA,0,1966,1966,NA,"",NA
1049780,446600,"Vicia pannonica Crantz",NA,"Fabaceae",NA,0,1966,1966,NA,"",NA
1049820,446995,"Vicia sativa L.",NA,"Fabaceae",NA,10,1930,2025,NA,"Least concern",NA
1049830,447000,"Vicia sativa L. subsp. sativa",NA,"Fabaceae",NA,1,1966,2025,NA,"Least concern",NA
1049850,447200,"Vicia sativa subsp. nigra (L.) Ehrh.",NA,"Fabaceae",NA,6,1930,1982,NA,"Least concern",NA
1049860,447400,"Vicia sepium L.",NA,"Fabaceae",NA,9,1930,2025,NA,"Least concern",NA
1049880,447700,"Vicia sylvatica L.",NA,"Fabaceae",NA,2,1982,2025,NA,"Least concern",NA
1049890,448000,"Vicia tetrasperma (L.) Schreb.",NA,"Fabaceae",NA,0,1966,1966,NA,"Near threatened",NA
1049940,448300,"Vinca major L.",NA,"Apocynaceae",NA,1,2025,2025,NA,"",NA
1049950,448400,"Vinca minor L.",NA,"Apocynaceae",NA,0,1982,1982,NA,"Least concern",NA
1049960,448500,"Vincetoxicum hirundinaria Medik.",NA,"Apocynaceae",NA,1,1982,2023,NA,"Least concern",NA
1050000,449000,"Viola arvensis Murray",NA,"Violaceae",NA,18,1930,2012,NA,"Least concern",NA
1050010,449100,"Viola biflora L.",NA,"Violaceae",NA,5,1982,2025,NA,"Least concern",NA
1050020,449200,"Viola calcarata L.",NA,"Violaceae",NA,15,1951,2024,NA,"Least concern",NA
1050060,449250,"Viola canina L.",NA,"Violaceae",NA,3,1982,2020,NA,"Near threatened",NA
1050050,449300,"Viola canina L. subsp. canina",NA,"Violaceae",NA,2,1982,2020,NA,"Vulnerable",NA
1050070,449400,"Viola canina subsp. montana auct.",NA,"Violaceae",NA,1,2018,2018,NA,"Near threatened",NA
1050170,450300,"Viola hirta L.",NA,"Violaceae",NA,9,1982,2024,NA,"Least concern",NA
1050280,451700,"Viola riviniana Rchb.",NA,"Violaceae",NA,2,1966,2024,NA,"Least concern",NA
1050290,451800,"Viola rupestris F. W. Schmidt",NA,"Violaceae",NA,0,1982,1982,NA,"Least concern",NA
1050340,452500,"Viola tricolor L.",NA,"Violaceae",NA,5,1958,2025,NA,"",NA
1050345,452501,"Viola tricolor L. subsp. tricolor",NA,"Violaceae",NA,1,2025,2025,NA,"Least concern",NA
1050330,452510,"Viola tricolor aggr.",NA,"Violaceae",NA,26,1930,2025,NA,"Least concern",NA
1050350,452505,"Viola tricolor subsp. subalpina Gaudin",NA,"Violaceae",NA,1,1958,1958,NA,"Least concern",NA
1050380,452600,"Viscum album L.",NA,"Santalaceae",NA,7,1982,2025,NA,"Least concern",NA
1050410,452900,"Viscum album subsp. austriacum (Wiesb.) Vollm.",NA,"Santalaceae",NA,7,2023,2025,NA,"Least concern",NA
1050530,454200,"Willemetia stipitata (Jacq.) Dalla Torre",NA,"Asteraceae",NA,2,1982,2024,NA,"Near threatened",NA
1050560,454500,"Woodsia alpina (Bolton) Gray",NA,"Woodsiaceae",NA,0,1966,1966,NA,"Least concern",NA
1000000,100,"Abies alba Mill.",NA,"Pinaceae",NA,1,1982,2025,NA,"Least concern",NA
1000010,130,"Abies nordmanniana (Steven) Spach",NA,"Pinaceae",NA,1,2024,2024,NA,"",NA
1000130,800,"Acer pseudoplatanus L.",NA,"Sapindaceae",NA,11,1982,2026,NA,"Least concern",NA
1000330,1700,"Achillea millefolium L.",NA,"Asteraceae",NA,11,1982,2025,NA,"Least concern",NA
1000320,1706,"Achillea millefolium aggr.",NA,"Asteraceae",NA,32,1953,2025,NA,"Least concern",NA
1000450,2700,"Achnatherum calamagrostis (L.) P. Beauv.",NA,"Poaceae",NA,1,1982,2025,NA,"Least concern",NA
1000460,2800,"Acinos alpinus (L.) Moench",NA,"Lamiaceae",NA,10,1953,2024,NA,"Least concern",NA
1000470,2900,"Acinos arvensis (Lam.) Dandy",NA,"Lamiaceae",NA,1,1982,2003,NA,"Least concern",NA
1000543,3510,"Aconitum lycoctonum L.",NA,"Ranunculaceae",NA,4,1982,2025,NA,"Least concern",NA
1000545,3530,"Aconitum lycoctonum subsp. vulparia (Rchb.) Nyman",NA,"Ranunculaceae",NA,1,1982,2025,NA,"Least concern",NA
1000563,3540,"Aconitum napellus L.",NA,"Ranunculaceae",NA,4,1982,2025,NA,"Least concern",NA
1000565,3560,"Aconitum napellus subsp. lusitanicum Rouy",NA,"Ranunculaceae",NA,2,2025,2025,NA,"Least concern",NA
1000567,3580,"Aconitum napellus subsp. vulgare Rouy & Foucaud",NA,"Ranunculaceae",NA,1,2025,2025,NA,"Least concern",NA
1000730,5200,"Actaea spicata L.",NA,"Ranunculaceae",NA,2,1982,2020,NA,"Least concern",NA
1000770,5400,"Adenostyles alliariae (Gouan) A. Kern.",NA,"Asteraceae",NA,5,1982,2024,NA,"Least concern",NA
1000780,5450,"Adenostyles alpina (L.) Bluff & Fingerh.",NA,"Asteraceae",NA,4,1982,2023,NA,"Least concern",NA
1000930,6800,"Aegopodium podagraria L.",NA,"Apiaceae",NA,4,1982,2025,NA,"Least concern",NA
1000990,7200,"Aethusa cynapium L.",NA,"Apiaceae",NA,1,1930,1982,NA,"Least concern",NA
1001010,7400,"Agrimonia eupatoria L.",NA,"Rosaceae",NA,1,1982,2025,NA,"Least concern",NA
1001060,8400,"Agrostis alpina Scop.",NA,"Poaceae",NA,1,2003,2003,NA,"Least concern",NA
1001080,8600,"Agrostis capillaris L.",NA,"Poaceae",NA,63,1950,2025,NA,"Least concern",NA
1001100,8900,"Agrostis rupestris All.",NA,"Poaceae",NA,24,1950,1982,NA,"Least concern",NA
1001120,9100,"Agrostis schraderiana Bech.",NA,"Poaceae",NA,1,1982,2022,NA,"Least concern",NA
1001130,9300,"Agrostis stolonifera L.",NA,"Poaceae",NA,5,1982,2022,NA,"Least concern",NA
1001220,10300,"Ajuga pyramidalis L.",NA,"Lamiaceae",NA,3,1960,2025,NA,"Least concern",NA
1001230,10400,"Ajuga reptans L.",NA,"Lamiaceae",NA,12,1955,2025,NA,"Least concern",NA
1001270,10500,"Alcea rosea L.",NA,"Malvaceae",NA,1,2025,2025,NA,"",NA
1001340,11200,"Alchemilla alpina aggr.",NA,"Rosaceae",NA,4,1953,2023,NA,"Least concern",NA
1001330,11100,"Alchemilla alpina superaggr.",NA,"",NA,4,1953,2023,NA,"",NA
1001420,12000,"Alchemilla conjuncta aggr.",NA,"Rosaceae",NA,9,2003,2024,NA,"Least concern",NA
1001410,12100,"Alchemilla conjuncta superaggr.",NA,"",NA,13,1951,2024,NA,"",NA
1001470,12500,"Alchemilla coriacea aggr.",NA,"Rosaceae",NA,3,2003,2003,NA,"Least concern",NA
1001640,14000,"Alchemilla fissa aggr.",NA,"Rosaceae",NA,8,1950,1982,NA,"Least concern",NA
1001870,15950,"Alchemilla hoppeana (Rchb.) Dalla Torre",NA,"Rosaceae",NA,2,1951,1951,NA,"Least concern",NA
1001890,16000,"Alchemilla hybrida aggr.",NA,"Rosaceae",NA,2,1955,2023,NA,"Least concern",NA
1002030,17300,"Alchemilla monticola Opiz",NA,"Rosaceae",NA,8,1950,1975,NA,"Data deficient",NA
1002150,18500,"Alchemilla plicatula aggr.",NA,"Rosaceae",NA,3,1951,2023,NA,"Least concern",NA
1002440,21100,"Alchemilla vulgaris aggr.",NA,"Rosaceae",NA,61,1950,2025,NA,"Least concern",NA
1002520,22100,"Alliaria petiolata (M. Bieb.) Cavara & Grande",NA,"Brassicaceae",NA,3,1982,2025,NA,"Least concern",NA
1002740,24200,"Allium schoenoprasum L.",NA,"Amaryllidaceae",NA,1,1982,2025,NA,"Least concern",NA
1002790,24800,"Allium ursinum L.",NA,"Amaryllidaceae",NA,1,2024,2024,NA,"Least concern",NA
1002850,25300,"Alnus incana (L.) Moench",NA,"Betulaceae",NA,6,1982,2025,NA,"Least concern",NA
1002920,26000,"Alopecurus pratensis L.",NA,"Poaceae",NA,4,1982,2025,NA,"Least concern",NA
1003290,29300,"Amelanchier ovalis Medik.",NA,"Rosaceae",NA,1,1982,2025,NA,"Least concern",NA
1003540,31800,"Androsace chamaejasme Wulfen",NA,"Primulaceae",NA,1,1982,2018,NA,"Least concern",NA
1003760,33400,"Anemone narcissiflora L.",NA,"Ranunculaceae",NA,8,1982,2025,NA,"Least concern",NA
1003850,34400,"Antennaria dioica (L.) Gaertn.",NA,"Asteraceae",NA,31,1950,2025,NA,"Least concern",NA
1003900,34900,"Anthemis tinctoria L.",NA,"Asteraceae",NA,1,1966,2022,NA,"Least concern",NA
1003920,35100,"Anthericum liliago L.",NA,"Asparagaceae",NA,2,1966,2002,NA,"Least concern",NA
1003930,35200,"Anthericum ramosum L.",NA,"Asparagaceae",NA,6,1982,2025,NA,"Least concern",NA
1003940,35300,"Anthoxanthum alpinum Á. Löve & D. Löve",NA,"Poaceae",NA,1,1982,2025,NA,"Least concern",NA
1003970,35400,"Anthoxanthum odoratum L.",NA,"Poaceae",NA,53,1898,2025,NA,"Least concern",NA
1003960,35500,"Anthoxanthum odoratum aggr.",NA,"Poaceae",NA,81,1898,2025,NA,"Least concern",NA
1004010,35900,"Anthriscus sylvestris (L.) Hoffm.",NA,"Apiaceae",NA,4,1982,2025,NA,"Least concern",NA
1004035,35930,"Anthriscus sylvestris (L.) Hoffm. subsp. sylvestris",NA,"Apiaceae",NA,1,2025,2025,NA,"Least concern",NA
1004070,36790,"Anthyllis vulneraria L.",NA,"Fabaceae",NA,40,1953,2025,NA,"Least concern",NA
1004080,36800,"Anthyllis vulneraria L. subsp. vulneraria",NA,"Fabaceae",NA,2,1982,2025,NA,"",NA
1004090,36900,"Anthyllis vulneraria subsp. alpestris (Schult.) Asch. & Graebn.",NA,"Fabaceae",NA,3,1982,2025,NA,"Least concern",NA
1004100,37000,"Anthyllis vulneraria subsp. carpatica (Pant.) Nyman",NA,"Fabaceae",NA,2,2022,2025,NA,"Least concern",NA
1004300,38800,"Aquilegia alpina L.",NA,"Ranunculaceae",NA,5,1936,2023,NA,"Near threatened",NA
1004310,38900,"Aquilegia atrata W. D. J. Koch",NA,"Ranunculaceae",NA,4,1982,2023,NA,"Least concern",NA
1004330,39100,"Aquilegia vulgaris L.",NA,"Ranunculaceae",NA,1,2023,2023,NA,"Least concern",NA
1004360,39350,"Arabis alpina L.",NA,"Brassicaceae",NA,1,2020,2020,NA,"Least concern",NA
1004440,40200,"Arabis ciliata Clairv.",NA,"Brassicaceae",NA,6,1962,2025,NA,"Least concern",NA
1004460,40600,"Arabis hirsuta (L.) Scop.",NA,"Brassicaceae",NA,1,1966,2025,NA,"Least concern",NA
1004470,40605,"Arabis hirsuta aggr.",NA,"Brassicaceae",NA,3,1966,2025,NA,"Least concern",NA
1004620,42300,"Arctium minus Bernh.",NA,"Asteraceae",NA,1,1966,2025,NA,"Least concern",NA
1004690,43100,"Arctostaphylos uva-ursi (L.) Spreng.",NA,"Ericaceae",NA,5,1982,2025,NA,"Least concern",NA
1004810,44300,"Arenaria serpyllifolia L.",NA,"Caryophyllaceae",NA,11,1930,2025,NA,"Least concern",NA
1004800,44305,"Arenaria serpyllifolia aggr.",NA,"Caryophyllaceae",NA,12,1930,2025,NA,"Least concern",NA
1004910,45700,"Arnica montana L.",NA,"Asteraceae",NA,61,1930,2025,NA,"Least concern",NA
1004930,45900,"Arrhenatherum elatius (L.) J. Presl & C. Presl",NA,"Poaceae",NA,9,1982,2025,NA,"Least concern",NA
1004931,45930,"Arrhenatherum elatius (L.) J. Presl & C. Presl subsp. elatius",NA,"Poaceae",NA,1,2025,2025,NA,"",NA
1005190,48300,"Aruncus dioicus (Walter) Fernald",NA,"Rosaceae",NA,1,1982,2024,NA,"Least concern",NA
1005280,49100,"Asperugo procumbens L.",NA,"Boraginaceae",NA,11,1982,2025,NA,"Near threatened",NA
1005320,49400,"Asperula cynanchica L.",NA,"Rubiaceae",NA,3,1982,2023,NA,"Least concern",NA
1005315,49410,"Asperula cynanchica aggr.",NA,"Rubiaceae",NA,4,1982,2023,NA,"",NA
1005500,50900,"Asplenium ruta-muraria L.",NA,"Aspleniaceae",NA,5,1982,2025,NA,"Least concern",NA
1005640,51800,"Aster alpinus L.",NA,"Asteraceae",NA,1,1898,1898,NA,"Least concern",NA
1005660,52000,"Aster bellidiastrum (L.) Scop.",NA,"Asteraceae",NA,7,1982,2025,NA,"Least concern",NA
1005800,53300,"Astragalus australis (L.) Lam.",NA,"Fabaceae",NA,2,2023,2023,NA,"Least concern",NA
1005870,53900,"Astragalus frigidus (L.) A. Gray",NA,"Fabaceae",NA,3,1982,2023,NA,"Least concern",NA
1005880,54000,"Astragalus glycyphyllos L.",NA,"Fabaceae",NA,2,1982,2025,NA,"Least concern",NA
1005940,54600,"Astragalus penduliflorus Lam.",NA,"Fabaceae",NA,1,1966,2022,NA,"Least concern",NA
1006020,55200,"Astrantia major L.",NA,"Apiaceae",NA,1,1951,1982,NA,"Least concern",NA
1006080,55600,"Athyrium distentifolium Opiz",NA,"Athyriaceae",NA,3,1982,2024,NA,"Least concern",NA
1006090,55700,"Athyrium filix-femina (L.) Roth",NA,"Athyriaceae",NA,14,1982,2024,NA,"Least concern",NA
1006220,56700,"Aurinia saxatilis (L.) Desv.",NA,"Brassicaceae",NA,1,2025,2025,NA,"",NA
1006320,57400,"Avenella flexuosa (L.) Drejer",NA,"Poaceae",NA,16,1950,2002,NA,"Least concern",NA
1006420,58300,"Barbarea intermedia Boreau",NA,"Brassicaceae",NA,2,1982,2025,NA,"Least concern",NA
1006450,58600,"Barbarea vulgaris R. Br.",NA,"Brassicaceae",NA,3,1982,2025,NA,"Least concern",NA
1006460,58700,"Bartsia alpina L.",NA,"Orobanchaceae",NA,6,1982,2025,NA,"Least concern",NA
1006490,59100,"Bellis perennis L.",NA,"Asteraceae",NA,25,1950,2025,NA,"Least concern",NA
1006530,59200,"Berberis vulgaris L.",NA,"Berberidaceae",NA,5,1982,2025,NA,"Least concern",NA
1006600,60400,"Betula pendula Roth",NA,"Betulaceae",NA,6,1982,2025,NA,"Least concern",NA
1006595,60450,"Betula pendula aggr.",NA,"Betulaceae",NA,7,1982,2025,NA,"",NA
1006610,60500,"Betula pubescens Ehrh.",NA,"Betulaceae",NA,1,1994,2025,NA,"Least concern",NA
1006780,62000,"Biscutella laevigata L.",NA,"Brassicaceae",NA,8,1898,2024,NA,"Least concern",NA
1006900,62800,"Blysmus compressus (L.) Link",NA,"Cyperaceae",NA,3,1982,2025,NA,"Least concern",NA
1006960,63000,"Borago officinalis L.",NA,"Boraginaceae",NA,1,2025,2025,NA,"",NA
1006990,63300,"Botrychium lunaria (L.) Sw.",NA,"Ophioglossaceae",NA,11,1956,2025,NA,"Least concern",NA
1007060,63900,"Brachypodium pinnatum (L.) P. Beauv.",NA,"Poaceae",NA,1,2024,2024,NA,"Least concern",NA
1007070,64000,"Brachypodium pinnatum aggr.",NA,"Poaceae",NA,27,1967,2025,NA,"Least concern",NA
1007080,64100,"Brachypodium rupestre (Host) Roem. & Schult.",NA,"Poaceae",NA,5,2023,2023,NA,"Least concern",NA
1007090,64200,"Brachypodium sylvaticum (Huds.) P. Beauv.",NA,"Poaceae",NA,1,1982,2003,NA,"Least concern",NA
1007160,64700,"Brassica rapa L.",NA,"Brassicaceae",NA,1,1930,1930,NA,"",NA
1007165,64720,"Brassica rapa var. oleifera DC.",NA,"Brassicaceae",NA,1,1930,1930,NA,"",NA
1007200,65200,"Briza media L.",NA,"Poaceae",NA,49,1898,2025,NA,"Least concern",NA
1007290,65695,"Bromus erectus Huds.",NA,"Poaceae",NA,18,1974,2025,NA,"Least concern",NA
1007300,65700,"Bromus erectus Huds. subsp. erectus",NA,"Poaceae",NA,11,1982,2025,NA,"Least concern",NA
1007330,66000,"Bromus hordeaceus L.",NA,"Poaceae",NA,3,1982,2025,NA,"Least concern",NA
1007335,66030,"Bromus hordeaceus L. subsp. hordeaceus",NA,"Poaceae",NA,1,2025,2025,NA,"",NA
1007360,66100,"Bromus inermis Leyss.",NA,"Poaceae",NA,7,1982,2025,NA,"",NA
1007355,66130,"Bromus inermis aggr.",NA,"Poaceae",NA,8,1982,2025,NA,"",NA
1007600,67700,"Buddleja davidii Franch.",NA,"Scrophulariaceae",NA,2,2020,2023,NA,"",NA
1007690,68600,"Buphthalmum salicifolium L.",NA,"Asteraceae",NA,11,1982,2025,NA,"Least concern",NA
1007900,70800,"Calamagrostis epigejos (L.) Roth",NA,"Poaceae",NA,1,1982,2022,NA,"Least concern",NA
1007950,71500,"Calamagrostis villosa (Chaix) J. F. Gmel.",NA,"Poaceae",NA,10,1982,2025,NA,"Least concern",NA
1008130,73300,"Callitriche palustris L.",NA,"Plantaginaceae",NA,12,1982,1996,NA,"Least concern",NA
1008160,73600,"Calluna vulgaris (L.) Hull",NA,"Ericaceae",NA,34,1950,2025,NA,"Least concern",NA
1008180,73700,"Caltha palustris L.",NA,"Ranunculaceae",NA,5,1955,2025,NA,"Least concern",NA
1008200,73900,"Calystegia sepium (L.) R. Br.",NA,"Convolvulaceae",NA,2,2024,2025,NA,"Least concern",NA
1008300,74700,"Campanula barbata L.",NA,"Campanulaceae",NA,56,1950,2025,NA,"Least concern",NA
1008390,75200,"Campanula cochleariifolia Lam.",NA,"Campanulaceae",NA,7,1982,2025,NA,"Least concern",NA
1008440,75700,"Campanula glomerata L.",NA,"Campanulaceae",NA,4,1967,2025,NA,"Least concern",NA
1008450,75800,"Campanula glomerata L. subsp. glomerata",NA,"Campanulaceae",NA,1,2025,2025,NA,"Least concern",NA
1008620,76900,"Campanula rapunculus L.",NA,"Campanulaceae",NA,2,2024,2025,NA,"Least concern",NA
1008640,77100,"Campanula rotundifolia L.",NA,"Campanulaceae",NA,11,1982,2025,NA,"Least concern",NA
1008650,77200,"Campanula scheuchzeri Vill.",NA,"Campanulaceae",NA,52,1930,2023,NA,"Least concern",NA
1008690,77600,"Campanula trachelium L.",NA,"Campanulaceae",NA,5,1982,2025,NA,"Least concern",NA
1008720,77900,"Capsella bursa-pastoris (L.) Medik.",NA,"Brassicaceae",NA,13,1930,2025,NA,"Least concern",NA
1008855,78700,"Cardamine flexuosa aggr.",NA,"Brassicaceae",NA,1,1982,2025,NA,"Least concern",NA
1008890,78900,"Cardamine hirsuta L.",NA,"Brassicaceae",NA,5,1982,2025,NA,"Least concern",NA
1008970,79900,"Cardamine pratensis aggr.",NA,"Brassicaceae",NA,1,2023,2023,NA,"Least concern",NA
1009120,81100,"Cardaria draba (L.) Desv.",NA,"Brassicaceae",NA,4,1982,2025,NA,"",NA
1009170,81595,"Carduus defloratus L.",NA,"Asteraceae",NA,15,1954,2025,NA,"Least concern",NA
1009180,81600,"Carduus defloratus L. subsp. defloratus",NA,"Asteraceae",NA,1,1982,2025,NA,"Least concern",NA
1009240,82400,"Carduus personata (L.) Jacq.",NA,"Asteraceae",NA,1,1954,1982,NA,"Least concern",NA
1009290,83000,"Carex acutiformis Ehrh.",NA,"Cyperaceae",NA,1,2025,2025,NA,"Least concern",NA
1009300,83100,"Carex alba Scop.",NA,"Cyperaceae",NA,3,1982,2025,NA,"Least concern",NA
1009330,83350,"Carex atrata L.",NA,"Cyperaceae",NA,0,1966,1982,NA,"Least concern",NA
1009320,83405,"Carex atrata aggr.",NA,"Cyperaceae",NA,0,1966,1982,NA,"",NA
1009480,84600,"Carex canescens L.",NA,"Cyperaceae",NA,13,1982,1996,NA,"Least concern",NA
1009490,84700,"Carex capillaris L.",NA,"Cyperaceae",NA,2,1951,2025,NA,"Least concern",NA
1009510,84900,"Carex caryophyllea Latourr.",NA,"Cyperaceae",NA,34,1898,2025,NA,"Least concern",NA
1009570,85700,"Carex davalliana Sm.",NA,"Cyperaceae",NA,6,1982,2025,NA,"Least concern",NA
1009580,85800,"Carex demissa Hornem.",NA,"Cyperaceae",NA,2,1982,2025,NA,"Near threatened",NA
1009610,86100,"Carex digitata L.",NA,"Cyperaceae",NA,2,1982,2023,NA,"Least concern",NA
1009680,86700,"Carex echinata Murray",NA,"Cyperaceae",NA,4,1982,2025,NA,"Least concern",NA
1009720,87100,"Carex ericetorum Pollich",NA,"Cyperaceae",NA,3,1951,2003,NA,"Near threatened",NA
1009730,87200,"Carex ferruginea Scop.",NA,"Cyperaceae",NA,1,1930,1982,NA,"Least concern",NA
1009760,87500,"Carex flacca Schreb.",NA,"Cyperaceae",NA,27,1967,2025,NA,"Least concern",NA
1009780,87600,"Carex flava L.",NA,"Cyperaceae",NA,2,1982,2025,NA,"Least concern",NA
1009770,87605,"Carex flava aggr.",NA,"Cyperaceae",NA,6,1982,2025,NA,"Least concern",NA
1009900,88800,"Carex humilis Leyss.",NA,"Cyperaceae",NA,6,1982,2025,NA,"Least concern",NA
1009960,89400,"Carex lepidocarpa Tausch",NA,"Cyperaceae",NA,1,1982,2025,NA,"Least concern",NA
1009970,89500,"Carex leporina L.",NA,"Cyperaceae",NA,4,1982,2025,NA,"Least concern",NA
1009980,89600,"Carex limosa L.",NA,"Cyperaceae",NA,11,1981,2025,NA,"Near threatened",NA
1010040,90300,"Carex montana L.",NA,"Cyperaceae",NA,33,1955,2025,NA,"Least concern",NA
1010060,90500,"Carex muricata aggr.",NA,"Cyperaceae",NA,1,1966,2003,NA,"Least concern",NA
1010070,90700,"Carex nigra (L.) Reichard",NA,"Cyperaceae",NA,49,1951,2025,NA,"Least concern",NA
1010090,91200,"Carex ornithopoda Willd.",NA,"Cyperaceae",NA,16,1951,2025,NA,"Least concern",NA
1010130,91600,"Carex pallescens L.",NA,"Cyperaceae",NA,34,1950,2025,NA,"Least concern",NA
1010140,91700,"Carex panicea L.",NA,"Cyperaceae",NA,3,1982,2025,NA,"Least concern",NA
1010150,91800,"Carex paniculata L.",NA,"Cyperaceae",NA,4,1981,2025,NA,"Least concern",NA
1010210,92500,"Carex pilulifera L.",NA,"Cyperaceae",NA,2,2022,2022,NA,"Least concern",NA
1010320,93700,"Carex rostrata Stokes",NA,"Cyperaceae",NA,24,1981,2025,NA,"Least concern",NA
1010340,93900,"Carex sempervirens Vill.",NA,"Cyperaceae",NA,62,1898,2025,NA,"Least concern",NA
1010390,94700,"Carex sylvatica Huds.",NA,"Cyperaceae",NA,3,1974,2023,NA,"Least concern",NA
1010490,95800,"Carlina acaulis L.",NA,"Asteraceae",NA,39,1898,2025,NA,"Least concern",NA
1010510,96000,"Carlina acaulis subsp. caulescens (Lam.) Schübl. & G. Martens",NA,"Asteraceae",NA,2,2023,2025,NA,"",NA
1010560,96500,"Carlina vulgaris L.",NA,"Asteraceae",NA,3,2002,2025,NA,"Least concern",NA
1010550,96600,"Carlina vulgaris aggr.",NA,"Asteraceae",NA,9,1982,2025,NA,"Least concern",NA
1010610,97100,"Carum carvi L.",NA,"Apiaceae",NA,43,1953,2025,NA,"Least concern",NA
1010820,98750,"Centaurea jacea L.",NA,"Asteraceae",NA,7,1967,2024,NA,"Least concern",NA
1010865,99030,"Centaurea jacea aggr.",NA,"Asteraceae",NA,9,1967,2024,NA,"",NA
1010890,99200,"Centaurea montana L.",NA,"Asteraceae",NA,2,1982,2025,NA,"Least concern",NA
1010910,99400,"Centaurea nervosa Willd.",NA,"Asteraceae",NA,2,1954,1982,NA,"Least concern",NA
1010980,99995,"Centaurea scabiosa L.",NA,"Asteraceae",NA,12,1982,2025,NA,"Least concern",NA
1011000,100100,"Centaurea scabiosa subsp. alpestris (Hegetschw.) Nyman",NA,"Asteraceae",NA,1,1982,2025,NA,"Least concern",NA
1011190,101800,"Cephalanthera damasonium (Mill.) Druce",NA,"Orchidaceae",NA,1,1982,2023,NA,"Least concern",NA
1011200,101900,"Cephalanthera longifolia (L.) Fritsch",NA,"Orchidaceae",NA,3,1982,2023,NA,"Least concern",NA
1011210,102000,"Cephalanthera rubra (L.) Rich.",NA,"Orchidaceae",NA,2,1982,2025,NA,"Least concern",NA
1011270,102595,"Cerastium arvense L.",NA,"Caryophyllaceae",NA,2,1966,2002,NA,"Least concern",NA
1011370,103400,"Cerastium cerastoides (L.) Britton",NA,"Caryophyllaceae",NA,1,1982,2003,NA,"Least concern",NA
1011390,103595,"Cerastium fontanum Baumg.",NA,"Caryophyllaceae",NA,50,1950,2025,NA,"Least concern",NA
1011400,103600,"Cerastium fontanum Baumg. subsp. fontanum",NA,"Caryophyllaceae",NA,1,1950,1966,NA,"Least concern",NA
1011420,103800,"Cerastium fontanum subsp. vulgare (Hartm.) Greuter & Burdet",NA,"Caryophyllaceae",NA,36,1950,2025,NA,"Least concern",NA
1011520,105200,"Cerastium tomentosum L.",NA,"Caryophyllaceae",NA,1,2025,2025,NA,"",NA
1011640,106100,"Chaenorrhinum minus (L.) Lange",NA,"Plantaginaceae",NA,6,1982,2025,NA,"Least concern",NA
1011650,106130,"Chaenorrhinum minus (L.) Lange subsp. minus",NA,"Plantaginaceae",NA,1,2025,2025,NA,"",NA
1011670,106200,"Chaerophyllum aureum L.",NA,"Apiaceae",NA,3,1982,2025,NA,"Least concern",NA
1011710,106700,"Chaerophyllum hirsutum L.",NA,"Apiaceae",NA,14,1982,2025,NA,"Least concern",NA
1011700,106705,"Chaerophyllum hirsutum aggr.",NA,"Apiaceae",NA,23,1955,2025,NA,"Least concern",NA
1011730,107100,"Chaerophyllum villarsii W. D. J. Koch",NA,"Apiaceae",NA,5,1955,2023,NA,"Least concern",NA
50002,NA,"Chara aspera Willd.",NA,"Characeae",NA,8,1981,1981,NA,"Vulnerable",NA
50012,NA,"Chara hispida L.",NA,"Characeae",NA,1,1981,1981,NA,"Vulnerable",NA
50093,NA,"Chara hispida aggr.",NA,"Characeae",NA,1,1981,1981,NA,"",NA
1011840,108200,"Chelidonium majus L.",NA,"Papaveraceae",NA,5,1982,2025,NA,"Least concern",NA
1011850,108300,"Chenopodium album L.",NA,"Amaranthaceae",NA,6,1930,1982,NA,"Least concern",NA
1011845,108330,"Chenopodium album aggr.",NA,"Amaranthaceae",NA,6,1930,1982,NA,"",NA
1011880,108500,"Chenopodium bonus-henricus L.",NA,"Amaranthaceae",NA,11,1982,2025,NA,"Least concern",NA
1012160,112500,"Chrysosplenium alternifolium L.",NA,"Saxifragaceae",NA,2,1992,1994,NA,"Least concern",NA
1012190,112800,"Cicerbita alpina (L.) Wallr.",NA,"Asteraceae",NA,3,1982,2024,NA,"Least concern",NA
1012300,113700,"Cirsium acaule Scop.",NA,"Asteraceae",NA,31,1951,2025,NA,"Least concern",NA
1012310,113800,"Cirsium arvense (L.) Scop.",NA,"Asteraceae",NA,10,1930,2025,NA,"Least concern",NA
1012370,114400,"Cirsium helenioides (L.) Hill",NA,"Asteraceae",NA,8,1982,2024,NA,"Least concern",NA
1012400,114800,"Cirsium oleraceum (L.) Scop.",NA,"Asteraceae",NA,6,1982,2025,NA,"Least concern",NA
1012450,115300,"Cirsium spinosissimum (L.) Scop.",NA,"Asteraceae",NA,1,1982,2024,NA,"Least concern",NA
1012470,115500,"Cirsium vulgare (Savi) Ten.",NA,"Asteraceae",NA,5,1982,2025,NA,"Least concern",NA
1012570,116000,"Clematis alpina (L.) Mill.",NA,"Ranunculaceae",NA,7,1982,2024,NA,"Least concern",NA
1012620,116400,"Clematis vitalba L.",NA,"Ranunculaceae",NA,3,1982,2025,NA,"Least concern",NA
1012660,116600,"Clinopodium vulgare L.",NA,"Lamiaceae",NA,7,1962,2024,NA,"Least concern",NA
1012750,117200,"Coeloglossum viride (L.) Hartm.",NA,"Orchidaceae",NA,19,1979,2025,NA,"Least concern",NA
1012810,117700,"Colchicum autumnale L.",NA,"Colchicaceae",NA,23,1954,2025,NA,"Least concern",NA
1013030,118900,"Convolvulus arvensis L.",NA,"Convolvulaceae",NA,11,1930,2025,NA,"Least concern",NA
1013070,119300,"Conyza canadensis (L.) Cronquist",NA,"Asteraceae",NA,6,1982,2025,NA,"",NA
1013090,119400,"Corallorhiza trifida Châtel.",NA,"Orchidaceae",NA,22,1979,2024,NA,"Least concern",NA
1013160,119700,"Cornus sanguinea L.",NA,"Cornaceae",NA,5,1982,2025,NA,"Least concern",NA
1013163,119730,"Cornus sanguinea L. subsp. sanguinea",NA,"Cornaceae",NA,2,2025,2025,NA,"",NA
1013320,121600,"Corylus avellana L.",NA,"Betulaceae",NA,8,1982,2025,NA,"Least concern",NA
1013590,122400,"Crataegus monogyna Jacq.",NA,"Rosaceae",NA,1,2025,2025,NA,"Least concern",NA
1013580,122500,"Crataegus monogyna aggr.",NA,"Rosaceae",NA,4,1982,2025,NA,"Least concern",NA
1013630,123000,"Crepis aurea (L.) Cass.",NA,"Asteraceae",NA,48,1950,2025,NA,"Least concern",NA
1013640,123100,"Crepis biennis L.",NA,"Asteraceae",NA,12,1962,2025,NA,"Least concern",NA
1013660,123400,"Crepis capillaris Wallr.",NA,"Asteraceae",NA,2,1982,2020,NA,"Least concern",NA
1013760,124300,"Crepis paludosa (L.) Moench",NA,"Asteraceae",NA,2,1982,2023,NA,"Least concern",NA
1013800,124800,"Crepis pyrenaica (L.) Greuter",NA,"Asteraceae",NA,2,1954,2023,NA,"Least concern",NA
1013880,125800,"Crocus albiflorus Kit.",NA,"Iridaceae",NA,18,1956,2023,NA,"Least concern",NA
1014130,127800,"Cuscuta epithymum (L.) L.",NA,"Convolvulaceae",NA,2,1982,2025,NA,"Least concern",NA
1014320,129400,"Cynosurus cristatus L.",NA,"Poaceae",NA,14,1956,2023,NA,"Least concern",NA
1014460,130400,"Cypripedium calceolus L.",NA,"Orchidaceae",NA,15,1982,2023,NA,"Vulnerable",NA
1014515,130750,"Cystopteris fragilis aggr.",NA,"Cystopteridaceae",NA,1,2023,2023,NA,"",NA
1014610,131800,"Dactylis glomerata L.",NA,"Poaceae",NA,49,1954,2025,NA,"Least concern",NA
1014620,131850,"Dactylis glomerata L. subsp. glomerata",NA,"Poaceae",NA,1,2025,2025,NA,"",NA
1014690,132300,"Dactylorhiza incarnata (L.) Soó",NA,"Orchidaceae",NA,2,1986,2014,NA,"Near threatened",NA
1014700,132350,"Dactylorhiza incarnata (L.) Soó subsp. incarnata",NA,"Orchidaceae",NA,2,1986,2014,NA,"Near threatened",NA
1014750,132500,"Dactylorhiza lapponica (Hartm.) Soó",NA,"Orchidaceae",NA,6,1989,2014,NA,"Near threatened",NA
1014756,NA,"Dactylorhiza lapponica × majalis",NA,"Orchidaceae",NA,2,2004,2004,NA,"",NA
1014760,132600,"Dactylorhiza maculata (L.) Soó",NA,"Orchidaceae",NA,201,1974,2025,NA,"Least concern",NA
1014775,132630,"Dactylorhiza maculata subsp. fuchsii (Druce) Hyl.",NA,"Orchidaceae",NA,192,1979,2025,NA,"Least concern",NA
1014793,NA,"Dactylorhiza maculata × Gymnadenia odoratissima",NA,"Orchidaceae",NA,1,1986,1986,NA,"",NA
1014794,NA,"Dactylorhiza maculata × majalis",NA,"Orchidaceae",NA,1,1986,1986,NA,"",NA
1014800,132700,"Dactylorhiza majalis (Rchb.) P. F. Hunt & Summerh.",NA,"Orchidaceae",NA,63,1979,2023,NA,"Least concern",NA
1014840,132900,"Dactylorhiza traunsteineri (Rchb.) Soó",NA,"Orchidaceae",NA,2,1982,2023,NA,"Near threatened",NA
1014860,133100,"Danthonia decumbens (L.) DC.",NA,"Poaceae",NA,1,1966,1967,NA,"Least concern",NA
1014900,133600,"Daphne mezereum L.",NA,"Thymelaeaceae",NA,4,1982,2025,NA,"Least concern",NA
1014910,133700,"Daphne striata Tratt.",NA,"Thymelaeaceae",NA,12,1960,2025,NA,"Least concern",NA
1014950,133900,"Daucus carota L.",NA,"Apiaceae",NA,6,1982,2025,NA,"Least concern",NA
1015040,134800,"Deschampsia cespitosa (L.) P. Beauv.",NA,"Poaceae",NA,25,1950,2025,NA,"Least concern",NA
1015120,135500,"Dianthus carthusianorum L.",NA,"Caryophyllaceae",NA,1,1966,2024,NA,"Least concern",NA
1015170,135900,"Dianthus deltoides L.",NA,"Caryophyllaceae",NA,1,2023,2023,NA,"Vulnerable",NA
1015280,136800,"Dianthus superbus L.",NA,"Caryophyllaceae",NA,4,1982,2023,NA,"Least concern",NA
1015310,136900,"Dianthus sylvestris Wulfen",NA,"Caryophyllaceae",NA,6,1982,2025,NA,"Least concern",NA
1015315,136920,"Dianthus sylvestris Wulfen subsp. sylvestris",NA,"Caryophyllaceae",NA,2,2025,2025,NA,"",NA
1015420,137800,"Diphasiastrum alpinum (L.) Holub",NA,"Lycopodiaceae",NA,7,1950,1960,NA,"Least concern",NA
1015430,137900,"Diphasiastrum complanatum (L.) Holub",NA,"Lycopodiaceae",NA,2,1918,2005,NA,"Endangered",NA
1015680,140700,"Draba dubia Suter",NA,"Brassicaceae",NA,1,1982,2020,NA,"Least concern",NA
1015750,141400,"Draba siliquosa M. Bieb.",NA,"Brassicaceae",NA,1,1966,2020,NA,"Least concern",NA
1015860,142500,"Dryas octopetala L.",NA,"Rosaceae",NA,8,1982,2024,NA,"Least concern",NA
1015870,142600,"Dryopteris affinis (Lowe) Fraser-Jenk.",NA,"Dryopteridaceae",NA,1,2024,2024,NA,"Least concern",NA
1015880,142700,"Dryopteris affinis subsp. borreri (Newman) Fraser-Jenk.",NA,"Dryopteridaceae",NA,1,2024,2024,NA,"Least concern",NA
1015910,143100,"Dryopteris carthusiana (Vill.) H. P. Fuchs",NA,"Dryopteridaceae",NA,1,1982,2020,NA,"Least concern",NA
1015930,143300,"Dryopteris dilatata (Hoffm.) A. Gray",NA,"Dryopteridaceae",NA,2,1982,2023,NA,"Least concern",NA
1015925,143350,"Dryopteris dilatata aggr.",NA,"Dryopteridaceae",NA,2,1982,2023,NA,"",NA
1015950,143500,"Dryopteris filix-mas (L.) Schott",NA,"Dryopteridaceae",NA,12,1982,2025,NA,"Least concern",NA
1016120,144500,"Echium vulgare L.",NA,"Boraginaceae",NA,11,1982,2025,NA,"Least concern",NA
1016320,145900,"Eleocharis quinqueflora (Hartmann) O. Schwarz",NA,"Cyperaceae",NA,1,1982,2025,NA,"Least concern",NA
1016400,146460,"Elymus caninus (L.) L.",NA,"Poaceae",NA,8,1982,2023,NA,"Least concern",NA
1016450,146560,"Elymus repens (L.) Gould",NA,"Poaceae",NA,4,1930,2025,NA,"Least concern",NA
1016470,146795,"Empetrum nigrum L.",NA,"Ericaceae",NA,8,1960,2025,NA,"Least concern",NA
1016490,146900,"Empetrum nigrum subsp. hermaphroditum (Hagerup) Böcher",NA,"Ericaceae",NA,2,1982,2025,NA,"Least concern",NA
1016540,147700,"Epilobium angustifolium L.",NA,"Onagraceae",NA,11,1982,2025,NA,"Least concern",NA
1016620,148600,"Epilobium montanum L.",NA,"Onagraceae",NA,7,1982,2023,NA,"Least concern",NA
1016740,149600,"Epipactis atrorubens Besser",NA,"Orchidaceae",NA,68,1979,2025,NA,"Least concern",NA
1016770,149660,"Epipactis helleborine (L.) Crantz",NA,"Orchidaceae",NA,9,1986,2025,NA,"Least concern",NA
1016780,149800,"Epipactis helleborine aggr.",NA,"Orchidaceae",NA,9,1986,2025,NA,"Least concern",NA
1016840,150300,"Epipactis palustris (L.) Crantz",NA,"Orchidaceae",NA,4,1982,2014,NA,"Near threatened",NA
1016920,150600,"Equisetum arvense L.",NA,"Equisetaceae",NA,14,1930,2025,NA,"Least concern",NA
1016930,150700,"Equisetum fluviatile L.",NA,"Equisetaceae",NA,4,1981,2025,NA,"Least concern",NA
1016940,150800,"Equisetum hyemale L.",NA,"Equisetaceae",NA,1,1994,2023,NA,"Least concern",NA
1016950,151100,"Equisetum palustre L.",NA,"Equisetaceae",NA,3,1982,2023,NA,"Least concern",NA
1017000,151600,"Equisetum variegatum Schleich.",NA,"Equisetaceae",NA,2,1982,2024,NA,"Least concern",NA
1017400,152400,"Erica carnea L.",NA,"Ericaceae",NA,17,1951,2025,NA,"Least concern",NA
1017440,153300,"Erigeron acris L.",NA,"Asteraceae",NA,1,1982,2023,NA,"Least concern",NA
1017485,153650,"Erigeron alpinus aggr.",NA,"Asteraceae",NA,0,1966,1982,NA,"",NA
1017510,153800,"Erigeron annuus (L.) Desf.",NA,"Asteraceae",NA,4,2012,2023,NA,"",NA
1017640,155200,"Eriophorum angustifolium Honck.",NA,"Cyperaceae",NA,10,1982,2025,NA,"Least concern",NA
1017660,155400,"Eriophorum latifolium Hoppe",NA,"Cyperaceae",NA,1,1982,2023,NA,"Least concern",NA
1017790,156590,"Erophila verna (L.) DC.",NA,"Brassicaceae",NA,2,2025,2025,NA,"Least concern",NA
1017800,156700,"Erophila verna aggr.",NA,"Brassicaceae",NA,6,1966,2025,NA,"Least concern",NA
1017840,157200,"Eryngium alpinum L.",NA,"Apiaceae",NA,3,1994,2023,NA,"Vulnerable",NA
1018170,159800,"Euphorbia cyparissias L.",NA,"Euphorbiaceae",NA,1,1982,2023,NA,"Least concern",NA
1018260,160200,"Euphorbia helioscopia L.",NA,"Euphorbiaceae",NA,2,1930,2022,NA,"Least concern",NA
1018350,160900,"Euphorbia peplus L.",NA,"Euphorbiaceae",NA,1,1982,2025,NA,"Least concern",NA
1018600,162750,"Euphrasia minima Schleich.",NA,"Orobanchaceae",NA,36,1950,2025,NA,"Least concern",NA
1018640,163100,"Euphrasia pectinata Ten.",NA,"Orobanchaceae",NA,3,1950,1966,NA,"Near threatened",NA
1018700,163450,"Euphrasia rostkoviana Hayne",NA,"Orobanchaceae",NA,4,1974,2024,NA,"Least concern",NA
1018685,163850,"Euphrasia rostkoviana aggr.",NA,"Orobanchaceae",NA,10,1960,2024,NA,"",NA
1018730,163800,"Euphrasia rostkoviana subsp. montana (Jord.) Wettst.",NA,"Orobanchaceae",NA,2,1974,2022,NA,"Least concern",NA
1018840,165000,"Fagus sylvatica L.",NA,"Fagaceae",NA,1,1982,2024,NA,"Least concern",NA
1018870,165200,"Fallopia convolvulus (L.) Á. Löve",NA,"Polygonaceae",NA,9,1930,2025,NA,"Least concern",NA
1019020,166100,"Festuca arundinacea Schreb.",NA,"Poaceae",NA,4,1982,2024,NA,"Least concern",NA
1019290,168300,"Festuca nigrescens Lam.",NA,"Poaceae",NA,6,2022,2022,NA,"Least concern",NA
1019330,168500,"Festuca ovina L.",NA,"Poaceae",NA,2,2022,2022,NA,"Least concern",NA
1019310,168590,"Festuca ovina aggr.",NA,"Poaceae",NA,11,1982,2025,NA,"Least concern",NA
1019309,168580,"Festuca ovina superaggr.",NA,"",NA,11,1982,2025,NA,"",NA
1019380,169100,"Festuca pratensis Huds.",NA,"Poaceae",NA,7,1955,2023,NA,"Least concern",NA
1019400,169300,"Festuca pratensis subsp. apennina (De Not.) Hegi",NA,"Poaceae",NA,1,2023,2023,NA,"Least concern",NA
1019480,170100,"Festuca rubra L.",NA,"Poaceae",NA,9,1898,2025,NA,"Least concern",NA
1019470,170200,"Festuca rubra aggr.",NA,"Poaceae",NA,84,1898,2025,NA,"Least concern",NA
1019680,172000,"Festuca violacea Gaudin",NA,"Poaceae",NA,3,1930,2022,NA,"Least concern",NA
1019670,172100,"Festuca violacea aggr.",NA,"Poaceae",NA,5,1930,2022,NA,"Least concern",NA
1019770,173100,"Filipendula ulmaria (L.) Maxim.",NA,"Rosaceae",NA,1,1966,2024,NA,"Least concern",NA
1019910,173700,"Fragaria moschata Duchesne",NA,"Rosaceae",NA,2,2022,2022,NA,"Vulnerable",NA
1019920,173800,"Fragaria vesca L.",NA,"Rosaceae",NA,20,1982,2025,NA,"Least concern",NA
1019970,174200,"Fraxinus excelsior L.",NA,"Oleaceae",NA,7,1982,2025,NA,"Least concern",NA
1020160,175620,"Gagea fragifera (Vill.) Ehr. Bayer & G. López",NA,"Liliaceae",NA,1,1982,2022,NA,"Least concern",NA
1020350,177100,"Galeopsis tetrahit L.",NA,"Lamiaceae",NA,16,1930,2025,NA,"Least concern",NA
1020380,177400,"Galium album Mill.",NA,"Rubiaceae",NA,3,2002,2025,NA,"Least concern",NA
1020390,177500,"Galium anisophyllon Vill.",NA,"Rubiaceae",NA,3,1982,2022,NA,"Least concern",NA
1020400,177600,"Galium aparine L.",NA,"Rubiaceae",NA,7,1930,2025,NA,"Least concern",NA
1020490,178700,"Galium lucidum All.",NA,"Rubiaceae",NA,4,1982,2025,NA,"Least concern",NA
1020520,178900,"Galium mollugo L.",NA,"Rubiaceae",NA,5,2024,2025,NA,"Least concern",NA
1020510,179000,"Galium mollugo aggr.",NA,"Rubiaceae",NA,13,1962,2025,NA,"Least concern",NA
1020600,179700,"Galium pumilum Murray",NA,"Rubiaceae",NA,17,1955,2003,NA,"Least concern",NA
1020595,179650,"Galium pumilum aggr.",NA,"Rubiaceae",NA,23,1954,2022,NA,"",NA
1020620,179900,"Galium rotundifolium L.",NA,"Rubiaceae",NA,1,1982,2023,NA,"Least concern",NA
1020660,180300,"Galium spurium L.",NA,"Rubiaceae",NA,7,1930,1930,NA,"Vulnerable",NA
1020730,180900,"Galium verum L.",NA,"Rubiaceae",NA,1,1982,2003,NA,"Least concern",NA
1020890,182200,"Gentiana acaulis L.",NA,"Gentianaceae",NA,34,1898,2025,NA,"Least concern",NA
1020940,182700,"Gentiana asclepiadea L.",NA,"Gentianaceae",NA,2,1982,2024,NA,"Least concern",NA
1020990,183000,"Gentiana brachyphylla Vill.",NA,"Gentianaceae",NA,0,1982,1982,NA,"Least concern",NA
1021000,183100,"Gentiana campestris L.",NA,"Gentianaceae",NA,16,1950,2025,NA,"Least concern",NA
1021030,183400,"Gentiana ciliata L.",NA,"Gentianaceae",NA,1,1982,2024,NA,"Least concern",NA
1021040,183500,"Gentiana clusii E. P. Perrier & Songeon",NA,"Gentianaceae",NA,3,1982,2024,NA,"Least concern",NA
1021120,184100,"Gentiana lutea L.",NA,"Gentianaceae",NA,6,1982,2025,NA,"Least concern",NA
1021190,184800,"Gentiana punctata L.",NA,"Gentianaceae",NA,10,1960,2024,NA,"Least concern",NA
1021200,184900,"Gentiana purpurea L.",NA,"Gentianaceae",NA,1,1966,2022,NA,"Least concern",NA
1021240,185300,"Gentiana utriculosa L.",NA,"Gentianaceae",NA,1,1982,2024,NA,"Near threatened",NA
1021250,185400,"Gentiana verna L.",NA,"Gentianaceae",NA,18,1898,2025,NA,"Least concern",NA
1021260,185430,"Gentiana verna L. subsp. verna",NA,"Gentianaceae",NA,1,2025,2025,NA,"",NA
1021310,187100,"Geranium columbinum L.",NA,"Geraniaceae",NA,1,1982,2025,NA,"Least concern",NA
1021370,187700,"Geranium molle L.",NA,"Geraniaceae",NA,1,2025,2025,NA,"Least concern",NA
1021440,188500,"Geranium pusillum L.",NA,"Geraniaceae",NA,1,1966,2025,NA,"Least concern",NA
1021450,188600,"Geranium pyrenaicum Burm. f.",NA,"Geraniaceae",NA,5,1982,2025,NA,"Least concern",NA
1021480,188800,"Geranium robertianum L. subsp. robertianum",NA,"Geraniaceae",NA,2,1982,2025,NA,"Least concern",NA
1021510,189100,"Geranium sanguineum L.",NA,"Geraniaceae",NA,1,1982,2025,NA,"Least concern",NA
1021530,189300,"Geranium sylvaticum L.",NA,"Geraniaceae",NA,31,1954,2025,NA,"Least concern",NA
1021540,189400,"Geum montanum L.",NA,"Rosaceae",NA,48,1898,2025,NA,"Least concern",NA
1021570,189600,"Geum rivale L.",NA,"Rosaceae",NA,9,1982,2025,NA,"Least concern",NA
1021580,189700,"Geum urbanum L.",NA,"Rosaceae",NA,2,1982,2024,NA,"Least concern",NA
1021690,190500,"Glechoma hederacea L.",NA,"Lamiaceae",NA,3,1982,2025,NA,"Least concern",NA
1021700,190600,"Glechoma hederacea L. subsp. hederacea",NA,"Lamiaceae",NA,1,2025,2025,NA,"Least concern",NA
1021730,190900,"Globularia bisnagarica L.",NA,"Plantaginaceae",NA,3,1982,2025,NA,"Least concern",NA
1021740,191000,"Globularia cordifolia L.",NA,"Plantaginaceae",NA,1,1982,2024,NA,"Least concern",NA
1021750,191200,"Globularia nudicaulis L.",NA,"Plantaginaceae",NA,10,1982,2025,NA,"Least concern",NA
1021765,191550,"Glyceria fluitans aggr.",NA,"Poaceae",NA,2,1982,2025,NA,"",NA
1021790,191700,"Glyceria notata Chevall.",NA,"Poaceae",NA,1,1982,2025,NA,"Least concern",NA
1021860,192400,"Gnaphalium norvegicum Gunnerus",NA,"Asteraceae",NA,8,1950,1966,NA,"Least concern",NA
1021870,192500,"Gnaphalium supinum L.",NA,"Asteraceae",NA,16,1950,1975,NA,"Least concern",NA
1021880,192600,"Gnaphalium sylvaticum L.",NA,"Asteraceae",NA,1,1982,2022,NA,"Least concern",NA
1021900,192800,"Goodyera repens (L.) R. Br.",NA,"Orchidaceae",NA,3,1982,2014,NA,"Near threatened",NA
1021950,193200,"Gymnadenia conopsea (L.) R. Br.",NA,"Orchidaceae",NA,143,1955,2024,NA,"Least concern",NA
1021957,NA,"Gymnadenia conopsea × Nigritella rhellicani",NA,"Orchidaceae",NA,3,1986,1986,NA,"",NA
1021958,NA,"Gymnadenia conopsea × odoratissima",NA,"Orchidaceae",NA,1,1986,1986,NA,"",NA
1021970,193300,"Gymnadenia odoratissima (L.) Rich.",NA,"Orchidaceae",NA,83,1979,2024,NA,"Least concern",NA
1021980,193400,"Gymnocarpium dryopteris (L.) Newman",NA,"Cystopteridaceae",NA,2,1982,2023,NA,"Least concern",NA
1021990,193500,"Gymnocarpium robertianum (Hoffm.) Newman",NA,"Cystopteridaceae",NA,2,1982,2024,NA,"Least concern",NA
1022140,194300,"Helianthemum alpestre (Jacq.) DC.",NA,"Cistaceae",NA,1,1982,2025,NA,"Least concern",NA
1022180,194895,"Helianthemum nummularium (L.) Mill.",NA,"Cistaceae",NA,44,1951,2025,NA,"Least concern",NA
1022210,195100,"Helianthemum nummularium subsp. grandiflorum (Scop.) Schinz & Thell.",NA,"Cistaceae",NA,8,1951,2025,NA,"Least concern",NA
1022380,196690,"Helictotrichon pratense (L.) Besser",NA,"Poaceae",NA,1,2003,2003,NA,"",NA
1022379,196700,"Helictotrichon pratense aggr.",NA,"Poaceae",NA,3,1982,2003,NA,"Least concern",NA
1022390,196800,"Helictotrichon pubescens (Huds.) Pilg.",NA,"Poaceae",NA,21,1955,2025,NA,"Least concern",NA
1022440,197100,"Helictotrichon versicolor (Vill.) Pilg.",NA,"Poaceae",NA,16,1950,2018,NA,"Least concern",NA
1022540,197700,"Hemerocallis fulva (L.) L.",NA,"Asphodelaceae",NA,2,1982,2025,NA,"",NA
1022560,197900,"Hepatica nobilis Schreb.",NA,"Ranunculaceae",NA,7,1982,2023,NA,"Least concern",NA
1022580,198300,"Heracleum mantegazzianum Sommier & Levier",NA,"Apiaceae",NA,455,2002,2025,NA,"",NA
1022590,198595,"Heracleum sphondylium L.",NA,"Apiaceae",NA,24,1955,2025,NA,"Least concern",NA
1022600,198600,"Heracleum sphondylium L. subsp. sphondylium",NA,"Apiaceae",NA,3,1982,2025,NA,"Least concern",NA
1022640,199100,"Herminium monorchis (L.) R. Br.",NA,"Orchidaceae",NA,6,1905,1986,NA,"Vulnerable",NA
1022820,200200,"Hieracium aurantiacum L.",NA,"Asteraceae",NA,9,1950,2024,NA,"Least concern",NA
1022990,201700,"Hieracium hoppeanum Schult.",NA,"Asteraceae",NA,15,1953,2022,NA,"Least concern",NA
1023040,202100,"Hieracium lactucella Wallr.",NA,"Asteraceae",NA,35,1930,2025,NA,"Least concern",NA
1023110,202700,"Hieracium murorum aggr.",NA,"Asteraceae",NA,13,1960,2025,NA,"Least concern",NA
1023200,203400,"Hieracium pilosella L.",NA,"Asteraceae",NA,47,1950,2025,NA,"Least concern",NA
1023220,203600,"Hieracium pilosum Froel.",NA,"Asteraceae",NA,3,1950,1982,NA,"Least concern",NA
1023400,205000,"Hieracium staticifolium All.",NA,"Asteraceae",NA,1,1966,2024,NA,"Least concern",NA
1023500,205800,"Hieracium villosum Jacq.",NA,"Asteraceae",NA,1,1982,2023,NA,"Least concern",NA
1023490,205900,"Hieracium villosum aggr.",NA,"Asteraceae",NA,4,1950,2023,NA,"Least concern",NA
1023580,206300,"Hippocrepis comosa L.",NA,"Fabaceae",NA,31,1898,2025,NA,"Least concern",NA
1023600,206500,"Hippophaë rhamnoides L.",NA,"Elaeagnaceae",NA,4,1982,2025,NA,"Least concern",NA
1023680,207300,"Homogyne alpina (L.) Cass.",NA,"Asteraceae",NA,46,1950,2025,NA,"Least concern",NA
1023690,207400,"Hordelymus europaeus (L.) Harz",NA,"Poaceae",NA,1,1982,2024,NA,"Least concern",NA
1023860,208900,"Huperzia selago (L.) Schrank & Mart.",NA,"Lycopodiaceae",NA,9,1960,2025,NA,"Least concern",NA
1024060,210695,"Hypericum maculatum Crantz",NA,"Hypericaceae",NA,2,1982,2025,NA,"Least concern",NA
1024070,210700,"Hypericum maculatum Crantz subsp. maculatum",NA,"Hypericaceae",NA,1,1982,2024,NA,"Least concern",NA
1024130,211050,"Hypericum perforatum L.",NA,"Hypericaceae",NA,7,1982,2025,NA,"Least concern",NA
1024140,211100,"Hypericum perforatum L. subsp. perforatum",NA,"Hypericaceae",NA,1,1982,2025,NA,"Least concern",NA
1024230,212100,"Hypochaeris radicata L.",NA,"Asteraceae",NA,1,1982,2003,NA,"Least concern",NA
1024250,212200,"Hypochaeris uniflora Vill.",NA,"Asteraceae",NA,8,1982,2024,NA,"Least concern",NA
1024410,213600,"Impatiens glandulifera Royle",NA,"Balsaminaceae",NA,33,2010,2025,NA,"",NA
1024430,213800,"Impatiens parviflora DC.",NA,"Balsaminaceae",NA,1,1982,2024,NA,"",NA
1024700,215905,"Iris ×germanica L.",NA,"Iridaceae",NA,1,2025,2025,NA,"Least concern",NA
1024930,218100,"Juncus articulatus L.",NA,"Juncaceae",NA,3,1982,2025,NA,"Least concern",NA
1025010,218900,"Juncus filiformis L.",NA,"Juncaceae",NA,2,1982,2024,NA,"Least concern",NA
1025030,219100,"Juncus inflexus L.",NA,"Juncaceae",NA,2,1982,2025,NA,"Least concern",NA
1025110,220000,"Juncus tenuis Willd.",NA,"Juncaceae",NA,1,1982,2025,NA,"",NA
1025140,220395,"Juniperus communis L.",NA,"Cupressaceae",NA,26,1950,2025,NA,"Least concern",NA
1025160,220500,"Juniperus communis subsp. alpina Čelak.",NA,"Cupressaceae",NA,14,1950,2025,NA,"Least concern",NA
1025190,221000,"Kernera saxatilis (L.) Sweet",NA,"Brassicaceae",NA,2,1982,2024,NA,"Least concern",NA
1025230,221400,"Knautia arvensis (L.) Coult.",NA,"Caprifoliaceae",NA,5,1982,2025,NA,"Least concern",NA
1025240,221450,"Knautia dipsacifolia Kreutzer",NA,"Caprifoliaceae",NA,8,1955,2025,NA,"Least concern",NA
1025250,221500,"Knautia dipsacifolia Kreutzer subsp. dipsacifolia",NA,"Caprifoliaceae",NA,1,1982,2025,NA,"Least concern",NA
1025480,223900,"Koeleria pyramidata (Lam.) P. Beauv.",NA,"Poaceae",NA,3,1982,2003,NA,"Least concern",NA
1025490,223905,"Koeleria pyramidata aggr.",NA,"Poaceae",NA,3,1982,2003,NA,"Least concern",NA
1025580,224700,"Lactuca serriola L.",NA,"Asteraceae",NA,1,2025,2025,NA,"Least concern",NA
1025650,225500,"Lamium album L.",NA,"Lamiaceae",NA,3,1982,2025,NA,"Least concern",NA
1025670,225750,"Lamium galeobdolon (L.) L.",NA,"Lamiaceae",NA,6,2005,2024,NA,"Least concern",NA
1025730,226200,"Lamium maculatum (L.) L.",NA,"Lamiaceae",NA,2,1982,2024,NA,"Least concern",NA
1025750,226500,"Lamium purpureum L.",NA,"Lamiaceae",NA,2,1982,2025,NA,"Least concern",NA
1025760,226600,"Lappula deflexa (Wahlenb.) Garcke",NA,"Boraginaceae",NA,1,1972,1982,NA,"Vulnerable",NA
1025780,226900,"Lapsana communis L.",NA,"Asteraceae",NA,5,1966,2025,NA,"Least concern",NA
1025790,227000,"Lapsana communis L. subsp. communis",NA,"Asteraceae",NA,2,2025,2025,NA,"",NA
1025810,227200,"Larix decidua Mill.",NA,"Pinaceae",NA,7,1982,2026,NA,"Least concern",NA
1025840,227400,"Laserpitium gaudinii Moretti",NA,"Apiaceae",NA,5,1982,2018,NA,"Least concern",NA
1025860,227700,"Laserpitium latifolium L.",NA,"Apiaceae",NA,10,1982,2025,NA,"Least concern",NA
1026050,230400,"Lathyrus pratensis L.",NA,"Fabaceae",NA,4,1982,2025,NA,"Least concern",NA
1026090,230800,"Lathyrus sylvestris L.",NA,"Fabaceae",NA,2,1982,2025,NA,"Least concern",NA
1026100,230900,"Lathyrus tuberosus L.",NA,"Fabaceae",NA,1,2025,2025,NA,"Vulnerable",NA
1026290,232700,"Leontodon autumnalis L.",NA,"Asteraceae",NA,12,1951,2025,NA,"Least concern",NA
1026310,232900,"Leontodon helveticus Mérat",NA,"Asteraceae",NA,45,1930,2025,NA,"Least concern",NA
1026330,233000,"Leontodon hispidus L.",NA,"Asteraceae",NA,67,1930,2025,NA,"Least concern",NA
1026350,233200,"Leontodon hispidus subsp. danubialis (Jacq.) Simonk.",NA,"Asteraceae",NA,4,1930,2025,NA,"Least concern",NA
1026580,235800,"Lepidium virginicum L.",NA,"Brassicaceae",NA,1,1982,2025,NA,"",NA
1026650,236200,"Leucanthemum adustum (W. D. J. Koch) Gremli",NA,"Asteraceae",NA,7,1982,2025,NA,"Least concern",NA
1026680,236500,"Leucanthemum halleri (Vitman) Ducommun",NA,"Asteraceae",NA,0,1982,1982,NA,"Least concern",NA
1026730,236800,"Leucanthemum vulgare Lam.",NA,"Asteraceae",NA,12,1953,2024,NA,"Least concern",NA
1026710,236905,"Leucanthemum vulgare aggr.",NA,"Asteraceae",NA,38,1953,2025,NA,"Least concern",NA
1026810,237800,"Ligusticum mutellina (L.) Crantz",NA,"Apiaceae",NA,39,1930,2025,NA,"Least concern",NA
1026920,238800,"Linaria alpina (L.) Mill.",NA,"Plantaginaceae",NA,2,1982,2025,NA,"Least concern",NA
1026930,238900,"Linaria alpina (L.) Mill. subsp. alpina",NA,"Plantaginaceae",NA,1,1982,2024,NA,"Least concern",NA
1027010,239750,"Linaria purpurea (L.) Mill.",NA,"Plantaginaceae",NA,1,2024,2024,NA,"",NA
1027060,240300,"Linaria vulgaris Mill.",NA,"Plantaginaceae",NA,2,1982,2025,NA,"Least concern",NA
1027130,241100,"Linum catharticum L.",NA,"Linaceae",NA,14,1951,2024,NA,"Least concern",NA
1027210,241900,"Listera cordata (L.) R. Br.",NA,"Orchidaceae",NA,33,1944,2014,NA,"Near threatened",NA
1027220,242000,"Listera ovata (L.) R. Br.",NA,"Orchidaceae",NA,76,1954,2025,NA,"Least concern",NA
1027290,242600,"Loiseleuria procumbens (L.) Desv.",NA,"Ericaceae",NA,5,1951,2022,NA,"Least concern",NA
1027300,242700,"Lolium multiflorum Lam.",NA,"Poaceae",NA,1,1966,2011,NA,"",NA
1027310,242800,"Lolium perenne L.",NA,"Poaceae",NA,14,1955,2025,NA,"Least concern",NA
1027340,243100,"Lolium temulentum L.",NA,"Poaceae",NA,5,1917,1966,NA,"Critically endangered",NA
1027370,243400,"Lonicera alpigena L.",NA,"Caprifoliaceae",NA,5,1982,2025,NA,"Least concern",NA
1027380,243500,"Lonicera caerulea L.",NA,"Caprifoliaceae",NA,6,1982,2024,NA,"Least concern",NA
1027440,243900,"Lonicera nigra L.",NA,"Caprifoliaceae",NA,9,1982,2024,NA,"Least concern",NA
1027490,244200,"Lonicera xylosteum L.",NA,"Caprifoliaceae",NA,3,1982,2025,NA,"Least concern",NA
1027500,244300,"Lotus alpinus (DC.) Ramond",NA,"Fabaceae",NA,7,1982,2025,NA,"Least concern",NA
1027520,244400,"Lotus corniculatus L.",NA,"Fabaceae",NA,76,1898,2025,NA,"Least concern",NA
1027510,244410,"Lotus corniculatus aggr.",NA,"Fabaceae",NA,91,1898,2025,NA,"Least concern",NA
1027540,244800,"Lotus maritimus L.",NA,"Fabaceae",NA,9,1982,2025,NA,"Near threatened",NA
1027640,245800,"Lupinus polyphyllus Lindl.",NA,"Fabaceae",NA,9,2020,2024,NA,"",NA
1027660,245900,"Luzula alpina Hoppe",NA,"Juncaceae",NA,6,2022,2025,NA,"Least concern",NA
1027700,246100,"Luzula campestris (L.) DC.",NA,"Juncaceae",NA,10,1951,2025,NA,"Least concern",NA
1027740,246600,"Luzula lutea (All.) DC.",NA,"Juncaceae",NA,1,1930,1930,NA,"Least concern",NA
1027750,246700,"Luzula luzulina (Vill.) Dalla Torre & Sarnth.",NA,"Juncaceae",NA,1,1982,2021,NA,"Least concern",NA
1027790,247100,"Luzula multiflora (Ehrh.) Lej.",NA,"Juncaceae",NA,35,1950,2025,NA,"Least concern",NA
1027785,247150,"Luzula multiflora aggr.",NA,"Juncaceae",NA,51,1950,2025,NA,"Least concern",NA
1027820,247300,"Luzula nivea (L.) DC.",NA,"Juncaceae",NA,3,1982,2023,NA,"Least concern",NA
1027840,247500,"Luzula pilosa (L.) Willd.",NA,"Juncaceae",NA,1,2003,2003,NA,"Least concern",NA
1027850,247600,"Luzula sieberi Tausch",NA,"Juncaceae",NA,3,2023,2023,NA,"Least concern",NA
1027860,247800,"Luzula spicata (L.) DC.",NA,"Juncaceae",NA,27,1898,2025,NA,"Least concern",NA
1027890,248100,"Luzula sudetica (Willd.) Schult.",NA,"Juncaceae",NA,1,1951,1951,NA,"Least concern",NA
1027910,248300,"Luzula sylvatica (Huds.) Gaudin",NA,"Juncaceae",NA,1,1960,1960,NA,"Least concern",NA
1027920,248400,"Luzula sylvatica aggr.",NA,"Juncaceae",NA,5,1960,2023,NA,"Least concern",NA
1027980,249700,"Lycopodium annotinum L.",NA,"Lycopodiaceae",NA,7,1982,2024,NA,"Least concern",NA
1028080,251400,"Lysimachia nemorum L.",NA,"Primulaceae",NA,1,1982,2023,NA,"Least concern",NA
1028090,251500,"Lysimachia nummularia L.",NA,"Primulaceae",NA,2,2003,2012,NA,"Least concern",NA
1028210,252400,"Maianthemum bifolium (L.) F. W. Schmidt",NA,"Asparagaceae",NA,2,1982,2023,NA,"Least concern",NA
1028280,253000,"Malus sylvestris aggr.",NA,"Rosaceae",NA,1,2025,2025,NA,"",NA
1028290,253100,"Malva alcea L.",NA,"Malvaceae",NA,1,2024,2024,NA,"Least concern",NA
1028510,255100,"Medicago falcata L.",NA,"Fabaceae",NA,1,1982,2025,NA,"Near threatened",NA
1028530,255300,"Medicago lupulina L.",NA,"Fabaceae",NA,21,1930,2025,NA,"Least concern",NA
1028590,256000,"Medicago sativa L.",NA,"Fabaceae",NA,1,1982,2024,NA,"Least concern",NA
1028660,256600,"Melampyrum sylvaticum L.",NA,"Orobanchaceae",NA,23,1960,2024,NA,"Least concern",NA
1028690,256900,"Melica nutans L.",NA,"Poaceae",NA,6,1982,2025,NA,"Least concern",NA
1028720,257200,"Melilotus albus Medik.",NA,"Fabaceae",NA,1,2024,2024,NA,"Least concern",NA
1028760,257600,"Melilotus officinalis Lam.",NA,"Fabaceae",NA,1,1982,2024,NA,"Least concern",NA
1028830,258200,"Mentha longifolia (L.) Huds.",NA,"Lamiaceae",NA,3,1982,2025,NA,"Least concern",NA
1028910,258800,"Menyanthes trifoliata L.",NA,"Menyanthaceae",NA,7,1966,2025,NA,"Least concern",NA
1029260,262000,"Minuartia verna (L.) Hiern",NA,"Caryophyllaceae",NA,3,1982,2024,NA,"Least concern",NA
1029390,262900,"Moehringia muscosa L.",NA,"Caryophyllaceae",NA,6,1982,2024,NA,"Least concern",NA
1029440,263400,"Molinia caerulea (L.) Moench",NA,"Poaceae",NA,2,1967,2003,NA,"Least concern",NA
1029470,263700,"Moneses uniflora (L.) A. Gray",NA,"Ericaceae",NA,2,1982,2020,NA,"Least concern",NA
1029640,265450,"Muscari neglectum aggr.",NA,"Asparagaceae",NA,0,1982,1982,NA,"Near threatened",NA
1029680,265700,"Mycelis muralis (L.) Dumort.",NA,"Asteraceae",NA,6,1982,2025,NA,"Least concern",NA
1029690,265800,"Myosotis alpestris F. W. Schmidt",NA,"Boraginaceae",NA,1,1982,2022,NA,"Least concern",NA
1029700,265900,"Myosotis arvensis Hill",NA,"Boraginaceae",NA,8,1982,2025,NA,"Least concern",NA
1029770,266400,"Myosotis nemorosa Besser",NA,"Boraginaceae",NA,2,2023,2023,NA,"Least concern",NA
1029795,266850,"Myosotis scorpioides aggr.",NA,"Boraginaceae",NA,3,2023,2025,NA,"",NA
1029820,267100,"Myosotis sylvatica Hoffm.",NA,"Boraginaceae",NA,2,2023,2025,NA,"Least concern",NA
1029815,267150,"Myosotis sylvatica aggr.",NA,"Boraginaceae",NA,10,1955,2025,NA,"",NA
1030080,269700,"Nardus stricta L.",NA,"Poaceae",NA,69,1898,2025,NA,"Least concern",NA
1030140,270100,"Neottia nidus-avis (L.) Rich.",NA,"Orchidaceae",NA,32,1982,2025,NA,"Least concern",NA
1030190,270550,"Nepeta racemosa Lam.",NA,"Lamiaceae",NA,2,2025,2025,NA,"",NA
1030390,271655,"Nigritella rhellicani Teppner & E. Klein",NA,"Orchidaceae",NA,47,1951,2024,NA,"Least concern",NA
1030380,271700,"Nigritella rhellicani aggr.",NA,"Orchidaceae",NA,52,1930,2024,NA,"Least concern",NA
1030400,271800,"Nigritella rubra (Wettst.) K. Richt.",NA,"Orchidaceae",NA,11,1982,2023,NA,"Near threatened",NA
1030860,275600,"Onobrychis viciifolia Scop.",NA,"Fabaceae",NA,6,1982,2025,NA,"",NA
1030940,276300,"Ononis repens L.",NA,"Fabaceae",NA,7,1974,2025,NA,"Least concern",NA
1030960,276600,"Ononis spinosa L.",NA,"Fabaceae",NA,4,2003,2022,NA,"Least concern",NA
1030955,276850,"Ononis spinosa aggr.",NA,"Fabaceae",NA,12,1974,2025,NA,"",NA
1031160,279100,"Ophrys insectifera L.",NA,"Orchidaceae",NA,31,1931,2024,NA,"Vulnerable",NA
1031350,280900,"Orchis mascula (L.) L.",NA,"Orchidaceae",NA,1,1986,1986,NA,"Least concern",NA
1031360,280950,"Orchis mascula (L.) L. subsp. mascula",NA,"Orchidaceae",NA,1,1986,1986,NA,"",NA
1031380,281000,"Orchis militaris L.",NA,"Orchidaceae",NA,3,1935,1992,NA,"Near threatened",NA
1031500,282200,"Orchis ustulata L.",NA,"Orchidaceae",NA,20,1979,2023,NA,"Near threatened",NA
1031525,282210,"Orchis ustulata L. var. ustulata",NA,"Orchidaceae",NA,11,1986,1986,NA,"",NA
1031527,282220,"Orchis ustulata var. aestivalis Kümpel",NA,"Orchidaceae",NA,1,1986,1986,NA,"",NA
1031540,282400,"Oreopteris limbosperma (All.) Holub",NA,"Thelypteridaceae",NA,3,1982,2024,NA,"Least concern",NA
1031560,282600,"Origanum vulgare L.",NA,"Lamiaceae",NA,1,1982,2025,NA,"Least concern",NA
1031680,283800,"Ornithogalum umbellatum L.",NA,"Asparagaceae",NA,1,2025,2025,NA,"Least concern",NA
1031675,283850,"Ornithogalum umbellatum aggr.",NA,"Asparagaceae",NA,2,2025,2025,NA,"",NA
1032000,286800,"Orthilia secunda (L.) House",NA,"Ericaceae",NA,10,1982,2025,NA,"Least concern",NA
1032070,287300,"Oxalis acetosella L.",NA,"Oxalidaceae",NA,14,1982,2025,NA,"Least concern",NA
1032270,289300,"Oxytropis jacquinii Bunge",NA,"Fabaceae",NA,1,1982,2023,NA,"Least concern",NA
1032460,291000,"Papaver croceum Ledeb.",NA,"Papaveraceae",NA,1,1966,2025,NA,"",NA
1032590,292600,"Paris quadrifolia L.",NA,"Melanthiaceae",NA,10,1982,2025,NA,"Least concern",NA
1032600,292700,"Parnassia palustris L.",NA,"Celastraceae",NA,15,1951,2025,NA,"Least concern",NA
1032800,294200,"Pedicularis foliosa L.",NA,"Orobanchaceae",NA,4,1954,2023,NA,"Least concern",NA
1032840,294600,"Pedicularis palustris L.",NA,"Orobanchaceae",NA,2,1982,2025,NA,"Near threatened",NA
1032940,295500,"Pedicularis verticillata L.",NA,"Orobanchaceae",NA,4,1898,2020,NA,"Least concern",NA
1033000,295700,"Petasites albus (L.) Gaertn.",NA,"Asteraceae",NA,16,1982,2025,NA,"Least concern",NA
1033020,296000,"Petasites paradoxus (Retz.) Baumg.",NA,"Asteraceae",NA,18,1982,2025,NA,"Least concern",NA
1033160,297200,"Peucedanum ostruthium (L.) W. D. J. Koch",NA,"Apiaceae",NA,5,1955,2024,NA,"Least concern",NA
1033290,298400,"Phegopteris connectilis (Michx.) Watt",NA,"Thelypteridaceae",NA,2,1966,2024,NA,"Least concern",NA
1033340,298800,"Phleum alpinum L.",NA,"Poaceae",NA,2,1930,2018,NA,"Least concern",NA
1033330,298900,"Phleum alpinum aggr.",NA,"Poaceae",NA,42,1930,2025,NA,"Least concern",NA
1033370,299600,"Phleum hirsutum Honck.",NA,"Poaceae",NA,8,1954,2023,NA,"Least concern",NA
1033410,300000,"Phleum pratense L.",NA,"Poaceae",NA,6,1950,2023,NA,"Least concern",NA
1033400,300005,"Phleum pratense aggr.",NA,"Poaceae",NA,6,1950,2023,NA,"Least concern",NA
1033420,300200,"Phleum rhaeticum (Humphries) Rauschert",NA,"Poaceae",NA,6,1982,2025,NA,"Least concern",NA
1033450,300300,"Phragmites australis (Cav.) Steud.",NA,"Poaceae",NA,1,1982,2025,NA,"Least concern",NA
1033570,300800,"Phyteuma betonicifolium Vill.",NA,"Campanulaceae",NA,20,1960,2025,NA,"Least concern",NA
1033630,301400,"Phyteuma hemisphaericum L.",NA,"Campanulaceae",NA,15,1950,1982,NA,"Least concern",NA
1033670,301800,"Phyteuma orbiculare L.",NA,"Campanulaceae",NA,20,1930,2025,NA,"Least concern",NA
1033680,301900,"Phyteuma ovatum Honck.",NA,"Campanulaceae",NA,10,1954,2023,NA,"Least concern",NA
1033740,302400,"Phyteuma spicatum L.",NA,"Campanulaceae",NA,1,1982,2003,NA,"Least concern",NA
1033800,302800,"Picea abies (L.) H. Karst.",NA,"Pinaceae",NA,29,1960,2026,NA,"Least concern",NA
1033830,303100,"Picris hieracioides L.",NA,"Asteraceae",NA,4,1982,2025,NA,"Least concern",NA
1033835,303130,"Picris hieracioides L. subsp. hieracioides",NA,"Asteraceae",NA,2,2025,2025,NA,"",NA
1033920,303800,"Pimpinella major (L.) Huds.",NA,"Apiaceae",NA,6,1951,2025,NA,"Least concern",NA
1033950,304100,"Pimpinella saxifraga aggr.",NA,"Apiaceae",NA,12,1982,2025,NA,"Least concern",NA
1033980,304300,"Pinguicula alpina L.",NA,"Lentibulariaceae",NA,4,1982,2025,NA,"Least concern",NA
1034050,304800,"Pinguicula vulgaris L.",NA,"Lentibulariaceae",NA,6,1982,2025,NA,"Near threatened",NA
1034080,305495,"Pinus mugo Turra",NA,"Pinaceae",NA,8,1982,2025,NA,"Least concern",NA
1034090,305500,"Pinus mugo Turra subsp. mugo",NA,"Pinaceae",NA,2,1982,2025,NA,"Least concern",NA
1034070,305800,"Pinus mugo subsp. uncinata (DC.) Domin",NA,"Pinaceae",NA,2,1982,2025,NA,"Least concern",NA
1034130,306100,"Pinus sylvestris L.",NA,"Pinaceae",NA,5,1982,2025,NA,"Least concern",NA
1034250,307000,"Plantago alpina L.",NA,"Plantaginaceae",NA,53,1930,2025,NA,"Least concern",NA
1034280,307250,"Plantago atrata Hoppe",NA,"Plantaginaceae",NA,32,1950,2024,NA,"Least concern",NA
1034290,307300,"Plantago atrata Hoppe subsp. atrata",NA,"Plantaginaceae",NA,1,1982,2002,NA,"",NA
1034330,307800,"Plantago lanceolata L.",NA,"Plantaginaceae",NA,46,1898,2025,NA,"Least concern",NA
1034350,307850,"Plantago major L.",NA,"Plantaginaceae",NA,9,1955,2025,NA,"Least concern",NA
1034360,307900,"Plantago major L. subsp. major",NA,"Plantaginaceae",NA,3,1982,2025,NA,"Least concern",NA
1034390,308100,"Plantago media L.",NA,"Plantaginaceae",NA,38,1953,2025,NA,"Least concern",NA
1034410,308300,"Plantago serpentina All.",NA,"Plantaginaceae",NA,1,1966,2003,NA,"Least concern",NA
1034405,308350,"Plantago serpentina aggr.",NA,"Plantaginaceae",NA,56,1930,2025,NA,"",NA
1034420,308400,"Platanthera bifolia (L.) Rich.",NA,"Orchidaceae",NA,38,1982,2024,NA,"Least concern",NA
1034470,309000,"Poa alpina L.",NA,"Poaceae",NA,55,1930,2025,NA,"Least concern",NA
1034480,309100,"Poa angustifolia L.",NA,"Poaceae",NA,1,2002,2002,NA,"Least concern",NA
1034490,309200,"Poa annua L.",NA,"Poaceae",NA,6,1930,2025,NA,"Least concern",NA
1034500,309400,"Poa badensis aggr.",NA,"Poaceae",NA,2,2002,2002,NA,"Near threatened",NA
1034540,309700,"Poa chaixii Vill.",NA,"Poaceae",NA,4,1951,2023,NA,"Least concern",NA
1034610,310400,"Poa molinerii Balb.",NA,"Poaceae",NA,2,2002,2002,NA,"Near threatened",NA
1034620,310500,"Poa nemoralis L.",NA,"Poaceae",NA,7,1982,2023,NA,"Least concern",NA
1034660,310800,"Poa pratensis L.",NA,"Poaceae",NA,10,1956,2025,NA,"Least concern",NA
1034650,310900,"Poa pratensis aggr.",NA,"Poaceae",NA,12,1956,2025,NA,"Least concern",NA
1034680,311100,"Poa supina Schrad.",NA,"Poaceae",NA,4,1975,2025,NA,"Least concern",NA
1034690,311295,"Poa trivialis L.",NA,"Poaceae",NA,19,1930,2025,NA,"Least concern",NA
1034700,311300,"Poa trivialis L. subsp. trivialis",NA,"Poaceae",NA,1,1982,2025,NA,"Least concern",NA
1034770,312300,"Polygala alpestris Rchb.",NA,"Polygalaceae",NA,9,1898,2003,NA,"Least concern",NA
1034785,312490,"Polygala amara aggr.",NA,"Polygalaceae",NA,8,1982,2025,NA,"",NA
1034800,312500,"Polygala amarella Crantz",NA,"Polygalaceae",NA,3,1982,2025,NA,"Least concern",NA
1034830,312700,"Polygala chamaebuxus L.",NA,"Polygalaceae",NA,18,1898,2025,NA,"Least concern",NA
1034890,313195,"Polygala vulgaris L.",NA,"Polygalaceae",NA,12,1982,2025,NA,"Least concern",NA
1034900,313200,"Polygala vulgaris L. subsp. vulgaris",NA,"Polygalaceae",NA,2,1982,2025,NA,"Least concern",NA
1034940,313700,"Polygonatum verticillatum (L.) All.",NA,"Asparagaceae",NA,4,1982,2024,NA,"Least concern",NA
1034990,314190,"Polygonum aviculare L.",NA,"Polygonaceae",NA,7,1930,2025,NA,"Least concern",NA
1034980,314300,"Polygonum aviculare aggr.",NA,"Polygonaceae",NA,8,1930,2025,NA,"Least concern",NA
1035010,314400,"Polygonum bistorta L.",NA,"Polygonaceae",NA,1,1955,1982,NA,"Least concern",NA
1035140,315600,"Polygonum persicaria L.",NA,"Polygonaceae",NA,5,1930,1966,NA,"Least concern",NA
1035170,315800,"Polygonum viviparum L.",NA,"Polygonaceae",NA,30,1950,2024,NA,"Least concern",NA
1035200,316400,"Polypodium vulgare L.",NA,"Polypodiaceae",NA,1,1982,2024,NA,"Least concern",NA
1035240,316500,"Polystichum aculeatum (L.) Roth",NA,"Dryopteridaceae",NA,3,1982,2024,NA,"Least concern",NA
1035260,316800,"Polystichum lonchitis (L.) Roth",NA,"Dryopteridaceae",NA,2,1982,2024,NA,"Least concern",NA
1035360,317500,"Populus tremula L.",NA,"Salicaceae",NA,2,1982,2025,NA,"Least concern",NA
1035460,318200,"Potamogeton berchtoldii Fieber",NA,"Potamogetonaceae",NA,2,1966,2025,NA,"Least concern",NA
1035550,319200,"Potamogeton natans L.",NA,"Potamogetonaceae",NA,13,1981,2025,NA,"Least concern",NA
1035590,319800,"Potamogeton perfoliatus L.",NA,"Potamogetonaceae",NA,1,1981,1982,NA,"Least concern",NA
1035615,320350,"Potamogeton pusillus aggr.",NA,"Potamogetonaceae",NA,2,1966,2025,NA,"",NA
1035700,320900,"Potentilla anserina L.",NA,"Rosaceae",NA,6,1982,2025,NA,"Least concern",NA
1035720,321300,"Potentilla aurea L.",NA,"Rosaceae",NA,55,1930,2025,NA,"Least concern",NA
1035790,322100,"Potentilla crantzii (Crantz) Fritsch",NA,"Rosaceae",NA,1,1982,2018,NA,"Least concern",NA
1035810,322400,"Potentilla erecta (L.) Raeusch.",NA,"Rosaceae",NA,93,1898,2025,NA,"Least concern",NA
1035850,322700,"Potentilla grandiflora L.",NA,"Rosaceae",NA,4,1898,2025,NA,"Least concern",NA
1035990,323800,"Potentilla palustris (L.) Scop.",NA,"Rosaceae",NA,2,1966,2025,NA,"Near threatened",NA
1036020,324300,"Potentilla pusilla Host",NA,"Rosaceae",NA,9,1982,2025,NA,"Least concern",NA
1036030,324400,"Potentilla recta L.",NA,"Rosaceae",NA,1,2022,2022,NA,"Least concern",NA
1036040,324500,"Potentilla reptans L.",NA,"Rosaceae",NA,4,1982,2025,NA,"Least concern",NA
1036060,324700,"Potentilla sterilis (L.) Garcke",NA,"Rosaceae",NA,1,2003,2003,NA,"Least concern",NA
1036090,325100,"Potentilla verna L.",NA,"Rosaceae",NA,4,1950,2023,NA,"Least concern",NA
1036120,325200,"Prenanthes purpurea L.",NA,"Asteraceae",NA,5,1982,2025,NA,"Least concern",NA
1036180,325700,"Primula auricula L.",NA,"Primulaceae",NA,1,1982,2022,NA,"Least concern",NA
1036200,325950,"Primula elatior (L.) L.",NA,"Primulaceae",NA,6,1955,2025,NA,"Least concern",NA
1036230,326200,"Primula farinosa L.",NA,"Primulaceae",NA,7,1967,2025,NA,"Least concern",NA
1036290,326700,"Primula integrifolia L.",NA,"Primulaceae",NA,22,1950,2025,NA,"Least concern",NA
1036330,327195,"Primula veris L.",NA,"Primulaceae",NA,13,1955,2025,NA,"Least concern",NA
1036340,327200,"Primula veris L. subsp. veris",NA,"Primulaceae",NA,2,1982,2025,NA,"Least concern",NA
1036430,327650,"Pritzelago alpina (L.) Kuntze",NA,"Brassicaceae",NA,1,1930,1982,NA,"Least concern",NA
1036440,327700,"Pritzelago alpina (L.) Kuntze subsp. alpina",NA,"Brassicaceae",NA,1,1930,1982,NA,"Least concern",NA
1036460,327900,"Prunella grandiflora (L.) Scholler",NA,"Lamiaceae",NA,12,1982,2025,NA,"Least concern",NA
1036480,328100,"Prunella vulgaris L.",NA,"Lamiaceae",NA,38,1950,2025,NA,"Least concern",NA
1036590,329400,"Prunus laurocerasus L.",NA,"Rosaceae",NA,2,2020,2022,NA,"",NA
1036630,329700,"Prunus padus L. subsp. padus",NA,"Rosaceae",NA,3,2025,2025,NA,"Least concern",NA
1036710,330400,"Pseudorchis albida (L.) Á. Löve & D. Löve",NA,"Orchidaceae",NA,43,1950,2024,NA,"Least concern",NA
1036760,330800,"Pteridium aquilinum (L.) Kuhn",NA,"Dennstaedtiaceae",NA,10,1982,2025,NA,"Least concern",NA
1036980,333195,"Pulsatilla alpina (L.) Delarbre",NA,"Ranunculaceae",NA,6,1982,2024,NA,"Least concern",NA
1036990,333200,"Pulsatilla alpina (L.) Delarbre subsp. alpina",NA,"Ranunculaceae",NA,1,1982,2023,NA,"Least concern",NA
1037010,333390,"Pulsatilla alpina subsp. apiifolia (Scop.) Nyman",NA,"Ranunculaceae",NA,2,1982,2023,NA,"Least concern",NA
1037090,334100,"Pulsatilla vernalis (L.) Mill.",NA,"Ranunculaceae",NA,5,1951,2025,NA,"Least concern",NA
1037170,334600,"Pyrola minor L.",NA,"Ericaceae",NA,4,2005,2025,NA,"Least concern",NA
1037180,334700,"Pyrola rotundifolia L.",NA,"Ericaceae",NA,1,1982,2020,NA,"Least concern",NA
1037360,336500,"Ranunculus aconitifolius L.",NA,"Ranunculaceae",NA,5,1955,2025,NA,"Least concern",NA
1037370,336595,"Ranunculus acris L.",NA,"Ranunculaceae",NA,25,1951,2025,NA,"Least concern",NA
1037380,336600,"Ranunculus acris L. subsp. acris",NA,"Ranunculaceae",NA,9,1951,2025,NA,"Least concern",NA
1037390,336700,"Ranunculus acris subsp. friesianus (Jord.) Syme",NA,"Ranunculaceae",NA,3,1953,2025,NA,"Least concern",NA
1037410,336800,"Ranunculus alpestris L.",NA,"Ranunculaceae",NA,1,1982,2020,NA,"Least concern",NA
1037440,336900,"Ranunculus aquatilis L.",NA,"Ranunculaceae",NA,1,1981,1981,NA,"Vulnerable",NA
1037415,337000,"Ranunculus aquatilis aggr.",NA,"Ranunculaceae",NA,1,1981,1981,NA,"Vulnerable",NA
1037510,337700,"Ranunculus bulbosus L.",NA,"Ranunculaceae",NA,16,1962,2025,NA,"Least concern",NA
1037515,337750,"Ranunculus bulbosus L. subsp. bulbosus",NA,"Ranunculaceae",NA,3,2025,2025,NA,"",NA
1037660,339200,"Ranunculus kuepferi Greuter & Burdet",NA,"Ranunculaceae",NA,4,2022,2023,NA,"Least concern",NA
1037710,339500,"Ranunculus montanus Willd.",NA,"Ranunculaceae",NA,50,1930,2025,NA,"Least concern",NA
1037700,339505,"Ranunculus montanus aggr.",NA,"Ranunculaceae",NA,69,1930,2025,NA,"Least concern",NA
1037840,340900,"Ranunculus repens L.",NA,"Ranunculaceae",NA,7,1930,2025,NA,"Least concern",NA
1037940,341895,"Ranunculus trichophyllus Chaix",NA,"Ranunculaceae",NA,2,2025,2025,NA,"Least concern",NA
1037960,342000,"Ranunculus trichophyllus subsp. eradicatus (Laest.) C. D. K. Cook",NA,"Ranunculaceae",NA,1,2025,2025,NA,"Least concern",NA
1037965,342210,"Ranunculus tuberosus aggr.",NA,"Ranunculaceae",NA,15,1951,2023,NA,"Least concern",NA
1038000,342400,"Ranunculus villarsii DC.",NA,"Ranunculaceae",NA,4,1982,2025,NA,"Least concern",NA
1038020,342500,"Raphanus raphanistrum L.",NA,"Brassicaceae",NA,2,1930,1982,NA,"Least concern",NA
1038220,344000,"Rheum rhabarbarum L.",NA,"Polygonaceae",NA,1,2025,2025,NA,"",NA
1038230,344100,"Rhinanthus alectorolophus (Scop.) Pollich",NA,"Orobanchaceae",NA,24,1954,2025,NA,"Least concern",NA
1038280,344700,"Rhinanthus glacialis Personnat",NA,"Orobanchaceae",NA,1,1982,2023,NA,"Least concern",NA
1038290,344800,"Rhinanthus minor L.",NA,"Orobanchaceae",NA,8,1974,2025,NA,"Least concern",NA
1038330,345300,"Rhododendron ferrugineum L.",NA,"Ericaceae",NA,10,1960,2025,NA,"Least concern",NA
1038340,345400,"Rhododendron hirsutum L.",NA,"Ericaceae",NA,1,1982,2018,NA,"Least concern",NA
1038460,346300,"Ribes rubrum L.",NA,"Grossulariaceae",NA,2,2025,2025,NA,"",NA
1038540,346800,"Rorippa islandica (Gunnerus) Borbás",NA,"Brassicaceae",NA,1,2025,2025,NA,"Near threatened",NA
1038550,346805,"Rorippa islandica aggr.",NA,"Brassicaceae",NA,1,2025,2025,NA,"Least concern",NA
1038650,347800,"Rosa canina L.",NA,"Rosaceae",NA,6,1982,2024,NA,"Least concern",NA
1038645,347850,"Rosa canina aggr.",NA,"Rosaceae",NA,7,1982,2025,NA,"Least concern",NA
1038665,348310,"Rosa corymbifera aggr.",NA,"Rosaceae",NA,0,1966,1982,NA,"",NA
1038720,348700,"Rosa glauca Pourr.",NA,"Rosaceae",NA,2,1982,2025,NA,"Least concern",NA
1038830,349500,"Rosa pendulina L.",NA,"Rosaceae",NA,2,1982,2025,NA,"Least concern",NA
1038870,349950,"Rosa rubiginosa aggr.",NA,"Rosaceae",NA,0,1966,1966,NA,"Near threatened",NA
1038890,350050,"Rosa rugosa Thunb.",NA,"Rosaceae",NA,1,2025,2025,NA,"",NA
1039550,354400,"Rubus idaeus L.",NA,"Rosaceae",NA,14,1982,2025,NA,"Least concern",NA
1039950,357400,"Rubus saxatilis L.",NA,"Rosaceae",NA,12,1982,2025,NA,"Least concern",NA
1040140,358900,"Rumex acetosa L.",NA,"Polygonaceae",NA,13,1962,2025,NA,"Least concern",NA
1040160,359000,"Rumex acetosella L.",NA,"Polygonaceae",NA,1,1966,2024,NA,"Least concern",NA
1040190,359300,"Rumex alpestris Jacq.",NA,"Polygonaceae",NA,14,1954,2025,NA,"Least concern",NA
1040200,359400,"Rumex alpinus L.",NA,"Polygonaceae",NA,5,1955,2025,NA,"Least concern",NA
1040290,360400,"Rumex obtusifolius L.",NA,"Polygonaceae",NA,3,1982,2024,NA,"Least concern",NA
1040480,362300,"Sagina saginoides (L.) H. Karst.",NA,"Caryophyllaceae",NA,15,1930,2025,NA,"Least concern",NA
1040590,363100,"Salix appendiculata Vill.",NA,"Salicaceae",NA,6,1982,2025,NA,"Least concern",NA
1040670,363700,"Salix caprea L.",NA,"Salicaceae",NA,3,1982,2025,NA,"Least concern",NA
1040680,363800,"Salix cinerea L.",NA,"Salicaceae",NA,1,2025,2025,NA,"Least concern",NA
1040710,364000,"Salix elaeagnos Scop.",NA,"Salicaceae",NA,2,1982,2025,NA,"Least concern",NA
1040750,364200,"Salix foetida DC.",NA,"Salicaceae",NA,2,1982,2025,NA,"Least concern",NA
1040800,364700,"Salix helvetica Vill.",NA,"Salicaceae",NA,1,2025,2025,NA,"Least concern",NA
1040860,365000,"Salix myrsinifolia Salisb.",NA,"Salicaceae",NA,3,1982,2025,NA,"Least concern",NA
1040980,366100,"Salix reticulata L.",NA,"Salicaceae",NA,1,1982,2024,NA,"Least concern",NA
1040990,366200,"Salix retusa L.",NA,"Salicaceae",NA,1,1950,1982,NA,"Least concern",NA
1041010,366300,"Salix serpillifolia Scop.",NA,"Salicaceae",NA,1,2022,2022,NA,"Least concern",NA
1041170,367300,"Salvia glutinosa L.",NA,"Lamiaceae",NA,4,1982,2025,NA,"Least concern",NA
1041200,367600,"Salvia pratensis L.",NA,"Lamiaceae",NA,16,1962,2025,NA,"Least concern",NA
1041240,368000,"Salvia verticillata L.",NA,"Lamiaceae",NA,2,1966,2023,NA,"",NA
1041280,368300,"Sambucus nigra L.",NA,"Adoxaceae",NA,6,1982,2025,NA,"Least concern",NA
1041300,368400,"Sambucus racemosa L.",NA,"Adoxaceae",NA,7,1982,2025,NA,"Least concern",NA
1041340,368650,"Sanguisorba minor Scop.",NA,"Rosaceae",NA,20,1967,2025,NA,"Least concern",NA
1041350,368700,"Sanguisorba minor Scop. subsp. minor",NA,"Rosaceae",NA,4,1982,2023,NA,"Least concern",NA
1041380,369100,"Sanicula europaea L.",NA,"Apiaceae",NA,1,1982,2024,NA,"Least concern",NA
1041410,369400,"Saponaria ocymoides L.",NA,"Caryophyllaceae",NA,3,1982,2025,NA,"Least concern",NA
1041510,371050,"Saussurea alpina (L.) DC.",NA,"Asteraceae",NA,0,1982,1982,NA,"Least concern",NA
1041520,371100,"Saussurea alpina (L.) DC. subsp. alpina",NA,"Asteraceae",NA,0,1982,1982,NA,"Least concern",NA
1041560,371600,"Saxifraga aizoides L.",NA,"Saxifragaceae",NA,4,1982,2025,NA,"Least concern",NA
1041650,372500,"Saxifraga caesia L.",NA,"Saxifragaceae",NA,2,1982,2018,NA,"Least concern",NA
1041890,374600,"Saxifraga paniculata Mill.",NA,"Saxifragaceae",NA,2,1982,2025,NA,"Least concern",NA
1041980,375400,"Saxifraga rotundifolia L.",NA,"Saxifragaceae",NA,1,1982,2023,NA,"Least concern",NA
1042010,375800,"Saxifraga stellaris L.",NA,"Saxifragaceae",NA,1,1982,2025,NA,"Least concern",NA
1042030,376000,"Saxifraga tridactylites L.",NA,"Saxifragaceae",NA,3,2025,2025,NA,"Least concern",NA
1042090,376500,"Scabiosa columbaria L.",NA,"Caprifoliaceae",NA,16,1967,2025,NA,"Least concern",NA
1042100,376600,"Scabiosa columbaria L. subsp. columbaria",NA,"Caprifoliaceae",NA,1,2025,2025,NA,"Least concern",NA
1042120,377100,"Scabiosa lucida Vill.",NA,"Caprifoliaceae",NA,13,1898,2024,NA,"Least concern",NA
1042300,379000,"Schoenus ferrugineus L.",NA,"Cyperaceae",NA,2,1982,2023,NA,"Near threatened",NA
1042750,383200,"Sedum album L.",NA,"Crassulaceae",NA,2,1982,2025,NA,"Least concern",NA
1042840,383900,"Sedum dasyphyllum L.",NA,"Crassulaceae",NA,5,1982,2025,NA,"Least concern",NA
1042870,384300,"Sedum hispanicum L.",NA,"Crassulaceae",NA,10,2025,2025,NA,"Least concern",NA
1042960,385210,"Sedum rupestre aggr.",NA,"Crassulaceae",NA,1,1982,2025,NA,"Least concern",NA
1043000,385500,"Sedum sexangulare L.",NA,"Crassulaceae",NA,9,1930,2025,NA,"Least concern",NA
1043020,385600,"Sedum spurium M. Bieb.",NA,"Crassulaceae",NA,6,2023,2025,NA,"",NA
1043100,386300,"Selaginella selaginoides (L.) Schrank & Mart.",NA,"Selaginellaceae",NA,31,1950,2025,NA,"Least concern",NA
1043250,387600,"Senecio alpinus (L.) Scop.",NA,"Asteraceae",NA,3,1982,2024,NA,"Least concern",NA
1043280,388200,"Senecio doronicum (L.) L.",NA,"Asteraceae",NA,6,1898,2024,NA,"Least concern",NA
1043350,388900,"Senecio hercynicus Herborg",NA,"Asteraceae",NA,2,1982,2025,NA,"Least concern",NA
1043430,389800,"Senecio ovatus (G. Gaertn. & al.) Willd.",NA,"Asteraceae",NA,6,1982,2025,NA,"Least concern",NA
1043425,389870,"Senecio ovatus aggr.",NA,"Asteraceae",NA,12,1982,2025,NA,"",NA
1043520,390400,"Senecio viscosus L.",NA,"Asteraceae",NA,2,1982,2025,NA,"Least concern",NA
1043530,390500,"Senecio vulgaris L.",NA,"Asteraceae",NA,4,1982,2025,NA,"Least concern",NA
1043700,392200,"Sesleria caerulea (L.) Ard.",NA,"Poaceae",NA,17,1982,2025,NA,"Least concern",NA
1043830,393600,"Sherardia arvensis L.",NA,"Rubiaceae",NA,4,1930,1966,NA,"Least concern",NA
1043840,393700,"Sibbaldia procumbens L.",NA,"Rosaceae",NA,6,1950,1966,NA,"Least concern",NA
1043890,394300,"Silene acaulis (L.) Jacq.",NA,"Caryophyllaceae",NA,1,1982,2018,NA,"Least concern",NA
1043940,394900,"Silene dioica (L.) Clairv.",NA,"Caryophyllaceae",NA,15,1954,2025,NA,"Least concern",NA
1044020,396050,"Silene nutans L.",NA,"Caryophyllaceae",NA,9,1953,2025,NA,"Least concern",NA
1044030,396100,"Silene nutans L. subsp. nutans",NA,"Caryophyllaceae",NA,1,1982,2025,NA,"Least concern",NA
1044080,396800,"Silene rupestris L.",NA,"Caryophyllaceae",NA,4,1982,2024,NA,"Least concern",NA
1044140,397295,"Silene vulgaris (Moench) Garcke",NA,"Caryophyllaceae",NA,23,1898,2025,NA,"Least concern",NA
1044150,397300,"Silene vulgaris (Moench) Garcke subsp. vulgaris",NA,"Caryophyllaceae",NA,2,1982,2025,NA,"Least concern",NA
1044220,398000,"Sinapis arvensis L.",NA,"Brassicaceae",NA,2,1930,1982,NA,"Least concern",NA
1044350,399200,"Sisyrinchium montanum Greene",NA,"Iridaceae",NA,1,2002,2002,NA,"",NA
1044400,399500,"Solanum dulcamara L.",NA,"Solanaceae",NA,1,1982,2024,NA,"Least concern",NA
1044540,400600,"Soldanella alpina L.",NA,"Primulaceae",NA,30,1950,2025,NA,"Least concern",NA
1044560,400800,"Soldanella pusilla Baumg.",NA,"Primulaceae",NA,4,1952,2023,NA,"Least concern",NA
1044575,401050,"Solidago canadensis aggr.",NA,"Asteraceae",NA,2,2003,2011,NA,"",NA
1044590,401100,"Solidago gigantea Aiton",NA,"Asteraceae",NA,1,2003,2003,NA,"",NA
1044620,401395,"Solidago virgaurea L.",NA,"Asteraceae",NA,29,1951,2025,NA,"Least concern",NA
1044640,401500,"Solidago virgaurea subsp. minuta (L.) Arcang.",NA,"Asteraceae",NA,3,2018,2024,NA,"Least concern",NA
1044650,401595,"Sonchus arvensis L.",NA,"Asteraceae",NA,1,1982,2025,NA,"Least concern",NA
1044680,401800,"Sonchus asper Hill",NA,"Asteraceae",NA,4,1982,2025,NA,"Least concern",NA
1044690,401900,"Sonchus oleraceus L.",NA,"Asteraceae",NA,4,1930,2025,NA,"Least concern",NA
1044730,402200,"Sorbus aria (L.) Crantz",NA,"Rosaceae",NA,5,1982,2025,NA,"Least concern",NA
1044725,402250,"Sorbus aria aggr.",NA,"Rosaceae",NA,5,1982,2025,NA,"",NA
1044740,402300,"Sorbus aucuparia L.",NA,"Rosaceae",NA,19,1982,2025,NA,"Least concern",NA
1044770,402400,"Sorbus chamaemespilus (L.) Crantz",NA,"Rosaceae",NA,8,1982,2024,NA,"Least concern",NA
1044870,402900,"Sparganium angustifolium Michx.",NA,"Typhaceae",NA,15,1982,2025,NA,"Near threatened",NA
1045230,406000,"Stachys officinalis (L.) Trevis.",NA,"Lamiaceae",NA,1,1966,2022,NA,"Least concern",NA
1045310,406800,"Stachys sylvatica L.",NA,"Lamiaceae",NA,2,1982,2025,NA,"Least concern",NA
1045360,407500,"Stellaria graminea L.",NA,"Caryophyllaceae",NA,4,1966,2024,NA,"Least concern",NA
1045390,407800,"Stellaria media (L.) Vill.",NA,"Caryophyllaceae",NA,15,1930,2025,NA,"Least concern",NA
1045400,407805,"Stellaria media aggr.",NA,"Caryophyllaceae",NA,15,1930,2025,NA,"Least concern",NA
1045420,408095,"Stellaria nemorum L.",NA,"Caryophyllaceae",NA,1,2022,2022,NA,"Least concern",NA
1045470,408600,"Stemmacantha rhapontica (L.) Dittrich",NA,"Asteraceae",NA,5,1982,2023,NA,"Least concern",NA
1045670,409800,"Streptopus amplexifolius (L.) DC.",NA,"Liliaceae",NA,2,1966,2024,NA,"Least concern",NA
1045690,410100,"Succisa pratensis Moench",NA,"Caprifoliaceae",NA,1,1966,2002,NA,"Least concern",NA
1045785,410850,"Symphytum officinale aggr.",NA,"Boraginaceae",NA,1,2024,2024,NA,"",NA
1045990,411800,"Tanacetum vulgare L.",NA,"Asteraceae",NA,2,1966,2025,NA,"Least concern",NA
1046080,413100,"Taraxacum officinale aggr.",NA,"Asteraceae",NA,53,1930,2025,NA,"Least concern",NA
1046270,415000,"Teucrium chamaedrys L.",NA,"Lamiaceae",NA,9,1982,2025,NA,"Least concern",NA
1046300,415100,"Teucrium montanum L.",NA,"Lamiaceae",NA,12,1982,2025,NA,"Least concern",NA
1046340,415500,"Thalictrum aquilegiifolium L.",NA,"Ranunculaceae",NA,3,1982,2020,NA,"Least concern",NA
1046450,417200,"Thesium alpinum L.",NA,"Santalaceae",NA,21,1951,2025,NA,"Least concern",NA
1046500,417700,"Thesium pyrenaicum Pourr.",NA,"Santalaceae",NA,2,1982,2022,NA,"Least concern",NA
1046570,418200,"Thlaspi arvense L.",NA,"Brassicaceae",NA,1,1982,2023,NA,"Least concern",NA
1046740,419900,"Thymus alpestris (Čelak.) A. Kern.",NA,"Lamiaceae",NA,5,2022,2022,NA,"Least concern",NA
1046830,420750,"Thymus praecox Opiz",NA,"Lamiaceae",NA,5,2003,2025,NA,"",NA
1046860,420940,"Thymus pulegioides L.",NA,"Lamiaceae",NA,6,1982,2025,NA,"",NA
1046890,421200,"Thymus serpyllum aggr.",NA,"Lamiaceae",NA,51,1898,2025,NA,"Least concern",NA
1047180,422950,"Tragopogon pratensis L.",NA,"Asteraceae",NA,18,1954,2025,NA,"Least concern",NA
1047220,423300,"Tragopogon pratensis subsp. orientalis (L.) Čelak.",NA,"Asteraceae",NA,6,1954,2025,NA,"Least concern",NA
1047250,423600,"Traunsteinera globosa (L.) Rchb.",NA,"Orchidaceae",NA,23,1979,2019,NA,"Least concern",NA
1047290,423900,"Trichophorum cespitosum (L.) Hartm.",NA,"Cyperaceae",NA,3,1982,2025,NA,"Least concern",NA
1047300,423930,"Trichophorum cespitosum (L.) Hartm. subsp. cespitosum",NA,"Cyperaceae",NA,1,2025,2025,NA,"",NA
1047370,424500,"Trifolium alpinum L.",NA,"Fabaceae",NA,4,1930,2002,NA,"Least concern",NA
1047410,424900,"Trifolium badium Schreb.",NA,"Fabaceae",NA,39,1950,2025,NA,"Least concern",NA
1047430,425100,"Trifolium dubium Sibth.",NA,"Fabaceae",NA,1,1951,1966,NA,"Least concern",NA
1047540,426300,"Trifolium montanum L.",NA,"Fabaceae",NA,35,1955,2025,NA,"Least concern",NA
1047600,426895,"Trifolium pratense L.",NA,"Fabaceae",NA,110,1898,2025,NA,"Least concern",NA
1047610,426900,"Trifolium pratense L. subsp. pratense",NA,"Fabaceae",NA,9,1982,2025,NA,"Least concern",NA
1047620,427000,"Trifolium pratense subsp. nivale (W. D. J. Koch) Ces.",NA,"Fabaceae",NA,3,1951,2024,NA,"Least concern",NA
1047630,427100,"Trifolium repens L.",NA,"Fabaceae",NA,75,1930,2025,NA,"Least concern",NA
1047640,427200,"Trifolium repens L. subsp. repens",NA,"Fabaceae",NA,3,2011,2025,NA,"Least concern",NA
1047760,428100,"Trifolium thalii Vill.",NA,"Fabaceae",NA,8,1951,2020,NA,"Least concern",NA
1047890,429400,"Trisetum flavescens (L.) P. Beauv.",NA,"Poaceae",NA,24,1953,2025,NA,"Least concern",NA
1048030,430600,"Trollius europaeus L.",NA,"Ranunculaceae",NA,40,1950,2025,NA,"Least concern",NA
1048100,431100,"Tulipa gesneriana L.",NA,"Liliaceae",NA,1,2025,2025,NA,"",NA
1048220,432000,"Tussilago farfara L.",NA,"Asteraceae",NA,20,1982,2025,NA,"Least concern",NA
1048360,433400,"Urtica dioica L.",NA,"Urticaceae",NA,10,1982,2025,NA,"Least concern",NA
1048470,434500,"Vaccinium gaultherioides Bigelow",NA,"Ericaceae",NA,3,2018,2025,NA,"Least concern",NA
1048500,434800,"Vaccinium myrtillus L.",NA,"Ericaceae",NA,44,1930,2025,NA,"Least concern",NA
1048530,435000,"Vaccinium uliginosum L.",NA,"Ericaceae",NA,6,2003,2022,NA,"Near threatened",NA
1048520,435100,"Vaccinium uliginosum aggr.",NA,"Ericaceae",NA,41,1950,2025,NA,"Least concern",NA
1048540,435300,"Vaccinium vitis-idaea L.",NA,"Ericaceae",NA,14,1951,2003,NA,"Least concern",NA
1048690,436700,"Valeriana tripteris L.",NA,"Caprifoliaceae",NA,1,1982,2023,NA,"Least concern",NA
1048730,437100,"Valerianella carinata Loisel.",NA,"Caprifoliaceae",NA,1,1966,2024,NA,"Least concern",NA
1048780,437500,"Valerianella locusta (L.) Laterr.",NA,"Caprifoliaceae",NA,10,1982,2025,NA,"Least concern",NA
1048775,437550,"Valerianella locusta aggr.",NA,"Caprifoliaceae",NA,11,1966,2025,NA,"",NA
1048820,437800,"Veratrum album L.",NA,"Melanthiaceae",NA,8,1955,2025,NA,"Least concern",NA
1048840,438000,"Veratrum album subsp. lobelianum (Bernh.) Arcang.",NA,"Melanthiaceae",NA,1,2023,2023,NA,"Least concern",NA
1048940,439000,"Verbascum lychnitis L.",NA,"Scrophulariaceae",NA,3,1982,2025,NA,"Least concern",NA
1049020,439650,"Verbascum thapsus L.",NA,"Scrophulariaceae",NA,1,1966,2025,NA,"Least concern",NA
1049040,439850,"Verbascum thapsus subsp. montanum (Schrad.) Bonnier & Layens",NA,"Scrophulariaceae",NA,1,1966,2025,NA,"Least concern",NA
1049070,440000,"Verbena officinalis L.",NA,"Verbenaceae",NA,1,1982,2025,NA,"Least concern",NA
1049100,440200,"Veronica agrestis L.",NA,"Plantaginaceae",NA,5,1930,1982,NA,"Least concern",NA
1049120,440400,"Veronica alpina L.",NA,"Plantaginaceae",NA,1,1975,1982,NA,"Least concern",NA
1049160,440800,"Veronica arvensis L.",NA,"Plantaginaceae",NA,10,1982,2025,NA,"Least concern",NA
1049180,441000,"Veronica beccabunga L.",NA,"Plantaginaceae",NA,2,1982,2025,NA,"Least concern",NA
1049190,441100,"Veronica bellidioides L.",NA,"Plantaginaceae",NA,1,1960,1982,NA,"Least concern",NA
1049210,441400,"Veronica chamaedrys L.",NA,"Plantaginaceae",NA,38,1953,2025,NA,"Least concern",NA
1049220,441430,"Veronica chamaedrys L. subsp. chamaedrys",NA,"Plantaginaceae",NA,2,2025,2025,NA,"",NA
1049270,441700,"Veronica fruticans Jacq.",NA,"Plantaginaceae",NA,1,1898,1982,NA,"Least concern",NA
1049290,441900,"Veronica hederifolia L.",NA,"Plantaginaceae",NA,8,1982,2025,NA,"Least concern",NA
1049300,442000,"Veronica hederifolia L. subsp. hederifolia",NA,"Plantaginaceae",NA,4,2025,2025,NA,"Least concern",NA
1049340,442400,"Veronica officinalis L.",NA,"Plantaginaceae",NA,14,1960,2025,NA,"Least concern",NA
1049380,442700,"Veronica persica Poir.",NA,"Plantaginaceae",NA,4,1930,2025,NA,"",NA
1049460,443395,"Veronica serpyllifolia L.",NA,"Plantaginaceae",NA,3,1951,2003,NA,"Least concern",NA
1049490,443900,"Veronica teucrium L.",NA,"Plantaginaceae",NA,2,1982,2023,NA,"Least concern",NA
1049520,444100,"Veronica urticifolia Jacq.",NA,"Plantaginaceae",NA,6,1982,2025,NA,"Least concern",NA
1049620,444995,"Vicia cracca L.",NA,"Fabaceae",NA,17,1930,2025,NA,"Least concern",NA
1049630,445000,"Vicia cracca L. subsp. cracca",NA,"Fabaceae",NA,1,1982,2025,NA,"Least concern",NA
1049640,445100,"Vicia cracca subsp. incana (Gouan) Rouy",NA,"Fabaceae",NA,2,1982,2025,NA,"Least concern",NA
1049710,445800,"Vicia hirsuta (L.) Gray",NA,"Fabaceae",NA,3,1930,1930,NA,"Least concern",NA
1049820,446995,"Vicia sativa L.",NA,"Fabaceae",NA,5,1930,2024,NA,"Least concern",NA
1049850,447200,"Vicia sativa subsp. nigra (L.) Ehrh.",NA,"Fabaceae",NA,4,1930,1982,NA,"Least concern",NA
1049860,447400,"Vicia sepium L.",NA,"Fabaceae",NA,12,1962,2025,NA,"Least concern",NA
1049880,447700,"Vicia sylvatica L.",NA,"Fabaceae",NA,1,1982,2022,NA,"Least concern",NA
1050010,449100,"Viola biflora L.",NA,"Violaceae",NA,13,1960,2023,NA,"Least concern",NA
1050020,449200,"Viola calcarata L.",NA,"Violaceae",NA,23,1950,2022,NA,"Least concern",NA
1050060,449250,"Viola canina L.",NA,"Violaceae",NA,4,1960,2025,NA,"Near threatened",NA
1050170,450300,"Viola hirta L.",NA,"Violaceae",NA,3,1982,2025,NA,"Least concern",NA
1050220,451100,"Viola palustris L.",NA,"Violaceae",NA,7,1982,2025,NA,"Least concern",NA
1050340,452500,"Viola tricolor L.",NA,"Violaceae",NA,5,1954,2023,NA,"",NA
1050330,452510,"Viola tricolor aggr.",NA,"Violaceae",NA,6,1954,2023,NA,"Least concern",NA
1050350,452505,"Viola tricolor subsp. subalpina Gaudin",NA,"Violaceae",NA,4,1954,1962,NA,"Least concern",NA
1050380,452600,"Viscum album L.",NA,"Santalaceae",NA,0,1982,1982,NA,"Least concern",NA
1050470,453900,"Vulpia myuros (L.) C. C. Gmel.",NA,"Poaceae",NA,4,2025,2025,NA,"Least concern",NA
1050530,454200,"Willemetia stipitata (Jacq.) Dalla Torre",NA,"Asteraceae",NA,3,1955,2025,NA,"Near threatened",NA
1000000,100,"Abies alba Mill.",NA,"Pinaceae",NA,1,2025,2025,NA,"Least concern",NA
1000180,1000,"Achillea atrata L.",NA,"Asteraceae",NA,11,1982,2025,NA,"Least concern",NA
1000260,1350,"Achillea erba-rotta All.",NA,"Asteraceae",NA,4,1982,2025,NA,"Least concern",NA
1000290,1500,"Achillea erba-rotta subsp. moschata (Wulfen) Vacc.",NA,"Asteraceae",NA,4,1982,2025,NA,"Least concern",NA
1000330,1700,"Achillea millefolium L.",NA,"Asteraceae",NA,3,1982,2024,NA,"Least concern",NA
1000320,1706,"Achillea millefolium aggr.",NA,"Asteraceae",NA,11,1982,2024,NA,"Least concern",NA
1000460,2800,"Acinos alpinus (L.) Moench",NA,"Lamiaceae",NA,6,1982,2023,NA,"Least concern",NA
1000543,3510,"Aconitum lycoctonum L.",NA,"Ranunculaceae",NA,1,1982,2023,NA,"Least concern",NA
1000545,3530,"Aconitum lycoctonum subsp. vulparia (Rchb.) Nyman",NA,"Ranunculaceae",NA,0,1982,1982,NA,"Least concern",NA
1000563,3540,"Aconitum napellus L.",NA,"Ranunculaceae",NA,4,1982,2024,NA,"Least concern",NA
1000565,3560,"Aconitum napellus subsp. lusitanicum Rouy",NA,"Ranunculaceae",NA,1,2023,2023,NA,"Least concern",NA
1000567,3580,"Aconitum napellus subsp. vulgare Rouy & Foucaud",NA,"Ranunculaceae",NA,1,2022,2022,NA,"Least concern",NA
1000620,4390,"Aconitum variegatum L.",NA,"Ranunculaceae",NA,1,2023,2023,NA,"Least concern",NA
1000770,5400,"Adenostyles alliariae (Gouan) A. Kern.",NA,"Asteraceae",NA,3,1982,2022,NA,"Least concern",NA
1000800,5600,"Adenostyles leucophylla (Willd.) Rchb.",NA,"Asteraceae",NA,1,2022,2022,NA,"Least concern",NA
1001060,8400,"Agrostis alpina Scop.",NA,"Poaceae",NA,5,1982,2025,NA,"Least concern",NA
1001080,8600,"Agrostis capillaris L.",NA,"Poaceae",NA,18,1982,2023,NA,"Least concern",NA
1001100,8900,"Agrostis rupestris All.",NA,"Poaceae",NA,10,1982,2023,NA,"Least concern",NA
1001120,9100,"Agrostis schraderiana Bech.",NA,"Poaceae",NA,4,1982,2025,NA,"Least concern",NA
1001130,9300,"Agrostis stolonifera L.",NA,"Poaceae",NA,3,1982,2023,NA,"Least concern",NA
1001350,10990,"Alchemilla alpina L.",NA,"Rosaceae",NA,1,2023,2023,NA,"Least concern",NA
1001340,11200,"Alchemilla alpina aggr.",NA,"Rosaceae",NA,4,2023,2024,NA,"Least concern",NA
1001330,11100,"Alchemilla alpina superaggr.",NA,"",NA,4,2023,2024,NA,"",NA
1001420,12000,"Alchemilla conjuncta aggr.",NA,"Rosaceae",NA,2,2019,2022,NA,"Least concern",NA
1001410,12100,"Alchemilla conjuncta superaggr.",NA,"",NA,4,1982,2022,NA,"",NA
1001470,12500,"Alchemilla coriacea aggr.",NA,"Rosaceae",NA,2,2016,2022,NA,"Least concern",NA
1001640,14000,"Alchemilla fissa aggr.",NA,"Rosaceae",NA,1,1982,2009,NA,"Least concern",NA
1001740,15000,"Alchemilla glabra aggr.",NA,"Rosaceae",NA,2,1982,2016,NA,"Least concern",NA
1002440,21100,"Alchemilla vulgaris aggr.",NA,"Rosaceae",NA,32,2002,2024,NA,"Least concern",NA
1002740,24200,"Allium schoenoprasum L.",NA,"Amaryllidaceae",NA,1,1982,2018,NA,"Least concern",NA
1002800,24900,"Allium victorialis L.",NA,"Amaryllidaceae",NA,2,1982,2018,NA,"Least concern",NA
1002870,25400,"Alnus viridis (Chaix) DC.",NA,"Betulaceae",NA,2,1982,2025,NA,"Least concern",NA
1003350,29600,"Anacamptis pyramidalis (L.) Rich.",NA,"Orchidaceae",NA,1,2023,2023,NA,"Near threatened",NA
1003500,31300,"Androsace alpina (L.) Lam.",NA,"Primulaceae",NA,4,2017,2025,NA,"Least concern",NA
1003540,31800,"Androsace chamaejasme Wulfen",NA,"Primulaceae",NA,21,1982,2025,NA,"Least concern",NA
1003570,32100,"Androsace helvetica (L.) All.",NA,"Primulaceae",NA,9,1938,2024,NA,"Least concern",NA
1003600,32400,"Androsace obtusifolia All.",NA,"Primulaceae",NA,3,1938,2009,NA,"Least concern",NA
1003760,33400,"Anemone narcissiflora L.",NA,"Ranunculaceae",NA,42,1982,2023,NA,"Least concern",NA
1003840,34300,"Antennaria carpatica (Wahlenb.) Bluff & Fingerh.",NA,"Asteraceae",NA,8,1982,2025,NA,"Least concern",NA
1003850,34400,"Antennaria dioica (L.) Gaertn.",NA,"Asteraceae",NA,13,1982,2024,NA,"Least concern",NA
1003920,35100,"Anthericum liliago L.",NA,"Asparagaceae",NA,1,2016,2016,NA,"Least concern",NA
1003940,35300,"Anthoxanthum alpinum Á. Löve & D. Löve",NA,"Poaceae",NA,12,1982,2025,NA,"Least concern",NA
1003970,35400,"Anthoxanthum odoratum L.",NA,"Poaceae",NA,5,1982,2023,NA,"Least concern",NA
1003960,35500,"Anthoxanthum odoratum aggr.",NA,"Poaceae",NA,34,1982,2025,NA,"Least concern",NA
1004010,35900,"Anthriscus sylvestris (L.) Hoffm.",NA,"Apiaceae",NA,1,2023,2023,NA,"Least concern",NA
1004070,36790,"Anthyllis vulneraria L.",NA,"Fabaceae",NA,38,1982,2024,NA,"Least concern",NA
1004090,36900,"Anthyllis vulneraria subsp. alpestris (Schult.) Asch. & Graebn.",NA,"Fabaceae",NA,9,1982,2024,NA,"Least concern",NA
1004360,39350,"Arabis alpina L.",NA,"Brassicaceae",NA,16,1982,2024,NA,"Least concern",NA
1004370,39400,"Arabis alpina L. subsp. alpina",NA,"Brassicaceae",NA,3,1982,2023,NA,"",NA
1004400,39650,"Arabis bellidifolia Crantz",NA,"Brassicaceae",NA,10,1938,2023,NA,"Least concern",NA
1004410,39700,"Arabis bellidifolia Crantz subsp. bellidifolia",NA,"Brassicaceae",NA,3,1938,2023,NA,"Least concern",NA
1004420,39800,"Arabis bellidifolia subsp. stellulata (Bertol.) Greuter & Burdet",NA,"Brassicaceae",NA,6,2010,2022,NA,"Least concern",NA
1004430,40000,"Arabis caerulea All.",NA,"Brassicaceae",NA,5,1982,2022,NA,"Least concern",NA
1004440,40200,"Arabis ciliata Clairv.",NA,"Brassicaceae",NA,1,1982,2002,NA,"Least concern",NA
1004460,40600,"Arabis hirsuta (L.) Scop.",NA,"Brassicaceae",NA,1,2022,2022,NA,"Least concern",NA
1004470,40605,"Arabis hirsuta aggr.",NA,"Brassicaceae",NA,1,2022,2022,NA,"Least concern",NA
1004570,42000,"Arabis subcoriacea Gren.",NA,"Brassicaceae",NA,4,1982,2025,NA,"Least concern",NA
1004680,43000,"Arctostaphylos alpina (L.) Spreng.",NA,"Ericaceae",NA,3,1982,2023,NA,"Least concern",NA
1004690,43100,"Arctostaphylos uva-ursi (L.) Spreng.",NA,"Ericaceae",NA,4,1982,2024,NA,"Least concern",NA
1004720,43400,"Arenaria biflora L.",NA,"Caryophyllaceae",NA,5,1982,2025,NA,"Least concern",NA
1004740,43500,"Arenaria ciliata L.",NA,"Caryophyllaceae",NA,1,1938,1982,NA,"",NA
1004730,43505,"Arenaria ciliata aggr.",NA,"Caryophyllaceae",NA,2,1938,2010,NA,"Least concern",NA
1004780,44100,"Arenaria marschlinsii W. D. J. Koch",NA,"Caryophyllaceae",NA,2,1938,2009,NA,"Near threatened",NA
1004910,45700,"Arnica montana L.",NA,"Asteraceae",NA,30,1982,2025,NA,"Least concern",NA
1004930,45900,"Arrhenatherum elatius (L.) J. Presl & C. Presl",NA,"Poaceae",NA,1,2016,2016,NA,"Least concern",NA
1005080,47000,"Artemisia genipi Weber",NA,"Asteraceae",NA,4,1982,2022,NA,"Least concern",NA
1005130,47700,"Artemisia umbelliformis Lam.",NA,"Asteraceae",NA,1,1982,2025,NA,"Least concern",NA
1005540,51200,"Asplenium septentrionale (L.) Hoffm.",NA,"Aspleniaceae",NA,0,1982,1982,NA,"Least concern",NA
1005610,51500,"Asplenium viride Huds.",NA,"Aspleniaceae",NA,8,1982,2025,NA,"Least concern",NA
1005640,51800,"Aster alpinus L.",NA,"Asteraceae",NA,10,1982,2025,NA,"Least concern",NA
1005660,52000,"Aster bellidiastrum (L.) Scop.",NA,"Asteraceae",NA,27,1982,2024,NA,"Least concern",NA
1005790,53200,"Astragalus alpinus L.",NA,"Fabaceae",NA,8,1982,2023,NA,"Least concern",NA
1005940,54600,"Astragalus penduliflorus Lam.",NA,"Fabaceae",NA,8,2002,2025,NA,"Least concern",NA
1006080,55600,"Athyrium distentifolium Opiz",NA,"Athyriaceae",NA,2,1982,2023,NA,"Least concern",NA
1006320,57400,"Avenella flexuosa (L.) Drejer",NA,"Poaceae",NA,9,1982,2023,NA,"Least concern",NA
1006460,58700,"Bartsia alpina L.",NA,"Orobanchaceae",NA,17,1982,2025,NA,"Least concern",NA
1006490,59100,"Bellis perennis L.",NA,"Asteraceae",NA,1,1982,2023,NA,"Least concern",NA
1006600,60400,"Betula pendula Roth",NA,"Betulaceae",NA,0,1982,1982,NA,"Least concern",NA
1006595,60450,"Betula pendula aggr.",NA,"Betulaceae",NA,0,1982,1982,NA,"",NA
1006780,62000,"Biscutella laevigata L.",NA,"Brassicaceae",NA,8,1982,2024,NA,"Least concern",NA
1006790,62030,"Biscutella laevigata L. subsp. laevigata",NA,"Brassicaceae",NA,1,2022,2022,NA,"",NA
1006990,63300,"Botrychium lunaria (L.) Sw.",NA,"Ophioglossaceae",NA,18,1982,2025,NA,"Least concern",NA
1007060,63900,"Brachypodium pinnatum (L.) P. Beauv.",NA,"Poaceae",NA,4,2013,2013,NA,"Least concern",NA
1007070,64000,"Brachypodium pinnatum aggr.",NA,"Poaceae",NA,18,2002,2023,NA,"Least concern",NA
1007080,64100,"Brachypodium rupestre (Host) Roem. & Schult.",NA,"Poaceae",NA,10,2016,2023,NA,"Least concern",NA
1007200,65200,"Briza media L.",NA,"Poaceae",NA,39,1982,2023,NA,"Least concern",NA
1007290,65695,"Bromus erectus Huds.",NA,"Poaceae",NA,1,2002,2002,NA,"Least concern",NA
1007300,65700,"Bromus erectus Huds. subsp. erectus",NA,"Poaceae",NA,1,2002,2002,NA,"Least concern",NA
1007330,66000,"Bromus hordeaceus L.",NA,"Poaceae",NA,0,1966,1966,NA,"Least concern",NA
1007690,68600,"Buphthalmum salicifolium L.",NA,"Asteraceae",NA,19,2002,2023,NA,"Least concern",NA
1007900,70800,"Calamagrostis epigejos (L.) Roth",NA,"Poaceae",NA,4,2002,2002,NA,"Least concern",NA
1007940,71400,"Calamagrostis varia (Schrad.) Host",NA,"Poaceae",NA,11,1982,2022,NA,"Least concern",NA
1008130,73300,"Callitriche palustris L.",NA,"Plantaginaceae",NA,1,1982,2008,NA,"Least concern",NA
1008160,73600,"Calluna vulgaris (L.) Hull",NA,"Ericaceae",NA,9,1982,2025,NA,"Least concern",NA
1008180,73700,"Caltha palustris L.",NA,"Ranunculaceae",NA,1,1982,2023,NA,"Least concern",NA
1008300,74700,"Campanula barbata L.",NA,"Campanulaceae",NA,18,1982,2025,NA,"Least concern",NA
1008390,75200,"Campanula cochleariifolia Lam.",NA,"Campanulaceae",NA,7,1982,2022,NA,"Least concern",NA
1008640,77100,"Campanula rotundifolia L.",NA,"Campanulaceae",NA,3,2010,2022,NA,"Least concern",NA
1008650,77200,"Campanula scheuchzeri Vill.",NA,"Campanulaceae",NA,42,1982,2025,NA,"Least concern",NA
1008680,77500,"Campanula thyrsoides L.",NA,"Campanulaceae",NA,26,1982,2023,NA,"Least concern",NA
1008690,77600,"Campanula trachelium L.",NA,"Campanulaceae",NA,2,1936,2023,NA,"Least concern",NA
1008720,77900,"Capsella bursa-pastoris (L.) Medik.",NA,"Brassicaceae",NA,0,1982,1982,NA,"Least concern",NA
1008780,78200,"Cardamine alpina Willd.",NA,"Brassicaceae",NA,4,1982,2022,NA,"Least concern",NA
1009020,80300,"Cardamine resedifolia L.",NA,"Brassicaceae",NA,4,1982,2022,NA,"Least concern",NA
1009170,81595,"Carduus defloratus L.",NA,"Asteraceae",NA,31,1982,2024,NA,"Least concern",NA
1009180,81600,"Carduus defloratus L. subsp. defloratus",NA,"Asteraceae",NA,4,1982,2024,NA,"Least concern",NA
1009240,82400,"Carduus personata (L.) Jacq.",NA,"Asteraceae",NA,1,2023,2023,NA,"Least concern",NA
1009330,83350,"Carex atrata L.",NA,"Cyperaceae",NA,2,1982,2025,NA,"Least concern",NA
1009340,83400,"Carex atrata L. subsp. atrata",NA,"Cyperaceae",NA,1,1982,2025,NA,"Least concern",NA
1009320,83405,"Carex atrata aggr.",NA,"Cyperaceae",NA,17,1982,2025,NA,"",NA
1009490,84700,"Carex capillaris L.",NA,"Cyperaceae",NA,6,1982,2025,NA,"Least concern",NA
1009510,84900,"Carex caryophyllea Latourr.",NA,"Cyperaceae",NA,1,2016,2016,NA,"Least concern",NA
1009540,85395,"Carex curvula All.",NA,"Cyperaceae",NA,20,1982,2025,NA,"Least concern",NA
1009550,85400,"Carex curvula All. subsp. curvula",NA,"Cyperaceae",NA,4,1982,2023,NA,"Least concern",NA
1009560,85500,"Carex curvula subsp. rosae Gilomen",NA,"Cyperaceae",NA,1,2021,2021,NA,"Least concern",NA
1009570,85700,"Carex davalliana Sm.",NA,"Cyperaceae",NA,2,1982,2023,NA,"Least concern",NA
1009610,86100,"Carex digitata L.",NA,"Cyperaceae",NA,0,1982,1982,NA,"Least concern",NA
1009680,86700,"Carex echinata Murray",NA,"Cyperaceae",NA,2,1982,2022,NA,"Least concern",NA
1009720,87100,"Carex ericetorum Pollich",NA,"Cyperaceae",NA,2,1982,2024,NA,"Near threatened",NA
1009730,87200,"Carex ferruginea Scop.",NA,"Cyperaceae",NA,7,1982,2025,NA,"Least concern",NA
1009750,87400,"Carex firma Host",NA,"Cyperaceae",NA,14,1982,2025,NA,"Least concern",NA
1009760,87500,"Carex flacca Schreb.",NA,"Cyperaceae",NA,24,1982,2023,NA,"Least concern",NA
1009780,87600,"Carex flava L.",NA,"Cyperaceae",NA,1,1982,2022,NA,"Least concern",NA
1009770,87605,"Carex flava aggr.",NA,"Cyperaceae",NA,2,1982,2023,NA,"Least concern",NA
1009800,87800,"Carex frigida All.",NA,"Cyperaceae",NA,1,1982,2022,NA,"Least concern",NA
1009920,89100,"Carex lachenalii Schkuhr",NA,"Cyperaceae",NA,3,1982,2025,NA,"Least concern",NA
1009960,89400,"Carex lepidocarpa Tausch",NA,"Cyperaceae",NA,1,2023,2023,NA,"Least concern",NA
1009970,89500,"Carex leporina L.",NA,"Cyperaceae",NA,1,2022,2022,NA,"Least concern",NA
1010040,90300,"Carex montana L.",NA,"Cyperaceae",NA,26,1982,2022,NA,"Least concern",NA
1010050,90400,"Carex mucronata All.",NA,"Cyperaceae",NA,3,1982,2024,NA,"Least concern",NA
1010070,90700,"Carex nigra (L.) Reichard",NA,"Cyperaceae",NA,3,1982,2022,NA,"Least concern",NA
1010090,91200,"Carex ornithopoda Willd.",NA,"Cyperaceae",NA,6,1982,2023,NA,"Least concern",NA
1010100,91300,"Carex ornithopodioides Hausm.",NA,"Cyperaceae",NA,4,1982,2025,NA,"Least concern",NA
1010130,91600,"Carex pallescens L.",NA,"Cyperaceae",NA,5,1982,2023,NA,"Least concern",NA
1010140,91700,"Carex panicea L.",NA,"Cyperaceae",NA,1,1982,2023,NA,"Least concern",NA
1010150,91800,"Carex paniculata L.",NA,"Cyperaceae",NA,1,1982,2023,NA,"Least concern",NA
1010160,92000,"Carex parviflora Host",NA,"Cyperaceae",NA,13,1982,2025,NA,"Least concern",NA
1010330,93800,"Carex rupestris All.",NA,"Cyperaceae",NA,2,1982,2025,NA,"Least concern",NA
1010340,93900,"Carex sempervirens Vill.",NA,"Cyperaceae",NA,62,1982,2025,NA,"Least concern",NA
1010390,94700,"Carex sylvatica Huds.",NA,"Cyperaceae",NA,1,2023,2023,NA,"Least concern",NA
1010490,95800,"Carlina acaulis L.",NA,"Asteraceae",NA,38,1982,2023,NA,"Least concern",NA
1010510,96000,"Carlina acaulis subsp. caulescens (Lam.) Schübl. & G. Martens",NA,"Asteraceae",NA,12,2013,2019,NA,"",NA
1010610,97100,"Carum carvi L.",NA,"Apiaceae",NA,4,1982,2023,NA,"Least concern",NA
1010650,97300,"Catabrosa aquatica (L.) P. Beauv.",NA,"Poaceae",NA,0,1982,1982,NA,"Vulnerable",NA
1010890,99200,"Centaurea montana L.",NA,"Asteraceae",NA,1,2023,2023,NA,"Least concern",NA
1010910,99400,"Centaurea nervosa Willd.",NA,"Asteraceae",NA,0,1982,1982,NA,"Least concern",NA
1010980,99995,"Centaurea scabiosa L.",NA,"Asteraceae",NA,29,1982,2023,NA,"Least concern",NA
1011000,100100,"Centaurea scabiosa subsp. alpestris (Hegetschw.) Nyman",NA,"Asteraceae",NA,9,1982,2022,NA,"Least concern",NA
1011250,102200,"Cerastium alpinum L.",NA,"Caryophyllaceae",NA,1,1982,2010,NA,"Least concern",NA
1011270,102595,"Cerastium arvense L.",NA,"Caryophyllaceae",NA,2,1982,2018,NA,"Least concern",NA
1011300,102700,"Cerastium arvense subsp. strictum (W. D. J. Koch) Schinz & R. Keller",NA,"Caryophyllaceae",NA,2,1982,2018,NA,"Least concern",NA
1011370,103400,"Cerastium cerastoides (L.) Britton",NA,"Caryophyllaceae",NA,5,1982,2025,NA,"Least concern",NA
1011390,103595,"Cerastium fontanum Baumg.",NA,"Caryophyllaceae",NA,5,1982,2024,NA,"Least concern",NA
1011420,103800,"Cerastium fontanum subsp. vulgare (Hartm.) Greuter & Burdet",NA,"Caryophyllaceae",NA,2,1982,2024,NA,"Least concern",NA
1011450,104200,"Cerastium latifolium L.",NA,"Caryophyllaceae",NA,9,1938,2023,NA,"Least concern",NA
1011530,105400,"Cerastium uniflorum Clairv.",NA,"Caryophyllaceae",NA,5,1982,2025,NA,"Least concern",NA
1011590,105700,"Cerinthe glabra Mill.",NA,"Boraginaceae",NA,2,2020,2023,NA,"Least concern",NA
1011710,106700,"Chaerophyllum hirsutum L.",NA,"Apiaceae",NA,7,1982,2023,NA,"Least concern",NA
1011700,106705,"Chaerophyllum hirsutum aggr.",NA,"Apiaceae",NA,34,1982,2023,NA,"Least concern",NA
1011730,107100,"Chaerophyllum villarsii W. D. J. Koch",NA,"Apiaceae",NA,23,1982,2022,NA,"Least concern",NA
1011810,107700,"Chamorchis alpina (L.) Rich.",NA,"Orchidaceae",NA,10,1930,2024,NA,"Least concern",NA
1011880,108500,"Chenopodium bonus-henricus L.",NA,"Amaranthaceae",NA,3,1982,2023,NA,"Least concern",NA
1012190,112800,"Cicerbita alpina (L.) Wallr.",NA,"Asteraceae",NA,0,1982,1982,NA,"Least concern",NA
1012300,113700,"Cirsium acaule Scop.",NA,"Asteraceae",NA,31,1982,2023,NA,"Least concern",NA
1012370,114400,"Cirsium helenioides (L.) Hill",NA,"Asteraceae",NA,2,1982,2022,NA,"Least concern",NA
1012400,114800,"Cirsium oleraceum (L.) Scop.",NA,"Asteraceae",NA,3,2023,2023,NA,"Least concern",NA
1012450,115300,"Cirsium spinosissimum (L.) Scop.",NA,"Asteraceae",NA,14,1982,2023,NA,"Least concern",NA
1012570,116000,"Clematis alpina (L.) Mill.",NA,"Ranunculaceae",NA,1,2022,2022,NA,"Least concern",NA
1012660,116600,"Clinopodium vulgare L.",NA,"Lamiaceae",NA,2,2019,2023,NA,"Least concern",NA
1012750,117200,"Coeloglossum viride (L.) Hartm.",NA,"Orchidaceae",NA,33,1982,2025,NA,"Least concern",NA
1012810,117700,"Colchicum autumnale L.",NA,"Colchicaceae",NA,8,2013,2023,NA,"Least concern",NA
1013090,119400,"Corallorhiza trifida Châtel.",NA,"Orchidaceae",NA,7,1986,2022,NA,"Least concern",NA
1013450,121800,"Cotoneaster integerrimus Medik.",NA,"Rosaceae",NA,0,1982,1982,NA,"Least concern",NA
1013620,122900,"Crepis alpestris (Jacq.) Tausch",NA,"Asteraceae",NA,2,1982,2013,NA,"Least concern",NA
1013630,123000,"Crepis aurea (L.) Cass.",NA,"Asteraceae",NA,10,1982,2023,NA,"Least concern",NA
1013640,123100,"Crepis biennis L.",NA,"Asteraceae",NA,1,2023,2023,NA,"Least concern",NA
1013650,123300,"Crepis bocconei P. D. Sell",NA,"Asteraceae",NA,1,1982,2022,NA,"Least concern",NA
1013670,123500,"Crepis conyzifolia (Gouan) A. Kern.",NA,"Asteraceae",NA,4,1982,2022,NA,"Least concern",NA
1013700,123900,"Crepis kerneri Rech. f.",NA,"Asteraceae",NA,4,1982,2024,NA,"Least concern",NA
1013760,124300,"Crepis paludosa (L.) Moench",NA,"Asteraceae",NA,1,1982,2023,NA,"Least concern",NA
1013800,124800,"Crepis pyrenaica (L.) Greuter",NA,"Asteraceae",NA,8,2002,2023,NA,"Least concern",NA
1013840,125500,"Crepis terglouensis (Hacq.) A. Kern.",NA,"Asteraceae",NA,5,1982,2025,NA,"Least concern",NA
1013880,125800,"Crocus albiflorus Kit.",NA,"Iridaceae",NA,17,1982,2023,NA,"Least concern",NA
1014000,126600,"Cryptogramma crispa (L.) Hook.",NA,"Pteridaceae",NA,5,1982,2025,NA,"Least concern",NA
1014130,127800,"Cuscuta epithymum (L.) L.",NA,"Convolvulaceae",NA,1,2023,2023,NA,"Least concern",NA
1014320,129400,"Cynosurus cristatus L.",NA,"Poaceae",NA,2,2023,2023,NA,"Least concern",NA
1014500,130500,"Cystopteris alpina (Lam.) Desv.",NA,"Cystopteridaceae",NA,1,1982,2010,NA,"Least concern",NA
1014520,130700,"Cystopteris fragilis (L.) Bernh.",NA,"Cystopteridaceae",NA,3,1982,2018,NA,"Least concern",NA
1014515,130750,"Cystopteris fragilis aggr.",NA,"Cystopteridaceae",NA,3,1982,2018,NA,"",NA
1014610,131800,"Dactylis glomerata L.",NA,"Poaceae",NA,20,1982,2024,NA,"Least concern",NA
1014620,131850,"Dactylis glomerata L. subsp. glomerata",NA,"Poaceae",NA,1,2019,2019,NA,"",NA
1014690,132300,"Dactylorhiza incarnata (L.) Soó",NA,"Orchidaceae",NA,8,1986,2023,NA,"Near threatened",NA
1014700,132350,"Dactylorhiza incarnata (L.) Soó subsp. incarnata",NA,"Orchidaceae",NA,4,1986,2014,NA,"Near threatened",NA
1014750,132500,"Dactylorhiza lapponica (Hartm.) Soó",NA,"Orchidaceae",NA,4,1992,2023,NA,"Near threatened",NA
1014760,132600,"Dactylorhiza maculata (L.) Soó",NA,"Orchidaceae",NA,35,1986,2023,NA,"Least concern",NA
1014775,132630,"Dactylorhiza maculata subsp. fuchsii (Druce) Hyl.",NA,"Orchidaceae",NA,32,1986,2023,NA,"Least concern",NA
1014800,132700,"Dactylorhiza majalis (Rchb.) P. F. Hunt & Summerh.",NA,"Orchidaceae",NA,26,1982,2023,NA,"Least concern",NA
1014860,133100,"Danthonia decumbens (L.) DC.",NA,"Poaceae",NA,5,2013,2022,NA,"Least concern",NA
1014900,133600,"Daphne mezereum L.",NA,"Thymelaeaceae",NA,1,1982,2018,NA,"Least concern",NA
1014910,133700,"Daphne striata Tratt.",NA,"Thymelaeaceae",NA,14,1938,2025,NA,"Least concern",NA
1015040,134800,"Deschampsia cespitosa (L.) P. Beauv.",NA,"Poaceae",NA,15,1982,2024,NA,"Least concern",NA
1015200,136000,"Dianthus glacialis Haenke",NA,"Caryophyllaceae",NA,4,1982,2017,NA,"Least concern",NA
1015280,136800,"Dianthus superbus L.",NA,"Caryophyllaceae",NA,20,1982,2025,NA,"Least concern",NA
1015300,136860,"Dianthus superbus subsp. alpestris Čelak.",NA,"Caryophyllaceae",NA,7,2023,2025,NA,"Least concern",NA
1015420,137800,"Diphasiastrum alpinum (L.) Holub",NA,"Lycopodiaceae",NA,13,1982,2025,NA,"Least concern",NA
1015560,139700,"Doronicum clusii (All.) Tausch",NA,"Asteraceae",NA,4,1982,2021,NA,"Least concern",NA
1015590,140000,"Doronicum grandiflorum Lam.",NA,"Asteraceae",NA,11,1982,2025,NA,"Least concern",NA
1015670,140500,"Draba aizoides L.",NA,"Brassicaceae",NA,12,1938,2024,NA,"Least concern",NA
1015680,140700,"Draba dubia Suter",NA,"Brassicaceae",NA,6,1982,2025,NA,"Least concern",NA
1015690,140800,"Draba fladnizensis Wulfen",NA,"Brassicaceae",NA,9,1938,2022,NA,"Least concern",NA
1015750,141400,"Draba siliquosa M. Bieb.",NA,"Brassicaceae",NA,4,1982,2011,NA,"Least concern",NA
1015780,141600,"Draba tomentosa Clairv.",NA,"Brassicaceae",NA,11,1982,2025,NA,"Least concern",NA
1015860,142500,"Dryas octopetala L.",NA,"Rosaceae",NA,48,1982,2025,NA,"Least concern",NA
1015930,143300,"Dryopteris dilatata (Hoffm.) A. Gray",NA,"Dryopteridaceae",NA,1,1982,2009,NA,"Least concern",NA
1015925,143350,"Dryopteris dilatata aggr.",NA,"Dryopteridaceae",NA,1,1982,2009,NA,"",NA
1015950,143500,"Dryopteris filix-mas (L.) Schott",NA,"Dryopteridaceae",NA,2,1982,2011,NA,"Least concern",NA
1015980,143900,"Dryopteris villarii (Bellardi) Schinz & Thell.",NA,"Dryopteridaceae",NA,0,1982,1982,NA,"Least concern",NA
1016460,146600,"Elyna myosuroides (Vill.) Fritsch",NA,"Cyperaceae",NA,18,1982,2025,NA,"Least concern",NA
1016470,146795,"Empetrum nigrum L.",NA,"Ericaceae",NA,8,1938,2025,NA,"Least concern",NA
1016490,146900,"Empetrum nigrum subsp. hermaphroditum (Hagerup) Böcher",NA,"Ericaceae",NA,2,1938,2022,NA,"Least concern",NA
1016510,147300,"Epilobium alpestre (Jacq.) Krock.",NA,"Onagraceae",NA,2,2009,2023,NA,"Least concern",NA
1016520,147500,"Epilobium alsinifolium Vill.",NA,"Onagraceae",NA,1,1982,2010,NA,"Least concern",NA
1016530,147600,"Epilobium anagallidifolium Lam.",NA,"Onagraceae",NA,4,1982,2022,NA,"Least concern",NA
1016540,147700,"Epilobium angustifolium L.",NA,"Onagraceae",NA,2,1982,2023,NA,"Least concern",NA
1016570,148000,"Epilobium dodonaei Vill.",NA,"Onagraceae",NA,1,2022,2022,NA,"Near threatened",NA
1016590,148200,"Epilobium fleischeri Hochst.",NA,"Onagraceae",NA,3,1982,2025,NA,"Least concern",NA
1016620,148600,"Epilobium montanum L.",NA,"Onagraceae",NA,1,2023,2023,NA,"Least concern",NA
1016630,148700,"Epilobium nutans F. W. Schmidt",NA,"Onagraceae",NA,1,1982,2022,NA,"Least concern",NA
1016740,149600,"Epipactis atrorubens Besser",NA,"Orchidaceae",NA,11,1982,2023,NA,"Least concern",NA
1016950,151100,"Equisetum palustre L.",NA,"Equisetaceae",NA,5,2016,2023,NA,"Least concern",NA
1017000,151600,"Equisetum variegatum Schleich.",NA,"Equisetaceae",NA,2,1982,2025,NA,"Least concern",NA
1017400,152400,"Erica carnea L.",NA,"Ericaceae",NA,18,1982,2024,NA,"Least concern",NA
1017490,153600,"Erigeron alpinus L.",NA,"Asteraceae",NA,5,1938,2024,NA,"Least concern",NA
1017485,153650,"Erigeron alpinus aggr.",NA,"Asteraceae",NA,26,1938,2025,NA,"",NA
1017590,154700,"Erigeron neglectus A. Kern.",NA,"Asteraceae",NA,4,1982,2011,NA,"Least concern",NA
1017610,155000,"Erigeron uniflorus L.",NA,"Asteraceae",NA,17,1982,2025,NA,"Least concern",NA
1017640,155200,"Eriophorum angustifolium Honck.",NA,"Cyperaceae",NA,3,1982,2025,NA,"Least concern",NA
1017660,155400,"Eriophorum latifolium Hoppe",NA,"Cyperaceae",NA,2,2023,2025,NA,"Least concern",NA
1017670,155500,"Eriophorum scheuchzeri Hoppe",NA,"Cyperaceae",NA,11,1982,2025,NA,"Least concern",NA
1017840,157200,"Eryngium alpinum L.",NA,"Apiaceae",NA,13,1961,2023,NA,"Vulnerable",NA
1018170,159800,"Euphorbia cyparissias L.",NA,"Euphorbiaceae",NA,9,2002,2022,NA,"Least concern",NA
1018600,162750,"Euphrasia minima Schleich.",NA,"Orobanchaceae",NA,14,1982,2025,NA,"Least concern",NA
1018700,163450,"Euphrasia rostkoviana Hayne",NA,"Orobanchaceae",NA,3,2002,2023,NA,"Least concern",NA
1018685,163850,"Euphrasia rostkoviana aggr.",NA,"Orobanchaceae",NA,3,2002,2023,NA,"",NA
1018950,165450,"Festuca airoides Lam.",NA,"Poaceae",NA,1,1938,1938,NA,"Least concern",NA
1018980,165700,"Festuca alpina Suter",NA,"Poaceae",NA,5,1982,2025,NA,"Least concern",NA
1019160,167650,"Festuca halleri aggr.",NA,"Poaceae",NA,3,1966,2011,NA,"Least concern",NA
1019230,168000,"Festuca intercedens (Hack.) Lüdi",NA,"Poaceae",NA,0,1966,1966,NA,"Least concern",NA
1019280,168250,"Festuca melanopsis Foggi & al.",NA,"Poaceae",NA,1,2019,2019,NA,"Least concern",NA
1019290,168300,"Festuca nigrescens Lam.",NA,"Poaceae",NA,10,2010,2023,NA,"Least concern",NA
1019300,168400,"Festuca norica (Hack.) K. Richt.",NA,"Poaceae",NA,1,2019,2019,NA,"Near threatened",NA
1019310,168590,"Festuca ovina aggr.",NA,"Poaceae",NA,1,1938,1938,NA,"Least concern",NA
1019309,168580,"Festuca ovina superaggr.",NA,"",NA,1,1938,1938,NA,"",NA
1019380,169100,"Festuca pratensis Huds.",NA,"Poaceae",NA,4,1982,2023,NA,"Least concern",NA
1019420,169600,"Festuca pulchella Schrad.",NA,"Poaceae",NA,2,1982,2025,NA,"Least concern",NA
1019450,170000,"Festuca quadriflora Honck.",NA,"Poaceae",NA,8,1938,2024,NA,"Least concern",NA
1019480,170100,"Festuca rubra L.",NA,"Poaceae",NA,4,2019,2023,NA,"Least concern",NA
1019490,170250,"Festuca rubra L. subsp. rubra",NA,"Poaceae",NA,1,2019,2019,NA,"",NA
1019470,170200,"Festuca rubra aggr.",NA,"Poaceae",NA,53,1982,2023,NA,"Least concern",NA
1019510,170400,"Festuca rupicaprina (Hack.) A. Kern.",NA,"Poaceae",NA,2,1982,2010,NA,"Least concern",NA
1019670,172100,"Festuca violacea aggr.",NA,"Poaceae",NA,10,1982,2025,NA,"Least concern",NA
1019920,173800,"Fragaria vesca L.",NA,"Rosaceae",NA,1,2022,2022,NA,"Least concern",NA
1020380,177400,"Galium album Mill.",NA,"Rubiaceae",NA,1,2016,2016,NA,"Least concern",NA
1020390,177500,"Galium anisophyllon Vill.",NA,"Rubiaceae",NA,9,1982,2021,NA,"Least concern",NA
1020490,178700,"Galium lucidum All.",NA,"Rubiaceae",NA,4,2022,2023,NA,"Least concern",NA
1020500,178800,"Galium megalospermum All.",NA,"Rubiaceae",NA,0,1966,1966,NA,"Least concern",NA
1020510,179000,"Galium mollugo aggr.",NA,"Rubiaceae",NA,2,2016,2023,NA,"Least concern",NA
1020600,179700,"Galium pumilum Murray",NA,"Rubiaceae",NA,31,2002,2023,NA,"Least concern",NA
1020595,179650,"Galium pumilum aggr.",NA,"Rubiaceae",NA,42,1982,2023,NA,"",NA
1020830,181600,"Genista germanica L.",NA,"Fabaceae",NA,1,2023,2023,NA,"Least concern",NA
1020890,182200,"Gentiana acaulis L.",NA,"Gentianaceae",NA,16,1982,2025,NA,"Least concern",NA
1020940,182700,"Gentiana asclepiadea L.",NA,"Gentianaceae",NA,4,2019,2023,NA,"Least concern",NA
1020970,182900,"Gentiana bavarica L.",NA,"Gentianaceae",NA,12,1982,2025,NA,"Least concern",NA
1020975,182930,"Gentiana bavarica L. subsp. bavarica",NA,"Gentianaceae",NA,6,2021,2023,NA,"Least concern",NA
1020990,183000,"Gentiana brachyphylla Vill.",NA,"Gentianaceae",NA,8,1982,2023,NA,"Least concern",NA
1021000,183100,"Gentiana campestris L.",NA,"Gentianaceae",NA,16,1982,2025,NA,"Least concern",NA
1021010,183200,"Gentiana campestris L. subsp. campestris",NA,"Gentianaceae",NA,5,2016,2025,NA,"Least concern",NA
1021030,183400,"Gentiana ciliata L.",NA,"Gentianaceae",NA,3,1982,2025,NA,"Least concern",NA
1021040,183500,"Gentiana clusii E. P. Perrier & Songeon",NA,"Gentianaceae",NA,9,1982,2025,NA,"Least concern",NA
1021090,183800,"Gentiana germanica Willd.",NA,"Gentianaceae",NA,1,2015,2015,NA,"Vulnerable",NA
1021070,183810,"Gentiana germanica subsp. rhaetica (A. Kern. & Jos. Kern.) Hayek",NA,"Gentianaceae",NA,1,2015,2015,NA,"",NA
1021120,184100,"Gentiana lutea L.",NA,"Gentianaceae",NA,8,1982,2023,NA,"Least concern",NA
1021140,184300,"Gentiana nivalis L.",NA,"Gentianaceae",NA,6,1982,2025,NA,"Least concern",NA
1021150,184400,"Gentiana orbicularis Schur",NA,"Gentianaceae",NA,2,1982,2010,NA,"Least concern",NA
1021190,184800,"Gentiana punctata L.",NA,"Gentianaceae",NA,6,1982,2023,NA,"Least concern",NA
1021200,184900,"Gentiana purpurea L.",NA,"Gentianaceae",NA,1,1982,2025,NA,"Least concern",NA
1021230,185200,"Gentiana tenella Rottb.",NA,"Gentianaceae",NA,5,1982,2024,NA,"Least concern",NA
1021250,185400,"Gentiana verna L.",NA,"Gentianaceae",NA,10,1982,2024,NA,"Least concern",NA
1021530,189300,"Geranium sylvaticum L.",NA,"Geraniaceae",NA,22,1982,2023,NA,"Least concern",NA
1021540,189400,"Geum montanum L.",NA,"Rosaceae",NA,18,1982,2025,NA,"Least concern",NA
1021560,189500,"Geum reptans L.",NA,"Rosaceae",NA,9,1938,2022,NA,"Least concern",NA
1021570,189600,"Geum rivale L.",NA,"Rosaceae",NA,3,1982,2023,NA,"Least concern",NA
1021730,190900,"Globularia bisnagarica L.",NA,"Plantaginaceae",NA,1,1936,1936,NA,"Least concern",NA
1021740,191000,"Globularia cordifolia L.",NA,"Plantaginaceae",NA,4,1982,2024,NA,"Least concern",NA
1021750,191200,"Globularia nudicaulis L.",NA,"Plantaginaceae",NA,22,1982,2024,NA,"Least concern",NA
1021840,192200,"Gnaphalium hoppeanum W. D. J. Koch",NA,"Asteraceae",NA,6,1982,2022,NA,"Least concern",NA
1021860,192400,"Gnaphalium norvegicum Gunnerus",NA,"Asteraceae",NA,7,1982,2025,NA,"Least concern",NA
1021870,192500,"Gnaphalium supinum L.",NA,"Asteraceae",NA,12,1938,2025,NA,"Least concern",NA
1021900,192800,"Goodyera repens (L.) R. Br.",NA,"Orchidaceae",NA,1,2013,2013,NA,"Near threatened",NA
1021950,193200,"Gymnadenia conopsea (L.) R. Br.",NA,"Orchidaceae",NA,82,1982,2025,NA,"Least concern",NA
1021957,NA,"Gymnadenia conopsea × Nigritella rhellicani",NA,"Orchidaceae",NA,1,1986,1986,NA,"",NA
1021970,193300,"Gymnadenia odoratissima (L.) Rich.",NA,"Orchidaceae",NA,29,1982,2024,NA,"Least concern",NA
1022020,193800,"Gypsophila repens L.",NA,"Caryophyllaceae",NA,3,1982,2024,NA,"Least concern",NA
1022110,194100,"Hedysarum hedysaroides (L.) Schinz & Thell.",NA,"Fabaceae",NA,14,1982,2025,NA,"Least concern",NA
1022140,194300,"Helianthemum alpestre (Jacq.) DC.",NA,"Cistaceae",NA,6,1982,2024,NA,"Least concern",NA
1022180,194895,"Helianthemum nummularium (L.) Mill.",NA,"Cistaceae",NA,44,1982,2023,NA,"Least concern",NA
1022210,195100,"Helianthemum nummularium subsp. grandiflorum (Scop.) Schinz & Thell.",NA,"Cistaceae",NA,7,1982,2022,NA,"Least concern",NA
1022220,195200,"Helianthemum nummularium subsp. obscurum (Čelak.) Holub",NA,"Cistaceae",NA,10,1982,2022,NA,"Least concern",NA
1022380,196690,"Helictotrichon pratense (L.) Besser",NA,"Poaceae",NA,7,2013,2023,NA,"",NA
1022379,196700,"Helictotrichon pratense aggr.",NA,"Poaceae",NA,14,2002,2023,NA,"Least concern",NA
1022390,196800,"Helictotrichon pubescens (Huds.) Pilg.",NA,"Poaceae",NA,16,1982,2024,NA,"Least concern",NA
1022440,197100,"Helictotrichon versicolor (Vill.) Pilg.",NA,"Poaceae",NA,15,1982,2022,NA,"Least concern",NA
1022580,198300,"Heracleum mantegazzianum Sommier & Levier",NA,"Apiaceae",NA,22,2010,2022,NA,"",NA
1022590,198595,"Heracleum sphondylium L.",NA,"Apiaceae",NA,14,1982,2023,NA,"Least concern",NA
1022600,198600,"Heracleum sphondylium L. subsp. sphondylium",NA,"Apiaceae",NA,2,1982,2013,NA,"Least concern",NA
1022620,198800,"Heracleum sphondylium subsp. elegans (Crantz) Schübl. & G. Martens",NA,"Apiaceae",NA,2,2016,2016,NA,"Least concern",NA
1022640,199100,"Herminium monorchis (L.) R. Br.",NA,"Orchidaceae",NA,1,1908,1908,NA,"Vulnerable",NA
1022790,199900,"Hieracium alpinum L.",NA,"Asteraceae",NA,4,1982,2013,NA,"Least concern",NA
1022810,200100,"Hieracium angustifolium Hoppe",NA,"Asteraceae",NA,1,2025,2025,NA,"Least concern",NA
1022820,200200,"Hieracium aurantiacum L.",NA,"Asteraceae",NA,2,1982,2016,NA,"Least concern",NA
1022840,200600,"Hieracium bifidum aggr.",NA,"Asteraceae",NA,5,1982,2025,NA,"Least concern",NA
1022930,201200,"Hieracium glanduliferum Hoppe",NA,"Asteraceae",NA,1,2009,2009,NA,"Least concern",NA
1022990,201700,"Hieracium hoppeanum Schult.",NA,"Asteraceae",NA,19,1982,2022,NA,"Least concern",NA
1023010,201900,"Hieracium intybaceum All.",NA,"Asteraceae",NA,2,1982,2025,NA,"Least concern",NA
1023040,202100,"Hieracium lactucella Wallr.",NA,"Asteraceae",NA,2,1982,2010,NA,"Least concern",NA
1023110,202700,"Hieracium murorum aggr.",NA,"Asteraceae",NA,7,2002,2022,NA,"Least concern",NA
1023170,203200,"Hieracium piliferum aggr.",NA,"Asteraceae",NA,6,1938,2025,NA,"Least concern",NA
1023200,203400,"Hieracium pilosella L.",NA,"Asteraceae",NA,5,1982,2023,NA,"Least concern",NA
1023220,203600,"Hieracium pilosum Froel.",NA,"Asteraceae",NA,6,1982,2022,NA,"Least concern",NA
1023500,205800,"Hieracium villosum Jacq.",NA,"Asteraceae",NA,16,1982,2025,NA,"Least concern",NA
1023490,205900,"Hieracium villosum aggr.",NA,"Asteraceae",NA,23,1982,2025,NA,"Least concern",NA
1023580,206300,"Hippocrepis comosa L.",NA,"Fabaceae",NA,15,1982,2023,NA,"Least concern",NA
1023680,207300,"Homogyne alpina (L.) Cass.",NA,"Asteraceae",NA,24,1982,2025,NA,"Least concern",NA
1023860,208900,"Huperzia selago (L.) Schrank & Mart.",NA,"Lycopodiaceae",NA,5,1982,2023,NA,"Least concern",NA
1024060,210695,"Hypericum maculatum Crantz",NA,"Hypericaceae",NA,2,1982,2019,NA,"Least concern",NA
1024070,210700,"Hypericum maculatum Crantz subsp. maculatum",NA,"Hypericaceae",NA,0,1982,1982,NA,"Least concern",NA
1024250,212200,"Hypochaeris uniflora Vill.",NA,"Asteraceae",NA,14,1982,2025,NA,"Least concern",NA
1024900,217700,"Juncus alpinoarticulatus Chaix",NA,"Juncaceae",NA,1,1982,2021,NA,"Least concern",NA
1024930,218100,"Juncus articulatus L.",NA,"Juncaceae",NA,1,2023,2023,NA,"Least concern",NA
1024925,218150,"Juncus articulatus aggr.",NA,"Juncaceae",NA,2,1982,2023,NA,"",NA
1025010,218900,"Juncus filiformis L.",NA,"Juncaceae",NA,2,1982,2022,NA,"Least concern",NA
1025040,219200,"Juncus jacquinii L.",NA,"Juncaceae",NA,6,1982,2025,NA,"Least concern",NA
1025050,219300,"Juncus monanthos Jacq.",NA,"Juncaceae",NA,0,1982,1982,NA,"Near threatened",NA
1025120,220100,"Juncus trifidus L.",NA,"Juncaceae",NA,7,1938,2025,NA,"Least concern",NA
1025130,220300,"Juncus triglumis L.",NA,"Juncaceae",NA,5,1982,2025,NA,"Least concern",NA
1025140,220395,"Juniperus communis L.",NA,"Cupressaceae",NA,3,1982,2023,NA,"Least concern",NA
1025160,220500,"Juniperus communis subsp. alpina Čelak.",NA,"Cupressaceae",NA,3,1982,2023,NA,"Least concern",NA
1025190,221000,"Kernera saxatilis (L.) Sweet",NA,"Brassicaceae",NA,8,1982,2025,NA,"Least concern",NA
1025240,221450,"Knautia dipsacifolia Kreutzer",NA,"Caprifoliaceae",NA,17,1982,2022,NA,"Least concern",NA
1025250,221500,"Knautia dipsacifolia Kreutzer subsp. dipsacifolia",NA,"Caprifoliaceae",NA,4,1982,2016,NA,"Least concern",NA
1025480,223900,"Koeleria pyramidata (Lam.) P. Beauv.",NA,"Poaceae",NA,16,2002,2022,NA,"Least concern",NA
1025490,223905,"Koeleria pyramidata aggr.",NA,"Poaceae",NA,16,2002,2022,NA,"Least concern",NA
1025650,225500,"Lamium album L.",NA,"Lamiaceae",NA,0,1982,1982,NA,"Least concern",NA
1025810,227200,"Larix decidua Mill.",NA,"Pinaceae",NA,5,1982,2025,NA,"Least concern",NA
1025860,227700,"Laserpitium latifolium L.",NA,"Apiaceae",NA,43,1982,2023,NA,"Least concern",NA
1025900,228100,"Laserpitium siler L.",NA,"Apiaceae",NA,1,2022,2022,NA,"Least concern",NA
1026050,230400,"Lathyrus pratensis L.",NA,"Fabaceae",NA,2,2016,2022,NA,"Least concern",NA
1026290,232700,"Leontodon autumnalis L.",NA,"Asteraceae",NA,2,1982,2010,NA,"Least concern",NA
1026310,232900,"Leontodon helveticus Mérat",NA,"Asteraceae",NA,19,1982,2025,NA,"Least concern",NA
1026330,233000,"Leontodon hispidus L.",NA,"Asteraceae",NA,41,1982,2024,NA,"Least concern",NA
1026340,233100,"Leontodon hispidus L. subsp. hispidus",NA,"Asteraceae",NA,4,2022,2024,NA,"Least concern",NA
1026370,233500,"Leontodon hispidus subsp. opimus (W. D. J. Koch) Finch & P. D. Sell",NA,"Asteraceae",NA,1,2009,2009,NA,"Least concern",NA
1026400,233750,"Leontodon incanus (L.) Schrank",NA,"Asteraceae",NA,3,1982,2025,NA,"Least concern",NA
1026410,233800,"Leontodon incanus (L.) Schrank subsp. incanus",NA,"Asteraceae",NA,3,1982,2025,NA,"Least concern",NA
1026430,234000,"Leontodon montanus Lam.",NA,"Asteraceae",NA,7,1938,2024,NA,"Least concern",NA
1026470,234600,"Leontopodium alpinum Cass.",NA,"Asteraceae",NA,9,1982,2025,NA,"Least concern",NA
1026600,236000,"Leucanthemopsis alpina (L.) Heywood",NA,"Asteraceae",NA,16,1982,2025,NA,"Least concern",NA
1026610,236020,"Leucanthemopsis alpina (L.) Heywood subsp. alpina",NA,"Asteraceae",NA,2,2022,2022,NA,"Least concern",NA
1026650,236200,"Leucanthemum adustum (W. D. J. Koch) Gremli",NA,"Asteraceae",NA,3,1982,2022,NA,"Least concern",NA
1026680,236500,"Leucanthemum halleri (Vitman) Ducommun",NA,"Asteraceae",NA,3,1982,2018,NA,"Least concern",NA
1026690,236600,"Leucanthemum heterophyllum (Willd.) DC.",NA,"Asteraceae",NA,1,2023,2023,NA,"Vulnerable",NA
1026730,236800,"Leucanthemum vulgare Lam.",NA,"Asteraceae",NA,4,2016,2022,NA,"Least concern",NA
1026710,236905,"Leucanthemum vulgare aggr.",NA,"Asteraceae",NA,31,1982,2023,NA,"Least concern",NA
1026810,237800,"Ligusticum mutellina (L.) Crantz",NA,"Apiaceae",NA,19,1982,2025,NA,"Least concern",NA
1026820,237900,"Ligusticum mutellinoides Vill.",NA,"Apiaceae",NA,9,1982,2025,NA,"Least concern",NA
1026890,238500,"Lilium martagon L.",NA,"Liliaceae",NA,5,1982,2023,NA,"Least concern",NA
1026920,238800,"Linaria alpina (L.) Mill.",NA,"Plantaginaceae",NA,11,1982,2025,NA,"Least concern",NA
1026930,238900,"Linaria alpina (L.) Mill. subsp. alpina",NA,"Plantaginaceae",NA,4,1982,2025,NA,"Least concern",NA
1027130,241100,"Linum catharticum L.",NA,"Linaceae",NA,20,1982,2023,NA,"Least concern",NA
1027210,241900,"Listera cordata (L.) R. Br.",NA,"Orchidaceae",NA,5,1986,2014,NA,"Near threatened",NA
1027220,242000,"Listera ovata (L.) R. Br.",NA,"Orchidaceae",NA,37,1986,2023,NA,"Least concern",NA
1027250,242500,"Lloydia serotina (L.) Rchb.",NA,"Liliaceae",NA,6,1982,2024,NA,"Least concern",NA
1027290,242600,"Loiseleuria procumbens (L.) Desv.",NA,"Ericaceae",NA,14,1982,2025,NA,"Least concern",NA
1027310,242800,"Lolium perenne L.",NA,"Poaceae",NA,1,1982,2023,NA,"Least concern",NA
1027380,243500,"Lonicera caerulea L.",NA,"Caprifoliaceae",NA,0,1982,1982,NA,"Least concern",NA
1027440,243900,"Lonicera nigra L.",NA,"Caprifoliaceae",NA,0,1982,1982,NA,"Least concern",NA
1027500,244300,"Lotus alpinus (DC.) Ramond",NA,"Fabaceae",NA,10,1982,2025,NA,"Least concern",NA
1027520,244400,"Lotus corniculatus L.",NA,"Fabaceae",NA,28,1982,2023,NA,"Least concern",NA
1027510,244410,"Lotus corniculatus aggr.",NA,"Fabaceae",NA,51,1982,2025,NA,"Least concern",NA
1027640,245800,"Lupinus polyphyllus Lindl.",NA,"Fabaceae",NA,5,2023,2023,NA,"",NA
1027660,245900,"Luzula alpina Hoppe",NA,"Juncaceae",NA,4,2015,2025,NA,"Least concern",NA
1027670,246000,"Luzula alpinopilosa (Chaix) Breistr.",NA,"Juncaceae",NA,12,1938,2025,NA,"Least concern",NA
1027700,246100,"Luzula campestris (L.) DC.",NA,"Juncaceae",NA,4,2002,2023,NA,"Least concern",NA
1027740,246600,"Luzula lutea (All.) DC.",NA,"Juncaceae",NA,5,1982,2023,NA,"Least concern",NA
1027750,246700,"Luzula luzulina (Vill.) Dalla Torre & Sarnth.",NA,"Juncaceae",NA,0,1982,1982,NA,"Least concern",NA
1027760,246800,"Luzula luzuloides (Lam.) Dandy & Wilmott",NA,"Juncaceae",NA,1,2016,2016,NA,"Least concern",NA
1027780,247050,"Luzula luzuloides subsp. rubella (Mert. & W. D. J. Koch) Holub",NA,"Juncaceae",NA,1,2016,2016,NA,"Data deficient",NA
1027790,247100,"Luzula multiflora (Ehrh.) Lej.",NA,"Juncaceae",NA,4,1982,2023,NA,"Least concern",NA
1027785,247150,"Luzula multiflora aggr.",NA,"Juncaceae",NA,10,1982,2025,NA,"Least concern",NA
1027850,247600,"Luzula sieberi Tausch",NA,"Juncaceae",NA,1,2023,2023,NA,"Least concern",NA
1027860,247800,"Luzula spicata (L.) DC.",NA,"Juncaceae",NA,6,1982,2025,NA,"Least concern",NA
1027890,248100,"Luzula sudetica (Willd.) Schult.",NA,"Juncaceae",NA,1,2022,2022,NA,"Least concern",NA
1027920,248400,"Luzula sylvatica aggr.",NA,"Juncaceae",NA,2,1982,2023,NA,"Least concern",NA
1028430,254100,"Matricaria discoidea DC.",NA,"Asteraceae",NA,0,1982,1982,NA,"",NA
1028530,255300,"Medicago lupulina L.",NA,"Fabaceae",NA,1,2023,2023,NA,"Least concern",NA
1028660,256600,"Melampyrum sylvaticum L.",NA,"Orobanchaceae",NA,3,1982,2012,NA,"Least concern",NA
1028830,258200,"Mentha longifolia (L.) Huds.",NA,"Lamiaceae",NA,1,2023,2023,NA,"Least concern",NA
1029020,259800,"Milium effusum L.",NA,"Poaceae",NA,1,2023,2023,NA,"Least concern",NA
1029170,261400,"Minuartia recurva (All.) Schinz & Thell.",NA,"Caryophyllaceae",NA,3,1982,2025,NA,"Least concern",NA
1029200,261600,"Minuartia rupestris (Scop.) Schinz & Thell.",NA,"Caryophyllaceae",NA,0,1966,1966,NA,"Least concern",NA
1029230,261700,"Minuartia sedoides (L.) Hiern",NA,"Caryophyllaceae",NA,11,1982,2025,NA,"Least concern",NA
1029260,262000,"Minuartia verna (L.) Hiern",NA,"Caryophyllaceae",NA,12,1982,2025,NA,"Least concern",NA
1029350,262500,"Moehringia ciliata (Scop.) Dalla Torre",NA,"Caryophyllaceae",NA,8,1982,2025,NA,"Least concern",NA
1029430,263300,"Molinia arundinacea Schrank",NA,"Poaceae",NA,3,2019,2023,NA,"Least concern",NA
1029440,263400,"Molinia caerulea (L.) Moench",NA,"Poaceae",NA,10,1982,2023,NA,"Least concern",NA
1029690,265800,"Myosotis alpestris F. W. Schmidt",NA,"Boraginaceae",NA,11,1938,2025,NA,"Least concern",NA
1030080,269700,"Nardus stricta L.",NA,"Poaceae",NA,24,1982,2025,NA,"Least concern",NA
1030140,270100,"Neottia nidus-avis (L.) Rich.",NA,"Orchidaceae",NA,1,2013,2013,NA,"Least concern",NA
1030390,271655,"Nigritella rhellicani Teppner & E. Klein",NA,"Orchidaceae",NA,32,1986,2025,NA,"Least concern",NA
1030380,271700,"Nigritella rhellicani aggr.",NA,"Orchidaceae",NA,43,1982,2025,NA,"Least concern",NA
1030400,271800,"Nigritella rubra (Wettst.) K. Richt.",NA,"Orchidaceae",NA,3,1982,2023,NA,"Near threatened",NA
1031160,279100,"Ophrys insectifera L.",NA,"Orchidaceae",NA,1,2016,2016,NA,"Vulnerable",NA
1031350,280900,"Orchis mascula (L.) L.",NA,"Orchidaceae",NA,3,1982,2023,NA,"Least concern",NA
1031500,282200,"Orchis ustulata L.",NA,"Orchidaceae",NA,15,1986,2023,NA,"Near threatened",NA
1031525,282210,"Orchis ustulata L. var. ustulata",NA,"Orchidaceae",NA,4,1986,2014,NA,"",NA
1031530,282300,"Oreochloa disticha (Wulfen) Link",NA,"Poaceae",NA,13,1982,2022,NA,"Least concern",NA
1031960,286400,"Orobanche reticulata Wallr.",NA,"Orobanchaceae",NA,1,2023,2023,NA,"Least concern",NA
1032180,288100,"Oxyria digyna (L.) Hill",NA,"Polygonaceae",NA,3,1982,2025,NA,"Least concern",NA
1032190,288200,"Oxytropis campestris (L.) DC.",NA,"Fabaceae",NA,1,1982,2018,NA,"Least concern",NA
1032270,289300,"Oxytropis jacquinii Bunge",NA,"Fabaceae",NA,8,1938,2025,NA,"Least concern",NA
1032460,291000,"Papaver croceum Ledeb.",NA,"Papaveraceae",NA,10,2010,2025,NA,"",NA
1032600,292700,"Parnassia palustris L.",NA,"Celastraceae",NA,10,1982,2025,NA,"Least concern",NA
1032800,294200,"Pedicularis foliosa L.",NA,"Orobanchaceae",NA,22,1982,2023,NA,"Least concern",NA
1032940,295500,"Pedicularis verticillata L.",NA,"Orobanchaceae",NA,7,1982,2024,NA,"Least concern",NA
1033000,295700,"Petasites albus (L.) Gaertn.",NA,"Asteraceae",NA,1,2023,2023,NA,"Least concern",NA
1033020,296000,"Petasites paradoxus (Retz.) Baumg.",NA,"Asteraceae",NA,6,1982,2025,NA,"Least concern",NA
1033160,297200,"Peucedanum ostruthium (L.) W. D. J. Koch",NA,"Apiaceae",NA,3,1982,2023,NA,"Least concern",NA
1033290,298400,"Phegopteris connectilis (Michx.) Watt",NA,"Thelypteridaceae",NA,0,1982,1982,NA,"Least concern",NA
1033340,298800,"Phleum alpinum L.",NA,"Poaceae",NA,3,1982,2022,NA,"Least concern",NA
1033330,298900,"Phleum alpinum aggr.",NA,"Poaceae",NA,20,1982,2023,NA,"Least concern",NA
1033370,299600,"Phleum hirsutum Honck.",NA,"Poaceae",NA,27,1982,2023,NA,"Least concern",NA
1033410,300000,"Phleum pratense L.",NA,"Poaceae",NA,3,2023,2024,NA,"Least concern",NA
1033400,300005,"Phleum pratense aggr.",NA,"Poaceae",NA,3,2023,2024,NA,"Least concern",NA
1033420,300200,"Phleum rhaeticum (Humphries) Rauschert",NA,"Poaceae",NA,16,1982,2023,NA,"Least concern",NA
1033570,300800,"Phyteuma betonicifolium Vill.",NA,"Campanulaceae",NA,6,1982,2022,NA,"Least concern",NA
1033590,301000,"Phyteuma globulariifolium Sternb. & Hoppe",NA,"Campanulaceae",NA,5,1982,2025,NA,"Least concern",NA
1033610,301200,"Phyteuma globulariifolium subsp. pedemontanum (Rich. Schulz) Bech.",NA,"Campanulaceae",NA,4,2009,2025,NA,"Least concern",NA
1033630,301400,"Phyteuma hemisphaericum L.",NA,"Campanulaceae",NA,14,1982,2025,NA,"Least concern",NA
1033670,301800,"Phyteuma orbiculare L.",NA,"Campanulaceae",NA,38,1982,2025,NA,"Least concern",NA
1033680,301900,"Phyteuma ovatum Honck.",NA,"Campanulaceae",NA,0,1982,1982,NA,"Least concern",NA
1033800,302800,"Picea abies (L.) H. Karst.",NA,"Pinaceae",NA,3,1982,2012,NA,"Least concern",NA
1033920,303800,"Pimpinella major (L.) Huds.",NA,"Apiaceae",NA,29,1982,2023,NA,"Least concern",NA
1033970,304000,"Pimpinella saxifraga L.",NA,"Apiaceae",NA,2,2013,2022,NA,"Least concern",NA
1033950,304100,"Pimpinella saxifraga aggr.",NA,"Apiaceae",NA,3,2013,2022,NA,"Least concern",NA
1033980,304300,"Pinguicula alpina L.",NA,"Lentibulariaceae",NA,8,1982,2025,NA,"Least concern",NA
1034250,307000,"Plantago alpina L.",NA,"Plantaginaceae",NA,16,1982,2023,NA,"Least concern",NA
1034280,307250,"Plantago atrata Hoppe",NA,"Plantaginaceae",NA,16,1982,2023,NA,"Least concern",NA
1034290,307300,"Plantago atrata Hoppe subsp. atrata",NA,"Plantaginaceae",NA,7,1982,2023,NA,"",NA
1034330,307800,"Plantago lanceolata L.",NA,"Plantaginaceae",NA,10,2002,2023,NA,"Least concern",NA
1034350,307850,"Plantago major L.",NA,"Plantaginaceae",NA,2,2023,2024,NA,"Least concern",NA
1034390,308100,"Plantago media L.",NA,"Plantaginaceae",NA,16,2002,2023,NA,"Least concern",NA
1034405,308350,"Plantago serpentina aggr.",NA,"Plantaginaceae",NA,16,1982,2023,NA,"",NA
1034420,308400,"Platanthera bifolia (L.) Rich.",NA,"Orchidaceae",NA,25,1982,2024,NA,"Least concern",NA
1034430,308500,"Platanthera chlorantha (Custer) Rchb.",NA,"Orchidaceae",NA,8,1994,2023,NA,"Least concern",NA
1034470,309000,"Poa alpina L.",NA,"Poaceae",NA,28,1982,2025,NA,"Least concern",NA
1034480,309100,"Poa angustifolia L.",NA,"Poaceae",NA,1,2022,2022,NA,"Least concern",NA
1034540,309700,"Poa chaixii Vill.",NA,"Poaceae",NA,1,1982,2011,NA,"Least concern",NA
1034560,310000,"Poa glauca Vahl",NA,"Poaceae",NA,0,1966,1966,NA,"Least concern",NA
1034580,310100,"Poa hybrida Gaudin",NA,"Poaceae",NA,0,1982,1982,NA,"Least concern",NA
1034590,310200,"Poa laxa Haenke",NA,"Poaceae",NA,3,1982,2011,NA,"Least concern",NA
1034600,310300,"Poa minor Gaudin",NA,"Poaceae",NA,1,1982,2024,NA,"Least concern",NA
1034620,310500,"Poa nemoralis L.",NA,"Poaceae",NA,1,1982,2012,NA,"Least concern",NA
1034660,310800,"Poa pratensis L.",NA,"Poaceae",NA,2,2023,2024,NA,"Least concern",NA
1034650,310900,"Poa pratensis aggr.",NA,"Poaceae",NA,3,2022,2024,NA,"Least concern",NA
1034680,311100,"Poa supina Schrad.",NA,"Poaceae",NA,4,1982,2021,NA,"Least concern",NA
1034690,311295,"Poa trivialis L.",NA,"Poaceae",NA,3,1982,2023,NA,"Least concern",NA
1034700,311300,"Poa trivialis L. subsp. trivialis",NA,"Poaceae",NA,0,1982,1982,NA,"Least concern",NA
1034770,312300,"Polygala alpestris Rchb.",NA,"Polygalaceae",NA,5,1982,2024,NA,"Least concern",NA
1034785,312490,"Polygala amara aggr.",NA,"Polygalaceae",NA,1,2002,2002,NA,"",NA
1034800,312500,"Polygala amarella Crantz",NA,"Polygalaceae",NA,1,2002,2002,NA,"Least concern",NA
1034830,312700,"Polygala chamaebuxus L.",NA,"Polygalaceae",NA,20,1982,2024,NA,"Least concern",NA
1034890,313195,"Polygala vulgaris L.",NA,"Polygalaceae",NA,9,2002,2022,NA,"Least concern",NA
1034940,313700,"Polygonatum verticillatum (L.) All.",NA,"Asparagaceae",NA,0,1982,1982,NA,"Least concern",NA
1035010,314400,"Polygonum bistorta L.",NA,"Polygonaceae",NA,2,2013,2013,NA,"Least concern",NA
1035170,315800,"Polygonum viviparum L.",NA,"Polygonaceae",NA,47,1936,2023,NA,"Least concern",NA
1035200,316400,"Polypodium vulgare L.",NA,"Polypodiaceae",NA,0,1982,1982,NA,"Least concern",NA
1035260,316800,"Polystichum lonchitis (L.) Roth",NA,"Dryopteridaceae",NA,4,1982,2022,NA,"Least concern",NA
1035500,318700,"Potamogeton filiformis Pers.",NA,"Potamogetonaceae",NA,0,1982,1982,NA,"Vulnerable",NA
1035550,319200,"Potamogeton natans L.",NA,"Potamogetonaceae",NA,0,1982,1982,NA,"Least concern",NA
1035575,319750,"Potamogeton pectinatus aggr.",NA,"Potamogetonaceae",NA,0,1982,1982,NA,"",NA
1035720,321300,"Potentilla aurea L.",NA,"Rosaceae",NA,28,1982,2025,NA,"Least concern",NA
1035730,321400,"Potentilla brauneana Hoppe",NA,"Rosaceae",NA,3,1938,2022,NA,"Least concern",NA
1035790,322100,"Potentilla crantzii (Crantz) Fritsch",NA,"Rosaceae",NA,6,1982,2024,NA,"Least concern",NA
1035810,322400,"Potentilla erecta (L.) Raeusch.",NA,"Rosaceae",NA,47,1982,2025,NA,"Least concern",NA
1035970,323600,"Potentilla nivea L.",NA,"Rosaceae",NA,2,1916,2025,NA,"Vulnerable",NA
1036180,325700,"Primula auricula L.",NA,"Primulaceae",NA,9,1982,2024,NA,"Least concern",NA
1036210,326000,"Primula elatior (L.) L. subsp. elatior",NA,"Primulaceae",NA,1,1982,2016,NA,"",NA
1036230,326200,"Primula farinosa L.",NA,"Primulaceae",NA,16,1982,2025,NA,"Least concern",NA
1036280,326605,"Primula hirsuta All.",NA,"Primulaceae",NA,4,1982,2025,NA,"Least concern",NA
1036290,326700,"Primula integrifolia L.",NA,"Primulaceae",NA,19,1982,2025,NA,"Least concern",NA
1036330,327195,"Primula veris L.",NA,"Primulaceae",NA,5,2016,2023,NA,"Least concern",NA
1036430,327650,"Pritzelago alpina (L.) Kuntze",NA,"Brassicaceae",NA,18,1936,2025,NA,"Least concern",NA
1036440,327700,"Pritzelago alpina (L.) Kuntze subsp. alpina",NA,"Brassicaceae",NA,4,1982,2025,NA,"Least concern",NA
1036450,327800,"Pritzelago alpina subsp. brevicaulis (Spreng.) Greuter & Burdet",NA,"Brassicaceae",NA,2,1936,1982,NA,"Least concern",NA
1036460,327900,"Prunella grandiflora (L.) Scholler",NA,"Lamiaceae",NA,16,2002,2023,NA,"Least concern",NA
1036480,328100,"Prunella vulgaris L.",NA,"Lamiaceae",NA,21,1982,2023,NA,"Least concern",NA
1036710,330400,"Pseudorchis albida (L.) Á. Löve & D. Löve",NA,"Orchidaceae",NA,37,1982,2025,NA,"Least concern",NA
1036980,333195,"Pulsatilla alpina (L.) Delarbre",NA,"Ranunculaceae",NA,26,1982,2023,NA,"Least concern",NA
1036990,333200,"Pulsatilla alpina (L.) Delarbre subsp. alpina",NA,"Ranunculaceae",NA,9,1982,2023,NA,"Least concern",NA
1037010,333390,"Pulsatilla alpina subsp. apiifolia (Scop.) Nyman",NA,"Ranunculaceae",NA,9,1982,2023,NA,"Least concern",NA
1037090,334100,"Pulsatilla vernalis (L.) Mill.",NA,"Ranunculaceae",NA,7,1982,2025,NA,"Least concern",NA
1037170,334600,"Pyrola minor L.",NA,"Ericaceae",NA,1,1982,2024,NA,"Least concern",NA
1037360,336500,"Ranunculus aconitifolius L.",NA,"Ranunculaceae",NA,3,1982,2023,NA,"Least concern",NA
1037370,336595,"Ranunculus acris L.",NA,"Ranunculaceae",NA,6,2022,2024,NA,"Least concern",NA
1037390,336700,"Ranunculus acris subsp. friesianus (Jord.) Syme",NA,"Ranunculaceae",NA,1,2023,2023,NA,"Least concern",NA
1037410,336800,"Ranunculus alpestris L.",NA,"Ranunculaceae",NA,20,1982,2025,NA,"Least concern",NA
1037610,338700,"Ranunculus glacialis L.",NA,"Ranunculaceae",NA,1,1982,2022,NA,"Least concern",NA
1037660,339200,"Ranunculus kuepferi Greuter & Burdet",NA,"Ranunculaceae",NA,2,1982,2023,NA,"Least concern",NA
1037710,339500,"Ranunculus montanus Willd.",NA,"Ranunculaceae",NA,1,1982,2023,NA,"Least concern",NA
1037700,339505,"Ranunculus montanus aggr.",NA,"Ranunculaceae",NA,14,1982,2025,NA,"Least concern",NA
1037940,341895,"Ranunculus trichophyllus Chaix",NA,"Ranunculaceae",NA,1,2023,2023,NA,"Least concern",NA
1037960,342000,"Ranunculus trichophyllus subsp. eradicatus (Laest.) C. D. K. Cook",NA,"Ranunculaceae",NA,1,2023,2023,NA,"Least concern",NA
1037970,342200,"Ranunculus tuberosus Lapeyr.",NA,"Ranunculaceae",NA,15,1982,2022,NA,"Least concern",NA
1037965,342210,"Ranunculus tuberosus aggr.",NA,"Ranunculaceae",NA,19,1982,2022,NA,"Least concern",NA
1038000,342400,"Ranunculus villarsii DC.",NA,"Ranunculaceae",NA,2,1982,2023,NA,"Least concern",NA
1038230,344100,"Rhinanthus alectorolophus (Scop.) Pollich",NA,"Orobanchaceae",NA,8,1982,2024,NA,"Least concern",NA
1038280,344700,"Rhinanthus glacialis Personnat",NA,"Orobanchaceae",NA,27,1982,2025,NA,"Least concern",NA
1038290,344800,"Rhinanthus minor L.",NA,"Orobanchaceae",NA,1,2002,2002,NA,"Least concern",NA
1038330,345300,"Rhododendron ferrugineum L.",NA,"Ericaceae",NA,7,1982,2025,NA,"Least concern",NA
1038340,345400,"Rhododendron hirsutum L.",NA,"Ericaceae",NA,2,1982,2022,NA,"Least concern",NA
1038360,345450,"Rhododendron ×intermedium Wender.",NA,"Ericaceae",NA,1,2022,2022,NA,"",NA
1038450,346200,"Ribes petraeum Wulfen",NA,"Grossulariaceae",NA,0,1982,1982,NA,"Least concern",NA
1038460,346300,"Ribes rubrum L.",NA,"Grossulariaceae",NA,1,2018,2018,NA,"",NA
1038830,349500,"Rosa pendulina L.",NA,"Rosaceae",NA,1,1982,2018,NA,"Least concern",NA
1038970,350650,"Rosa tomentosa aggr.",NA,"Rosaceae",NA,1,2019,2019,NA,"Least concern",NA
1039000,350800,"Rosa villosa L.",NA,"Rosaceae",NA,1,2019,2019,NA,"Near threatened",NA
1039950,357400,"Rubus saxatilis L.",NA,"Rosaceae",NA,1,1982,2023,NA,"Least concern",NA
1040140,358900,"Rumex acetosa L.",NA,"Polygonaceae",NA,5,2022,2023,NA,"Least concern",NA
1040160,359000,"Rumex acetosella L.",NA,"Polygonaceae",NA,1,2025,2025,NA,"Least concern",NA
1040190,359300,"Rumex alpestris Jacq.",NA,"Polygonaceae",NA,6,1982,2024,NA,"Least concern",NA
1040200,359400,"Rumex alpinus L.",NA,"Polygonaceae",NA,5,1982,2023,NA,"Least concern",NA
1040280,360300,"Rumex nivalis Hegetschw.",NA,"Polygonaceae",NA,12,1938,2025,NA,"Least concern",NA
1040290,360400,"Rumex obtusifolius L.",NA,"Polygonaceae",NA,1,2023,2023,NA,"Least concern",NA
1040480,362300,"Sagina saginoides (L.) H. Karst.",NA,"Caryophyllaceae",NA,7,1982,2022,NA,"Least concern",NA
1040650,363500,"Salix breviserrata Flod.",NA,"Salicaceae",NA,3,1938,2010,NA,"Least concern",NA
1040790,364600,"Salix hastata L.",NA,"Salicaceae",NA,3,1982,2024,NA,"Least concern",NA
1040810,364800,"Salix herbacea L.",NA,"Salicaceae",NA,28,1982,2025,NA,"Least concern",NA
1040980,366100,"Salix reticulata L.",NA,"Salicaceae",NA,17,1938,2025,NA,"Least concern",NA
1040990,366200,"Salix retusa L.",NA,"Salicaceae",NA,13,1982,2025,NA,"Least concern",NA
1041010,366300,"Salix serpillifolia Scop.",NA,"Salicaceae",NA,19,1982,2025,NA,"Least concern",NA
1041050,366600,"Salix waldsteiniana Willd.",NA,"Salicaceae",NA,8,1982,2024,NA,"Least concern",NA
1041410,369400,"Saponaria ocymoides L.",NA,"Caryophyllaceae",NA,0,1982,1982,NA,"Least concern",NA
1041510,371050,"Saussurea alpina (L.) DC.",NA,"Asteraceae",NA,4,1982,2017,NA,"Least concern",NA
1041520,371100,"Saussurea alpina (L.) DC. subsp. alpina",NA,"Asteraceae",NA,1,1982,2010,NA,"Least concern",NA
1041550,371500,"Saxifraga adscendens L.",NA,"Saxifragaceae",NA,1,1932,1982,NA,"Near threatened",NA
1041560,371600,"Saxifraga aizoides L.",NA,"Saxifragaceae",NA,8,1982,2023,NA,"Least concern",NA
1041570,371800,"Saxifraga androsacea L.",NA,"Saxifragaceae",NA,5,1938,2022,NA,"Least concern",NA
1041580,371900,"Saxifraga aphylla Sternb.",NA,"Saxifragaceae",NA,10,1938,2025,NA,"Least concern",NA
1041590,372000,"Saxifraga aspera L.",NA,"Saxifragaceae",NA,0,1982,1982,NA,"Least concern",NA
1041610,372240,"Saxifraga biflora All.",NA,"Saxifragaceae",NA,0,1966,1966,NA,"Least concern",NA
1041600,372250,"Saxifraga biflora aggr.",NA,"Saxifragaceae",NA,0,1966,1966,NA,"",NA
1041630,372300,"Saxifraga bryoides L.",NA,"Saxifragaceae",NA,6,1982,2025,NA,"Least concern",NA
1041650,372500,"Saxifraga caesia L.",NA,"Saxifragaceae",NA,18,1982,2024,NA,"Least concern",NA
1041730,373050,"Saxifraga exarata Vill.",NA,"Saxifragaceae",NA,21,1982,2025,NA,"Least concern",NA
1041710,373200,"Saxifraga exarata subsp. moschata (Wulfen) Cavill.",NA,"Saxifragaceae",NA,10,2009,2023,NA,"Least concern",NA
1041810,374000,"Saxifraga hypnoides L.",NA,"Saxifragaceae",NA,1,2025,2025,NA,"",NA
1041860,374450,"Saxifraga oppositifolia L.",NA,"Saxifragaceae",NA,13,1982,2025,NA,"Least concern",NA
1041870,374500,"Saxifraga oppositifolia L. subsp. oppositifolia",NA,"Saxifragaceae",NA,1,1982,2025,NA,"Least concern",NA
1041890,374600,"Saxifraga paniculata Mill.",NA,"Saxifragaceae",NA,13,1982,2025,NA,"Least concern",NA
1041980,375400,"Saxifraga rotundifolia L.",NA,"Saxifragaceae",NA,1,1982,2022,NA,"Least concern",NA
1042000,375700,"Saxifraga seguieri Spreng.",NA,"Saxifragaceae",NA,4,1982,2011,NA,"Least concern",NA
1042010,375800,"Saxifraga stellaris L.",NA,"Saxifragaceae",NA,6,1982,2023,NA,"Least concern",NA
1041775,376350,"Saxifraga ×kochii Hornung",NA,"Saxifragaceae",NA,0,1966,1966,NA,"",NA
1042120,377100,"Scabiosa lucida Vill.",NA,"Caprifoliaceae",NA,26,1982,2024,NA,"Least concern",NA
1042760,383300,"Sedum alpestre Vill.",NA,"Crassulaceae",NA,12,1938,2025,NA,"Least concern",NA
1042780,383500,"Sedum annuum L.",NA,"Crassulaceae",NA,0,1982,1982,NA,"Least concern",NA
1042800,383700,"Sedum atratum L.",NA,"Crassulaceae",NA,13,1938,2025,NA,"Least concern",NA
1043100,386300,"Selaginella selaginoides (L.) Schrank & Mart.",NA,"Selaginellaceae",NA,9,1982,2025,NA,"Least concern",NA
1043160,387000,"Sempervivum montanum L.",NA,"Crassulaceae",NA,8,1938,2022,NA,"Least concern",NA
1043250,387600,"Senecio alpinus (L.) Scop.",NA,"Asteraceae",NA,1,2009,2009,NA,"Least concern",NA
1043280,388200,"Senecio doronicum (L.) L.",NA,"Asteraceae",NA,3,1982,2023,NA,"Least concern",NA
1043350,388900,"Senecio hercynicus Herborg",NA,"Asteraceae",NA,1,1982,2022,NA,"Least concern",NA
1043370,389005,"Senecio incanus L.",NA,"Asteraceae",NA,16,1982,2025,NA,"Least concern",NA
1043390,389200,"Senecio incanus subsp. carniolicus (Willd.) Braun-Blanq.",NA,"Asteraceae",NA,12,1982,2022,NA,"Least concern",NA
1043425,389870,"Senecio ovatus aggr.",NA,"Asteraceae",NA,1,1982,2022,NA,"",NA
1043470,390000,"Senecio rupestris Waldst. & Kit.",NA,"Asteraceae",NA,2,2010,2022,NA,"Least concern",NA
1043530,390500,"Senecio vulgaris L.",NA,"Asteraceae",NA,0,1982,1982,NA,"Least concern",NA
1043700,392200,"Sesleria caerulea (L.) Ard.",NA,"Poaceae",NA,39,1936,2025,NA,"Least concern",NA
1043840,393700,"Sibbaldia procumbens L.",NA,"Rosaceae",NA,12,1938,2025,NA,"Least concern",NA
1043890,394300,"Silene acaulis (L.) Jacq.",NA,"Caryophyllaceae",NA,24,1982,2025,NA,"Least concern",NA
1043940,394900,"Silene dioica (L.) Clairv.",NA,"Caryophyllaceae",NA,2,1982,2023,NA,"Least concern",NA
1043960,395100,"Silene exscapa All.",NA,"Caryophyllaceae",NA,3,1982,2011,NA,"Least concern",NA
1044020,396050,"Silene nutans L.",NA,"Caryophyllaceae",NA,3,1982,2023,NA,"Least concern",NA
1044030,396100,"Silene nutans L. subsp. nutans",NA,"Caryophyllaceae",NA,2,1982,2002,NA,"Least concern",NA
1044080,396800,"Silene rupestris L.",NA,"Caryophyllaceae",NA,2,1982,2025,NA,"Least concern",NA
1044140,397295,"Silene vulgaris (Moench) Garcke",NA,"Caryophyllaceae",NA,11,1982,2022,NA,"Least concern",NA
1044150,397300,"Silene vulgaris (Moench) Garcke subsp. vulgaris",NA,"Caryophyllaceae",NA,1,1982,2022,NA,"Least concern",NA
1044540,400600,"Soldanella alpina L.",NA,"Primulaceae",NA,9,1982,2023,NA,"Least concern",NA
1044560,400800,"Soldanella pusilla Baumg.",NA,"Primulaceae",NA,14,1982,2025,NA,"Least concern",NA
1044620,401395,"Solidago virgaurea L.",NA,"Asteraceae",NA,13,1982,2025,NA,"Least concern",NA
1044630,401400,"Solidago virgaurea L. subsp. virgaurea",NA,"Asteraceae",NA,1,2025,2025,NA,"Least concern",NA
1044640,401500,"Solidago virgaurea subsp. minuta (L.) Arcang.",NA,"Asteraceae",NA,4,1982,2022,NA,"Least concern",NA
1044870,402900,"Sparganium angustifolium Michx.",NA,"Typhaceae",NA,7,1982,2025,NA,"Near threatened",NA
1045390,407800,"Stellaria media (L.) Vill.",NA,"Caryophyllaceae",NA,0,1982,1982,NA,"Least concern",NA
1045400,407805,"Stellaria media aggr.",NA,"Caryophyllaceae",NA,0,1982,1982,NA,"Least concern",NA
1045420,408095,"Stellaria nemorum L.",NA,"Caryophyllaceae",NA,1,1982,2022,NA,"Least concern",NA
1045430,408100,"Stellaria nemorum L. subsp. nemorum",NA,"Caryophyllaceae",NA,1,1982,2022,NA,"Least concern",NA
1045470,408600,"Stemmacantha rhapontica (L.) Dittrich",NA,"Asteraceae",NA,10,2002,2025,NA,"Least concern",NA
1045480,408700,"Stemmacantha rhapontica (L.) Dittrich subsp. rhapontica",NA,"Asteraceae",NA,4,2002,2023,NA,"Least concern",NA
1046010,412000,"Taraxacum alpinum aggr.",NA,"Asteraceae",NA,8,1938,2022,NA,"Least concern",NA
1046080,413100,"Taraxacum officinale aggr.",NA,"Asteraceae",NA,9,1982,2025,NA,"Least concern",NA
1046120,413500,"Taraxacum schroeterianum Hand.-Mazz.",NA,"Asteraceae",NA,0,1982,1982,NA,"Near threatened",NA
1046300,415100,"Teucrium montanum L.",NA,"Lamiaceae",NA,0,1982,1982,NA,"Least concern",NA
1046450,417200,"Thesium alpinum L.",NA,"Santalaceae",NA,20,1982,2023,NA,"Least concern",NA
1046500,417700,"Thesium pyrenaicum Pourr.",NA,"Santalaceae",NA,3,2002,2023,NA,"Least concern",NA
1046830,420750,"Thymus praecox Opiz",NA,"Lamiaceae",NA,1,1982,2022,NA,"",NA
1046850,420900,"Thymus praecox subsp. polytrichus (Borbás) Jalas",NA,"Lamiaceae",NA,1,1982,2022,NA,"Least concern",NA
1046860,420940,"Thymus pulegioides L.",NA,"Lamiaceae",NA,1,2022,2022,NA,"",NA
1046870,420990,"Thymus pulegioides L. subsp. pulegioides",NA,"Lamiaceae",NA,1,2022,2022,NA,"Least concern",NA
1046890,421200,"Thymus serpyllum aggr.",NA,"Lamiaceae",NA,24,1982,2023,NA,"Least concern",NA
1046990,421600,"Tofieldia calyculata (L.) Wahlenb.",NA,"Tofieldiaceae",NA,4,1982,2025,NA,"Least concern",NA
1047180,422950,"Tragopogon pratensis L.",NA,"Asteraceae",NA,14,2002,2023,NA,"Least concern",NA
1047220,423300,"Tragopogon pratensis subsp. orientalis (L.) Čelak.",NA,"Asteraceae",NA,1,2023,2023,NA,"Least concern",NA
1047250,423600,"Traunsteinera globosa (L.) Rchb.",NA,"Orchidaceae",NA,63,1982,2023,NA,"Least concern",NA
1047290,423900,"Trichophorum cespitosum (L.) Hartm.",NA,"Cyperaceae",NA,1,1982,2022,NA,"Least concern",NA
1047370,424500,"Trifolium alpinum L.",NA,"Fabaceae",NA,20,1982,2025,NA,"Least concern",NA
1047410,424900,"Trifolium badium Schreb.",NA,"Fabaceae",NA,13,1982,2023,NA,"Least concern",NA
1047520,426000,"Trifolium medium L.",NA,"Fabaceae",NA,7,2002,2022,NA,"Least concern",NA
1047540,426300,"Trifolium montanum L.",NA,"Fabaceae",NA,35,2002,2023,NA,"Least concern",NA
1047600,426895,"Trifolium pratense L.",NA,"Fabaceae",NA,38,1938,2024,NA,"Least concern",NA
1047610,426900,"Trifolium pratense L. subsp. pratense",NA,"Fabaceae",NA,5,1982,2024,NA,"Least concern",NA
1047620,427000,"Trifolium pratense subsp. nivale (W. D. J. Koch) Ces.",NA,"Fabaceae",NA,10,1938,2024,NA,"Least concern",NA
1047630,427100,"Trifolium repens L.",NA,"Fabaceae",NA,5,1982,2023,NA,"Least concern",NA
1047760,428100,"Trifolium thalii Vill.",NA,"Fabaceae",NA,2,1982,2018,NA,"Least concern",NA
1047770,428200,"Triglochin palustris L.",NA,"Juncaginaceae",NA,1,1982,2019,NA,"Least concern",NA
1047880,429300,"Trisetum distichophyllum (Vill.) P. Beauv.",NA,"Poaceae",NA,1,1982,2010,NA,"Least concern",NA
1047890,429400,"Trisetum flavescens (L.) P. Beauv.",NA,"Poaceae",NA,12,1982,2024,NA,"Least concern",NA
1047920,429500,"Trisetum spicatum (L.) K. Richt.",NA,"Poaceae",NA,5,1982,2022,NA,"Least concern",NA
1048030,430600,"Trollius europaeus L.",NA,"Ranunculaceae",NA,34,1982,2024,NA,"Least concern",NA
1048220,432000,"Tussilago farfara L.",NA,"Asteraceae",NA,10,1982,2025,NA,"Least concern",NA
1048470,434500,"Vaccinium gaultherioides Bigelow",NA,"Ericaceae",NA,7,2009,2022,NA,"Least concern",NA
1048500,434800,"Vaccinium myrtillus L.",NA,"Ericaceae",NA,17,1982,2025,NA,"Least concern",NA
1048530,435000,"Vaccinium uliginosum L.",NA,"Ericaceae",NA,2,2018,2022,NA,"Near threatened",NA
1048520,435100,"Vaccinium uliginosum aggr.",NA,"Ericaceae",NA,10,1982,2023,NA,"Least concern",NA
1048540,435300,"Vaccinium vitis-idaea L.",NA,"Ericaceae",NA,13,1982,2025,NA,"Least concern",NA
1048590,435700,"Valeriana montana L.",NA,"Caprifoliaceae",NA,4,1982,2025,NA,"Least concern",NA
1048610,435800,"Valeriana officinalis L.",NA,"Caprifoliaceae",NA,1,2023,2023,NA,"Least concern",NA
1048600,435900,"Valeriana officinalis aggr.",NA,"Caprifoliaceae",NA,2,2002,2023,NA,"Least concern",NA
1048680,436600,"Valeriana supina Ard.",NA,"Caprifoliaceae",NA,3,1938,2010,NA,"Least concern",NA
1048820,437800,"Veratrum album L.",NA,"Melanthiaceae",NA,6,1982,2023,NA,"Least concern",NA
1049020,439650,"Verbascum thapsus L.",NA,"Scrophulariaceae",NA,1,2002,2002,NA,"Least concern",NA
1049120,440400,"Veronica alpina L.",NA,"Plantaginaceae",NA,14,1982,2025,NA,"Least concern",NA
1049150,440700,"Veronica aphylla L.",NA,"Plantaginaceae",NA,12,1982,2024,NA,"Least concern",NA
1049180,441000,"Veronica beccabunga L.",NA,"Plantaginaceae",NA,1,1982,2022,NA,"Least concern",NA
1049190,441100,"Veronica bellidioides L.",NA,"Plantaginaceae",NA,11,1982,2023,NA,"Least concern",NA
1049210,441400,"Veronica chamaedrys L.",NA,"Plantaginaceae",NA,2,1982,2023,NA,"Least concern",NA
1049270,441700,"Veronica fruticans Jacq.",NA,"Plantaginaceae",NA,14,1982,2025,NA,"Least concern",NA
1049340,442400,"Veronica officinalis L.",NA,"Plantaginaceae",NA,3,1982,2012,NA,"Least concern",NA
1049460,443395,"Veronica serpyllifolia L.",NA,"Plantaginaceae",NA,1,2011,2011,NA,"Least concern",NA
1049620,444995,"Vicia cracca L.",NA,"Fabaceae",NA,3,2013,2022,NA,"Least concern",NA
1049820,446995,"Vicia sativa L.",NA,"Fabaceae",NA,1,2023,2023,NA,"Least concern",NA
1049860,447400,"Vicia sepium L.",NA,"Fabaceae",NA,2,2023,2023,NA,"Least concern",NA
1050010,449100,"Viola biflora L.",NA,"Violaceae",NA,1,1982,2018,NA,"Least concern",NA
1050020,449200,"Viola calcarata L.",NA,"Violaceae",NA,10,1938,2025,NA,"Least concern",NA
1050060,449250,"Viola canina L.",NA,"Violaceae",NA,1,1982,2013,NA,"Near threatened",NA
1050050,449300,"Viola canina L. subsp. canina",NA,"Violaceae",NA,0,1982,1982,NA,"Vulnerable",NA
1050070,449400,"Viola canina subsp. montana auct.",NA,"Violaceae",NA,1,2013,2013,NA,"Near threatened",NA
1050170,450300,"Viola hirta L.",NA,"Violaceae",NA,2,2016,2016,NA,"Least concern",NA
1050220,451100,"Viola palustris L.",NA,"Violaceae",NA,2,1982,2022,NA,"Least concern",NA
1050340,452500,"Viola tricolor L.",NA,"Violaceae",NA,0,1982,1982,NA,"",NA
1050330,452510,"Viola tricolor aggr.",NA,"Violaceae",NA,1,1982,2022,NA,"Least concern",NA
1050530,454200,"Willemetia stipitata (Jacq.) Dalla Torre",NA,"Asteraceae",NA,1,1982,2022,NA,"Near threatened",NA
1000130,800,"Acer pseudoplatanus L.",NA,"Sapindaceae",NA,1,1982,2025,NA,"Least concern",NA
1000180,1000,"Achillea atrata L.",NA,"Asteraceae",NA,33,1910,2025,NA,"Least concern",NA
1000260,1350,"Achillea erba-rotta All.",NA,"Asteraceae",NA,2,1966,2024,NA,"Least concern",NA
1000290,1500,"Achillea erba-rotta subsp. moschata (Wulfen) Vacc.",NA,"Asteraceae",NA,2,1966,2024,NA,"Least concern",NA
1000310,1600,"Achillea macrophylla L.",NA,"Asteraceae",NA,0,1966,1966,NA,"Least concern",NA
1000330,1700,"Achillea millefolium L.",NA,"Asteraceae",NA,2,1982,2024,NA,"Least concern",NA
1000320,1706,"Achillea millefolium aggr.",NA,"Asteraceae",NA,7,1982,2024,NA,"Least concern",NA
1000360,1900,"Achillea nana L.",NA,"Asteraceae",NA,12,1982,2024,NA,"Least concern",NA
1000460,2800,"Acinos alpinus (L.) Moench",NA,"Lamiaceae",NA,6,1955,2025,NA,"Least concern",NA
1000543,3510,"Aconitum lycoctonum L.",NA,"Ranunculaceae",NA,8,1982,2024,NA,"Least concern",NA
1000548,3520,"Aconitum lycoctonum subsp. neapolitanum (Ten.) Nyman",NA,"Ranunculaceae",NA,2,2020,2022,NA,"Least concern",NA
1000545,3530,"Aconitum lycoctonum subsp. vulparia (Rchb.) Nyman",NA,"Ranunculaceae",NA,1,1982,2023,NA,"Least concern",NA
1000563,3540,"Aconitum napellus L.",NA,"Ranunculaceae",NA,11,1982,2025,NA,"Least concern",NA
1000567,3580,"Aconitum napellus subsp. vulgare Rouy & Foucaud",NA,"Ranunculaceae",NA,4,2022,2025,NA,"Least concern",NA
1000780,5450,"Adenostyles alpina (L.) Bluff & Fingerh.",NA,"Asteraceae",NA,1,1982,2024,NA,"Least concern",NA
1000800,5600,"Adenostyles leucophylla (Willd.) Rchb.",NA,"Asteraceae",NA,1,1966,2024,NA,"Least concern",NA
1001060,8400,"Agrostis alpina Scop.",NA,"Poaceae",NA,3,1955,2025,NA,"Least concern",NA
1001080,8600,"Agrostis capillaris L.",NA,"Poaceae",NA,20,1951,2025,NA,"Least concern",NA
1001100,8900,"Agrostis rupestris All.",NA,"Poaceae",NA,11,1951,2025,NA,"Least concern",NA
1001120,9100,"Agrostis schraderiana Bech.",NA,"Poaceae",NA,1,1982,2023,NA,"Least concern",NA
1001220,10300,"Ajuga pyramidalis L.",NA,"Lamiaceae",NA,3,1982,2025,NA,"Least concern",NA
1001230,10400,"Ajuga reptans L.",NA,"Lamiaceae",NA,0,1982,1982,NA,"Least concern",NA
1001420,12000,"Alchemilla conjuncta aggr.",NA,"Rosaceae",NA,4,1954,2025,NA,"Least concern",NA
1001410,12100,"Alchemilla conjuncta superaggr.",NA,"",NA,6,1954,2025,NA,"",NA
1001570,13300,"Alchemilla demissa aggr.",NA,"Rosaceae",NA,1,2025,2025,NA,"Least concern",NA
1001640,14000,"Alchemilla fissa aggr.",NA,"Rosaceae",NA,2,1955,1982,NA,"Least concern",NA
1001740,15000,"Alchemilla glabra aggr.",NA,"Rosaceae",NA,0,1982,1982,NA,"Least concern",NA
1002030,17300,"Alchemilla monticola Opiz",NA,"Rosaceae",NA,3,1951,1955,NA,"Data deficient",NA
1002150,18500,"Alchemilla plicatula aggr.",NA,"Rosaceae",NA,2,2022,2023,NA,"Least concern",NA
1002440,21100,"Alchemilla vulgaris aggr.",NA,"Rosaceae",NA,15,1951,2025,NA,"Least concern",NA
1002740,24200,"Allium schoenoprasum L.",NA,"Amaryllidaceae",NA,2,1982,2025,NA,"Least concern",NA
1002920,26000,"Alopecurus pratensis L.",NA,"Poaceae",NA,1,1982,2025,NA,"Least concern",NA
1003290,29300,"Amelanchier ovalis Medik.",NA,"Rosaceae",NA,0,1982,1982,NA,"Least concern",NA
1003500,31300,"Androsace alpina (L.) Lam.",NA,"Primulaceae",NA,1,2018,2018,NA,"Least concern",NA
1003540,31800,"Androsace chamaejasme Wulfen",NA,"Primulaceae",NA,28,1910,2025,NA,"Least concern",NA
1003570,32100,"Androsace helvetica (L.) All.",NA,"Primulaceae",NA,3,1982,2025,NA,"Least concern",NA
1003600,32400,"Androsace obtusifolia All.",NA,"Primulaceae",NA,8,1982,2025,NA,"Least concern",NA
1003760,33400,"Anemone narcissiflora L.",NA,"Ranunculaceae",NA,6,1955,2024,NA,"Least concern",NA
1003840,34300,"Antennaria carpatica (Wahlenb.) Bluff & Fingerh.",NA,"Asteraceae",NA,9,1982,2025,NA,"Least concern",NA
1003850,34400,"Antennaria dioica (L.) Gaertn.",NA,"Asteraceae",NA,10,1951,2025,NA,"Least concern",NA
1003940,35300,"Anthoxanthum alpinum Á. Löve & D. Löve",NA,"Poaceae",NA,3,1982,2025,NA,"Least concern",NA
1003970,35400,"Anthoxanthum odoratum L.",NA,"Poaceae",NA,15,1951,1962,NA,"Least concern",NA
1003960,35500,"Anthoxanthum odoratum aggr.",NA,"Poaceae",NA,22,1951,2025,NA,"Least concern",NA
1004070,36790,"Anthyllis vulneraria L.",NA,"Fabaceae",NA,16,1955,2025,NA,"Least concern",NA
1004090,36900,"Anthyllis vulneraria subsp. alpestris (Schult.) Asch. & Graebn.",NA,"Fabaceae",NA,7,1982,2025,NA,"Least concern",NA
1004300,38800,"Aquilegia alpina L.",NA,"Ranunculaceae",NA,11,1905,2024,NA,"Near threatened",NA
1004360,39350,"Arabis alpina L.",NA,"Brassicaceae",NA,32,1910,2025,NA,"Least concern",NA
1004370,39400,"Arabis alpina L. subsp. alpina",NA,"Brassicaceae",NA,5,1910,2024,NA,"",NA
1004400,39650,"Arabis bellidifolia Crantz",NA,"Brassicaceae",NA,16,1910,2025,NA,"Least concern",NA
1004410,39700,"Arabis bellidifolia Crantz subsp. bellidifolia",NA,"Brassicaceae",NA,1,1991,1991,NA,"Least concern",NA
1004420,39800,"Arabis bellidifolia subsp. stellulata (Bertol.) Greuter & Burdet",NA,"Brassicaceae",NA,6,1991,2025,NA,"Least concern",NA
1004430,40000,"Arabis caerulea All.",NA,"Brassicaceae",NA,1,1982,2011,NA,"Least concern",NA
1004440,40200,"Arabis ciliata Clairv.",NA,"Brassicaceae",NA,1,1982,2024,NA,"Least concern",NA
1004570,42000,"Arabis subcoriacea Gren.",NA,"Brassicaceae",NA,8,1982,2025,NA,"Least concern",NA
1004680,43000,"Arctostaphylos alpina (L.) Spreng.",NA,"Ericaceae",NA,5,1982,2025,NA,"Least concern",NA
1004690,43100,"Arctostaphylos uva-ursi (L.) Spreng.",NA,"Ericaceae",NA,1,1982,2025,NA,"Least concern",NA
1004720,43400,"Arenaria biflora L.",NA,"Caryophyllaceae",NA,3,1966,2024,NA,"Least concern",NA
1004740,43500,"Arenaria ciliata L.",NA,"Caryophyllaceae",NA,3,1982,2024,NA,"",NA
1004745,43530,"Arenaria ciliata L. subsp. ciliata",NA,"Caryophyllaceae",NA,2,2023,2024,NA,"Least concern",NA
1004730,43505,"Arenaria ciliata aggr.",NA,"Caryophyllaceae",NA,9,1982,2024,NA,"Least concern",NA
1004780,44100,"Arenaria marschlinsii W. D. J. Koch",NA,"Caryophyllaceae",NA,0,1966,1966,NA,"Near threatened",NA
1004810,44300,"Arenaria serpyllifolia L.",NA,"Caryophyllaceae",NA,0,1982,1982,NA,"Least concern",NA
1004800,44305,"Arenaria serpyllifolia aggr.",NA,"Caryophyllaceae",NA,0,1982,1982,NA,"Least concern",NA
1004910,45700,"Arnica montana L.",NA,"Asteraceae",NA,23,1951,2025,NA,"Least concern",NA
1005080,47000,"Artemisia genipi Weber",NA,"Asteraceae",NA,7,1910,2024,NA,"Least concern",NA
1005130,47700,"Artemisia umbelliformis Lam.",NA,"Asteraceae",NA,7,1947,2025,NA,"Least concern",NA
1005500,50900,"Asplenium ruta-muraria L.",NA,"Aspleniaceae",NA,6,1982,2025,NA,"Least concern",NA
1005540,51200,"Asplenium septentrionale (L.) Hoffm.",NA,"Aspleniaceae",NA,1,1994,1994,NA,"Least concern",NA
1005550,51400,"Asplenium trichomanes L.",NA,"Aspleniaceae",NA,0,1982,1982,NA,"Least concern",NA
1005610,51500,"Asplenium viride Huds.",NA,"Aspleniaceae",NA,16,1982,2025,NA,"Least concern",NA
1005640,51800,"Aster alpinus L.",NA,"Asteraceae",NA,16,1969,2025,NA,"Least concern",NA
1005660,52000,"Aster bellidiastrum (L.) Scop.",NA,"Asteraceae",NA,17,1955,2025,NA,"Least concern",NA
1005790,53200,"Astragalus alpinus L.",NA,"Fabaceae",NA,1,1982,2023,NA,"Least concern",NA
1005800,53300,"Astragalus australis (L.) Lam.",NA,"Fabaceae",NA,2,1982,2024,NA,"Least concern",NA
1005870,53900,"Astragalus frigidus (L.) A. Gray",NA,"Fabaceae",NA,7,1982,2025,NA,"Least concern",NA
1005940,54600,"Astragalus penduliflorus Lam.",NA,"Fabaceae",NA,1,1966,2023,NA,"Least concern",NA
1006060,55400,"Athamanta cretensis L.",NA,"Apiaceae",NA,0,1982,1982,NA,"Least concern",NA
1006080,55600,"Athyrium distentifolium Opiz",NA,"Athyriaceae",NA,5,1982,2025,NA,"Least concern",NA
1006090,55700,"Athyrium filix-femina (L.) Roth",NA,"Athyriaceae",NA,3,2020,2022,NA,"Least concern",NA
1006320,57400,"Avenella flexuosa (L.) Drejer",NA,"Poaceae",NA,2,1982,2025,NA,"Least concern",NA
1006450,58600,"Barbarea vulgaris R. Br.",NA,"Brassicaceae",NA,1,2024,2024,NA,"Least concern",NA
1006460,58700,"Bartsia alpina L.",NA,"Orobanchaceae",NA,23,1962,2025,NA,"Least concern",NA
1006490,59100,"Bellis perennis L.",NA,"Asteraceae",NA,6,1951,2024,NA,"Least concern",NA
1006530,59200,"Berberis vulgaris L.",NA,"Berberidaceae",NA,0,1982,1982,NA,"Least concern",NA
1006600,60400,"Betula pendula Roth",NA,"Betulaceae",NA,1,2025,2025,NA,"Least concern",NA
1006595,60450,"Betula pendula aggr.",NA,"Betulaceae",NA,1,2025,2025,NA,"",NA
1006900,62800,"Blysmus compressus (L.) Link",NA,"Cyperaceae",NA,2,1982,2025,NA,"Least concern",NA
1006990,63300,"Botrychium lunaria (L.) Sw.",NA,"Ophioglossaceae",NA,23,1982,2025,NA,"Least concern",NA
1007200,65200,"Briza media L.",NA,"Poaceae",NA,9,1954,2025,NA,"Least concern",NA
1008130,73300,"Callitriche palustris L.",NA,"Plantaginaceae",NA,3,2025,2025,NA,"Least concern",NA
1008160,73600,"Calluna vulgaris (L.) Hull",NA,"Ericaceae",NA,8,1951,2025,NA,"Least concern",NA
1008180,73700,"Caltha palustris L.",NA,"Ranunculaceae",NA,7,1981,2025,NA,"Least concern",NA
1008300,74700,"Campanula barbata L.",NA,"Campanulaceae",NA,20,1951,2025,NA,"Least concern",NA
1008370,75000,"Campanula cenisia L.",NA,"Campanulaceae",NA,19,1984,2025,NA,"Least concern",NA
1008390,75200,"Campanula cochleariifolia Lam.",NA,"Campanulaceae",NA,7,1910,2025,NA,"Least concern",NA
1008650,77200,"Campanula scheuchzeri Vill.",NA,"Campanulaceae",NA,28,1951,2025,NA,"Least concern",NA
1008680,77500,"Campanula thyrsoides L.",NA,"Campanulaceae",NA,17,1982,2025,NA,"Least concern",NA
1008780,78200,"Cardamine alpina Willd.",NA,"Brassicaceae",NA,4,1982,2025,NA,"Least concern",NA
1009020,80300,"Cardamine resedifolia L.",NA,"Brassicaceae",NA,2,1982,2024,NA,"Least concern",NA
1009170,81595,"Carduus defloratus L.",NA,"Asteraceae",NA,10,1955,2025,NA,"Least concern",NA
1009180,81600,"Carduus defloratus L. subsp. defloratus",NA,"Asteraceae",NA,6,1982,2025,NA,"Least concern",NA
1009240,82400,"Carduus personata (L.) Jacq.",NA,"Asteraceae",NA,2,1982,2025,NA,"Least concern",NA
1009330,83350,"Carex atrata L.",NA,"Cyperaceae",NA,2,1945,2024,NA,"Least concern",NA
1009340,83400,"Carex atrata L. subsp. atrata",NA,"Cyperaceae",NA,2,1945,2024,NA,"Least concern",NA
1009320,83405,"Carex atrata aggr.",NA,"Cyperaceae",NA,17,1910,2025,NA,"",NA
1009350,83500,"Carex atrata subsp. aterrima (Hoppe) Hartm.",NA,"Cyperaceae",NA,0,1966,1966,NA,"Least concern",NA
1009440,84400,"Carex brunnescens (Pers.) Poir.",NA,"Cyperaceae",NA,0,1966,1966,NA,"Least concern",NA
1009480,84600,"Carex canescens L.",NA,"Cyperaceae",NA,2,1982,2025,NA,"Least concern",NA
1009490,84700,"Carex capillaris L.",NA,"Cyperaceae",NA,3,1982,2025,NA,"Least concern",NA
1009510,84900,"Carex caryophyllea Latourr.",NA,"Cyperaceae",NA,2,1951,1954,NA,"Least concern",NA
1009540,85395,"Carex curvula All.",NA,"Cyperaceae",NA,6,2005,2024,NA,"Least concern",NA
1009570,85700,"Carex davalliana Sm.",NA,"Cyperaceae",NA,2,1982,2025,NA,"Least concern",NA
1009730,87200,"Carex ferruginea Scop.",NA,"Cyperaceae",NA,5,1982,2025,NA,"Least concern",NA
1009750,87400,"Carex firma Host",NA,"Cyperaceae",NA,11,1910,2025,NA,"Least concern",NA
1009760,87500,"Carex flacca Schreb.",NA,"Cyperaceae",NA,4,1982,2025,NA,"Least concern",NA
1009780,87600,"Carex flava L.",NA,"Cyperaceae",NA,0,1982,1982,NA,"Least concern",NA
1009770,87605,"Carex flava aggr.",NA,"Cyperaceae",NA,1,1982,2025,NA,"Least concern",NA
1009800,87800,"Carex frigida All.",NA,"Cyperaceae",NA,4,1982,2025,NA,"Least concern",NA
1009920,89100,"Carex lachenalii Schkuhr",NA,"Cyperaceae",NA,1,1966,2020,NA,"Least concern",NA
1009960,89400,"Carex lepidocarpa Tausch",NA,"Cyperaceae",NA,1,2025,2025,NA,"Least concern",NA
1009970,89500,"Carex leporina L.",NA,"Cyperaceae",NA,1,1982,2025,NA,"Least concern",NA
1009980,89600,"Carex limosa L.",NA,"Cyperaceae",NA,0,1966,1966,NA,"Near threatened",NA
1010030,90200,"Carex microglochin Wahlenb.",NA,"Cyperaceae",NA,0,1966,1966,NA,"Vulnerable",NA
1010040,90300,"Carex montana L.",NA,"Cyperaceae",NA,3,1982,2025,NA,"Least concern",NA
1010050,90400,"Carex mucronata All.",NA,"Cyperaceae",NA,2,1896,1984,NA,"Least concern",NA
1010070,90700,"Carex nigra (L.) Reichard",NA,"Cyperaceae",NA,3,1982,2025,NA,"Least concern",NA
1010090,91200,"Carex ornithopoda Willd.",NA,"Cyperaceae",NA,5,1955,2025,NA,"Least concern",NA
1010100,91300,"Carex ornithopodioides Hausm.",NA,"Cyperaceae",NA,5,1910,2025,NA,"Least concern",NA
1010130,91600,"Carex pallescens L.",NA,"Cyperaceae",NA,6,1951,2025,NA,"Least concern",NA
1010140,91700,"Carex panicea L.",NA,"Cyperaceae",NA,2,1982,2025,NA,"Least concern",NA
1010150,91800,"Carex paniculata L.",NA,"Cyperaceae",NA,1,1982,2025,NA,"Least concern",NA
1010160,92000,"Carex parviflora Host",NA,"Cyperaceae",NA,15,1910,2025,NA,"Least concern",NA
1010320,93700,"Carex rostrata Stokes",NA,"Cyperaceae",NA,2,2025,2025,NA,"Least concern",NA
1010340,93900,"Carex sempervirens Vill.",NA,"Cyperaceae",NA,20,1951,2025,NA,"Least concern",NA
1010490,95800,"Carlina acaulis L.",NA,"Asteraceae",NA,15,1951,2025,NA,"Least concern",NA
1010510,96000,"Carlina acaulis subsp. caulescens (Lam.) Schübl. & G. Martens",NA,"Asteraceae",NA,8,2022,2025,NA,"",NA
1010610,97100,"Carum carvi L.",NA,"Apiaceae",NA,8,1951,2025,NA,"Least concern",NA
1010820,98750,"Centaurea jacea L.",NA,"Asteraceae",NA,1,1954,1954,NA,"Least concern",NA
1010865,99030,"Centaurea jacea aggr.",NA,"Asteraceae",NA,1,1954,1954,NA,"",NA
1010890,99200,"Centaurea montana L.",NA,"Asteraceae",NA,1,2017,2017,NA,"Least concern",NA
1010910,99400,"Centaurea nervosa Willd.",NA,"Asteraceae",NA,5,2021,2025,NA,"Least concern",NA
1011250,102200,"Cerastium alpinum L.",NA,"Caryophyllaceae",NA,5,1945,2024,NA,"Least concern",NA
1011270,102595,"Cerastium arvense L.",NA,"Caryophyllaceae",NA,0,1982,1982,NA,"Least concern",NA
1011300,102700,"Cerastium arvense subsp. strictum (W. D. J. Koch) Schinz & R. Keller",NA,"Caryophyllaceae",NA,0,1982,1982,NA,"Least concern",NA
1011370,103400,"Cerastium cerastoides (L.) Britton",NA,"Caryophyllaceae",NA,3,1982,2024,NA,"Least concern",NA
1011390,103595,"Cerastium fontanum Baumg.",NA,"Caryophyllaceae",NA,11,1951,2025,NA,"Least concern",NA
1011420,103800,"Cerastium fontanum subsp. vulgare (Hartm.) Greuter & Burdet",NA,"Caryophyllaceae",NA,9,1951,2025,NA,"Least concern",NA
1011450,104200,"Cerastium latifolium L.",NA,"Caryophyllaceae",NA,11,1910,2025,NA,"Least concern",NA
1011480,104600,"Cerastium pedunculatum Gaudin",NA,"Caryophyllaceae",NA,0,1966,1966,NA,"Least concern",NA
1011530,105400,"Cerastium uniflorum Clairv.",NA,"Caryophyllaceae",NA,5,1994,2024,NA,"Least concern",NA
1011710,106700,"Chaerophyllum hirsutum L.",NA,"Apiaceae",NA,1,1982,2025,NA,"Least concern",NA
1011700,106705,"Chaerophyllum hirsutum aggr.",NA,"Apiaceae",NA,2,1982,2025,NA,"Least concern",NA
1011730,107100,"Chaerophyllum villarsii W. D. J. Koch",NA,"Apiaceae",NA,1,1982,2024,NA,"Least concern",NA
1011810,107700,"Chamorchis alpina (L.) Rich.",NA,"Orchidaceae",NA,10,1880,2016,NA,"Least concern",NA
50002,NA,"Chara aspera Willd.",NA,"Characeae",NA,2,1916,1916,NA,"Vulnerable",NA
1011850,108300,"Chenopodium album L.",NA,"Amaranthaceae",NA,1,2023,2023,NA,"Least concern",NA
1011845,108330,"Chenopodium album aggr.",NA,"Amaranthaceae",NA,1,2023,2023,NA,"",NA
1011880,108500,"Chenopodium bonus-henricus L.",NA,"Amaranthaceae",NA,6,1982,2025,NA,"Least concern",NA
1012190,112800,"Cicerbita alpina (L.) Wallr.",NA,"Asteraceae",NA,1,1982,2018,NA,"Least concern",NA
1012300,113700,"Cirsium acaule Scop.",NA,"Asteraceae",NA,8,1954,2024,NA,"Least concern",NA
1012310,113800,"Cirsium arvense (L.) Scop.",NA,"Asteraceae",NA,1,2023,2023,NA,"Least concern",NA
1012370,114400,"Cirsium helenioides (L.) Hill",NA,"Asteraceae",NA,2,2025,2025,NA,"Least concern",NA
1012400,114800,"Cirsium oleraceum (L.) Scop.",NA,"Asteraceae",NA,1,2023,2023,NA,"Least concern",NA
1012450,115300,"Cirsium spinosissimum (L.) Scop.",NA,"Asteraceae",NA,29,1982,2025,NA,"Least concern",NA
1012570,116000,"Clematis alpina (L.) Mill.",NA,"Ranunculaceae",NA,1,2009,2009,NA,"Least concern",NA
1012750,117200,"Coeloglossum viride (L.) Hartm.",NA,"Orchidaceae",NA,40,1954,2025,NA,"Least concern",NA
1012810,117700,"Colchicum autumnale L.",NA,"Colchicaceae",NA,2,1982,2025,NA,"Least concern",NA
1013020,118800,"Convallaria majalis L.",NA,"Asparagaceae",NA,0,1982,1982,NA,"Least concern",NA
1013450,121800,"Cotoneaster integerrimus Medik.",NA,"Rosaceae",NA,4,1982,2024,NA,"Least concern",NA
1013620,122900,"Crepis alpestris (Jacq.) Tausch",NA,"Asteraceae",NA,1,1955,1982,NA,"Least concern",NA
1013630,123000,"Crepis aurea (L.) Cass.",NA,"Asteraceae",NA,18,1951,2025,NA,"Least concern",NA
1013640,123100,"Crepis biennis L.",NA,"Asteraceae",NA,1,2025,2025,NA,"Least concern",NA
1013650,123300,"Crepis bocconei P. D. Sell",NA,"Asteraceae",NA,0,1966,1966,NA,"Least concern",NA
1013700,123900,"Crepis kerneri Rech. f.",NA,"Asteraceae",NA,1,1969,1982,NA,"Least concern",NA
1013800,124800,"Crepis pyrenaica (L.) Greuter",NA,"Asteraceae",NA,4,1982,2025,NA,"Least concern",NA
1013840,125500,"Crepis terglouensis (Hacq.) A. Kern.",NA,"Asteraceae",NA,5,1969,2018,NA,"Least concern",NA
1013880,125800,"Crocus albiflorus Kit.",NA,"Iridaceae",NA,3,1954,2024,NA,"Least concern",NA
1014130,127800,"Cuscuta epithymum (L.) L.",NA,"Convolvulaceae",NA,1,2008,2008,NA,"Least concern",NA
1014320,129400,"Cynosurus cristatus L.",NA,"Poaceae",NA,1,2025,2025,NA,"Least concern",NA
1014500,130500,"Cystopteris alpina (Lam.) Desv.",NA,"Cystopteridaceae",NA,2,1966,2020,NA,"Least concern",NA
1014520,130700,"Cystopteris fragilis (L.) Bernh.",NA,"Cystopteridaceae",NA,10,1982,2025,NA,"Least concern",NA
1014515,130750,"Cystopteris fragilis aggr.",NA,"Cystopteridaceae",NA,12,1982,2025,NA,"",NA
1014530,130800,"Cystopteris montana (Lam.) Desv.",NA,"Cystopteridaceae",NA,1,1966,2020,NA,"Least concern",NA
1014610,131800,"Dactylis glomerata L.",NA,"Poaceae",NA,1,1982,2024,NA,"Least concern",NA
1014760,132600,"Dactylorhiza maculata (L.) Soó",NA,"Orchidaceae",NA,7,1985,2025,NA,"Least concern",NA
1014775,132630,"Dactylorhiza maculata subsp. fuchsii (Druce) Hyl.",NA,"Orchidaceae",NA,7,1985,2025,NA,"Least concern",NA
1014800,132700,"Dactylorhiza majalis (Rchb.) P. F. Hunt & Summerh.",NA,"Orchidaceae",NA,22,1982,2025,NA,"Least concern",NA
1014900,133600,"Daphne mezereum L.",NA,"Thymelaeaceae",NA,2,1982,2024,NA,"Least concern",NA
1014910,133700,"Daphne striata Tratt.",NA,"Thymelaeaceae",NA,13,1952,2025,NA,"Least concern",NA
1014950,133900,"Daucus carota L.",NA,"Apiaceae",NA,0,1982,1982,NA,"Least concern",NA
1015010,134300,"Delphinium elatum L.",NA,"Ranunculaceae",NA,9,1856,2022,NA,"Near threatened",NA
1015040,134800,"Deschampsia cespitosa (L.) P. Beauv.",NA,"Poaceae",NA,13,1951,2025,NA,"Least concern",NA
1015200,136000,"Dianthus glacialis Haenke",NA,"Caryophyllaceae",NA,28,1929,2025,NA,"Least concern",NA
1015280,136800,"Dianthus superbus L.",NA,"Caryophyllaceae",NA,5,1966,2025,NA,"Least concern",NA
1015310,136900,"Dianthus sylvestris Wulfen",NA,"Caryophyllaceae",NA,0,1982,1982,NA,"Least concern",NA
1015420,137800,"Diphasiastrum alpinum (L.) Holub",NA,"Lycopodiaceae",NA,2,1951,2025,NA,"Least concern",NA
1015560,139700,"Doronicum clusii (All.) Tausch",NA,"Asteraceae",NA,3,1982,2024,NA,"Least concern",NA
1015590,140000,"Doronicum grandiflorum Lam.",NA,"Asteraceae",NA,24,1910,2025,NA,"Least concern",NA
1015670,140500,"Draba aizoides L.",NA,"Brassicaceae",NA,15,1982,2025,NA,"Least concern",NA
1015750,141400,"Draba siliquosa M. Bieb.",NA,"Brassicaceae",NA,3,1953,2025,NA,"Least concern",NA
1015780,141600,"Draba tomentosa Clairv.",NA,"Brassicaceae",NA,4,1910,2025,NA,"Least concern",NA
1015860,142500,"Dryas octopetala L.",NA,"Rosaceae",NA,35,1969,2025,NA,"Least concern",NA
1015910,143100,"Dryopteris carthusiana (Vill.) H. P. Fuchs",NA,"Dryopteridaceae",NA,2,2020,2020,NA,"Least concern",NA
1015930,143300,"Dryopteris dilatata (Hoffm.) A. Gray",NA,"Dryopteridaceae",NA,1,2022,2022,NA,"Least concern",NA
1015925,143350,"Dryopteris dilatata aggr.",NA,"Dryopteridaceae",NA,4,2020,2024,NA,"",NA
1015940,143400,"Dryopteris expansa (C. Presl) Fraser-Jenk. & Jermy",NA,"Dryopteridaceae",NA,3,2020,2024,NA,"Least concern",NA
1015950,143500,"Dryopteris filix-mas (L.) Schott",NA,"Dryopteridaceae",NA,3,2020,2022,NA,"Least concern",NA
1015980,143900,"Dryopteris villarii (Bellardi) Schinz & Thell.",NA,"Dryopteridaceae",NA,1,1966,2020,NA,"Least concern",NA
1016310,145705,"Eleocharis palustris aggr.",NA,"Cyperaceae",NA,0,1966,1966,NA,"Near threatened",NA
1016320,145900,"Eleocharis quinqueflora (Hartmann) O. Schwarz",NA,"Cyperaceae",NA,1,1918,1982,NA,"Least concern",NA
1016460,146600,"Elyna myosuroides (Vill.) Fritsch",NA,"Cyperaceae",NA,6,1982,2025,NA,"Least concern",NA
1016470,146795,"Empetrum nigrum L.",NA,"Ericaceae",NA,8,1982,2025,NA,"Least concern",NA
1016490,146900,"Empetrum nigrum subsp. hermaphroditum (Hagerup) Böcher",NA,"Ericaceae",NA,6,1982,2025,NA,"Least concern",NA
1016510,147300,"Epilobium alpestre (Jacq.) Krock.",NA,"Onagraceae",NA,3,1982,2025,NA,"Least concern",NA
1016520,147500,"Epilobium alsinifolium Vill.",NA,"Onagraceae",NA,2,1982,2025,NA,"Least concern",NA
1016540,147700,"Epilobium angustifolium L.",NA,"Onagraceae",NA,6,1982,2024,NA,"Least concern",NA
1016920,150600,"Equisetum arvense L.",NA,"Equisetaceae",NA,2,1981,1981,NA,"Least concern",NA
1016940,150800,"Equisetum hyemale L.",NA,"Equisetaceae",NA,0,1966,1966,NA,"Least concern",NA
1016950,151100,"Equisetum palustre L.",NA,"Equisetaceae",NA,1,1982,2025,NA,"Least concern",NA
1017400,152400,"Erica carnea L.",NA,"Ericaceae",NA,5,1955,2025,NA,"Least concern",NA
1017485,153650,"Erigeron alpinus aggr.",NA,"Asteraceae",NA,13,1966,2025,NA,"",NA
1017590,154700,"Erigeron neglectus A. Kern.",NA,"Asteraceae",NA,2,1966,2025,NA,"Least concern",NA
1017610,155000,"Erigeron uniflorus L.",NA,"Asteraceae",NA,10,1982,2025,NA,"Least concern",NA
1017640,155200,"Eriophorum angustifolium Honck.",NA,"Cyperaceae",NA,3,1982,2023,NA,"Least concern",NA
1017660,155400,"Eriophorum latifolium Hoppe",NA,"Cyperaceae",NA,2,2025,2025,NA,"Least concern",NA
1017670,155500,"Eriophorum scheuchzeri Hoppe",NA,"Cyperaceae",NA,6,1966,2023,NA,"Least concern",NA
1018560,162500,"Euphrasia hirtella Reut.",NA,"Orobanchaceae",NA,1,1955,1982,NA,"Least concern",NA
1018600,162750,"Euphrasia minima Schleich.",NA,"Orobanchaceae",NA,30,1951,2025,NA,"Least concern",NA
1018700,163450,"Euphrasia rostkoviana Hayne",NA,"Orobanchaceae",NA,2,1954,1955,NA,"Least concern",NA
1018685,163850,"Euphrasia rostkoviana aggr.",NA,"Orobanchaceae",NA,2,1954,1955,NA,"",NA
1018730,163800,"Euphrasia rostkoviana subsp. montana (Jord.) Wettst.",NA,"Orobanchaceae",NA,2,1954,1955,NA,"Least concern",NA
1018740,163900,"Euphrasia salisburgensis Hoppe",NA,"Orobanchaceae",NA,2,1955,2022,NA,"Least concern",NA
1018980,165700,"Festuca alpina Suter",NA,"Poaceae",NA,4,1982,2024,NA,"Least concern",NA
1019160,167650,"Festuca halleri aggr.",NA,"Poaceae",NA,1,2011,2011,NA,"Least concern",NA
1019290,168300,"Festuca nigrescens Lam.",NA,"Poaceae",NA,1,2025,2025,NA,"Least concern",NA
1019380,169100,"Festuca pratensis Huds.",NA,"Poaceae",NA,1,1982,2025,NA,"Least concern",NA
1019420,169600,"Festuca pulchella Schrad.",NA,"Poaceae",NA,3,1982,2025,NA,"Least concern",NA
1019450,170000,"Festuca quadriflora Honck.",NA,"Poaceae",NA,15,1910,2025,NA,"Least concern",NA
1019480,170100,"Festuca rubra L.",NA,"Poaceae",NA,2,2025,2025,NA,"Least concern",NA
1019470,170200,"Festuca rubra aggr.",NA,"Poaceae",NA,22,1951,2025,NA,"Least concern",NA
1019510,170400,"Festuca rupicaprina (Hack.) A. Kern.",NA,"Poaceae",NA,1,1955,1982,NA,"Least concern",NA
1019680,172000,"Festuca violacea Gaudin",NA,"Poaceae",NA,1,2022,2022,NA,"Least concern",NA
1019670,172100,"Festuca violacea aggr.",NA,"Poaceae",NA,3,1982,2024,NA,"Least concern",NA
1019920,173800,"Fragaria vesca L.",NA,"Rosaceae",NA,0,1982,1982,NA,"Least concern",NA
1020160,175620,"Gagea fragifera (Vill.) Ehr. Bayer & G. López",NA,"Liliaceae",NA,4,1896,2024,NA,"Least concern",NA
1020350,177100,"Galeopsis tetrahit L.",NA,"Lamiaceae",NA,1,1982,2025,NA,"Least concern",NA
1020390,177500,"Galium anisophyllon Vill.",NA,"Rubiaceae",NA,5,1982,2025,NA,"Least concern",NA
1020490,178700,"Galium lucidum All.",NA,"Rubiaceae",NA,1,2024,2024,NA,"Least concern",NA
1020500,178800,"Galium megalospermum All.",NA,"Rubiaceae",NA,0,1982,1982,NA,"Least concern",NA
1020600,179700,"Galium pumilum Murray",NA,"Rubiaceae",NA,1,1955,1982,NA,"Least concern",NA
1020595,179650,"Galium pumilum aggr.",NA,"Rubiaceae",NA,8,1955,2025,NA,"",NA
1020730,180900,"Galium verum L.",NA,"Rubiaceae",NA,1,2023,2023,NA,"Least concern",NA
1020890,182200,"Gentiana acaulis L.",NA,"Gentianaceae",NA,16,1951,2025,NA,"Least concern",NA
1020940,182700,"Gentiana asclepiadea L.",NA,"Gentianaceae",NA,1,2018,2018,NA,"Least concern",NA
1020970,182900,"Gentiana bavarica L.",NA,"Gentianaceae",NA,17,1982,2025,NA,"Least concern",NA
1020975,182930,"Gentiana bavarica L. subsp. bavarica",NA,"Gentianaceae",NA,4,2023,2025,NA,"Least concern",NA
1020990,183000,"Gentiana brachyphylla Vill.",NA,"Gentianaceae",NA,7,1982,2025,NA,"Least concern",NA
1021000,183100,"Gentiana campestris L.",NA,"Gentianaceae",NA,17,1954,2025,NA,"Least concern",NA
1021010,183200,"Gentiana campestris L. subsp. campestris",NA,"Gentianaceae",NA,4,2020,2025,NA,"Least concern",NA
1021030,183400,"Gentiana ciliata L.",NA,"Gentianaceae",NA,5,1966,2025,NA,"Least concern",NA
1021040,183500,"Gentiana clusii E. P. Perrier & Songeon",NA,"Gentianaceae",NA,9,1969,2025,NA,"Least concern",NA
1021090,183800,"Gentiana germanica Willd.",NA,"Gentianaceae",NA,1,2018,2018,NA,"Vulnerable",NA
1021120,184100,"Gentiana lutea L.",NA,"Gentianaceae",NA,7,1966,2025,NA,"Least concern",NA
1021128,184180,"Gentiana lutea subsp. vardjanii Wraber",NA,"Gentianaceae",NA,3,2024,2025,NA,"",NA
1021140,184300,"Gentiana nivalis L.",NA,"Gentianaceae",NA,14,1982,2025,NA,"Least concern",NA
1021150,184400,"Gentiana orbicularis Schur",NA,"Gentianaceae",NA,1,1982,2024,NA,"Least concern",NA
1021190,184800,"Gentiana punctata L.",NA,"Gentianaceae",NA,8,1982,2025,NA,"Least concern",NA
1021230,185200,"Gentiana tenella Rottb.",NA,"Gentianaceae",NA,5,1966,2025,NA,"Least concern",NA
1021250,185400,"Gentiana verna L.",NA,"Gentianaceae",NA,13,1955,2025,NA,"Least concern",NA
1021530,189300,"Geranium sylvaticum L.",NA,"Geraniaceae",NA,6,1982,2025,NA,"Least concern",NA
1021540,189400,"Geum montanum L.",NA,"Rosaceae",NA,29,1951,2025,NA,"Least concern",NA
1021560,189500,"Geum reptans L.",NA,"Rosaceae",NA,20,1982,2025,NA,"Least concern",NA
1021570,189600,"Geum rivale L.",NA,"Rosaceae",NA,1,2021,2021,NA,"Least concern",NA
1021740,191000,"Globularia cordifolia L.",NA,"Plantaginaceae",NA,3,1982,2025,NA,"Least concern",NA
1021750,191200,"Globularia nudicaulis L.",NA,"Plantaginaceae",NA,12,1982,2025,NA,"Least concern",NA
1021840,192200,"Gnaphalium hoppeanum W. D. J. Koch",NA,"Asteraceae",NA,4,1982,2024,NA,"Least concern",NA
1021860,192400,"Gnaphalium norvegicum Gunnerus",NA,"Asteraceae",NA,4,1921,2025,NA,"Least concern",NA
1021870,192500,"Gnaphalium supinum L.",NA,"Asteraceae",NA,19,1982,2025,NA,"Least concern",NA
1021880,192600,"Gnaphalium sylvaticum L.",NA,"Asteraceae",NA,1,1982,2025,NA,"Least concern",NA
1021950,193200,"Gymnadenia conopsea (L.) R. Br.",NA,"Orchidaceae",NA,35,1979,2025,NA,"Least concern",NA
1021957,NA,"Gymnadenia conopsea × Nigritella rhellicani",NA,"Orchidaceae",NA,1,2004,2004,NA,"",NA
1021970,193300,"Gymnadenia odoratissima (L.) Rich.",NA,"Orchidaceae",NA,19,1955,2025,NA,"Least concern",NA
1021975,NA,"Gymnadenia odoratissima × Nigritella rhellicani",NA,"Orchidaceae",NA,3,2019,2024,NA,"",NA
1021980,193400,"Gymnocarpium dryopteris (L.) Newman",NA,"Cystopteridaceae",NA,6,1982,2025,NA,"Least concern",NA
1021990,193500,"Gymnocarpium robertianum (Hoffm.) Newman",NA,"Cystopteridaceae",NA,1,2021,2021,NA,"Least concern",NA
1022020,193800,"Gypsophila repens L.",NA,"Caryophyllaceae",NA,2,1982,2024,NA,"Least concern",NA
1022110,194100,"Hedysarum hedysaroides (L.) Schinz & Thell.",NA,"Fabaceae",NA,19,1982,2025,NA,"Least concern",NA
1022140,194300,"Helianthemum alpestre (Jacq.) DC.",NA,"Cistaceae",NA,10,1969,2025,NA,"Least concern",NA
1022180,194895,"Helianthemum nummularium (L.) Mill.",NA,"Cistaceae",NA,13,1955,2025,NA,"Least concern",NA
1022210,195100,"Helianthemum nummularium subsp. grandiflorum (Scop.) Schinz & Thell.",NA,"Cistaceae",NA,10,1955,2025,NA,"Least concern",NA
1022390,196800,"Helictotrichon pubescens (Huds.) Pilg.",NA,"Poaceae",NA,2,2025,2025,NA,"Least concern",NA
1022440,197100,"Helictotrichon versicolor (Vill.) Pilg.",NA,"Poaceae",NA,14,1951,2025,NA,"Least concern",NA
1022580,198300,"Heracleum mantegazzianum Sommier & Levier",NA,"Apiaceae",NA,65,2007,2025,NA,"",NA
1022590,198595,"Heracleum sphondylium L.",NA,"Apiaceae",NA,3,1982,2024,NA,"Least concern",NA
1022620,198800,"Heracleum sphondylium subsp. elegans (Crantz) Schübl. & G. Martens",NA,"Apiaceae",NA,0,1982,1982,NA,"Least concern",NA
1022660,199200,"Herniaria alpina Chaix",NA,"Caryophyllaceae",NA,1,1932,1982,NA,"Least concern",NA
1022820,200200,"Hieracium aurantiacum L.",NA,"Asteraceae",NA,1,1966,2025,NA,"Least concern",NA
1022840,200600,"Hieracium bifidum aggr.",NA,"Asteraceae",NA,1,1982,2025,NA,"Least concern",NA
1022930,201200,"Hieracium glanduliferum Hoppe",NA,"Asteraceae",NA,2,2023,2024,NA,"Least concern",NA
1022990,201700,"Hieracium hoppeanum Schult.",NA,"Asteraceae",NA,6,1955,2025,NA,"Least concern",NA
1023010,201900,"Hieracium intybaceum All.",NA,"Asteraceae",NA,1,1966,2025,NA,"Least concern",NA
1023040,202100,"Hieracium lactucella Wallr.",NA,"Asteraceae",NA,7,1951,2025,NA,"Least concern",NA
1023110,202700,"Hieracium murorum aggr.",NA,"Asteraceae",NA,1,1982,2024,NA,"Least concern",NA
1023190,203105,"Hieracium piliferum Hoppe",NA,"Asteraceae",NA,3,2024,2025,NA,"Least concern",NA
1023170,203200,"Hieracium piliferum aggr.",NA,"Asteraceae",NA,7,1954,2025,NA,"Least concern",NA
1023200,203400,"Hieracium pilosella L.",NA,"Asteraceae",NA,2,1951,1982,NA,"Least concern",NA
1023220,203600,"Hieracium pilosum Froel.",NA,"Asteraceae",NA,3,1982,2025,NA,"Least concern",NA
1023490,205900,"Hieracium villosum aggr.",NA,"Asteraceae",NA,5,1982,2025,NA,"Least concern",NA
1023580,206300,"Hippocrepis comosa L.",NA,"Fabaceae",NA,2,1955,2025,NA,"Least concern",NA
1023680,207300,"Homogyne alpina (L.) Cass.",NA,"Asteraceae",NA,25,1951,2025,NA,"Least concern",NA
1023860,208900,"Huperzia selago (L.) Schrank & Mart.",NA,"Lycopodiaceae",NA,10,1982,2025,NA,"Least concern",NA
1024060,210695,"Hypericum maculatum Crantz",NA,"Hypericaceae",NA,4,1982,2025,NA,"Least concern",NA
1024070,210700,"Hypericum maculatum Crantz subsp. maculatum",NA,"Hypericaceae",NA,2,1982,2025,NA,"Least concern",NA
1024250,212200,"Hypochaeris uniflora Vill.",NA,"Asteraceae",NA,5,1982,2025,NA,"Least concern",NA
1024930,218100,"Juncus articulatus L.",NA,"Juncaceae",NA,1,2024,2024,NA,"Least concern",NA
1024925,218150,"Juncus articulatus aggr.",NA,"Juncaceae",NA,1,2024,2024,NA,"",NA
1025040,219200,"Juncus jacquinii L.",NA,"Juncaceae",NA,4,1982,2025,NA,"Least concern",NA
1025120,220100,"Juncus trifidus L.",NA,"Juncaceae",NA,6,1962,2024,NA,"Least concern",NA
1025130,220300,"Juncus triglumis L.",NA,"Juncaceae",NA,1,1982,2025,NA,"Least concern",NA
1025140,220395,"Juniperus communis L.",NA,"Cupressaceae",NA,8,1982,2025,NA,"Least concern",NA
1025160,220500,"Juniperus communis subsp. alpina Čelak.",NA,"Cupressaceae",NA,4,1982,2025,NA,"Least concern",NA
1025190,221000,"Kernera saxatilis (L.) Sweet",NA,"Brassicaceae",NA,1,1982,2025,NA,"Least concern",NA
1025240,221450,"Knautia dipsacifolia Kreutzer",NA,"Caprifoliaceae",NA,2,1982,2025,NA,"Least concern",NA
1025250,221500,"Knautia dipsacifolia Kreutzer subsp. dipsacifolia",NA,"Caprifoliaceae",NA,2,1982,2025,NA,"Least concern",NA
1025480,223900,"Koeleria pyramidata (Lam.) P. Beauv.",NA,"Poaceae",NA,0,1966,1966,NA,"Least concern",NA
1025490,223905,"Koeleria pyramidata aggr.",NA,"Poaceae",NA,0,1966,1966,NA,"Least concern",NA
1025810,227200,"Larix decidua Mill.",NA,"Pinaceae",NA,2,1982,2025,NA,"Least concern",NA
1025850,227500,"Laserpitium halleri Crantz",NA,"Apiaceae",NA,0,1966,1966,NA,"Least concern",NA
1025860,227700,"Laserpitium latifolium L.",NA,"Apiaceae",NA,1,1982,2022,NA,"Least concern",NA
1026290,232700,"Leontodon autumnalis L.",NA,"Asteraceae",NA,3,1954,2025,NA,"Least concern",NA
1026310,232900,"Leontodon helveticus Mérat",NA,"Asteraceae",NA,22,1951,2025,NA,"Least concern",NA
1026330,233000,"Leontodon hispidus L.",NA,"Asteraceae",NA,18,1951,2025,NA,"Least concern",NA
1026340,233100,"Leontodon hispidus L. subsp. hispidus",NA,"Asteraceae",NA,4,2022,2025,NA,"Least concern",NA
1026430,234000,"Leontodon montanus Lam.",NA,"Asteraceae",NA,8,1910,2025,NA,"Least concern",NA
1026470,234600,"Leontopodium alpinum Cass.",NA,"Asteraceae",NA,5,1890,2024,NA,"Least concern",NA
1026600,236000,"Leucanthemopsis alpina (L.) Heywood",NA,"Asteraceae",NA,17,1962,2024,NA,"Least concern",NA
1026610,236020,"Leucanthemopsis alpina (L.) Heywood subsp. alpina",NA,"Asteraceae",NA,1,2024,2024,NA,"Least concern",NA
1026650,236200,"Leucanthemum adustum (W. D. J. Koch) Gremli",NA,"Asteraceae",NA,4,1982,2025,NA,"Least concern",NA
1026680,236500,"Leucanthemum halleri (Vitman) Ducommun",NA,"Asteraceae",NA,1,1982,2011,NA,"Least concern",NA
1026730,236800,"Leucanthemum vulgare Lam.",NA,"Asteraceae",NA,2,1955,2025,NA,"Least concern",NA
1026710,236905,"Leucanthemum vulgare aggr.",NA,"Asteraceae",NA,6,1955,2025,NA,"Least concern",NA
1026810,237800,"Ligusticum mutellina (L.) Crantz",NA,"Apiaceae",NA,29,1951,2025,NA,"Least concern",NA
1026820,237900,"Ligusticum mutellinoides Vill.",NA,"Apiaceae",NA,10,1982,2024,NA,"Least concern",NA
1026890,238500,"Lilium martagon L.",NA,"Liliaceae",NA,7,1982,2025,NA,"Least concern",NA
1026920,238800,"Linaria alpina (L.) Mill.",NA,"Plantaginaceae",NA,32,1982,2025,NA,"Least concern",NA
1026930,238900,"Linaria alpina (L.) Mill. subsp. alpina",NA,"Plantaginaceae",NA,7,1982,2025,NA,"Least concern",NA
1027130,241100,"Linum catharticum L.",NA,"Linaceae",NA,2,1955,2018,NA,"Least concern",NA
1027210,241900,"Listera cordata (L.) R. Br.",NA,"Orchidaceae",NA,1,1915,1915,NA,"Near threatened",NA
1027220,242000,"Listera ovata (L.) R. Br.",NA,"Orchidaceae",NA,8,2001,2024,NA,"Least concern",NA
1027250,242500,"Lloydia serotina (L.) Rchb.",NA,"Liliaceae",NA,11,1982,2025,NA,"Least concern",NA
1027290,242600,"Loiseleuria procumbens (L.) Desv.",NA,"Ericaceae",NA,19,1962,2025,NA,"Least concern",NA
1027310,242800,"Lolium perenne L.",NA,"Poaceae",NA,1,2025,2025,NA,"Least concern",NA
1027370,243400,"Lonicera alpigena L.",NA,"Caprifoliaceae",NA,2,1982,2024,NA,"Least concern",NA
1027380,243500,"Lonicera caerulea L.",NA,"Caprifoliaceae",NA,7,1982,2025,NA,"Least concern",NA
1027520,244400,"Lotus corniculatus L.",NA,"Fabaceae",NA,13,1951,1962,NA,"Least concern",NA
1027510,244410,"Lotus corniculatus aggr.",NA,"Fabaceae",NA,25,1951,2025,NA,"Least concern",NA
1027640,245800,"Lupinus polyphyllus Lindl.",NA,"Fabaceae",NA,44,2007,2024,NA,"",NA
1027660,245900,"Luzula alpina Hoppe",NA,"Juncaceae",NA,2,2024,2025,NA,"Least concern",NA
1027670,246000,"Luzula alpinopilosa (Chaix) Breistr.",NA,"Juncaceae",NA,4,1982,2024,NA,"Least concern",NA
1027700,246100,"Luzula campestris (L.) DC.",NA,"Juncaceae",NA,1,1982,2021,NA,"Least concern",NA
1027740,246600,"Luzula lutea (All.) DC.",NA,"Juncaceae",NA,11,1962,2025,NA,"Least concern",NA
1027790,247100,"Luzula multiflora (Ehrh.) Lej.",NA,"Juncaceae",NA,14,1951,2025,NA,"Least concern",NA
1027785,247150,"Luzula multiflora aggr.",NA,"Juncaceae",NA,16,1951,2025,NA,"Least concern",NA
1027860,247800,"Luzula spicata (L.) DC.",NA,"Juncaceae",NA,9,1954,2025,NA,"Least concern",NA
1027910,248300,"Luzula sylvatica (Huds.) Gaudin",NA,"Juncaceae",NA,1,2025,2025,NA,"Least concern",NA
1027920,248400,"Luzula sylvatica aggr.",NA,"Juncaceae",NA,1,1982,2025,NA,"Least concern",NA
1027980,249700,"Lycopodium annotinum L.",NA,"Lycopodiaceae",NA,1,2020,2020,NA,"Least concern",NA
1028290,253100,"Malva alcea L.",NA,"Malvaceae",NA,1,2023,2023,NA,"Least concern",NA
1028430,254100,"Matricaria discoidea DC.",NA,"Asteraceae",NA,1,2025,2025,NA,"",NA
1028530,255300,"Medicago lupulina L.",NA,"Fabaceae",NA,1,2025,2025,NA,"Least concern",NA
1028660,256600,"Melampyrum sylvaticum L.",NA,"Orobanchaceae",NA,1,1982,2025,NA,"Least concern",NA
1028910,258800,"Menyanthes trifoliata L.",NA,"Menyanthaceae",NA,1,1966,1990,NA,"Least concern",NA
1029080,260300,"Minuartia biflora (L.) Schinz & Thell.",NA,"Caryophyllaceae",NA,1,1966,2009,NA,"Least concern",NA
1029230,261700,"Minuartia sedoides (L.) Hiern",NA,"Caryophyllaceae",NA,7,1910,2025,NA,"Least concern",NA
1029260,262000,"Minuartia verna (L.) Hiern",NA,"Caryophyllaceae",NA,20,1982,2025,NA,"Least concern",NA
1029350,262500,"Moehringia ciliata (Scop.) Dalla Torre",NA,"Caryophyllaceae",NA,11,1910,2025,NA,"Least concern",NA
1029440,263400,"Molinia caerulea (L.) Moench",NA,"Poaceae",NA,0,1982,1982,NA,"Least concern",NA
1029690,265800,"Myosotis alpestris F. W. Schmidt",NA,"Boraginaceae",NA,9,1982,2025,NA,"Least concern",NA
1029815,267150,"Myosotis sylvatica aggr.",NA,"Boraginaceae",NA,0,1982,1982,NA,"",NA
1030390,271655,"Nigritella rhellicani Teppner & E. Klein",NA,"Orchidaceae",NA,46,1951,2025,NA,"Least concern",NA
1030380,271700,"Nigritella rhellicani aggr.",NA,"Orchidaceae",NA,56,1951,2025,NA,"Least concern",NA
1030400,271800,"Nigritella rubra (Wettst.) K. Richt.",NA,"Orchidaceae",NA,8,1931,2019,NA,"Near threatened",NA
1030840,275400,"Onobrychis montana DC.",NA,"Fabaceae",NA,0,1982,1982,NA,"Least concern",NA
1030940,276300,"Ononis repens L.",NA,"Fabaceae",NA,0,1982,1982,NA,"Least concern",NA
1030955,276850,"Ononis spinosa aggr.",NA,"Fabaceae",NA,0,1982,1982,NA,"",NA
1031530,282300,"Oreochloa disticha (Wulfen) Link",NA,"Poaceae",NA,1,1982,2025,NA,"Least concern",NA
1031805,285000,"Orobanche flava aggr.",NA,"Orobanchaceae",NA,2,1964,1964,NA,"",NA
1031890,285750,"Orobanche lycoctoni Rhiner",NA,"Orobanchaceae",NA,2,1964,1964,NA,"Data deficient",NA
1031960,286400,"Orobanche reticulata Wallr.",NA,"Orobanchaceae",NA,0,1966,1966,NA,"Least concern",NA
1032070,287300,"Oxalis acetosella L.",NA,"Oxalidaceae",NA,0,1982,1982,NA,"Least concern",NA
1032180,288100,"Oxyria digyna (L.) Hill",NA,"Polygonaceae",NA,4,1982,2024,NA,"Least concern",NA
1032190,288200,"Oxytropis campestris (L.) DC.",NA,"Fabaceae",NA,17,1982,2025,NA,"Least concern",NA
1032270,289300,"Oxytropis jacquinii Bunge",NA,"Fabaceae",NA,21,1982,2025,NA,"Least concern",NA
1032600,292700,"Parnassia palustris L.",NA,"Celastraceae",NA,5,1982,2025,NA,"Least concern",NA
1032800,294200,"Pedicularis foliosa L.",NA,"Orobanchaceae",NA,4,1966,2025,NA,"Least concern",NA
1032840,294600,"Pedicularis palustris L.",NA,"Orobanchaceae",NA,0,1982,1982,NA,"Near threatened",NA
1032850,294700,"Pedicularis recutita L.",NA,"Orobanchaceae",NA,10,1982,2025,NA,"Least concern",NA
1032900,295100,"Pedicularis rostratospicata Crantz",NA,"Orobanchaceae",NA,3,2023,2023,NA,"Least concern",NA
1032910,295200,"Pedicularis rostratospicata subsp. helvetica (Steininger) O. Schwarz",NA,"Orobanchaceae",NA,3,2023,2023,NA,"",NA
1032940,295500,"Pedicularis verticillata L.",NA,"Orobanchaceae",NA,22,1982,2025,NA,"Least concern",NA
1033000,295700,"Petasites albus (L.) Gaertn.",NA,"Asteraceae",NA,1,2024,2024,NA,"Least concern",NA
1033020,296000,"Petasites paradoxus (Retz.) Baumg.",NA,"Asteraceae",NA,8,1982,2025,NA,"Least concern",NA
1033160,297200,"Peucedanum ostruthium (L.) W. D. J. Koch",NA,"Apiaceae",NA,14,1982,2025,NA,"Least concern",NA
1033340,298800,"Phleum alpinum L.",NA,"Poaceae",NA,2,1982,2022,NA,"Least concern",NA
1033370,299600,"Phleum hirsutum Honck.",NA,"Poaceae",NA,3,1955,2025,NA,"Least concern",NA
1033410,300000,"Phleum pratense L.",NA,"Poaceae",NA,2,2025,2025,NA,"Least concern",NA
1033400,300005,"Phleum pratense aggr.",NA,"Poaceae",NA,2,2025,2025,NA,"Least concern",NA
1033570,300800,"Phyteuma betonicifolium Vill.",NA,"Campanulaceae",NA,3,1982,2025,NA,"Least concern",NA
1033590,301000,"Phyteuma globulariifolium Sternb. & Hoppe",NA,"Campanulaceae",NA,1,2023,2023,NA,"Least concern",NA
1033610,301200,"Phyteuma globulariifolium subsp. pedemontanum (Rich. Schulz) Bech.",NA,"Campanulaceae",NA,1,2023,2023,NA,"Least concern",NA
1033630,301400,"Phyteuma hemisphaericum L.",NA,"Campanulaceae",NA,9,1951,2024,NA,"Least concern",NA
1033670,301800,"Phyteuma orbiculare L.",NA,"Campanulaceae",NA,3,1954,2025,NA,"Least concern",NA
1033680,301900,"Phyteuma ovatum Honck.",NA,"Campanulaceae",NA,2,2018,2025,NA,"Least concern",NA
1033800,302800,"Picea abies (L.) H. Karst.",NA,"Pinaceae",NA,5,1982,2025,NA,"Least concern",NA
1033980,304300,"Pinguicula alpina L.",NA,"Lentibulariaceae",NA,6,1982,2025,NA,"Least concern",NA
1034050,304800,"Pinguicula vulgaris L.",NA,"Lentibulariaceae",NA,0,1982,1982,NA,"Near threatened",NA
1034060,304900,"Pinus cembra L.",NA,"Pinaceae",NA,2,1982,2026,NA,"Least concern",NA
1034250,307000,"Plantago alpina L.",NA,"Plantaginaceae",NA,25,1951,2025,NA,"Least concern",NA
1034280,307250,"Plantago atrata Hoppe",NA,"Plantaginaceae",NA,17,1951,2025,NA,"Least concern",NA
1034290,307300,"Plantago atrata Hoppe subsp. atrata",NA,"Plantaginaceae",NA,2,1982,2025,NA,"",NA
1034330,307800,"Plantago lanceolata L.",NA,"Plantaginaceae",NA,2,1954,2025,NA,"Least concern",NA
1034350,307850,"Plantago major L.",NA,"Plantaginaceae",NA,2,1982,2024,NA,"Least concern",NA
1034360,307900,"Plantago major L. subsp. major",NA,"Plantaginaceae",NA,1,1982,2022,NA,"Least concern",NA
1034390,308100,"Plantago media L.",NA,"Plantaginaceae",NA,2,1954,2021,NA,"Least concern",NA
1034405,308350,"Plantago serpentina aggr.",NA,"Plantaginaceae",NA,27,1951,2025,NA,"",NA
1034420,308400,"Platanthera bifolia (L.) Rich.",NA,"Orchidaceae",NA,2,1982,2019,NA,"Least concern",NA
1034470,309000,"Poa alpina L.",NA,"Poaceae",NA,31,1951,2025,NA,"Least concern",NA
1034490,309200,"Poa annua L.",NA,"Poaceae",NA,1,2024,2024,NA,"Least concern",NA
1034550,309800,"Poa compressa L.",NA,"Poaceae",NA,1,2024,2024,NA,"Least concern",NA
1034600,310300,"Poa minor Gaudin",NA,"Poaceae",NA,2,1910,2025,NA,"Least concern",NA
1034620,310500,"Poa nemoralis L.",NA,"Poaceae",NA,1,1982,2024,NA,"Least concern",NA
1034650,310900,"Poa pratensis aggr.",NA,"Poaceae",NA,0,1982,1982,NA,"Least concern",NA
1034680,311100,"Poa supina Schrad.",NA,"Poaceae",NA,1,1982,2024,NA,"Least concern",NA
1034690,311295,"Poa trivialis L.",NA,"Poaceae",NA,1,1954,1982,NA,"Least concern",NA
1034770,312300,"Polygala alpestris Rchb.",NA,"Polygalaceae",NA,6,1954,2025,NA,"Least concern",NA
1034780,312400,"Polygala alpina (DC.) Steud.",NA,"Polygalaceae",NA,0,1966,1966,NA,"Least concern",NA
1034830,312700,"Polygala chamaebuxus L.",NA,"Polygalaceae",NA,5,1982,2025,NA,"Least concern",NA
1034890,313195,"Polygala vulgaris L.",NA,"Polygalaceae",NA,0,1982,1982,NA,"Least concern",NA
1034900,313200,"Polygala vulgaris L. subsp. vulgaris",NA,"Polygalaceae",NA,0,1982,1982,NA,"Least concern",NA
1034940,313700,"Polygonatum verticillatum (L.) All.",NA,"Asparagaceae",NA,0,1966,1966,NA,"Least concern",NA
1035170,315800,"Polygonum viviparum L.",NA,"Polygonaceae",NA,40,1910,2025,NA,"Least concern",NA
1035240,316500,"Polystichum aculeatum (L.) Roth",NA,"Dryopteridaceae",NA,2,2024,2024,NA,"Least concern",NA
1035260,316800,"Polystichum lonchitis (L.) Roth",NA,"Dryopteridaceae",NA,21,1982,2025,NA,"Least concern",NA
1035720,321300,"Potentilla aurea L.",NA,"Rosaceae",NA,27,1951,2025,NA,"Least concern",NA
1035730,321400,"Potentilla brauneana Hoppe",NA,"Rosaceae",NA,2,1982,2025,NA,"Least concern",NA
1035740,321600,"Potentilla caulescens L.",NA,"Rosaceae",NA,0,1966,1966,NA,"Least concern",NA
1035790,322100,"Potentilla crantzii (Crantz) Fritsch",NA,"Rosaceae",NA,2,1982,2024,NA,"Least concern",NA
1035810,322400,"Potentilla erecta (L.) Raeusch.",NA,"Rosaceae",NA,11,1951,2025,NA,"Least concern",NA
1035850,322700,"Potentilla grandiflora L.",NA,"Rosaceae",NA,9,1982,2025,NA,"Least concern",NA
1036090,325100,"Potentilla verna L.",NA,"Rosaceae",NA,1,2025,2025,NA,"Least concern",NA
1036180,325700,"Primula auricula L.",NA,"Primulaceae",NA,5,1982,2025,NA,"Least concern",NA
1036200,325950,"Primula elatior (L.) L.",NA,"Primulaceae",NA,3,2021,2024,NA,"Least concern",NA
1036230,326200,"Primula farinosa L.",NA,"Primulaceae",NA,13,1955,2025,NA,"Least concern",NA
1036250,326400,"Primula glutinosa Jacq.",NA,"Primulaceae",NA,1,1932,1966,NA,"Near threatened",NA
1036290,326700,"Primula integrifolia L.",NA,"Primulaceae",NA,17,1898,2025,NA,"Least concern",NA
1036430,327650,"Pritzelago alpina (L.) Kuntze",NA,"Brassicaceae",NA,43,1910,2025,NA,"Least concern",NA
1036440,327700,"Pritzelago alpina (L.) Kuntze subsp. alpina",NA,"Brassicaceae",NA,4,1910,2025,NA,"Least concern",NA
1036480,328100,"Prunella vulgaris L.",NA,"Lamiaceae",NA,9,1951,2025,NA,"Least concern",NA
1036710,330400,"Pseudorchis albida (L.) Á. Löve & D. Löve",NA,"Orchidaceae",NA,19,1962,2025,NA,"Least concern",NA
1036715,NA,"Pseudorchis albida × Nigritella rhellicani",NA,"Orchidaceae",NA,1,1974,1974,NA,"",NA
1036980,333195,"Pulsatilla alpina (L.) Delarbre",NA,"Ranunculaceae",NA,13,1962,2025,NA,"Least concern",NA
1036990,333200,"Pulsatilla alpina (L.) Delarbre subsp. alpina",NA,"Ranunculaceae",NA,3,1982,2024,NA,"Least concern",NA
1037010,333390,"Pulsatilla alpina subsp. apiifolia (Scop.) Nyman",NA,"Ranunculaceae",NA,8,1962,2025,NA,"Least concern",NA
1037090,334100,"Pulsatilla vernalis (L.) Mill.",NA,"Ranunculaceae",NA,15,1951,2025,NA,"Least concern",NA
1037160,334500,"Pyrola media Sw.",NA,"Ericaceae",NA,2,2024,2024,NA,"Least concern",NA
1037170,334600,"Pyrola minor L.",NA,"Ericaceae",NA,7,1966,2025,NA,"Least concern",NA
1037180,334700,"Pyrola rotundifolia L.",NA,"Ericaceae",NA,1,1982,2024,NA,"Least concern",NA
1037370,336595,"Ranunculus acris L.",NA,"Ranunculaceae",NA,4,1954,2025,NA,"Least concern",NA
1037380,336600,"Ranunculus acris L. subsp. acris",NA,"Ranunculaceae",NA,4,1954,2025,NA,"Least concern",NA
1037410,336800,"Ranunculus alpestris L.",NA,"Ranunculaceae",NA,24,1982,2025,NA,"Least concern",NA
1037610,338700,"Ranunculus glacialis L.",NA,"Ranunculaceae",NA,4,1994,2024,NA,"Least concern",NA
1037660,339200,"Ranunculus kuepferi Greuter & Burdet",NA,"Ranunculaceae",NA,1,1966,2024,NA,"Least concern",NA
1037710,339500,"Ranunculus montanus Willd.",NA,"Ranunculaceae",NA,16,1951,2024,NA,"Least concern",NA
1037700,339505,"Ranunculus montanus aggr.",NA,"Ranunculaceae",NA,29,1951,2025,NA,"Least concern",NA
1037750,339900,"Ranunculus parnassiifolius L.",NA,"Ranunculaceae",NA,1,1932,1982,NA,"Least concern",NA
1037840,340900,"Ranunculus repens L.",NA,"Ranunculaceae",NA,1,1982,2024,NA,"Least concern",NA
1037930,341800,"Ranunculus thora L.",NA,"Ranunculaceae",NA,0,1966,1966,NA,"Near threatened",NA
1037940,341895,"Ranunculus trichophyllus Chaix",NA,"Ranunculaceae",NA,2,1982,2023,NA,"Least concern",NA
1037950,341900,"Ranunculus trichophyllus Chaix subsp. trichophyllus",NA,"Ranunculaceae",NA,1,2008,2008,NA,"Least concern",NA
1037960,342000,"Ranunculus trichophyllus subsp. eradicatus (Laest.) C. D. K. Cook",NA,"Ranunculaceae",NA,1,1982,2023,NA,"Least concern",NA
1037970,342200,"Ranunculus tuberosus Lapeyr.",NA,"Ranunculaceae",NA,0,1982,1982,NA,"Least concern",NA
1037965,342210,"Ranunculus tuberosus aggr.",NA,"Ranunculaceae",NA,5,1951,1982,NA,"Least concern",NA
1038000,342400,"Ranunculus villarsii DC.",NA,"Ranunculaceae",NA,3,1982,2025,NA,"Least concern",NA
1038200,343600,"Rhamnus pumila Turra",NA,"Rhamnaceae",NA,8,1982,2025,NA,"Least concern",NA
1038230,344100,"Rhinanthus alectorolophus (Scop.) Pollich",NA,"Orobanchaceae",NA,2,2025,2025,NA,"Least concern",NA
1038290,344800,"Rhinanthus minor L.",NA,"Orobanchaceae",NA,3,1954,2025,NA,"Least concern",NA
1038330,345300,"Rhododendron ferrugineum L.",NA,"Ericaceae",NA,8,1982,2025,NA,"Least concern",NA
1038340,345400,"Rhododendron hirsutum L.",NA,"Ericaceae",NA,3,1982,2025,NA,"Least concern",NA
1038360,345450,"Rhododendron ×intermedium Wender.",NA,"Ericaceae",NA,1,2025,2025,NA,"",NA
1038450,346200,"Ribes petraeum Wulfen",NA,"Grossulariaceae",NA,1,2024,2024,NA,"Least concern",NA
1038540,346800,"Rorippa islandica (Gunnerus) Borbás",NA,"Brassicaceae",NA,2,2022,2023,NA,"Near threatened",NA
1038550,346805,"Rorippa islandica aggr.",NA,"Brassicaceae",NA,2,1982,2023,NA,"Least concern",NA
1038560,346900,"Rorippa palustris (L.) Besser",NA,"Brassicaceae",NA,0,1982,1982,NA,"Least concern",NA
1039550,354400,"Rubus idaeus L.",NA,"Rosaceae",NA,1,1982,2024,NA,"Least concern",NA
1040140,358900,"Rumex acetosa L.",NA,"Polygonaceae",NA,1,2025,2025,NA,"Least concern",NA
1040190,359300,"Rumex alpestris Jacq.",NA,"Polygonaceae",NA,4,1955,2024,NA,"Least concern",NA
1040200,359400,"Rumex alpinus L.",NA,"Polygonaceae",NA,9,1982,2024,NA,"Least concern",NA
1040280,360300,"Rumex nivalis Hegetschw.",NA,"Polygonaceae",NA,10,1982,2025,NA,"Least concern",NA
1040290,360400,"Rumex obtusifolius L.",NA,"Polygonaceae",NA,1,2024,2024,NA,"Least concern",NA
1040470,362200,"Sagina procumbens L.",NA,"Caryophyllaceae",NA,1,2024,2024,NA,"Least concern",NA
1040480,362300,"Sagina saginoides (L.) H. Karst.",NA,"Caryophyllaceae",NA,13,1951,2023,NA,"Least concern",NA
1040590,363100,"Salix appendiculata Vill.",NA,"Salicaceae",NA,3,1982,2025,NA,"Least concern",NA
1040650,363500,"Salix breviserrata Flod.",NA,"Salicaceae",NA,2,1982,2025,NA,"Least concern",NA
1040750,364200,"Salix foetida DC.",NA,"Salicaceae",NA,2,2025,2025,NA,"Least concern",NA
1040810,364800,"Salix herbacea L.",NA,"Salicaceae",NA,14,1982,2025,NA,"Least concern",NA
1040860,365000,"Salix myrsinifolia Salisb.",NA,"Salicaceae",NA,2,2025,2025,NA,"Least concern",NA
1040920,365800,"Salix purpurea L.",NA,"Salicaceae",NA,1,2025,2025,NA,"Least concern",NA
1040980,366100,"Salix reticulata L.",NA,"Salicaceae",NA,17,1982,2025,NA,"Least concern",NA
1041010,366300,"Salix serpillifolia Scop.",NA,"Salicaceae",NA,10,1910,2024,NA,"Least concern",NA
1041050,366600,"Salix waldsteiniana Willd.",NA,"Salicaceae",NA,2,1982,2024,NA,"Least concern",NA
1041300,368400,"Sambucus racemosa L.",NA,"Adoxaceae",NA,1,1982,2021,NA,"Least concern",NA
1041510,371050,"Saussurea alpina (L.) DC.",NA,"Asteraceae",NA,7,1982,2025,NA,"Least concern",NA
1041520,371100,"Saussurea alpina (L.) DC. subsp. alpina",NA,"Asteraceae",NA,1,1982,2025,NA,"Least concern",NA
1041560,371600,"Saxifraga aizoides L.",NA,"Saxifragaceae",NA,31,1982,2025,NA,"Least concern",NA
1041570,371800,"Saxifraga androsacea L.",NA,"Saxifragaceae",NA,12,1982,2025,NA,"Least concern",NA
1041580,371900,"Saxifraga aphylla Sternb.",NA,"Saxifragaceae",NA,8,1910,2024,NA,"Least concern",NA
1041630,372300,"Saxifraga bryoides L.",NA,"Saxifragaceae",NA,11,1982,2025,NA,"Least concern",NA
1041650,372500,"Saxifraga caesia L.",NA,"Saxifragaceae",NA,34,1910,2025,NA,"Least concern",NA
1041730,373050,"Saxifraga exarata Vill.",NA,"Saxifragaceae",NA,24,1910,2025,NA,"Least concern",NA
1041740,373100,"Saxifraga exarata Vill. subsp. exarata",NA,"Saxifragaceae",NA,1,1938,1994,NA,"Least concern",NA
1041710,373200,"Saxifraga exarata subsp. moschata (Wulfen) Cavill.",NA,"Saxifragaceae",NA,12,1910,2025,NA,"Least concern",NA
1041840,374300,"Saxifraga muscoides All.",NA,"Saxifragaceae",NA,2,1966,2024,NA,"Least concern",NA
1041860,374450,"Saxifraga oppositifolia L.",NA,"Saxifragaceae",NA,23,1910,2025,NA,"Least concern",NA
1041870,374500,"Saxifraga oppositifolia L. subsp. oppositifolia",NA,"Saxifragaceae",NA,6,1910,2024,NA,"Least concern",NA
1041890,374600,"Saxifraga paniculata Mill.",NA,"Saxifragaceae",NA,21,1982,2025,NA,"Least concern",NA
1041980,375400,"Saxifraga rotundifolia L.",NA,"Saxifragaceae",NA,5,1982,2025,NA,"Least concern",NA
1042010,375800,"Saxifraga stellaris L.",NA,"Saxifragaceae",NA,12,1982,2025,NA,"Least concern",NA
1042090,376500,"Scabiosa columbaria L.",NA,"Caprifoliaceae",NA,1,2021,2021,NA,"Least concern",NA
1042120,377100,"Scabiosa lucida Vill.",NA,"Caprifoliaceae",NA,12,1955,2025,NA,"Least concern",NA
1042750,383200,"Sedum album L.",NA,"Crassulaceae",NA,0,1982,1982,NA,"Least concern",NA
1042760,383300,"Sedum alpestre Vill.",NA,"Crassulaceae",NA,4,1896,2024,NA,"Least concern",NA
1042780,383500,"Sedum annuum L.",NA,"Crassulaceae",NA,1,2017,2017,NA,"Least concern",NA
1042800,383700,"Sedum atratum L.",NA,"Crassulaceae",NA,11,1910,2025,NA,"Least concern",NA
1042960,385210,"Sedum rupestre aggr.",NA,"Crassulaceae",NA,1,2023,2023,NA,"Least concern",NA
1043100,386300,"Selaginella selaginoides (L.) Schrank & Mart.",NA,"Selaginellaceae",NA,18,1951,2025,NA,"Least concern",NA
1043160,387000,"Sempervivum montanum L.",NA,"Crassulaceae",NA,7,1982,2025,NA,"Least concern",NA
1043250,387600,"Senecio alpinus (L.) Scop.",NA,"Asteraceae",NA,9,1982,2025,NA,"Least concern",NA
1043350,388900,"Senecio hercynicus Herborg",NA,"Asteraceae",NA,1,1966,2025,NA,"Least concern",NA
1043370,389005,"Senecio incanus L.",NA,"Asteraceae",NA,14,1982,2025,NA,"Least concern",NA
1043390,389200,"Senecio incanus subsp. carniolicus (Willd.) Braun-Blanq.",NA,"Asteraceae",NA,8,1982,2025,NA,"Least concern",NA
1043425,389870,"Senecio ovatus aggr.",NA,"Asteraceae",NA,3,1966,2025,NA,"",NA
1043470,390000,"Senecio rupestris Waldst. & Kit.",NA,"Asteraceae",NA,1,2025,2025,NA,"Least concern",NA
1043700,392200,"Sesleria caerulea (L.) Ard.",NA,"Poaceae",NA,20,1910,2025,NA,"Least concern",NA
1043840,393700,"Sibbaldia procumbens L.",NA,"Rosaceae",NA,13,1954,2025,NA,"Least concern",NA
1043890,394300,"Silene acaulis (L.) Jacq.",NA,"Caryophyllaceae",NA,38,1969,2025,NA,"Least concern",NA
1043940,394900,"Silene dioica (L.) Clairv.",NA,"Caryophyllaceae",NA,9,2017,2025,NA,"Least concern",NA
1044020,396050,"Silene nutans L.",NA,"Caryophyllaceae",NA,4,1982,2025,NA,"Least concern",NA
1044080,396800,"Silene rupestris L.",NA,"Caryophyllaceae",NA,3,1982,2024,NA,"Least concern",NA
1044110,397000,"Silene suecica (Lodd.) Greuter & Burdet",NA,"Caryophyllaceae",NA,0,1966,1966,NA,"Near threatened",NA
1044140,397295,"Silene vulgaris (Moench) Garcke",NA,"Caryophyllaceae",NA,19,1955,2025,NA,"Least concern",NA
1044150,397300,"Silene vulgaris (Moench) Garcke subsp. vulgaris",NA,"Caryophyllaceae",NA,3,1982,2025,NA,"Least concern",NA
1044160,397400,"Silene vulgaris subsp. glareosa (Jord.) Marsden-Jones & Turrill",NA,"Caryophyllaceae",NA,8,2022,2025,NA,"Least concern",NA
1044540,400600,"Soldanella alpina L.",NA,"Primulaceae",NA,15,1951,2025,NA,"Least concern",NA
1044560,400800,"Soldanella pusilla Baumg.",NA,"Primulaceae",NA,8,1960,2024,NA,"Least concern",NA
1044565,400830,"Soldanella pusilla subsp. alpicola (F. K. Mey.) Chrtek",NA,"Primulaceae",NA,1,2005,2005,NA,"",NA
1044620,401395,"Solidago virgaurea L.",NA,"Asteraceae",NA,21,1955,2025,NA,"Least concern",NA
1044640,401500,"Solidago virgaurea subsp. minuta (L.) Arcang.",NA,"Asteraceae",NA,9,1982,2025,NA,"Least concern",NA
1044740,402300,"Sorbus aucuparia L.",NA,"Rosaceae",NA,2,1982,2025,NA,"Least concern",NA
1044770,402400,"Sorbus chamaemespilus (L.) Crantz",NA,"Rosaceae",NA,2,1982,2025,NA,"Least concern",NA
1044870,402900,"Sparganium angustifolium Michx.",NA,"Typhaceae",NA,4,1984,2025,NA,"Near threatened",NA
1045180,405400,"Stachys alpina L.",NA,"Lamiaceae",NA,0,1982,1982,NA,"Least concern",NA
1045360,407500,"Stellaria graminea L.",NA,"Caryophyllaceae",NA,2,2020,2020,NA,"Least concern",NA
1045420,408095,"Stellaria nemorum L.",NA,"Caryophyllaceae",NA,1,1982,2025,NA,"Least concern",NA
1045430,408100,"Stellaria nemorum L. subsp. nemorum",NA,"Caryophyllaceae",NA,1,1982,2025,NA,"Least concern",NA
1045470,408600,"Stemmacantha rhapontica (L.) Dittrich",NA,"Asteraceae",NA,1,1966,2018,NA,"Least concern",NA
1046010,412000,"Taraxacum alpinum aggr.",NA,"Asteraceae",NA,6,1982,2022,NA,"Least concern",NA
1046080,413100,"Taraxacum officinale aggr.",NA,"Asteraceae",NA,4,1954,2025,NA,"Least concern",NA
1046340,415500,"Thalictrum aquilegiifolium L.",NA,"Ranunculaceae",NA,4,1982,2025,NA,"Least concern",NA
1046400,416195,"Thalictrum minus L.",NA,"Ranunculaceae",NA,0,1966,1966,NA,"Least concern",NA
1046450,417200,"Thesium alpinum L.",NA,"Santalaceae",NA,6,1955,2025,NA,"Least concern",NA
1046500,417700,"Thesium pyrenaicum Pourr.",NA,"Santalaceae",NA,2,1982,2025,NA,"Least concern",NA
1046830,420750,"Thymus praecox Opiz",NA,"Lamiaceae",NA,3,1982,2025,NA,"",NA
1046850,420900,"Thymus praecox subsp. polytrichus (Borbás) Jalas",NA,"Lamiaceae",NA,1,1982,2025,NA,"Least concern",NA
1046890,421200,"Thymus serpyllum aggr.",NA,"Lamiaceae",NA,10,1951,2025,NA,"Least concern",NA
1046990,421600,"Tofieldia calyculata (L.) Wahlenb.",NA,"Tofieldiaceae",NA,8,1982,2025,NA,"Least concern",NA
1047180,422950,"Tragopogon pratensis L.",NA,"Asteraceae",NA,3,2021,2025,NA,"Least concern",NA
1047220,423300,"Tragopogon pratensis subsp. orientalis (L.) Čelak.",NA,"Asteraceae",NA,1,2025,2025,NA,"Least concern",NA
1047250,423600,"Traunsteinera globosa (L.) Rchb.",NA,"Orchidaceae",NA,7,1925,2024,NA,"Least concern",NA
1047290,423900,"Trichophorum cespitosum (L.) Hartm.",NA,"Cyperaceae",NA,1,1982,2025,NA,"Least concern",NA
1047410,424900,"Trifolium badium Schreb.",NA,"Fabaceae",NA,24,1951,2025,NA,"Least concern",NA
1047460,425595,"Trifolium hybridum L.",NA,"Fabaceae",NA,1,2025,2025,NA,"",NA
1047470,425600,"Trifolium hybridum L. subsp. hybridum",NA,"Fabaceae",NA,1,2025,2025,NA,"",NA
1047520,426000,"Trifolium medium L.",NA,"Fabaceae",NA,0,1982,1982,NA,"Least concern",NA
1047540,426300,"Trifolium montanum L.",NA,"Fabaceae",NA,1,1955,1982,NA,"Least concern",NA
1047570,426700,"Trifolium pallescens Schreb.",NA,"Fabaceae",NA,1,1952,1966,NA,"Least concern",NA
1047600,426895,"Trifolium pratense L.",NA,"Fabaceae",NA,19,1951,2025,NA,"Least concern",NA
1047610,426900,"Trifolium pratense L. subsp. pratense",NA,"Fabaceae",NA,2,1982,2025,NA,"Least concern",NA
1047620,427000,"Trifolium pratense subsp. nivale (W. D. J. Koch) Ces.",NA,"Fabaceae",NA,3,1982,2025,NA,"Least concern",NA
1047630,427100,"Trifolium repens L.",NA,"Fabaceae",NA,9,1951,2024,NA,"Least concern",NA
1047640,427200,"Trifolium repens L. subsp. repens",NA,"Fabaceae",NA,1,2024,2024,NA,"Least concern",NA
1047760,428100,"Trifolium thalii Vill.",NA,"Fabaceae",NA,16,1951,2024,NA,"Least concern",NA
1047770,428200,"Triglochin palustris L.",NA,"Juncaginaceae",NA,3,1982,2025,NA,"Least concern",NA
1047890,429400,"Trisetum flavescens (L.) P. Beauv.",NA,"Poaceae",NA,2,1955,2025,NA,"Least concern",NA
1047920,429500,"Trisetum spicatum (L.) K. Richt.",NA,"Poaceae",NA,4,1982,2024,NA,"Least concern",NA
1048030,430600,"Trollius europaeus L.",NA,"Ranunculaceae",NA,12,1962,2025,NA,"Least concern",NA
1048220,432000,"Tussilago farfara L.",NA,"Asteraceae",NA,13,1982,2025,NA,"Least concern",NA
1048360,433400,"Urtica dioica L.",NA,"Urticaceae",NA,2,1982,2023,NA,"Least concern",NA
1048470,434500,"Vaccinium gaultherioides Bigelow",NA,"Ericaceae",NA,5,2023,2025,NA,"Least concern",NA
1048500,434800,"Vaccinium myrtillus L.",NA,"Ericaceae",NA,11,1951,2025,NA,"Least concern",NA
1048520,435100,"Vaccinium uliginosum aggr.",NA,"Ericaceae",NA,10,1951,2025,NA,"Least concern",NA
1048540,435300,"Vaccinium vitis-idaea L.",NA,"Ericaceae",NA,11,1951,2025,NA,"Least concern",NA
1048590,435700,"Valeriana montana L.",NA,"Caprifoliaceae",NA,10,1982,2025,NA,"Least concern",NA
1048680,436600,"Valeriana supina Ard.",NA,"Caprifoliaceae",NA,3,1994,2025,NA,"Least concern",NA
1048820,437800,"Veratrum album L.",NA,"Melanthiaceae",NA,8,1982,2024,NA,"Least concern",NA
1048840,438000,"Veratrum album subsp. lobelianum (Bernh.) Arcang.",NA,"Melanthiaceae",NA,3,2018,2024,NA,"Least concern",NA
1049120,440400,"Veronica alpina L.",NA,"Plantaginaceae",NA,15,1960,2025,NA,"Least concern",NA
1049150,440700,"Veronica aphylla L.",NA,"Plantaginaceae",NA,19,1982,2025,NA,"Least concern",NA
1049190,441100,"Veronica bellidioides L.",NA,"Plantaginaceae",NA,6,1952,2025,NA,"Least concern",NA
1049210,441400,"Veronica chamaedrys L.",NA,"Plantaginaceae",NA,1,2021,2021,NA,"Least concern",NA
1049270,441700,"Veronica fruticans Jacq.",NA,"Plantaginaceae",NA,5,1982,2025,NA,"Least concern",NA
1049460,443395,"Veronica serpyllifolia L.",NA,"Plantaginaceae",NA,2,1951,2024,NA,"Least concern",NA
1049470,443400,"Veronica serpyllifolia L. subsp. serpyllifolia",NA,"Plantaginaceae",NA,0,1966,1966,NA,"Least concern",NA
1049480,443500,"Veronica serpyllifolia subsp. humifusa (Dicks.) Syme",NA,"Plantaginaceae",NA,1,1982,2024,NA,"Least concern",NA
1049860,447400,"Vicia sepium L.",NA,"Fabaceae",NA,1,1982,2023,NA,"Least concern",NA
1050020,449200,"Viola calcarata L.",NA,"Violaceae",NA,32,1918,2025,NA,"Least concern",NA
1050060,449250,"Viola canina L.",NA,"Violaceae",NA,0,1982,1982,NA,"Near threatened",NA
1050240,451300,"Viola pinnata L.",NA,"Violaceae",NA,0,1966,1966,NA,"Near threatened",NA
1050320,452400,"Viola thomasiana Songeon & E. P. Perrier",NA,"Violaceae",NA,0,1966,1966,NA,"Least concern",NA
1050330,452510,"Viola tricolor aggr.",NA,"Violaceae",NA,1,2025,2025,NA,"Least concern",NA
1050530,454200,"Willemetia stipitata (Jacq.) Dalla Torre",NA,"Asteraceae",NA,5,1869,2025,NA,"Near threatened",NA
1050560,454500,"Woodsia alpina (Bolton) Gray",NA,"Woodsiaceae",NA,0,1982,1982,NA,"Least concern",NA
1000130,800,"Acer pseudoplatanus L.",NA,"Sapindaceae",NA,2,1982,2025,NA,"Least concern",NA
1000180,1000,"Achillea atrata L.",NA,"Asteraceae",NA,11,1920,2023,NA,"Least concern",NA
1000330,1700,"Achillea millefolium L.",NA,"Asteraceae",NA,6,1982,2025,NA,"Least concern",NA
1000320,1706,"Achillea millefolium aggr.",NA,"Asteraceae",NA,16,1954,2025,NA,"Least concern",NA
1000460,2800,"Acinos alpinus (L.) Moench",NA,"Lamiaceae",NA,8,1954,2025,NA,"Least concern",NA
1000543,3510,"Aconitum lycoctonum L.",NA,"Ranunculaceae",NA,4,1920,2024,NA,"Least concern",NA
1000545,3530,"Aconitum lycoctonum subsp. vulparia (Rchb.) Nyman",NA,"Ranunculaceae",NA,1,1920,1982,NA,"Least concern",NA
1000563,3540,"Aconitum napellus L.",NA,"Ranunculaceae",NA,7,1982,2023,NA,"Least concern",NA
1000770,5400,"Adenostyles alliariae (Gouan) A. Kern.",NA,"Asteraceae",NA,15,1955,2025,NA,"Least concern",NA
1000930,6800,"Aegopodium podagraria L.",NA,"Apiaceae",NA,4,1982,2024,NA,"Least concern",NA
1001060,8400,"Agrostis alpina Scop.",NA,"Poaceae",NA,9,1917,2025,NA,"Least concern",NA
1001080,8600,"Agrostis capillaris L.",NA,"Poaceae",NA,28,1951,2023,NA,"Least concern",NA
1001090,8700,"Agrostis gigantea Roth",NA,"Poaceae",NA,6,2008,2022,NA,"Least concern",NA
1001100,8900,"Agrostis rupestris All.",NA,"Poaceae",NA,8,1956,2023,NA,"Least concern",NA
1001120,9100,"Agrostis schraderiana Bech.",NA,"Poaceae",NA,3,1982,2023,NA,"Least concern",NA
1001130,9300,"Agrostis stolonifera L.",NA,"Poaceae",NA,6,1982,2023,NA,"Least concern",NA
1001220,10300,"Ajuga pyramidalis L.",NA,"Lamiaceae",NA,3,1920,2021,NA,"Least concern",NA
1001230,10400,"Ajuga reptans L.",NA,"Lamiaceae",NA,3,1954,2023,NA,"Least concern",NA
1001340,11200,"Alchemilla alpina aggr.",NA,"Rosaceae",NA,1,2021,2021,NA,"Least concern",NA
1001330,11100,"Alchemilla alpina superaggr.",NA,"",NA,1,2021,2021,NA,"",NA
1001420,12000,"Alchemilla conjuncta aggr.",NA,"Rosaceae",NA,5,1954,2025,NA,"Least concern",NA
1001410,12100,"Alchemilla conjuncta superaggr.",NA,"",NA,8,1954,2025,NA,"",NA
1001470,12500,"Alchemilla coriacea aggr.",NA,"Rosaceae",NA,1,2025,2025,NA,"Least concern",NA
1001640,14000,"Alchemilla fissa aggr.",NA,"Rosaceae",NA,3,1982,2025,NA,"Least concern",NA
1002020,17200,"Alchemilla mollis (Buser) Rothm.",NA,"Rosaceae",NA,2,2023,2023,NA,"",NA
1002050,17500,"Alchemilla nitida Buser",NA,"Rosaceae",NA,2,2022,2022,NA,"Least concern",NA
1002150,18500,"Alchemilla plicatula aggr.",NA,"Rosaceae",NA,2,2022,2022,NA,"Least concern",NA
1002440,21100,"Alchemilla vulgaris aggr.",NA,"Rosaceae",NA,34,1947,2025,NA,"Least concern",NA
1002520,22100,"Alliaria petiolata (M. Bieb.) Cavara & Grande",NA,"Brassicaceae",NA,1,1982,2024,NA,"Least concern",NA
1002740,24200,"Allium schoenoprasum L.",NA,"Amaryllidaceae",NA,1,1982,2012,NA,"Least concern",NA
1002850,25300,"Alnus incana (L.) Moench",NA,"Betulaceae",NA,1,1982,2023,NA,"Least concern",NA
1002870,25400,"Alnus viridis (Chaix) DC.",NA,"Betulaceae",NA,2,1982,2024,NA,"Least concern",NA
1003540,31800,"Androsace chamaejasme Wulfen",NA,"Primulaceae",NA,25,1920,2025,NA,"Least concern",NA
1003570,32100,"Androsace helvetica (L.) All.",NA,"Primulaceae",NA,2,2010,2025,NA,"Least concern",NA
1003730,33350,"Anemone blanda Schott & Kotschy",NA,"Ranunculaceae",NA,1,2025,2025,NA,"",NA
1003760,33400,"Anemone narcissiflora L.",NA,"Ranunculaceae",NA,10,1954,2025,NA,"Least concern",NA
1003820,34100,"Angelica sylvestris L.",NA,"Apiaceae",NA,1,1982,2024,NA,"Least concern",NA
1003840,34300,"Antennaria carpatica (Wahlenb.) Bluff & Fingerh.",NA,"Asteraceae",NA,3,2008,2023,NA,"Least concern",NA
1003850,34400,"Antennaria dioica (L.) Gaertn.",NA,"Asteraceae",NA,11,1951,2024,NA,"Least concern",NA
1003970,35400,"Anthoxanthum odoratum L.",NA,"Poaceae",NA,16,1947,2022,NA,"Least concern",NA
1003960,35500,"Anthoxanthum odoratum aggr.",NA,"Poaceae",NA,24,1947,2023,NA,"Least concern",NA
1004010,35900,"Anthriscus sylvestris (L.) Hoffm.",NA,"Apiaceae",NA,4,1947,2025,NA,"Least concern",NA
1004070,36790,"Anthyllis vulneraria L.",NA,"Fabaceae",NA,27,1954,2025,NA,"Least concern",NA
1004080,36800,"Anthyllis vulneraria L. subsp. vulneraria",NA,"Fabaceae",NA,1,1969,1982,NA,"",NA
1004150,37300,"Anthyllis vulneraria subsp. valesiaca (Beck) Guyot",NA,"Fabaceae",NA,1,2022,2022,NA,"Least concern",NA
1004300,38800,"Aquilegia alpina L.",NA,"Ranunculaceae",NA,2,1936,1936,NA,"Near threatened",NA
1004340,39200,"Arabidopsis thaliana (L.) Heynh.",NA,"Brassicaceae",NA,2,2023,2025,NA,"Least concern",NA
1004360,39350,"Arabis alpina L.",NA,"Brassicaceae",NA,11,1920,2023,NA,"Least concern",NA
1004370,39400,"Arabis alpina L. subsp. alpina",NA,"Brassicaceae",NA,1,1920,1982,NA,"",NA
1004400,39650,"Arabis bellidifolia Crantz",NA,"Brassicaceae",NA,12,1992,2025,NA,"Least concern",NA
1004420,39800,"Arabis bellidifolia subsp. stellulata (Bertol.) Greuter & Burdet",NA,"Brassicaceae",NA,6,2020,2025,NA,"Least concern",NA
1004440,40200,"Arabis ciliata Clairv.",NA,"Brassicaceae",NA,1,1956,1982,NA,"Least concern",NA
1004470,40605,"Arabis hirsuta aggr.",NA,"Brassicaceae",NA,1,2025,2025,NA,"Least concern",NA
1004570,42000,"Arabis subcoriacea Gren.",NA,"Brassicaceae",NA,3,1982,2025,NA,"Least concern",NA
1004680,43000,"Arctostaphylos alpina (L.) Spreng.",NA,"Ericaceae",NA,11,1982,2025,NA,"Least concern",NA
1004690,43100,"Arctostaphylos uva-ursi (L.) Spreng.",NA,"Ericaceae",NA,1,1982,2018,NA,"Least concern",NA
1004720,43400,"Arenaria biflora L.",NA,"Caryophyllaceae",NA,4,2003,2018,NA,"Least concern",NA
1004910,45700,"Arnica montana L.",NA,"Asteraceae",NA,10,1920,2024,NA,"Least concern",NA
1004930,45900,"Arrhenatherum elatius (L.) J. Presl & C. Presl",NA,"Poaceae",NA,2,1982,2025,NA,"Least concern",NA
1005500,50900,"Asplenium ruta-muraria L.",NA,"Aspleniaceae",NA,7,1982,2025,NA,"Least concern",NA
1005540,51200,"Asplenium septentrionale (L.) Hoffm.",NA,"Aspleniaceae",NA,1,1917,1966,NA,"Least concern",NA
1005610,51500,"Asplenium viride Huds.",NA,"Aspleniaceae",NA,18,1982,2025,NA,"Least concern",NA
1005640,51800,"Aster alpinus L.",NA,"Asteraceae",NA,5,2010,2024,NA,"Least concern",NA
1005660,52000,"Aster bellidiastrum (L.) Scop.",NA,"Asteraceae",NA,13,1982,2025,NA,"Least concern",NA
1005870,53900,"Astragalus frigidus (L.) A. Gray",NA,"Fabaceae",NA,4,1982,2023,NA,"Least concern",NA
1005880,54000,"Astragalus glycyphyllos L.",NA,"Fabaceae",NA,2,1982,2023,NA,"Least concern",NA
1006080,55600,"Athyrium distentifolium Opiz",NA,"Athyriaceae",NA,3,1982,2023,NA,"Least concern",NA
1006090,55700,"Athyrium filix-femina (L.) Roth",NA,"Athyriaceae",NA,13,1982,2025,NA,"Least concern",NA
1006320,57400,"Avenella flexuosa (L.) Drejer",NA,"Poaceae",NA,6,1982,2023,NA,"Least concern",NA
1006420,58300,"Barbarea intermedia Boreau",NA,"Brassicaceae",NA,1,1982,2025,NA,"Least concern",NA
1006460,58700,"Bartsia alpina L.",NA,"Orobanchaceae",NA,15,1982,2025,NA,"Least concern",NA
1006490,59100,"Bellis perennis L.",NA,"Asteraceae",NA,25,1951,2025,NA,"Least concern",NA
1006600,60400,"Betula pendula Roth",NA,"Betulaceae",NA,1,1982,2025,NA,"Least concern",NA
1006595,60450,"Betula pendula aggr.",NA,"Betulaceae",NA,2,1982,2025,NA,"",NA
1006610,60500,"Betula pubescens Ehrh.",NA,"Betulaceae",NA,1,1992,1994,NA,"Least concern",NA
1006780,62000,"Biscutella laevigata L.",NA,"Brassicaceae",NA,16,1920,2025,NA,"Least concern",NA
1006870,62500,"Blechnum spicant (L.) Roth",NA,"Blechnaceae",NA,1,1982,2023,NA,"Least concern",NA
1006880,62600,"Blitum capitatum L.",NA,"Amaranthaceae",NA,1,1993,1994,NA,"",NA
1006900,62800,"Blysmus compressus (L.) Link",NA,"Cyperaceae",NA,1,1982,2023,NA,"Least concern",NA
1006990,63300,"Botrychium lunaria (L.) Sw.",NA,"Ophioglossaceae",NA,14,1954,2025,NA,"Least concern",NA
1007120,64400,"Brassica napus L.",NA,"Brassicaceae",NA,1,2024,2024,NA,"",NA
1007200,65200,"Briza media L.",NA,"Poaceae",NA,17,1951,2023,NA,"Least concern",NA
1007360,66100,"Bromus inermis Leyss.",NA,"Poaceae",NA,1,1982,2025,NA,"",NA
1007355,66130,"Bromus inermis aggr.",NA,"Poaceae",NA,1,1982,2025,NA,"",NA
1007690,68600,"Buphthalmum salicifolium L.",NA,"Asteraceae",NA,1,1982,2025,NA,"Least concern",NA
1007940,71400,"Calamagrostis varia (Schrad.) Host",NA,"Poaceae",NA,5,1917,2024,NA,"Least concern",NA
1007950,71500,"Calamagrostis villosa (Chaix) J. F. Gmel.",NA,"Poaceae",NA,5,1982,2024,NA,"Least concern",NA
1008160,73600,"Calluna vulgaris (L.) Hull",NA,"Ericaceae",NA,7,1951,2025,NA,"Least concern",NA
1008180,73700,"Caltha palustris L.",NA,"Ranunculaceae",NA,12,1955,2025,NA,"Least concern",NA
1008300,74700,"Campanula barbata L.",NA,"Campanulaceae",NA,14,1920,2024,NA,"Least concern",NA
1008390,75200,"Campanula cochleariifolia Lam.",NA,"Campanulaceae",NA,14,1969,2023,NA,"Least concern",NA
1008650,77200,"Campanula scheuchzeri Vill.",NA,"Campanulaceae",NA,33,1947,2025,NA,"Least concern",NA
1008680,77500,"Campanula thyrsoides L.",NA,"Campanulaceae",NA,1,1982,2023,NA,"Least concern",NA
1008720,77900,"Capsella bursa-pastoris (L.) Medik.",NA,"Brassicaceae",NA,2,1982,2025,NA,"Least concern",NA
1008780,78200,"Cardamine alpina Willd.",NA,"Brassicaceae",NA,1,2008,2008,NA,"Least concern",NA
1008790,78300,"Cardamine amara L.",NA,"Brassicaceae",NA,3,1955,2025,NA,"Least concern",NA
1009020,80300,"Cardamine resedifolia L.",NA,"Brassicaceae",NA,5,1982,2023,NA,"Least concern",NA
1009170,81595,"Carduus defloratus L.",NA,"Asteraceae",NA,18,1954,2025,NA,"Least concern",NA
1009240,82400,"Carduus personata (L.) Jacq.",NA,"Asteraceae",NA,4,1947,2024,NA,"Least concern",NA
1009300,83100,"Carex alba Scop.",NA,"Cyperaceae",NA,1,1982,2025,NA,"Least concern",NA
1009330,83350,"Carex atrata L.",NA,"Cyperaceae",NA,11,1966,2023,NA,"Least concern",NA
1009340,83400,"Carex atrata L. subsp. atrata",NA,"Cyperaceae",NA,3,1966,2023,NA,"Least concern",NA
1009320,83405,"Carex atrata aggr.",NA,"Cyperaceae",NA,18,1966,2023,NA,"",NA
1009350,83500,"Carex atrata subsp. aterrima (Hoppe) Hartm.",NA,"Cyperaceae",NA,2,1982,2023,NA,"Least concern",NA
1009470,84500,"Carex buxbaumii Wahlenb.",NA,"Cyperaceae",NA,1,1918,1966,NA,"Vulnerable",NA
1009480,84600,"Carex canescens L.",NA,"Cyperaceae",NA,1,1982,2023,NA,"Least concern",NA
1009490,84700,"Carex capillaris L.",NA,"Cyperaceae",NA,13,1954,2025,NA,"Least concern",NA
1009510,84900,"Carex caryophyllea Latourr.",NA,"Cyperaceae",NA,13,1954,2023,NA,"Least concern",NA
1009540,85395,"Carex curvula All.",NA,"Cyperaceae",NA,7,2003,2023,NA,"Least concern",NA
1009600,86000,"Carex diandra Schrank",NA,"Cyperaceae",NA,4,1918,2023,NA,"Vulnerable",NA
1009610,86100,"Carex digitata L.",NA,"Cyperaceae",NA,1,1982,2018,NA,"Least concern",NA
1009680,86700,"Carex echinata Murray",NA,"Cyperaceae",NA,2,1982,2025,NA,"Least concern",NA
1009690,86800,"Carex elata All.",NA,"Cyperaceae",NA,6,2006,2024,NA,"Least concern",NA
1009720,87100,"Carex ericetorum Pollich",NA,"Cyperaceae",NA,3,1966,2023,NA,"Near threatened",NA
1009730,87200,"Carex ferruginea Scop.",NA,"Cyperaceae",NA,9,1982,2025,NA,"Least concern",NA
1009750,87400,"Carex firma Host",NA,"Cyperaceae",NA,21,1969,2025,NA,"Least concern",NA
1009760,87500,"Carex flacca Schreb.",NA,"Cyperaceae",NA,8,1917,2023,NA,"Least concern",NA
1009780,87600,"Carex flava L.",NA,"Cyperaceae",NA,1,1981,1982,NA,"Least concern",NA
1009770,87605,"Carex flava aggr.",NA,"Cyperaceae",NA,6,1954,2025,NA,"Least concern",NA
1009790,87700,"Carex foetida All.",NA,"Cyperaceae",NA,1,2008,2008,NA,"Least concern",NA
1009800,87800,"Carex frigida All.",NA,"Cyperaceae",NA,2,1982,2018,NA,"Least concern",NA
1009920,89100,"Carex lachenalii Schkuhr",NA,"Cyperaceae",NA,5,2008,2023,NA,"Least concern",NA
1009980,89600,"Carex limosa L.",NA,"Cyperaceae",NA,4,1980,2025,NA,"Near threatened",NA
1010030,90200,"Carex microglochin Wahlenb.",NA,"Cyperaceae",NA,2,1917,1966,NA,"Vulnerable",NA
1010050,90400,"Carex mucronata All.",NA,"Cyperaceae",NA,2,1917,1969,NA,"Least concern",NA
1010070,90700,"Carex nigra (L.) Reichard",NA,"Cyperaceae",NA,13,1954,2025,NA,"Least concern",NA
1010090,91200,"Carex ornithopoda Willd.",NA,"Cyperaceae",NA,9,1954,2025,NA,"Least concern",NA
1010100,91300,"Carex ornithopodioides Hausm.",NA,"Cyperaceae",NA,10,2003,2023,NA,"Least concern",NA
1010130,91600,"Carex pallescens L.",NA,"Cyperaceae",NA,12,1954,2025,NA,"Least concern",NA
1010140,91700,"Carex panicea L.",NA,"Cyperaceae",NA,8,1982,2025,NA,"Least concern",NA
1010150,91800,"Carex paniculata L.",NA,"Cyperaceae",NA,11,1981,2025,NA,"Least concern",NA
1010160,92000,"Carex parviflora Host",NA,"Cyperaceae",NA,7,2003,2021,NA,"Least concern",NA
1010170,92100,"Carex pauciflora Lightf.",NA,"Cyperaceae",NA,4,1917,2025,NA,"Near threatened",NA
1010320,93700,"Carex rostrata Stokes",NA,"Cyperaceae",NA,11,1981,2025,NA,"Least concern",NA
1010330,93800,"Carex rupestris All.",NA,"Cyperaceae",NA,4,2010,2025,NA,"Least concern",NA
1010340,93900,"Carex sempervirens Vill.",NA,"Cyperaceae",NA,23,1954,2025,NA,"Least concern",NA
1010490,95800,"Carlina acaulis L.",NA,"Asteraceae",NA,15,1951,2024,NA,"Least concern",NA
1010510,96000,"Carlina acaulis subsp. caulescens (Lam.) Schübl. & G. Martens",NA,"Asteraceae",NA,1,2003,2003,NA,"",NA
1010610,97100,"Carum carvi L.",NA,"Apiaceae",NA,30,1951,2025,NA,"Least concern",NA
1010820,98750,"Centaurea jacea L.",NA,"Asteraceae",NA,2,1982,2023,NA,"Least concern",NA
1010830,98800,"Centaurea jacea L. subsp. jacea",NA,"Asteraceae",NA,2,1982,2023,NA,"Least concern",NA
1010865,99030,"Centaurea jacea aggr.",NA,"Asteraceae",NA,3,1982,2024,NA,"",NA
1010890,99200,"Centaurea montana L.",NA,"Asteraceae",NA,6,1982,2025,NA,"Least concern",NA
1010910,99400,"Centaurea nervosa Willd.",NA,"Asteraceae",NA,3,1920,2019,NA,"Least concern",NA
1010980,99995,"Centaurea scabiosa L.",NA,"Asteraceae",NA,1,1982,2024,NA,"Least concern",NA
1011000,100100,"Centaurea scabiosa subsp. alpestris (Hegetschw.) Nyman",NA,"Asteraceae",NA,1,1982,2024,NA,"Least concern",NA
1011250,102200,"Cerastium alpinum L.",NA,"Caryophyllaceae",NA,2,2020,2023,NA,"Least concern",NA
1011370,103400,"Cerastium cerastoides (L.) Britton",NA,"Caryophyllaceae",NA,6,1982,2023,NA,"Least concern",NA
1011390,103595,"Cerastium fontanum Baumg.",NA,"Caryophyllaceae",NA,18,1947,2023,NA,"Least concern",NA
1011420,103800,"Cerastium fontanum subsp. vulgare (Hartm.) Greuter & Burdet",NA,"Caryophyllaceae",NA,6,1947,1982,NA,"Least concern",NA
1011450,104200,"Cerastium latifolium L.",NA,"Caryophyllaceae",NA,2,1966,2025,NA,"Least concern",NA
1011480,104600,"Cerastium pedunculatum Gaudin",NA,"Caryophyllaceae",NA,1,2010,2010,NA,"Least concern",NA
1011710,106700,"Chaerophyllum hirsutum L.",NA,"Apiaceae",NA,13,1947,2025,NA,"Least concern",NA
1011700,106705,"Chaerophyllum hirsutum aggr.",NA,"Apiaceae",NA,17,1947,2025,NA,"Least concern",NA
1011730,107100,"Chaerophyllum villarsii W. D. J. Koch",NA,"Apiaceae",NA,4,1954,2022,NA,"Least concern",NA
1011810,107700,"Chamorchis alpina (L.) Rich.",NA,"Orchidaceae",NA,1,1969,1969,NA,"Least concern",NA
50009,NA,"Chara globularis Thuill.",NA,"Characeae",NA,1,2006,2006,NA,"Least concern",NA
50092,NA,"Chara globularis aggr.",NA,"Characeae",NA,1,2006,2006,NA,"",NA
50012,NA,"Chara hispida L.",NA,"Characeae",NA,15,1892,2006,NA,"Vulnerable",NA
50093,NA,"Chara hispida aggr.",NA,"Characeae",NA,19,1892,2006,NA,"",NA
50015,NA,"Chara intermedia A. Braun",NA,"Characeae",NA,3,1916,1916,NA,"Endangered",NA
50018,NA,"Chara polyacantha A. Braun",NA,"Characeae",NA,1,1981,1981,NA,"Critically endangered",NA
50022,NA,"Chara strigosa A. Braun",NA,"Characeae",NA,1,1981,1981,NA,"Endangered",NA
50010,NA,"Chara vulgaris aggr.",NA,"Characeae",NA,1,1981,1981,NA,"",NA
1011850,108300,"Chenopodium album L.",NA,"Amaranthaceae",NA,2,1982,2024,NA,"Least concern",NA
1011845,108330,"Chenopodium album aggr.",NA,"Amaranthaceae",NA,2,1982,2024,NA,"",NA
1011880,108500,"Chenopodium bonus-henricus L.",NA,"Amaranthaceae",NA,7,1982,2025,NA,"Least concern",NA
1012160,112500,"Chrysosplenium alternifolium L.",NA,"Saxifragaceae",NA,1,1994,1994,NA,"Least concern",NA
1012190,112800,"Cicerbita alpina (L.) Wallr.",NA,"Asteraceae",NA,7,1982,2025,NA,"Least concern",NA
1012300,113700,"Cirsium acaule Scop.",NA,"Asteraceae",NA,24,1951,2024,NA,"Least concern",NA
1012310,113800,"Cirsium arvense (L.) Scop.",NA,"Asteraceae",NA,4,1982,2024,NA,"Least concern",NA
1012370,114400,"Cirsium helenioides (L.) Hill",NA,"Asteraceae",NA,11,1982,2025,NA,"Least concern",NA
1012400,114800,"Cirsium oleraceum (L.) Scop.",NA,"Asteraceae",NA,6,1982,2024,NA,"Least concern",NA
1012450,115300,"Cirsium spinosissimum (L.) Scop.",NA,"Asteraceae",NA,11,1982,2025,NA,"Least concern",NA
1012470,115500,"Cirsium vulgare (Savi) Ten.",NA,"Asteraceae",NA,1,1982,2024,NA,"Least concern",NA
1012570,116000,"Clematis alpina (L.) Mill.",NA,"Ranunculaceae",NA,10,1920,2023,NA,"Least concern",NA
1012750,117200,"Coeloglossum viride (L.) Hartm.",NA,"Orchidaceae",NA,21,1982,2024,NA,"Least concern",NA
1012810,117700,"Colchicum autumnale L.",NA,"Colchicaceae",NA,4,1954,2024,NA,"Least concern",NA
1013020,118800,"Convallaria majalis L.",NA,"Asparagaceae",NA,1,1982,2025,NA,"Least concern",NA
1013030,118900,"Convolvulus arvensis L.",NA,"Convolvulaceae",NA,1,1982,2024,NA,"Least concern",NA
1013090,119400,"Corallorhiza trifida Châtel.",NA,"Orchidaceae",NA,40,1982,2025,NA,"Least concern",NA
1013300,121300,"Corydalis lutea (L.) DC.",NA,"Papaveraceae",NA,1,2021,2021,NA,"Least concern",NA
1013450,121800,"Cotoneaster integerrimus Medik.",NA,"Rosaceae",NA,1,1982,2025,NA,"Least concern",NA
1013620,122900,"Crepis alpestris (Jacq.) Tausch",NA,"Asteraceae",NA,4,1954,2023,NA,"Least concern",NA
1013630,123000,"Crepis aurea (L.) Cass.",NA,"Asteraceae",NA,30,1947,2024,NA,"Least concern",NA
1013640,123100,"Crepis biennis L.",NA,"Asteraceae",NA,5,1982,2025,NA,"Least concern",NA
1013670,123500,"Crepis conyzifolia (Gouan) A. Kern.",NA,"Asteraceae",NA,1,1938,1982,NA,"Least concern",NA
1013700,123900,"Crepis kerneri Rech. f.",NA,"Asteraceae",NA,8,1966,2023,NA,"Least concern",NA
1013750,124200,"Crepis nicaeensis Pers.",NA,"Asteraceae",NA,2,1908,1966,NA,"",NA
1013760,124300,"Crepis paludosa (L.) Moench",NA,"Asteraceae",NA,1,1982,2025,NA,"Least concern",NA
1013800,124800,"Crepis pyrenaica (L.) Greuter",NA,"Asteraceae",NA,1,1954,1982,NA,"Least concern",NA
1013840,125500,"Crepis terglouensis (Hacq.) A. Kern.",NA,"Asteraceae",NA,10,2003,2023,NA,"Least concern",NA
1013880,125800,"Crocus albiflorus Kit.",NA,"Iridaceae",NA,12,1954,2025,NA,"Least concern",NA
1013970,126300,"Cruciata laevipes Opiz",NA,"Rubiaceae",NA,1,1982,2025,NA,"Least concern",NA
1014320,129400,"Cynosurus cristatus L.",NA,"Poaceae",NA,3,1982,2022,NA,"Least concern",NA
1014460,130400,"Cypripedium calceolus L.",NA,"Orchidaceae",NA,82,1916,2025,NA,"Vulnerable",NA
1014500,130500,"Cystopteris alpina (Lam.) Desv.",NA,"Cystopteridaceae",NA,1,1994,1994,NA,"Least concern",NA
1014520,130700,"Cystopteris fragilis (L.) Bernh.",NA,"Cystopteridaceae",NA,5,1982,2025,NA,"Least concern",NA
1014610,131800,"Dactylis glomerata L.",NA,"Poaceae",NA,10,1954,2025,NA,"Least concern",NA
1014620,131850,"Dactylis glomerata L. subsp. glomerata",NA,"Poaceae",NA,2,2023,2023,NA,"",NA
1014690,132300,"Dactylorhiza incarnata (L.) Soó",NA,"Orchidaceae",NA,4,1986,2003,NA,"Near threatened",NA
1014700,132350,"Dactylorhiza incarnata (L.) Soó subsp. incarnata",NA,"Orchidaceae",NA,4,1986,2003,NA,"Near threatened",NA
1014750,132500,"Dactylorhiza lapponica (Hartm.) Soó",NA,"Orchidaceae",NA,7,1994,2025,NA,"Near threatened",NA
1014760,132600,"Dactylorhiza maculata (L.) Soó",NA,"Orchidaceae",NA,76,1982,2025,NA,"Least concern",NA
1014775,132630,"Dactylorhiza maculata subsp. fuchsii (Druce) Hyl.",NA,"Orchidaceae",NA,72,1985,2025,NA,"Least concern",NA
1014800,132700,"Dactylorhiza majalis (Rchb.) P. F. Hunt & Summerh.",NA,"Orchidaceae",NA,30,1982,2024,NA,"Least concern",NA
1014900,133600,"Daphne mezereum L.",NA,"Thymelaeaceae",NA,10,1982,2025,NA,"Least concern",NA
1014910,133700,"Daphne striata Tratt.",NA,"Thymelaeaceae",NA,23,1920,2025,NA,"Least concern",NA
1015040,134800,"Deschampsia cespitosa (L.) P. Beauv.",NA,"Poaceae",NA,24,1947,2023,NA,"Least concern",NA
1015120,135500,"Dianthus carthusianorum L.",NA,"Caryophyllaceae",NA,1,1966,2023,NA,"Least concern",NA
1015200,136000,"Dianthus glacialis Haenke",NA,"Caryophyllaceae",NA,13,2020,2021,NA,"Least concern",NA
1015280,136800,"Dianthus superbus L.",NA,"Caryophyllaceae",NA,2,1917,2024,NA,"Least concern",NA
1015420,137800,"Diphasiastrum alpinum (L.) Holub",NA,"Lycopodiaceae",NA,5,2018,2024,NA,"Least concern",NA
1015560,139700,"Doronicum clusii (All.) Tausch",NA,"Asteraceae",NA,1,2010,2010,NA,"Least concern",NA
1015590,140000,"Doronicum grandiflorum Lam.",NA,"Asteraceae",NA,13,1920,2023,NA,"Least concern",NA
1015670,140500,"Draba aizoides L.",NA,"Brassicaceae",NA,16,1992,2025,NA,"Least concern",NA
1015690,140800,"Draba fladnizensis Wulfen",NA,"Brassicaceae",NA,1,2010,2010,NA,"Least concern",NA
1015700,140900,"Draba hoppeana Rchb.",NA,"Brassicaceae",NA,1,1920,1920,NA,"Least concern",NA
1015780,141600,"Draba tomentosa Clairv.",NA,"Brassicaceae",NA,4,2010,2025,NA,"Least concern",NA
1015840,142300,"Drosera rotundifolia L.",NA,"Droseraceae",NA,2,1966,1986,NA,"Near threatened",NA
1015860,142500,"Dryas octopetala L.",NA,"Rosaceae",NA,161,1956,2024,NA,"Least concern",NA
1015910,143100,"Dryopteris carthusiana (Vill.) H. P. Fuchs",NA,"Dryopteridaceae",NA,2,1982,2020,NA,"Least concern",NA
1015930,143300,"Dryopteris dilatata (Hoffm.) A. Gray",NA,"Dryopteridaceae",NA,5,1982,2023,NA,"Least concern",NA
1015925,143350,"Dryopteris dilatata aggr.",NA,"Dryopteridaceae",NA,8,1982,2023,NA,"",NA
1015940,143400,"Dryopteris expansa (C. Presl) Fraser-Jenk. & Jermy",NA,"Dryopteridaceae",NA,3,2021,2021,NA,"Least concern",NA
1015950,143500,"Dryopteris filix-mas (L.) Schott",NA,"Dryopteridaceae",NA,10,1982,2025,NA,"Least concern",NA
1016120,144500,"Echium vulgare L.",NA,"Boraginaceae",NA,1,1982,2023,NA,"Least concern",NA
1016360,146200,"Elodea canadensis Michx.",NA,"Hydrocharitaceae",NA,6,2023,2025,NA,"",NA
1016400,146460,"Elymus caninus (L.) L.",NA,"Poaceae",NA,1,1982,2023,NA,"Least concern",NA
1016460,146600,"Elyna myosuroides (Vill.) Fritsch",NA,"Cyperaceae",NA,12,2003,2023,NA,"Least concern",NA
1016470,146795,"Empetrum nigrum L.",NA,"Ericaceae",NA,3,1980,2023,NA,"Least concern",NA
1016510,147300,"Epilobium alpestre (Jacq.) Krock.",NA,"Onagraceae",NA,2,1982,2023,NA,"Least concern",NA
1016530,147600,"Epilobium anagallidifolium Lam.",NA,"Onagraceae",NA,1,1982,2023,NA,"Least concern",NA
1016540,147700,"Epilobium angustifolium L.",NA,"Onagraceae",NA,14,1982,2025,NA,"Least concern",NA
1016550,147800,"Epilobium ciliatum Raf.",NA,"Onagraceae",NA,1,2025,2025,NA,"",NA
1016620,148600,"Epilobium montanum L.",NA,"Onagraceae",NA,1,1982,2025,NA,"Least concern",NA
1016630,148700,"Epilobium nutans F. W. Schmidt",NA,"Onagraceae",NA,1,1955,1982,NA,"Least concern",NA
1016650,148900,"Epilobium palustre L.",NA,"Onagraceae",NA,1,1982,2025,NA,"Least concern",NA
1016710,149400,"Epimedium alpinum L.",NA,"Berberidaceae",NA,1,1955,1955,NA,"",NA
1016740,149600,"Epipactis atrorubens Besser",NA,"Orchidaceae",NA,36,1920,2025,NA,"Least concern",NA
1016770,149660,"Epipactis helleborine (L.) Crantz",NA,"Orchidaceae",NA,3,1904,2010,NA,"Least concern",NA
1016780,149800,"Epipactis helleborine aggr.",NA,"Orchidaceae",NA,4,1904,2010,NA,"Least concern",NA
1016840,150300,"Epipactis palustris (L.) Crantz",NA,"Orchidaceae",NA,1,1880,1982,NA,"Near threatened",NA
1016920,150600,"Equisetum arvense L.",NA,"Equisetaceae",NA,2,1982,2023,NA,"Least concern",NA
1016930,150700,"Equisetum fluviatile L.",NA,"Equisetaceae",NA,5,1981,2025,NA,"Least concern",NA
1016940,150800,"Equisetum hyemale L.",NA,"Equisetaceae",NA,2,1994,2023,NA,"Least concern",NA
1016950,151100,"Equisetum palustre L.",NA,"Equisetaceae",NA,8,1982,2025,NA,"Least concern",NA
1016980,151400,"Equisetum sylvaticum L.",NA,"Equisetaceae",NA,4,1992,2024,NA,"Least concern",NA
1017000,151600,"Equisetum variegatum Schleich.",NA,"Equisetaceae",NA,1,1982,2023,NA,"Least concern",NA
1017400,152400,"Erica carnea L.",NA,"Ericaceae",NA,17,1969,2025,NA,"Least concern",NA
1017490,153600,"Erigeron alpinus L.",NA,"Asteraceae",NA,4,1956,2024,NA,"Least concern",NA
1017485,153650,"Erigeron alpinus aggr.",NA,"Asteraceae",NA,15,1917,2024,NA,"",NA
1017570,154500,"Erigeron glabratus Bluff & Fingerh.",NA,"Asteraceae",NA,1,1982,2018,NA,"Least concern",NA
1017590,154700,"Erigeron neglectus A. Kern.",NA,"Asteraceae",NA,3,1917,2013,NA,"Least concern",NA
1017610,155000,"Erigeron uniflorus L.",NA,"Asteraceae",NA,7,1921,2023,NA,"Least concern",NA
1017620,155100,"Erinus alpinus L.",NA,"Plantaginaceae",NA,1,2026,2026,NA,"Least concern",NA
1017660,155400,"Eriophorum latifolium Hoppe",NA,"Cyperaceae",NA,1,1982,2025,NA,"Least concern",NA
1017670,155500,"Eriophorum scheuchzeri Hoppe",NA,"Cyperaceae",NA,4,2020,2023,NA,"Least concern",NA
1017680,155600,"Eriophorum vaginatum L.",NA,"Cyperaceae",NA,13,1912,2022,NA,"Near threatened",NA
1017710,156000,"Erodium cicutarium (L.) L'Hér.",NA,"Geraniaceae",NA,1,1966,2023,NA,"Least concern",NA
1017840,157200,"Eryngium alpinum L.",NA,"Apiaceae",NA,2,1933,2024,NA,"Vulnerable",NA
1018600,162750,"Euphrasia minima Schleich.",NA,"Orobanchaceae",NA,14,1951,2023,NA,"Least concern",NA
1018700,163450,"Euphrasia rostkoviana Hayne",NA,"Orobanchaceae",NA,9,1956,2024,NA,"Least concern",NA
1018685,163850,"Euphrasia rostkoviana aggr.",NA,"Orobanchaceae",NA,11,1951,2024,NA,"",NA
1018730,163800,"Euphrasia rostkoviana subsp. montana (Jord.) Wettst.",NA,"Orobanchaceae",NA,4,1956,2022,NA,"Least concern",NA
1018740,163900,"Euphrasia salisburgensis Hoppe",NA,"Orobanchaceae",NA,9,1920,2025,NA,"Least concern",NA
1018750,164000,"Euphrasia stricta J. F. Lehm.",NA,"Orobanchaceae",NA,1,2022,2022,NA,"Near threatened",NA
1018980,165700,"Festuca alpina Suter",NA,"Poaceae",NA,1,2020,2020,NA,"Least concern",NA
1019020,166100,"Festuca arundinacea Schreb.",NA,"Poaceae",NA,3,1982,2022,NA,"Least concern",NA
1019030,166200,"Festuca arundinacea Schreb. subsp. arundinacea",NA,"Poaceae",NA,1,2022,2022,NA,"",NA
1019160,167650,"Festuca halleri aggr.",NA,"Poaceae",NA,3,1956,2023,NA,"Least concern",NA
1019290,168300,"Festuca nigrescens Lam.",NA,"Poaceae",NA,4,2022,2022,NA,"Least concern",NA
1019309,168580,"Festuca ovina superaggr.",NA,"",NA,2,2018,2018,NA,"",NA
1019380,169100,"Festuca pratensis Huds.",NA,"Poaceae",NA,15,1947,2023,NA,"Least concern",NA
1019420,169600,"Festuca pulchella Schrad.",NA,"Poaceae",NA,6,1917,2025,NA,"Least concern",NA
1019450,170000,"Festuca quadriflora Honck.",NA,"Poaceae",NA,15,1969,2025,NA,"Least concern",NA
1019480,170100,"Festuca rubra L.",NA,"Poaceae",NA,4,2018,2023,NA,"Least concern",NA
1019470,170200,"Festuca rubra aggr.",NA,"Poaceae",NA,32,1947,2023,NA,"Least concern",NA
1019680,172000,"Festuca violacea Gaudin",NA,"Poaceae",NA,8,2022,2025,NA,"Least concern",NA
1019710,172300,"Filago arvensis L.",NA,"Asteraceae",NA,2,2024,2025,NA,"Vulnerable",NA
1019770,173100,"Filipendula ulmaria (L.) Maxim.",NA,"Rosaceae",NA,3,1966,2024,NA,"Least concern",NA
1020140,175300,"Fumaria schleicheri Soy.-Will.",NA,"Papaveraceae",NA,1,2024,2024,NA,"Vulnerable",NA
1020160,175620,"Gagea fragifera (Vill.) Ehr. Bayer & G. López",NA,"Liliaceae",NA,2,1982,2025,NA,"Least concern",NA
1020350,177100,"Galeopsis tetrahit L.",NA,"Lamiaceae",NA,2,1982,2024,NA,"Least concern",NA
1020390,177500,"Galium anisophyllon Vill.",NA,"Rubiaceae",NA,10,1982,2025,NA,"Least concern",NA
1020510,179000,"Galium mollugo aggr.",NA,"Rubiaceae",NA,3,1982,2025,NA,"Least concern",NA
1020570,179400,"Galium palustre L.",NA,"Rubiaceae",NA,2,2024,2025,NA,"Least concern",NA
1020565,179450,"Galium palustre aggr.",NA,"Rubiaceae",NA,3,2021,2025,NA,"",NA
1020600,179700,"Galium pumilum Murray",NA,"Rubiaceae",NA,8,1969,2023,NA,"Least concern",NA
1020595,179650,"Galium pumilum aggr.",NA,"Rubiaceae",NA,23,1954,2025,NA,"",NA
1020890,182200,"Gentiana acaulis L.",NA,"Gentianaceae",NA,10,1951,2025,NA,"Least concern",NA
1020940,182700,"Gentiana asclepiadea L.",NA,"Gentianaceae",NA,8,1982,2023,NA,"Least concern",NA
1020970,182900,"Gentiana bavarica L.",NA,"Gentianaceae",NA,11,1982,2025,NA,"Least concern",NA
1020980,182960,"Gentiana bavarica subsp. subacaulis (Schleich.) G. Mull.",NA,"Gentianaceae",NA,1,2023,2023,NA,"Least concern",NA
1020990,183000,"Gentiana brachyphylla Vill.",NA,"Gentianaceae",NA,2,1982,2023,NA,"Least concern",NA
1021000,183100,"Gentiana campestris L.",NA,"Gentianaceae",NA,14,1920,2023,NA,"Least concern",NA
1021010,183200,"Gentiana campestris L. subsp. campestris",NA,"Gentianaceae",NA,1,2003,2003,NA,"Least concern",NA
1021030,183400,"Gentiana ciliata L.",NA,"Gentianaceae",NA,10,1910,2024,NA,"Least concern",NA
1021040,183500,"Gentiana clusii E. P. Perrier & Songeon",NA,"Gentianaceae",NA,19,1969,2025,NA,"Least concern",NA
1021120,184100,"Gentiana lutea L.",NA,"Gentianaceae",NA,3,1982,2013,NA,"Least concern",NA
1021140,184300,"Gentiana nivalis L.",NA,"Gentianaceae",NA,10,1956,2023,NA,"Least concern",NA
1021150,184400,"Gentiana orbicularis Schur",NA,"Gentianaceae",NA,5,2010,2025,NA,"Least concern",NA
1021160,184500,"Gentiana pannonica Scop.",NA,"Gentianaceae",NA,2,2015,2025,NA,"Vulnerable",NA
1021190,184800,"Gentiana punctata L.",NA,"Gentianaceae",NA,11,1982,2024,NA,"Least concern",NA
1021200,184900,"Gentiana purpurea L.",NA,"Gentianaceae",NA,1,1966,2008,NA,"Least concern",NA
1021230,185200,"Gentiana tenella Rottb.",NA,"Gentianaceae",NA,1,1946,1946,NA,"Least concern",NA
1021240,185300,"Gentiana utriculosa L.",NA,"Gentianaceae",NA,1,1982,2003,NA,"Near threatened",NA
1021250,185400,"Gentiana verna L.",NA,"Gentianaceae",NA,15,1954,2025,NA,"Least concern",NA
1021430,188300,"Geranium pratense L.",NA,"Geraniaceae",NA,1,2022,2022,NA,"Near threatened",NA
1021440,188500,"Geranium pusillum L.",NA,"Geraniaceae",NA,1,1966,2023,NA,"Least concern",NA
1021450,188600,"Geranium pyrenaicum Burm. f.",NA,"Geraniaceae",NA,2,1982,2023,NA,"Least concern",NA
1021530,189300,"Geranium sylvaticum L.",NA,"Geraniaceae",NA,20,1947,2025,NA,"Least concern",NA
1021540,189400,"Geum montanum L.",NA,"Rosaceae",NA,9,1920,2023,NA,"Least concern",NA
1021570,189600,"Geum rivale L.",NA,"Rosaceae",NA,8,1954,2025,NA,"Least concern",NA
1021740,191000,"Globularia cordifolia L.",NA,"Plantaginaceae",NA,4,1982,2023,NA,"Least concern",NA
1021770,191500,"Glyceria fluitans (L.) R. Br.",NA,"Poaceae",NA,2,1981,1981,NA,"Least concern",NA
1021765,191550,"Glyceria fluitans aggr.",NA,"Poaceae",NA,2,1981,1981,NA,"",NA
1021840,192200,"Gnaphalium hoppeanum W. D. J. Koch",NA,"Asteraceae",NA,2,1966,2018,NA,"Least concern",NA
1021870,192500,"Gnaphalium supinum L.",NA,"Asteraceae",NA,8,2003,2023,NA,"Least concern",NA
1021880,192600,"Gnaphalium sylvaticum L.",NA,"Asteraceae",NA,2,1956,2013,NA,"Least concern",NA
1021900,192800,"Goodyera repens (L.) R. Br.",NA,"Orchidaceae",NA,3,1914,1991,NA,"Near threatened",NA
1021950,193200,"Gymnadenia conopsea (L.) R. Br.",NA,"Orchidaceae",NA,81,1982,2025,NA,"Least concern",NA
1021958,NA,"Gymnadenia conopsea × odoratissima",NA,"Orchidaceae",NA,1,2004,2004,NA,"",NA
1021970,193300,"Gymnadenia odoratissima (L.) Rich.",NA,"Orchidaceae",NA,47,1982,2025,NA,"Least concern",NA
1021975,NA,"Gymnadenia odoratissima × Nigritella rhellicani",NA,"Orchidaceae",NA,1,2004,2004,NA,"",NA
1021980,193400,"Gymnocarpium dryopteris (L.) Newman",NA,"Cystopteridaceae",NA,3,1982,2022,NA,"Least concern",NA
1022020,193800,"Gypsophila repens L.",NA,"Caryophyllaceae",NA,12,1982,2025,NA,"Least concern",NA
1022110,194100,"Hedysarum hedysaroides (L.) Schinz & Thell.",NA,"Fabaceae",NA,10,1920,2024,NA,"Least concern",NA
1022140,194300,"Helianthemum alpestre (Jacq.) DC.",NA,"Cistaceae",NA,17,1969,2025,NA,"Least concern",NA
1022180,194895,"Helianthemum nummularium (L.) Mill.",NA,"Cistaceae",NA,16,1951,2025,NA,"Least concern",NA
1022210,195100,"Helianthemum nummularium subsp. grandiflorum (Scop.) Schinz & Thell.",NA,"Cistaceae",NA,5,1951,2025,NA,"Least concern",NA
1022440,197100,"Helictotrichon versicolor (Vill.) Pilg.",NA,"Poaceae",NA,6,1982,2023,NA,"Least concern",NA
1022560,197900,"Hepatica nobilis Schreb.",NA,"Ranunculaceae",NA,2,1982,2025,NA,"Least concern",NA
1022580,198300,"Heracleum mantegazzianum Sommier & Levier",NA,"Apiaceae",NA,728,2003,2025,NA,"",NA
1022590,198595,"Heracleum sphondylium L.",NA,"Apiaceae",NA,12,1954,2025,NA,"Least concern",NA
1022620,198800,"Heracleum sphondylium subsp. elegans (Crantz) Schübl. & G. Martens",NA,"Apiaceae",NA,1,1982,2024,NA,"Least concern",NA
1022790,199900,"Hieracium alpinum L.",NA,"Asteraceae",NA,6,1982,2023,NA,"Least concern",NA
1022810,200100,"Hieracium angustifolium Hoppe",NA,"Asteraceae",NA,1,2013,2013,NA,"Least concern",NA
1022990,201700,"Hieracium hoppeanum Schult.",NA,"Asteraceae",NA,3,1954,2023,NA,"Least concern",NA
1023040,202100,"Hieracium lactucella Wallr.",NA,"Asteraceae",NA,12,1951,2021,NA,"Least concern",NA
1023110,202700,"Hieracium murorum aggr.",NA,"Asteraceae",NA,5,1982,2025,NA,"Least concern",NA
1023170,203200,"Hieracium piliferum aggr.",NA,"Asteraceae",NA,2,1966,2018,NA,"Least concern",NA
1023200,203400,"Hieracium pilosella L.",NA,"Asteraceae",NA,4,1951,2025,NA,"Least concern",NA
1023220,203600,"Hieracium pilosum Froel.",NA,"Asteraceae",NA,11,1969,2025,NA,"Least concern",NA
1023500,205800,"Hieracium villosum Jacq.",NA,"Asteraceae",NA,7,1982,2025,NA,"Least concern",NA
1023490,205900,"Hieracium villosum aggr.",NA,"Asteraceae",NA,19,1969,2025,NA,"Least concern",NA
1023580,206300,"Hippocrepis comosa L.",NA,"Fabaceae",NA,13,1954,2025,NA,"Least concern",NA
1023610,206600,"Hippuris vulgaris L.",NA,"Plantaginaceae",NA,1,1934,1966,NA,"Near threatened",NA
1023680,207300,"Homogyne alpina (L.) Cass.",NA,"Asteraceae",NA,19,1956,2025,NA,"Least concern",NA
1023860,208900,"Huperzia selago (L.) Schrank & Mart.",NA,"Lycopodiaceae",NA,14,1982,2025,NA,"Least concern",NA
1024060,210695,"Hypericum maculatum Crantz",NA,"Hypericaceae",NA,2,1947,2023,NA,"Least concern",NA
1024070,210700,"Hypericum maculatum Crantz subsp. maculatum",NA,"Hypericaceae",NA,1,1982,2023,NA,"Least concern",NA
1024250,212200,"Hypochaeris uniflora Vill.",NA,"Asteraceae",NA,4,1920,2021,NA,"Least concern",NA
1024410,213600,"Impatiens glandulifera Royle",NA,"Balsaminaceae",NA,1,2014,2014,NA,"",NA
1024925,218150,"Juncus articulatus aggr.",NA,"Juncaceae",NA,2,1982,2025,NA,"",NA
1025010,218900,"Juncus filiformis L.",NA,"Juncaceae",NA,3,1982,2023,NA,"Least concern",NA
1025030,219100,"Juncus inflexus L.",NA,"Juncaceae",NA,1,1981,1982,NA,"Least concern",NA
1025040,219200,"Juncus jacquinii L.",NA,"Juncaceae",NA,2,2018,2020,NA,"Least concern",NA
1025140,220395,"Juniperus communis L.",NA,"Cupressaceae",NA,7,1982,2023,NA,"Least concern",NA
1025160,220500,"Juniperus communis subsp. alpina Čelak.",NA,"Cupressaceae",NA,2,1982,2023,NA,"Least concern",NA
1025190,221000,"Kernera saxatilis (L.) Sweet",NA,"Brassicaceae",NA,10,1969,2025,NA,"Least concern",NA
1025240,221450,"Knautia dipsacifolia Kreutzer",NA,"Caprifoliaceae",NA,12,1947,2023,NA,"Least concern",NA
1025250,221500,"Knautia dipsacifolia Kreutzer subsp. dipsacifolia",NA,"Caprifoliaceae",NA,1,1982,2023,NA,"Least concern",NA
1025420,222700,"Kobresia simpliciuscula (Wahlenb.) Mack.",NA,"Cyperaceae",NA,2,1917,1966,NA,"Near threatened",NA
1025650,225500,"Lamium album L.",NA,"Lamiaceae",NA,1,1982,2025,NA,"Least concern",NA
1025660,225600,"Lamium amplexicaule L.",NA,"Lamiaceae",NA,5,1982,2025,NA,"Least concern",NA
1025720,226100,"Lamium hybridum Vill.",NA,"Lamiaceae",NA,3,2023,2025,NA,"Vulnerable",NA
1025750,226500,"Lamium purpureum L.",NA,"Lamiaceae",NA,5,1982,2024,NA,"Least concern",NA
1025810,227200,"Larix decidua Mill.",NA,"Pinaceae",NA,12,1982,2024,NA,"Least concern",NA
1025840,227400,"Laserpitium gaudinii Moretti",NA,"Apiaceae",NA,7,1917,2025,NA,"Least concern",NA
1026050,230400,"Lathyrus pratensis L.",NA,"Fabaceae",NA,3,1982,2025,NA,"Least concern",NA
1026240,232300,"Lemna minor L.",NA,"Araceae",NA,3,2024,2025,NA,"Least concern",NA
1026235,232350,"Lemna minor aggr.",NA,"Araceae",NA,4,2024,2025,NA,"",NA
1026290,232700,"Leontodon autumnalis L.",NA,"Asteraceae",NA,16,1951,2025,NA,"Least concern",NA
1026310,232900,"Leontodon helveticus Mérat",NA,"Asteraceae",NA,14,1982,2025,NA,"Least concern",NA
1026330,233000,"Leontodon hispidus L.",NA,"Asteraceae",NA,32,1947,2024,NA,"Least concern",NA
1026340,233100,"Leontodon hispidus L. subsp. hispidus",NA,"Asteraceae",NA,1,2023,2023,NA,"Least concern",NA
1026350,233200,"Leontodon hispidus subsp. danubialis (Jacq.) Simonk.",NA,"Asteraceae",NA,1,2022,2022,NA,"Least concern",NA
1026400,233750,"Leontodon incanus (L.) Schrank",NA,"Asteraceae",NA,5,1898,2023,NA,"Least concern",NA
1026410,233800,"Leontodon incanus (L.) Schrank subsp. incanus",NA,"Asteraceae",NA,1,1898,1966,NA,"Least concern",NA
1026430,234000,"Leontodon montanus Lam.",NA,"Asteraceae",NA,10,2003,2025,NA,"Least concern",NA
1026470,234600,"Leontopodium alpinum Cass.",NA,"Asteraceae",NA,12,1966,2025,NA,"Least concern",NA
1026600,236000,"Leucanthemopsis alpina (L.) Heywood",NA,"Asteraceae",NA,9,2003,2023,NA,"Least concern",NA
1026610,236020,"Leucanthemopsis alpina (L.) Heywood subsp. alpina",NA,"Asteraceae",NA,1,2020,2020,NA,"Least concern",NA
1026650,236200,"Leucanthemum adustum (W. D. J. Koch) Gremli",NA,"Asteraceae",NA,3,1982,2023,NA,"Least concern",NA
1026680,236500,"Leucanthemum halleri (Vitman) Ducommun",NA,"Asteraceae",NA,8,1920,2023,NA,"Least concern",NA
1026730,236800,"Leucanthemum vulgare Lam.",NA,"Asteraceae",NA,7,1954,2022,NA,"Least concern",NA
1026710,236905,"Leucanthemum vulgare aggr.",NA,"Asteraceae",NA,19,1954,2023,NA,"Least concern",NA
1026810,237800,"Ligusticum mutellina (L.) Crantz",NA,"Apiaceae",NA,18,1920,2025,NA,"Least concern",NA
1026820,237900,"Ligusticum mutellinoides Vill.",NA,"Apiaceae",NA,6,2003,2023,NA,"Least concern",NA
1026920,238800,"Linaria alpina (L.) Mill.",NA,"Plantaginaceae",NA,10,2003,2025,NA,"Least concern",NA
1027130,241100,"Linum catharticum L.",NA,"Linaceae",NA,14,1954,2024,NA,"Least concern",NA
1027210,241900,"Listera cordata (L.) R. Br.",NA,"Orchidaceae",NA,37,1916,2025,NA,"Near threatened",NA
1027220,242000,"Listera ovata (L.) R. Br.",NA,"Orchidaceae",NA,66,1982,2025,NA,"Least concern",NA
1027250,242500,"Lloydia serotina (L.) Rchb.",NA,"Liliaceae",NA,2,2008,2023,NA,"Least concern",NA
1027290,242600,"Loiseleuria procumbens (L.) Desv.",NA,"Ericaceae",NA,11,1920,2024,NA,"Least concern",NA
1027310,242800,"Lolium perenne L.",NA,"Poaceae",NA,2,1982,2025,NA,"Least concern",NA
1027370,243400,"Lonicera alpigena L.",NA,"Caprifoliaceae",NA,1,1982,2022,NA,"Least concern",NA
1027380,243500,"Lonicera caerulea L.",NA,"Caprifoliaceae",NA,1,1982,2018,NA,"Least concern",NA
1027500,244300,"Lotus alpinus (DC.) Ramond",NA,"Fabaceae",NA,5,1982,2025,NA,"Least concern",NA
1027520,244400,"Lotus corniculatus L.",NA,"Fabaceae",NA,18,1951,2025,NA,"Least concern",NA
1027510,244410,"Lotus corniculatus aggr.",NA,"Fabaceae",NA,32,1951,2025,NA,"Least concern",NA
1027620,245600,"Lupinus albus L.",NA,"Fabaceae",NA,1,2018,2018,NA,"",NA
1027640,245800,"Lupinus polyphyllus Lindl.",NA,"Fabaceae",NA,172,2003,2025,NA,"",NA
1027670,246000,"Luzula alpinopilosa (Chaix) Breistr.",NA,"Juncaceae",NA,7,1982,2023,NA,"Least concern",NA
1027740,246600,"Luzula lutea (All.) DC.",NA,"Juncaceae",NA,5,2008,2023,NA,"Least concern",NA
1027790,247100,"Luzula multiflora (Ehrh.) Lej.",NA,"Juncaceae",NA,8,1951,2022,NA,"Least concern",NA
1027785,247150,"Luzula multiflora aggr.",NA,"Juncaceae",NA,9,1951,2022,NA,"Least concern",NA
1027860,247800,"Luzula spicata (L.) DC.",NA,"Juncaceae",NA,11,1954,2023,NA,"Least concern",NA
1027920,248400,"Luzula sylvatica aggr.",NA,"Juncaceae",NA,1,1982,2018,NA,"Least concern",NA
1027980,249700,"Lycopodium annotinum L.",NA,"Lycopodiaceae",NA,13,1982,2025,NA,"Least concern",NA
1028150,252100,"Lythrum salicaria L.",NA,"Lythraceae",NA,2,1982,2025,NA,"Least concern",NA
1028210,252400,"Maianthemum bifolium (L.) F. W. Schmidt",NA,"Asparagaceae",NA,1,1982,2018,NA,"Least concern",NA
1028510,255100,"Medicago falcata L.",NA,"Fabaceae",NA,1,1982,2024,NA,"Near threatened",NA
1028530,255300,"Medicago lupulina L.",NA,"Fabaceae",NA,4,1954,2023,NA,"Least concern",NA
1028660,256600,"Melampyrum sylvaticum L.",NA,"Orobanchaceae",NA,10,1982,2025,NA,"Least concern",NA
1028690,256900,"Melica nutans L.",NA,"Poaceae",NA,1,1982,2025,NA,"Least concern",NA
1028830,258200,"Mentha longifolia (L.) Huds.",NA,"Lamiaceae",NA,1,1982,2023,NA,"Least concern",NA
1028910,258800,"Menyanthes trifoliata L.",NA,"Menyanthaceae",NA,12,1966,2025,NA,"Least concern",NA
1029230,261700,"Minuartia sedoides (L.) Hiern",NA,"Caryophyllaceae",NA,4,2008,2021,NA,"Least concern",NA
1029260,262000,"Minuartia verna (L.) Hiern",NA,"Caryophyllaceae",NA,18,1893,2025,NA,"Least concern",NA
1029350,262500,"Moehringia ciliata (Scop.) Dalla Torre",NA,"Caryophyllaceae",NA,6,2003,2022,NA,"Least concern",NA
1029470,263700,"Moneses uniflora (L.) A. Gray",NA,"Ericaceae",NA,3,1920,2018,NA,"Least concern",NA
1029480,263800,"Monotropa hypophegea Wallr.",NA,"Ericaceae",NA,1,1920,1966,NA,"Near threatened",NA
1029490,264000,"Monotropa hypopitys aggr.",NA,"Ericaceae",NA,1,1920,1966,NA,"Least concern",NA
1029680,265700,"Mycelis muralis (L.) Dumort.",NA,"Asteraceae",NA,1,1982,2024,NA,"Least concern",NA
1029690,265800,"Myosotis alpestris F. W. Schmidt",NA,"Boraginaceae",NA,10,1956,2025,NA,"Least concern",NA
1029700,265900,"Myosotis arvensis Hill",NA,"Boraginaceae",NA,2,1982,2025,NA,"Least concern",NA
1029800,266800,"Myosotis scorpioides L.",NA,"Boraginaceae",NA,2,2025,2025,NA,"Least concern",NA
1029795,266850,"Myosotis scorpioides aggr.",NA,"Boraginaceae",NA,2,2025,2025,NA,"",NA
1029820,267100,"Myosotis sylvatica Hoffm.",NA,"Boraginaceae",NA,2,1917,2023,NA,"Least concern",NA
1029815,267150,"Myosotis sylvatica aggr.",NA,"Boraginaceae",NA,3,1917,2023,NA,"",NA
1030080,269700,"Nardus stricta L.",NA,"Poaceae",NA,25,1951,2023,NA,"Least concern",NA
1030140,270100,"Neottia nidus-avis (L.) Rich.",NA,"Orchidaceae",NA,1,1982,2023,NA,"Least concern",NA
1030390,271655,"Nigritella rhellicani Teppner & E. Klein",NA,"Orchidaceae",NA,20,1956,2024,NA,"Least concern",NA
1030380,271700,"Nigritella rhellicani aggr.",NA,"Orchidaceae",NA,30,1920,2025,NA,"Least concern",NA
1030400,271800,"Nigritella rubra (Wettst.) K. Richt.",NA,"Orchidaceae",NA,2,1982,2024,NA,"Near threatened",NA
50031,NA,"Nitella anarthrodactylée",NA,"Characeae",NA,8,1901,2006,NA,"",NA
50038,NA,"Nitella opaca (Bruzelius) C. Agardh",NA,"Characeae",NA,3,1901,2006,NA,"Vulnerable",NA
50040,NA,"Nitella syncarpa (Thuill.) Chevall.",NA,"Characeae",NA,2,1901,1901,NA,"Endangered",NA
1030860,275600,"Onobrychis viciifolia Scop.",NA,"Fabaceae",NA,2,1982,2023,NA,"",NA
1031050,277900,"Ophioglossum vulgatum L.",NA,"Ophioglossaceae",NA,2,2025,2025,NA,"Vulnerable",NA
1031160,279100,"Ophrys insectifera L.",NA,"Orchidaceae",NA,1,1982,2008,NA,"Vulnerable",NA
1031350,280900,"Orchis mascula (L.) L.",NA,"Orchidaceae",NA,2,2004,2018,NA,"Least concern",NA
1031370,280980,"Orchis mascula subsp. speciosa (Mutel) Hegi",NA,"Orchidaceae",NA,2,2004,2018,NA,"",NA
1031500,282200,"Orchis ustulata L.",NA,"Orchidaceae",NA,3,1898,2023,NA,"Near threatened",NA
1031527,282220,"Orchis ustulata var. aestivalis Kümpel",NA,"Orchidaceae",NA,1,2004,2004,NA,"",NA
1031530,282300,"Oreochloa disticha (Wulfen) Link",NA,"Poaceae",NA,1,2023,2023,NA,"Least concern",NA
1031540,282400,"Oreopteris limbosperma (All.) Holub",NA,"Thelypteridaceae",NA,1,1982,2023,NA,"Least concern",NA
1032000,286800,"Orthilia secunda (L.) House",NA,"Ericaceae",NA,2,1982,2021,NA,"Least concern",NA
1032070,287300,"Oxalis acetosella L.",NA,"Oxalidaceae",NA,1,1982,2018,NA,"Least concern",NA
1032270,289300,"Oxytropis jacquinii Bunge",NA,"Fabaceae",NA,11,1982,2024,NA,"Least concern",NA
1032520,291650,"Papaver orientale L.",NA,"Papaveraceae",NA,1,2023,2023,NA,"",NA
1032560,292100,"Paradisea liliastrum (L.) Bertol.",NA,"Asparagaceae",NA,1,1982,2018,NA,"Least concern",NA
1032590,292600,"Paris quadrifolia L.",NA,"Melanthiaceae",NA,1,1982,2025,NA,"Least concern",NA
1032600,292700,"Parnassia palustris L.",NA,"Celastraceae",NA,5,1954,2013,NA,"Least concern",NA
1032800,294200,"Pedicularis foliosa L.",NA,"Orobanchaceae",NA,4,1920,2025,NA,"Least concern",NA
1032820,294400,"Pedicularis kerneri Dalla Torre",NA,"Orobanchaceae",NA,3,2018,2018,NA,"Least concern",NA
1032840,294600,"Pedicularis palustris L.",NA,"Orobanchaceae",NA,3,1982,2025,NA,"Near threatened",NA
1032850,294700,"Pedicularis recutita L.",NA,"Orobanchaceae",NA,1,1920,1982,NA,"Least concern",NA
1032940,295500,"Pedicularis verticillata L.",NA,"Orobanchaceae",NA,17,1982,2025,NA,"Least concern",NA
1033000,295700,"Petasites albus (L.) Gaertn.",NA,"Asteraceae",NA,1,1982,2024,NA,"Least concern",NA
1033010,295900,"Petasites hybridus (L.) G. Gaertn. & al.",NA,"Asteraceae",NA,1,1982,2016,NA,"Least concern",NA
1033020,296000,"Petasites paradoxus (Retz.) Baumg.",NA,"Asteraceae",NA,13,1982,2025,NA,"Least concern",NA
1033160,297200,"Peucedanum ostruthium (L.) W. D. J. Koch",NA,"Apiaceae",NA,20,1947,2025,NA,"Least concern",NA
1033220,297800,"Phacelia tanacetifolia Benth.",NA,"Boraginaceae",NA,1,2024,2024,NA,"",NA
1033230,297900,"Phalaris arundinacea L.",NA,"Poaceae",NA,9,1981,2025,NA,"Least concern",NA
1033250,298000,"Phalaris arundinacea var. picta L.",NA,"Poaceae",NA,1,2023,2023,NA,"",NA
1033340,298800,"Phleum alpinum L.",NA,"Poaceae",NA,2,2023,2023,NA,"Least concern",NA
1033330,298900,"Phleum alpinum aggr.",NA,"Poaceae",NA,32,1947,2023,NA,"Least concern",NA
1033370,299600,"Phleum hirsutum Honck.",NA,"Poaceae",NA,1,1954,1982,NA,"Least concern",NA
1033410,300000,"Phleum pratense L.",NA,"Poaceae",NA,4,1982,2025,NA,"Least concern",NA
1033400,300005,"Phleum pratense aggr.",NA,"Poaceae",NA,4,1982,2025,NA,"Least concern",NA
1033420,300200,"Phleum rhaeticum (Humphries) Rauschert",NA,"Poaceae",NA,3,1982,2022,NA,"Least concern",NA
1033450,300300,"Phragmites australis (Cav.) Steud.",NA,"Poaceae",NA,9,1981,2025,NA,"Least concern",NA
1033570,300800,"Phyteuma betonicifolium Vill.",NA,"Campanulaceae",NA,2,1982,2024,NA,"Least concern",NA
1033630,301400,"Phyteuma hemisphaericum L.",NA,"Campanulaceae",NA,7,1982,2023,NA,"Least concern",NA
1033670,301800,"Phyteuma orbiculare L.",NA,"Campanulaceae",NA,7,1920,2025,NA,"Least concern",NA
1033680,301900,"Phyteuma ovatum Honck.",NA,"Campanulaceae",NA,14,1920,2025,NA,"Least concern",NA
1033780,302600,"Phytolacca americana L.",NA,"Phytolaccaceae",NA,1,1857,1857,NA,"",NA
1033800,302800,"Picea abies (L.) H. Karst.",NA,"Pinaceae",NA,12,1982,2025,NA,"Least concern",NA
1033830,303100,"Picris hieracioides L.",NA,"Asteraceae",NA,1,1982,2025,NA,"Least concern",NA
1033920,303800,"Pimpinella major (L.) Huds.",NA,"Apiaceae",NA,1,1982,2025,NA,"Least concern",NA
1033980,304300,"Pinguicula alpina L.",NA,"Lentibulariaceae",NA,11,1969,2025,NA,"Least concern",NA
1034050,304800,"Pinguicula vulgaris L.",NA,"Lentibulariaceae",NA,3,1982,2025,NA,"Near threatened",NA
1034060,304900,"Pinus cembra L.",NA,"Pinaceae",NA,9,1982,2025,NA,"Least concern",NA
1034080,305495,"Pinus mugo Turra",NA,"Pinaceae",NA,20,1920,2025,NA,"Least concern",NA
1034090,305500,"Pinus mugo Turra subsp. mugo",NA,"Pinaceae",NA,6,1982,2025,NA,"Least concern",NA
1034070,305800,"Pinus mugo subsp. uncinata (DC.) Domin",NA,"Pinaceae",NA,3,1982,2024,NA,"Least concern",NA
1034250,307000,"Plantago alpina L.",NA,"Plantaginaceae",NA,23,1920,2025,NA,"Least concern",NA
1034280,307250,"Plantago atrata Hoppe",NA,"Plantaginaceae",NA,24,1954,2025,NA,"Least concern",NA
1034290,307300,"Plantago atrata Hoppe subsp. atrata",NA,"Plantaginaceae",NA,1,1982,2003,NA,"",NA
1034330,307800,"Plantago lanceolata L.",NA,"Plantaginaceae",NA,8,1951,2022,NA,"Least concern",NA
1034350,307850,"Plantago major L.",NA,"Plantaginaceae",NA,13,1982,2025,NA,"Least concern",NA
1034360,307900,"Plantago major L. subsp. major",NA,"Plantaginaceae",NA,4,1982,2025,NA,"Least concern",NA
1034390,308100,"Plantago media L.",NA,"Plantaginaceae",NA,8,1951,2024,NA,"Least concern",NA
1034405,308350,"Plantago serpentina aggr.",NA,"Plantaginaceae",NA,23,1920,2025,NA,"",NA
1034420,308400,"Platanthera bifolia (L.) Rich.",NA,"Orchidaceae",NA,4,1982,2018,NA,"Least concern",NA
1034470,309000,"Poa alpina L.",NA,"Poaceae",NA,40,1947,2025,NA,"Least concern",NA
1034490,309200,"Poa annua L.",NA,"Poaceae",NA,18,1955,2025,NA,"Least concern",NA
1034530,309600,"Poa cenisia All.",NA,"Poaceae",NA,1,1917,1982,NA,"Least concern",NA
1034540,309700,"Poa chaixii Vill.",NA,"Poaceae",NA,2,1982,2018,NA,"Least concern",NA
1034550,309800,"Poa compressa L.",NA,"Poaceae",NA,1,1982,2023,NA,"Least concern",NA
1034590,310200,"Poa laxa Haenke",NA,"Poaceae",NA,1,2010,2010,NA,"Least concern",NA
1034600,310300,"Poa minor Gaudin",NA,"Poaceae",NA,3,1984,2025,NA,"Least concern",NA
1034620,310500,"Poa nemoralis L.",NA,"Poaceae",NA,2,1982,2024,NA,"Least concern",NA
1034660,310800,"Poa pratensis L.",NA,"Poaceae",NA,3,1975,1975,NA,"Least concern",NA
1034650,310900,"Poa pratensis aggr.",NA,"Poaceae",NA,6,1975,2018,NA,"Least concern",NA
1034680,311100,"Poa supina Schrad.",NA,"Poaceae",NA,7,1956,2023,NA,"Least concern",NA
1034690,311295,"Poa trivialis L.",NA,"Poaceae",NA,5,1947,2023,NA,"Least concern",NA
1034730,311900,"Polemonium caeruleum L.",NA,"Polemoniaceae",NA,1,1920,1920,NA,"Near threatened",NA
1034770,312300,"Polygala alpestris Rchb.",NA,"Polygalaceae",NA,10,1954,2025,NA,"Least concern",NA
1034785,312490,"Polygala amara aggr.",NA,"Polygalaceae",NA,1,1982,2008,NA,"",NA
1034800,312500,"Polygala amarella Crantz",NA,"Polygalaceae",NA,1,1982,2008,NA,"Least concern",NA
1034830,312700,"Polygala chamaebuxus L.",NA,"Polygalaceae",NA,17,1920,2025,NA,"Least concern",NA
1034890,313195,"Polygala vulgaris L.",NA,"Polygalaceae",NA,1,2018,2018,NA,"Least concern",NA
1034990,314190,"Polygonum aviculare L.",NA,"Polygonaceae",NA,2,2023,2024,NA,"Least concern",NA
1034980,314300,"Polygonum aviculare aggr.",NA,"Polygonaceae",NA,3,1982,2024,NA,"Least concern",NA
1035010,314400,"Polygonum bistorta L.",NA,"Polygonaceae",NA,3,1955,2022,NA,"Least concern",NA
1035050,314950,"Polygonum lapathifolium L.",NA,"Polygonaceae",NA,1,2024,2024,NA,"Least concern",NA
1035060,315000,"Polygonum lapathifolium L. subsp. lapathifolium",NA,"Polygonaceae",NA,1,2024,2024,NA,"Least concern",NA
1035170,315800,"Polygonum viviparum L.",NA,"Polygonaceae",NA,25,1951,2025,NA,"Least concern",NA
1035260,316800,"Polystichum lonchitis (L.) Roth",NA,"Dryopteridaceae",NA,18,1982,2025,NA,"Least concern",NA
1035460,318200,"Potamogeton berchtoldii Fieber",NA,"Potamogetonaceae",NA,4,1966,2025,NA,"Least concern",NA
1035500,318700,"Potamogeton filiformis Pers.",NA,"Potamogetonaceae",NA,10,1966,2024,NA,"Vulnerable",NA
1035530,319000,"Potamogeton helveticus (G. Fisch.) W. Koch",NA,"Potamogetonaceae",NA,7,1981,2006,NA,"Endangered",NA
1035550,319200,"Potamogeton natans L.",NA,"Potamogetonaceae",NA,1,1982,2025,NA,"Least concern",NA
1035580,319700,"Potamogeton pectinatus L.",NA,"Potamogetonaceae",NA,15,1966,2025,NA,"Least concern",NA
1035575,319750,"Potamogeton pectinatus aggr.",NA,"Potamogetonaceae",NA,32,1966,2025,NA,"",NA
1035590,319800,"Potamogeton perfoliatus L.",NA,"Potamogetonaceae",NA,5,1981,1982,NA,"Least concern",NA
1035620,320200,"Potamogeton pusillus L.",NA,"Potamogetonaceae",NA,2,1981,2006,NA,"Vulnerable",NA
1035615,320350,"Potamogeton pusillus aggr.",NA,"Potamogetonaceae",NA,8,1966,2025,NA,"",NA
1035660,320600,"Potamogeton ×nitens Weber",NA,"Potamogetonaceae",NA,1,1981,1981,NA,"Vulnerable",NA
1035720,321300,"Potentilla aurea L.",NA,"Rosaceae",NA,24,1951,2023,NA,"Least concern",NA
1035730,321400,"Potentilla brauneana Hoppe",NA,"Rosaceae",NA,1,1966,2010,NA,"Least concern",NA
1035790,322100,"Potentilla crantzii (Crantz) Fritsch",NA,"Rosaceae",NA,6,1982,2025,NA,"Least concern",NA
1035810,322400,"Potentilla erecta (L.) Raeusch.",NA,"Rosaceae",NA,18,1951,2025,NA,"Least concern",NA
1035850,322700,"Potentilla grandiflora L.",NA,"Rosaceae",NA,1,1982,2024,NA,"Least concern",NA
1035990,323800,"Potentilla palustris (L.) Scop.",NA,"Rosaceae",NA,27,1966,2025,NA,"Near threatened",NA
1036120,325200,"Prenanthes purpurea L.",NA,"Asteraceae",NA,2,1982,2024,NA,"Least concern",NA
1036150,325500,"Primula acaulis (L.) L.",NA,"Primulaceae",NA,1,2003,2003,NA,"Least concern",NA
1036180,325700,"Primula auricula L.",NA,"Primulaceae",NA,24,1920,2025,NA,"Least concern",NA
1036200,325950,"Primula elatior (L.) L.",NA,"Primulaceae",NA,8,1947,2023,NA,"Least concern",NA
1036230,326200,"Primula farinosa L.",NA,"Primulaceae",NA,12,1982,2025,NA,"Least concern",NA
1036290,326700,"Primula integrifolia L.",NA,"Primulaceae",NA,11,1920,2025,NA,"Least concern",NA
1036330,327195,"Primula veris L.",NA,"Primulaceae",NA,2,1955,1955,NA,"Least concern",NA
1036430,327650,"Pritzelago alpina (L.) Kuntze",NA,"Brassicaceae",NA,12,1982,2025,NA,"Least concern",NA
1036480,328100,"Prunella vulgaris L.",NA,"Lamiaceae",NA,23,1951,2024,NA,"Least concern",NA
1036710,330400,"Pseudorchis albida (L.) Á. Löve & D. Löve",NA,"Orchidaceae",NA,15,1920,2023,NA,"Least concern",NA
1036980,333195,"Pulsatilla alpina (L.) Delarbre",NA,"Ranunculaceae",NA,8,1920,2023,NA,"Least concern",NA
1036990,333200,"Pulsatilla alpina (L.) Delarbre subsp. alpina",NA,"Ranunculaceae",NA,2,1982,2023,NA,"Least concern",NA
1037010,333390,"Pulsatilla alpina subsp. apiifolia (Scop.) Nyman",NA,"Ranunculaceae",NA,2,1920,2017,NA,"Least concern",NA
1037090,334100,"Pulsatilla vernalis (L.) Mill.",NA,"Ranunculaceae",NA,6,1920,2023,NA,"Least concern",NA
1037170,334600,"Pyrola minor L.",NA,"Ericaceae",NA,8,2003,2023,NA,"Least concern",NA
1037180,334700,"Pyrola rotundifolia L.",NA,"Ericaceae",NA,11,1982,2024,NA,"Least concern",NA
1037360,336500,"Ranunculus aconitifolius L.",NA,"Ranunculaceae",NA,13,1947,2025,NA,"Least concern",NA
1037370,336595,"Ranunculus acris L.",NA,"Ranunculaceae",NA,28,1947,2025,NA,"Least concern",NA
1037380,336600,"Ranunculus acris L. subsp. acris",NA,"Ranunculaceae",NA,18,1954,1982,NA,"Least concern",NA
1037390,336700,"Ranunculus acris subsp. friesianus (Jord.) Syme",NA,"Ranunculaceae",NA,4,1947,2025,NA,"Least concern",NA
1037410,336800,"Ranunculus alpestris L.",NA,"Ranunculaceae",NA,14,1982,2025,NA,"Least concern",NA
1037440,336900,"Ranunculus aquatilis L.",NA,"Ranunculaceae",NA,2,1981,1981,NA,"Vulnerable",NA
1037415,337000,"Ranunculus aquatilis aggr.",NA,"Ranunculaceae",NA,2,1981,1981,NA,"Vulnerable",NA
1037550,338200,"Ranunculus ficaria L.",NA,"Ranunculaceae",NA,1,1947,1982,NA,"Least concern",NA
1037610,338700,"Ranunculus glacialis L.",NA,"Ranunculaceae",NA,1,1966,2020,NA,"Least concern",NA
1037710,339500,"Ranunculus montanus Willd.",NA,"Ranunculaceae",NA,20,1951,2022,NA,"Least concern",NA
1037700,339505,"Ranunculus montanus aggr.",NA,"Ranunculaceae",NA,33,1951,2023,NA,"Least concern",NA
1037750,339900,"Ranunculus parnassiifolius L.",NA,"Ranunculaceae",NA,2,1932,1995,NA,"Least concern",NA
1037840,340900,"Ranunculus repens L.",NA,"Ranunculaceae",NA,5,1954,2025,NA,"Least concern",NA
1037940,341895,"Ranunculus trichophyllus Chaix",NA,"Ranunculaceae",NA,2,1966,2023,NA,"Least concern",NA
1037950,341900,"Ranunculus trichophyllus Chaix subsp. trichophyllus",NA,"Ranunculaceae",NA,1,1966,2006,NA,"Least concern",NA
1037970,342200,"Ranunculus tuberosus Lapeyr.",NA,"Ranunculaceae",NA,1,1982,2023,NA,"Least concern",NA
1037965,342210,"Ranunculus tuberosus aggr.",NA,"Ranunculaceae",NA,8,1947,2023,NA,"Least concern",NA
1038230,344100,"Rhinanthus alectorolophus (Scop.) Pollich",NA,"Orobanchaceae",NA,2,1954,2024,NA,"Least concern",NA
1038280,344700,"Rhinanthus glacialis Personnat",NA,"Orobanchaceae",NA,1,1982,2025,NA,"Least concern",NA
1038290,344800,"Rhinanthus minor L.",NA,"Orobanchaceae",NA,7,1954,2025,NA,"Least concern",NA
1038330,345300,"Rhododendron ferrugineum L.",NA,"Ericaceae",NA,12,1956,2025,NA,"Least concern",NA
1038340,345400,"Rhododendron hirsutum L.",NA,"Ericaceae",NA,15,1982,2025,NA,"Least concern",NA
1038360,345450,"Rhododendron ×intermedium Wender.",NA,"Ericaceae",NA,1,1920,1920,NA,"",NA
1038550,346805,"Rorippa islandica aggr.",NA,"Brassicaceae",NA,3,1966,2025,NA,"Least concern",NA
1038560,346900,"Rorippa palustris (L.) Besser",NA,"Brassicaceae",NA,3,1966,2025,NA,"Least concern",NA
1038830,349500,"Rosa pendulina L.",NA,"Rosaceae",NA,11,1982,2025,NA,"Least concern",NA
1039550,354400,"Rubus idaeus L.",NA,"Rosaceae",NA,6,1982,2024,NA,"Least concern",NA
1039950,357400,"Rubus saxatilis L.",NA,"Rosaceae",NA,9,1982,2023,NA,"Least concern",NA
1040190,359300,"Rumex alpestris Jacq.",NA,"Polygonaceae",NA,23,1947,2023,NA,"Least concern",NA
1040200,359400,"Rumex alpinus L.",NA,"Polygonaceae",NA,21,1954,2025,NA,"Least concern",NA
1040280,360300,"Rumex nivalis Hegetschw.",NA,"Polygonaceae",NA,2,2003,2025,NA,"Least concern",NA
1040290,360400,"Rumex obtusifolius L.",NA,"Polygonaceae",NA,5,1982,2025,NA,"Least concern",NA
1040470,362200,"Sagina procumbens L.",NA,"Caryophyllaceae",NA,8,1982,2025,NA,"Least concern",NA
1040480,362300,"Sagina saginoides (L.) H. Karst.",NA,"Caryophyllaceae",NA,16,1954,2025,NA,"Least concern",NA
1040590,363100,"Salix appendiculata Vill.",NA,"Salicaceae",NA,8,1982,2024,NA,"Least concern",NA
1040650,363500,"Salix breviserrata Flod.",NA,"Salicaceae",NA,1,1982,2025,NA,"Least concern",NA
1040670,363700,"Salix caprea L.",NA,"Salicaceae",NA,4,1982,2018,NA,"Least concern",NA
1040750,364200,"Salix foetida DC.",NA,"Salicaceae",NA,3,1982,2025,NA,"Least concern",NA
1040790,364600,"Salix hastata L.",NA,"Salicaceae",NA,4,1982,2023,NA,"Least concern",NA
1040800,364700,"Salix helvetica Vill.",NA,"Salicaceae",NA,1,2023,2023,NA,"Least concern",NA
1040810,364800,"Salix herbacea L.",NA,"Salicaceae",NA,7,2003,2023,NA,"Least concern",NA
1040980,366100,"Salix reticulata L.",NA,"Salicaceae",NA,15,1982,2025,NA,"Least concern",NA
1040990,366200,"Salix retusa L.",NA,"Salicaceae",NA,12,1982,2025,NA,"Least concern",NA
1041010,366300,"Salix serpillifolia Scop.",NA,"Salicaceae",NA,14,1969,2025,NA,"Least concern",NA
1041050,366600,"Salix waldsteiniana Willd.",NA,"Salicaceae",NA,8,1982,2023,NA,"Least concern",NA
1041200,367600,"Salvia pratensis L.",NA,"Lamiaceae",NA,2,1982,2023,NA,"Least concern",NA
1041300,368400,"Sambucus racemosa L.",NA,"Adoxaceae",NA,1,1982,2018,NA,"Least concern",NA
1041340,368650,"Sanguisorba minor Scop.",NA,"Rosaceae",NA,2,1954,2023,NA,"Least concern",NA
1041540,371400,"Saussurea discolor (Willd.) DC.",NA,"Asteraceae",NA,1,1920,1982,NA,"Least concern",NA
1041560,371600,"Saxifraga aizoides L.",NA,"Saxifragaceae",NA,17,1969,2025,NA,"Least concern",NA
1041570,371800,"Saxifraga androsacea L.",NA,"Saxifragaceae",NA,3,2008,2023,NA,"Least concern",NA
1041580,371900,"Saxifraga aphylla Sternb.",NA,"Saxifragaceae",NA,4,2010,2025,NA,"Least concern",NA
1041630,372300,"Saxifraga bryoides L.",NA,"Saxifragaceae",NA,1,2021,2021,NA,"Least concern",NA
1041650,372500,"Saxifraga caesia L.",NA,"Saxifragaceae",NA,27,1917,2025,NA,"Least concern",NA
1041730,373050,"Saxifraga exarata Vill.",NA,"Saxifragaceae",NA,10,1966,2025,NA,"Least concern",NA
1041740,373100,"Saxifraga exarata Vill. subsp. exarata",NA,"Saxifragaceae",NA,1,2020,2020,NA,"Least concern",NA
1041710,373200,"Saxifraga exarata subsp. moschata (Wulfen) Cavill.",NA,"Saxifragaceae",NA,5,2010,2025,NA,"Least concern",NA
1041840,374300,"Saxifraga muscoides All.",NA,"Saxifragaceae",NA,3,2010,2020,NA,"Least concern",NA
1041860,374450,"Saxifraga oppositifolia L.",NA,"Saxifragaceae",NA,8,2003,2025,NA,"Least concern",NA
1041870,374500,"Saxifraga oppositifolia L. subsp. oppositifolia",NA,"Saxifragaceae",NA,2,2003,2008,NA,"Least concern",NA
1041890,374600,"Saxifraga paniculata Mill.",NA,"Saxifragaceae",NA,8,1982,2023,NA,"Least concern",NA
1041980,375400,"Saxifraga rotundifolia L.",NA,"Saxifragaceae",NA,7,1982,2025,NA,"Least concern",NA
1042000,375700,"Saxifraga seguieri Spreng.",NA,"Saxifragaceae",NA,2,2018,2018,NA,"Least concern",NA
1042010,375800,"Saxifraga stellaris L.",NA,"Saxifragaceae",NA,1,1982,2008,NA,"Least concern",NA
1042090,376500,"Scabiosa columbaria L.",NA,"Caprifoliaceae",NA,1,1982,2018,NA,"Least concern",NA
1042120,377100,"Scabiosa lucida Vill.",NA,"Caprifoliaceae",NA,10,1954,2025,NA,"Least concern",NA
1042220,378000,"Scheuchzeria palustris L.",NA,"Scheuchzeriaceae",NA,9,1917,2025,NA,"Vulnerable",NA
1042430,379795,"Scleranthus annuus L.",NA,"Caryophyllaceae",NA,2,1966,2025,NA,"Near threatened",NA
1042440,379800,"Scleranthus annuus L. subsp. annuus",NA,"Caryophyllaceae",NA,2,1966,2025,NA,"Endangered",NA
1042710,382900,"Secale cereale L.",NA,"Poaceae",NA,8,2025,2025,NA,"",NA
1042720,383000,"Securigera varia (L.) Lassen",NA,"Fabaceae",NA,1,2024,2024,NA,"Least concern",NA
1042760,383300,"Sedum alpestre Vill.",NA,"Crassulaceae",NA,6,2003,2023,NA,"Least concern",NA
1042800,383700,"Sedum atratum L.",NA,"Crassulaceae",NA,16,1920,2025,NA,"Least concern",NA
1043100,386300,"Selaginella selaginoides (L.) Schrank & Mart.",NA,"Selaginellaceae",NA,27,1954,2025,NA,"Least concern",NA
1043230,387500,"Senecio abrotanifolius L.",NA,"Asteraceae",NA,1,1917,1917,NA,"Least concern",NA
1043250,387600,"Senecio alpinus (L.) Scop.",NA,"Asteraceae",NA,7,1982,2025,NA,"Least concern",NA
1043280,388200,"Senecio doronicum (L.) L.",NA,"Asteraceae",NA,8,1920,2025,NA,"Least concern",NA
1043370,389005,"Senecio incanus L.",NA,"Asteraceae",NA,12,2003,2023,NA,"Least concern",NA
1043390,389200,"Senecio incanus subsp. carniolicus (Willd.) Braun-Blanq.",NA,"Asteraceae",NA,5,2020,2023,NA,"Least concern",NA
1043425,389870,"Senecio ovatus aggr.",NA,"Asteraceae",NA,3,2024,2024,NA,"",NA
1043470,390000,"Senecio rupestris Waldst. & Kit.",NA,"Asteraceae",NA,4,1982,2024,NA,"Least concern",NA
1043520,390400,"Senecio viscosus L.",NA,"Asteraceae",NA,1,1982,2023,NA,"Least concern",NA
1043530,390500,"Senecio vulgaris L.",NA,"Asteraceae",NA,6,1982,2025,NA,"Least concern",NA
1043660,391700,"Seseli libanotis (L.) W. D. J. Koch",NA,"Apiaceae",NA,1,2021,2021,NA,"Least concern",NA
1043700,392200,"Sesleria caerulea (L.) Ard.",NA,"Poaceae",NA,20,1969,2023,NA,"Least concern",NA
1043840,393700,"Sibbaldia procumbens L.",NA,"Rosaceae",NA,6,1966,2023,NA,"Least concern",NA
1043890,394300,"Silene acaulis (L.) Jacq.",NA,"Caryophyllaceae",NA,17,1920,2023,NA,"Least concern",NA
1043940,394900,"Silene dioica (L.) Clairv.",NA,"Caryophyllaceae",NA,11,1947,2025,NA,"Least concern",NA
1043960,395100,"Silene exscapa All.",NA,"Caryophyllaceae",NA,4,2003,2023,NA,"Least concern",NA
1044010,396000,"Silene noctiflora L.",NA,"Caryophyllaceae",NA,1,1966,2025,NA,"Vulnerable",NA
1044020,396050,"Silene nutans L.",NA,"Caryophyllaceae",NA,2,2021,2023,NA,"Least concern",NA
1044080,396800,"Silene rupestris L.",NA,"Caryophyllaceae",NA,1,1982,2018,NA,"Least concern",NA
1044140,397295,"Silene vulgaris (Moench) Garcke",NA,"Caryophyllaceae",NA,20,1954,2025,NA,"Least concern",NA
1044150,397300,"Silene vulgaris (Moench) Garcke subsp. vulgaris",NA,"Caryophyllaceae",NA,1,1982,2023,NA,"Least concern",NA
1044160,397400,"Silene vulgaris subsp. glareosa (Jord.) Marsden-Jones & Turrill",NA,"Caryophyllaceae",NA,2,2020,2025,NA,"Least concern",NA
1044490,400400,"Solanum tuberosum L.",NA,"Solanaceae",NA,2,1982,2025,NA,"",NA
1044540,400600,"Soldanella alpina L.",NA,"Primulaceae",NA,27,1920,2025,NA,"Least concern",NA
1044560,400800,"Soldanella pusilla Baumg.",NA,"Primulaceae",NA,11,1992,2023,NA,"Least concern",NA
1044565,400830,"Soldanella pusilla subsp. alpicola (F. K. Mey.) Chrtek",NA,"Primulaceae",NA,2,1992,2003,NA,"",NA
1044620,401395,"Solidago virgaurea L.",NA,"Asteraceae",NA,12,2003,2024,NA,"Least concern",NA
1044640,401500,"Solidago virgaurea subsp. minuta (L.) Arcang.",NA,"Asteraceae",NA,1,2020,2020,NA,"Least concern",NA
1044650,401595,"Sonchus arvensis L.",NA,"Asteraceae",NA,8,1982,2025,NA,"Least concern",NA
1044670,401700,"Sonchus arvensis subsp. uliginosus (M. Bieb.) Nyman",NA,"Asteraceae",NA,1,2023,2023,NA,"Endangered",NA
1044740,402300,"Sorbus aucuparia L.",NA,"Rosaceae",NA,7,1982,2025,NA,"Least concern",NA
1044770,402400,"Sorbus chamaemespilus (L.) Crantz",NA,"Rosaceae",NA,18,1920,2025,NA,"Least concern",NA
1044970,404300,"Spergula arvensis L.",NA,"Caryophyllaceae",NA,15,2023,2025,NA,"Vulnerable",NA
1045360,407500,"Stellaria graminea L.",NA,"Caryophyllaceae",NA,3,1966,2024,NA,"Least concern",NA
1045390,407800,"Stellaria media (L.) Vill.",NA,"Caryophyllaceae",NA,1,1982,2023,NA,"Least concern",NA
1045400,407805,"Stellaria media aggr.",NA,"Caryophyllaceae",NA,1,1966,2023,NA,"Least concern",NA
1045420,408095,"Stellaria nemorum L.",NA,"Caryophyllaceae",NA,2,1920,2023,NA,"Least concern",NA
1045430,408100,"Stellaria nemorum L. subsp. nemorum",NA,"Caryophyllaceae",NA,1,1982,2023,NA,"Least concern",NA
1046010,412000,"Taraxacum alpinum aggr.",NA,"Asteraceae",NA,2,2010,2020,NA,"Least concern",NA
1046080,413100,"Taraxacum officinale aggr.",NA,"Asteraceae",NA,37,1947,2025,NA,"Least concern",NA
1046120,413500,"Taraxacum schroeterianum Hand.-Mazz.",NA,"Asteraceae",NA,1,2023,2023,NA,"Near threatened",NA
1046190,414050,"Tellima grandiflora (Pursh) Lindl.",NA,"Saxifragaceae",NA,1,2025,2025,NA,"",NA
1046450,417200,"Thesium alpinum L.",NA,"Santalaceae",NA,13,1954,2025,NA,"Least concern",NA
1046500,417700,"Thesium pyrenaicum Pourr.",NA,"Santalaceae",NA,1,1982,2020,NA,"Least concern",NA
1046740,419900,"Thymus alpestris (Čelak.) A. Kern.",NA,"Lamiaceae",NA,2,2022,2022,NA,"Least concern",NA
1046830,420750,"Thymus praecox Opiz",NA,"Lamiaceae",NA,1,2020,2020,NA,"",NA
1046860,420940,"Thymus pulegioides L.",NA,"Lamiaceae",NA,0,1982,1982,NA,"",NA
1046890,421200,"Thymus serpyllum aggr.",NA,"Lamiaceae",NA,20,1920,2023,NA,"Least concern",NA
1046990,421600,"Tofieldia calyculata (L.) Wahlenb.",NA,"Tofieldiaceae",NA,18,1982,2025,NA,"Least concern",NA
1047180,422950,"Tragopogon pratensis L.",NA,"Asteraceae",NA,3,1954,2023,NA,"Least concern",NA
1047220,423300,"Tragopogon pratensis subsp. orientalis (L.) Čelak.",NA,"Asteraceae",NA,2,1954,1954,NA,"Least concern",NA
1047250,423600,"Traunsteinera globosa (L.) Rchb.",NA,"Orchidaceae",NA,6,1982,2025,NA,"Least concern",NA
1047290,423900,"Trichophorum cespitosum (L.) Hartm.",NA,"Cyperaceae",NA,1,1980,1982,NA,"Least concern",NA
1047410,424900,"Trifolium badium Schreb.",NA,"Fabaceae",NA,29,1947,2025,NA,"Least concern",NA
1047460,425595,"Trifolium hybridum L.",NA,"Fabaceae",NA,1,1966,2024,NA,"",NA
1047520,426000,"Trifolium medium L.",NA,"Fabaceae",NA,1,1982,2023,NA,"Least concern",NA
1047540,426300,"Trifolium montanum L.",NA,"Fabaceae",NA,4,1982,2022,NA,"Least concern",NA
1047600,426895,"Trifolium pratense L.",NA,"Fabaceae",NA,38,1947,2025,NA,"Least concern",NA
1047610,426900,"Trifolium pratense L. subsp. pratense",NA,"Fabaceae",NA,5,1982,2025,NA,"Least concern",NA
1047620,427000,"Trifolium pratense subsp. nivale (W. D. J. Koch) Ces.",NA,"Fabaceae",NA,4,1982,2025,NA,"Least concern",NA
1047630,427100,"Trifolium repens L.",NA,"Fabaceae",NA,40,1947,2025,NA,"Least concern",NA
1047760,428100,"Trifolium thalii Vill.",NA,"Fabaceae",NA,16,1954,2025,NA,"Least concern",NA
1047840,428700,"Tripleurospermum inodorum (L.) Sch. Bip.",NA,"Asteraceae",NA,3,1982,2025,NA,"Least concern",NA
1047880,429300,"Trisetum distichophyllum (Vill.) P. Beauv.",NA,"Poaceae",NA,10,1992,2023,NA,"Least concern",NA
1047890,429400,"Trisetum flavescens (L.) P. Beauv.",NA,"Poaceae",NA,21,1947,2025,NA,"Least concern",NA
1047900,429430,"Trisetum flavescens (L.) P. Beauv. subsp. flavescens",NA,"Poaceae",NA,2,2025,2025,NA,"",NA
1048030,430600,"Trollius europaeus L.",NA,"Ranunculaceae",NA,26,1954,2025,NA,"Least concern",NA
1048220,432000,"Tussilago farfara L.",NA,"Asteraceae",NA,13,1982,2024,NA,"Least concern",NA
1048360,433400,"Urtica dioica L.",NA,"Urticaceae",NA,3,1982,2024,NA,"Least concern",NA
1048405,433950,"Utricularia minor aggr.",NA,"Lentibulariaceae",NA,1,1966,2025,NA,"",NA
1048470,434500,"Vaccinium gaultherioides Bigelow",NA,"Ericaceae",NA,3,2023,2025,NA,"Least concern",NA
1048500,434800,"Vaccinium myrtillus L.",NA,"Ericaceae",NA,15,1980,2025,NA,"Least concern",NA
1048510,434900,"Vaccinium oxycoccos L.",NA,"Ericaceae",NA,3,1980,2025,NA,"Near threatened",NA
1048530,435000,"Vaccinium uliginosum L.",NA,"Ericaceae",NA,1,2025,2025,NA,"Near threatened",NA
1048520,435100,"Vaccinium uliginosum aggr.",NA,"Ericaceae",NA,12,1980,2025,NA,"Least concern",NA
1048540,435300,"Vaccinium vitis-idaea L.",NA,"Ericaceae",NA,16,1980,2025,NA,"Least concern",NA
1048590,435700,"Valeriana montana L.",NA,"Caprifoliaceae",NA,25,1920,2025,NA,"Least concern",NA
1048630,436150,"Valeriana pyrenaica L.",NA,"Caprifoliaceae",NA,5,1994,2023,NA,"",NA
1048680,436600,"Valeriana supina Ard.",NA,"Caprifoliaceae",NA,7,1918,2025,NA,"Least concern",NA
1048820,437800,"Veratrum album L.",NA,"Melanthiaceae",NA,17,1954,2023,NA,"Least concern",NA
1048840,438000,"Veratrum album subsp. lobelianum (Bernh.) Arcang.",NA,"Melanthiaceae",NA,3,2018,2023,NA,"Least concern",NA
1049120,440400,"Veronica alpina L.",NA,"Plantaginaceae",NA,13,1954,2023,NA,"Least concern",NA
1049150,440700,"Veronica aphylla L.",NA,"Plantaginaceae",NA,9,1982,2025,NA,"Least concern",NA
1049180,441000,"Veronica beccabunga L.",NA,"Plantaginaceae",NA,7,1981,2025,NA,"Least concern",NA
1049190,441100,"Veronica bellidioides L.",NA,"Plantaginaceae",NA,6,1982,2023,NA,"Least concern",NA
1049210,441400,"Veronica chamaedrys L.",NA,"Plantaginaceae",NA,13,1947,2023,NA,"Least concern",NA
1049250,441500,"Veronica dillenii Crantz",NA,"Plantaginaceae",NA,3,2024,2025,NA,"Vulnerable",NA
1049270,441700,"Veronica fruticans Jacq.",NA,"Plantaginaceae",NA,9,1920,2023,NA,"Least concern",NA
1049340,442400,"Veronica officinalis L.",NA,"Plantaginaceae",NA,6,1951,2024,NA,"Least concern",NA
1049380,442700,"Veronica persica Poir.",NA,"Plantaginaceae",NA,3,1982,2024,NA,"",NA
1049460,443395,"Veronica serpyllifolia L.",NA,"Plantaginaceae",NA,20,1954,2025,NA,"Least concern",NA
1049470,443400,"Veronica serpyllifolia L. subsp. serpyllifolia",NA,"Plantaginaceae",NA,3,1982,2024,NA,"Least concern",NA
1049520,444100,"Veronica urticifolia Jacq.",NA,"Plantaginaceae",NA,2,1982,2023,NA,"Least concern",NA
1049620,444995,"Vicia cracca L.",NA,"Fabaceae",NA,1,1982,2025,NA,"Least concern",NA
1049820,446995,"Vicia sativa L.",NA,"Fabaceae",NA,1,2025,2025,NA,"Least concern",NA
1049860,447400,"Vicia sepium L.",NA,"Fabaceae",NA,8,1982,2025,NA,"Least concern",NA
1050000,449000,"Viola arvensis Murray",NA,"Violaceae",NA,13,1982,2025,NA,"Least concern",NA
1050010,449100,"Viola biflora L.",NA,"Violaceae",NA,11,1982,2025,NA,"Least concern",NA
1050020,449200,"Viola calcarata L.",NA,"Violaceae",NA,17,1898,2025,NA,"Least concern",NA
1050030,449220,"Viola calcarata L. subsp. calcarata",NA,"Violaceae",NA,1,2021,2021,NA,"",NA
1050240,451300,"Viola pinnata L.",NA,"Violaceae",NA,1,1932,1932,NA,"Near threatened",NA
1050320,452400,"Viola thomasiana Songeon & E. P. Perrier",NA,"Violaceae",NA,1,1966,2025,NA,"Least concern",NA
1050340,452500,"Viola tricolor L.",NA,"Violaceae",NA,1,1954,1954,NA,"",NA
1050330,452510,"Viola tricolor aggr.",NA,"Violaceae",NA,14,1954,2025,NA,"Least concern",NA
1050350,452505,"Viola tricolor subsp. subalpina Gaudin",NA,"Violaceae",NA,1,1954,1954,NA,"Least concern",NA
1050530,454200,"Willemetia stipitata (Jacq.) Dalla Torre",NA,"Asteraceae",NA,4,1955,2025,NA,"Near threatened",NA
1050570,454700,"Woodsia ilvensis (L.) R. Br.",NA,"Woodsiaceae",NA,1,1917,1917,NA,"Vulnerable",NA
1000000,100,"Abies alba Mill.",NA,"Pinaceae",NA,1,2017,2017,NA,"Least concern",NA
1000130,800,"Acer pseudoplatanus L.",NA,"Sapindaceae",NA,1,2024,2024,NA,"Least concern",NA
1000180,1000,"Achillea atrata L.",NA,"Asteraceae",NA,6,1982,2025,NA,"Least concern",NA
1000260,1350,"Achillea erba-rotta All.",NA,"Asteraceae",NA,6,1982,2011,NA,"Least concern",NA
1000290,1500,"Achillea erba-rotta subsp. moschata (Wulfen) Vacc.",NA,"Asteraceae",NA,5,1982,2011,NA,"Least concern",NA
1000310,1600,"Achillea macrophylla L.",NA,"Asteraceae",NA,1,2025,2025,NA,"Least concern",NA
1000330,1700,"Achillea millefolium L.",NA,"Asteraceae",NA,8,1982,2025,NA,"Least concern",NA
1000340,1701,"Achillea millefolium L. subsp. millefolium",NA,"Asteraceae",NA,1,2025,2025,NA,"",NA
1000320,1706,"Achillea millefolium aggr.",NA,"Asteraceae",NA,18,1982,2025,NA,"Least concern",NA
1000360,1900,"Achillea nana L.",NA,"Asteraceae",NA,4,1982,2025,NA,"Least concern",NA
1000460,2800,"Acinos alpinus (L.) Moench",NA,"Lamiaceae",NA,5,1982,2025,NA,"Least concern",NA
1000543,3510,"Aconitum lycoctonum L.",NA,"Ranunculaceae",NA,0,1982,1982,NA,"Least concern",NA
1000770,5400,"Adenostyles alliariae (Gouan) A. Kern.",NA,"Asteraceae",NA,2,1982,2025,NA,"Least concern",NA
1000800,5600,"Adenostyles leucophylla (Willd.) Rchb.",NA,"Asteraceae",NA,2,2009,2020,NA,"Least concern",NA
1000880,6300,"Adoxa moschatellina L.",NA,"Adoxaceae",NA,2,2013,2013,NA,"Least concern",NA
1000930,6800,"Aegopodium podagraria L.",NA,"Apiaceae",NA,7,2013,2024,NA,"Least concern",NA
1001060,8400,"Agrostis alpina Scop.",NA,"Poaceae",NA,9,1938,2025,NA,"Least concern",NA
1001080,8600,"Agrostis capillaris L.",NA,"Poaceae",NA,10,1982,2025,NA,"Least concern",NA
1001090,8700,"Agrostis gigantea Roth",NA,"Poaceae",NA,2,2024,2025,NA,"Least concern",NA
1001100,8900,"Agrostis rupestris All.",NA,"Poaceae",NA,10,1982,2024,NA,"Least concern",NA
1001120,9100,"Agrostis schraderiana Bech.",NA,"Poaceae",NA,3,1982,2011,NA,"Least concern",NA
1001130,9300,"Agrostis stolonifera L.",NA,"Poaceae",NA,1,1982,2021,NA,"Least concern",NA
1001220,10300,"Ajuga pyramidalis L.",NA,"Lamiaceae",NA,6,1982,2025,NA,"Least concern",NA
1001230,10400,"Ajuga reptans L.",NA,"Lamiaceae",NA,4,2015,2024,NA,"Least concern",NA
1001340,11200,"Alchemilla alpina aggr.",NA,"Rosaceae",NA,1,2025,2025,NA,"Least concern",NA
1001330,11100,"Alchemilla alpina superaggr.",NA,"",NA,2,2025,2025,NA,"",NA
1001420,12000,"Alchemilla conjuncta aggr.",NA,"Rosaceae",NA,1,2025,2025,NA,"Least concern",NA
1001410,12100,"Alchemilla conjuncta superaggr.",NA,"",NA,2,2021,2025,NA,"",NA
1001640,14000,"Alchemilla fissa aggr.",NA,"Rosaceae",NA,2,1982,2010,NA,"Least concern",NA
1001740,15000,"Alchemilla glabra aggr.",NA,"Rosaceae",NA,1,1982,2025,NA,"Least concern",NA
1002030,17300,"Alchemilla monticola Opiz",NA,"Rosaceae",NA,1,2024,2024,NA,"Data deficient",NA
1002150,18500,"Alchemilla plicatula aggr.",NA,"Rosaceae",NA,1,2021,2021,NA,"Least concern",NA
1002440,21100,"Alchemilla vulgaris aggr.",NA,"Rosaceae",NA,9,2009,2025,NA,"Least concern",NA
1002520,22100,"Alliaria petiolata (M. Bieb.) Cavara & Grande",NA,"Brassicaceae",NA,5,2013,2025,NA,"Least concern",NA
1002850,25300,"Alnus incana (L.) Moench",NA,"Betulaceae",NA,1,2023,2023,NA,"Least concern",NA
1002870,25400,"Alnus viridis (Chaix) DC.",NA,"Betulaceae",NA,5,1982,2025,NA,"Least concern",NA
1002871,25410,"Alnus viridis (Chaix) DC. var. viridis",NA,"Betulaceae",NA,1,2025,2025,NA,"",NA
1002920,26000,"Alopecurus pratensis L.",NA,"Poaceae",NA,10,2013,2025,NA,"Least concern",NA
1003170,28400,"Amaranthus hybridus aggr.",NA,"Amaranthaceae",NA,1,2013,2013,NA,"",NA
1003210,28850,"Amaranthus powellii S. Watson",NA,"Amaranthaceae",NA,1,2013,2013,NA,"",NA
1003500,31300,"Androsace alpina (L.) Lam.",NA,"Primulaceae",NA,1,2020,2020,NA,"Least concern",NA
1003540,31800,"Androsace chamaejasme Wulfen",NA,"Primulaceae",NA,9,1982,2025,NA,"Least concern",NA
1003570,32100,"Androsace helvetica (L.) All.",NA,"Primulaceae",NA,4,1982,2025,NA,"Least concern",NA
1003600,32400,"Androsace obtusifolia All.",NA,"Primulaceae",NA,9,1938,2025,NA,"Least concern",NA
1003760,33400,"Anemone narcissiflora L.",NA,"Ranunculaceae",NA,2,1982,2025,NA,"Least concern",NA
1003820,34100,"Angelica sylvestris L.",NA,"Apiaceae",NA,2,2012,2013,NA,"Least concern",NA
1003840,34300,"Antennaria carpatica (Wahlenb.) Bluff & Fingerh.",NA,"Asteraceae",NA,10,1938,2025,NA,"Least concern",NA
1003850,34400,"Antennaria dioica (L.) Gaertn.",NA,"Asteraceae",NA,8,1982,2025,NA,"Least concern",NA
1003900,34900,"Anthemis tinctoria L.",NA,"Asteraceae",NA,2,2007,2014,NA,"Least concern",NA
1003970,35400,"Anthoxanthum odoratum L.",NA,"Poaceae",NA,3,1982,2025,NA,"Least concern",NA
1003960,35500,"Anthoxanthum odoratum aggr.",NA,"Poaceae",NA,27,1982,2025,NA,"Least concern",NA
1004010,35900,"Anthriscus sylvestris (L.) Hoffm.",NA,"Apiaceae",NA,6,2013,2025,NA,"Least concern",NA
1004070,36790,"Anthyllis vulneraria L.",NA,"Fabaceae",NA,13,1982,2025,NA,"Least concern",NA
1004090,36900,"Anthyllis vulneraria subsp. alpestris (Schult.) Asch. & Graebn.",NA,"Fabaceae",NA,8,1982,2025,NA,"Least concern",NA
1004310,38900,"Aquilegia atrata W. D. J. Koch",NA,"Ranunculaceae",NA,1,2025,2025,NA,"Least concern",NA
1004340,39200,"Arabidopsis thaliana (L.) Heynh.",NA,"Brassicaceae",NA,1,2013,2013,NA,"Least concern",NA
1004360,39350,"Arabis alpina L.",NA,"Brassicaceae",NA,19,1938,2025,NA,"Least concern",NA
1004370,39400,"Arabis alpina L. subsp. alpina",NA,"Brassicaceae",NA,6,1938,2025,NA,"",NA
1004380,39500,"Arabis alpina subsp. caucasica (Willd.) Briq.",NA,"Brassicaceae",NA,2,2013,2013,NA,"",NA
1004400,39650,"Arabis bellidifolia Crantz",NA,"Brassicaceae",NA,9,1938,2025,NA,"Least concern",NA
1004410,39700,"Arabis bellidifolia Crantz subsp. bellidifolia",NA,"Brassicaceae",NA,3,1938,2025,NA,"Least concern",NA
1004420,39800,"Arabis bellidifolia subsp. stellulata (Bertol.) Greuter & Burdet",NA,"Brassicaceae",NA,2,2011,2024,NA,"Least concern",NA
1004430,40000,"Arabis caerulea All.",NA,"Brassicaceae",NA,6,1982,2025,NA,"Least concern",NA
1004440,40200,"Arabis ciliata Clairv.",NA,"Brassicaceae",NA,4,1982,2025,NA,"Least concern",NA
1004460,40600,"Arabis hirsuta (L.) Scop.",NA,"Brassicaceae",NA,1,2013,2013,NA,"Least concern",NA
1004470,40605,"Arabis hirsuta aggr.",NA,"Brassicaceae",NA,1,2013,2013,NA,"Least concern",NA
1004570,42000,"Arabis subcoriacea Gren.",NA,"Brassicaceae",NA,2,1938,2025,NA,"Least concern",NA
1004680,43000,"Arctostaphylos alpina (L.) Spreng.",NA,"Ericaceae",NA,3,1982,2025,NA,"Least concern",NA
1004690,43100,"Arctostaphylos uva-ursi (L.) Spreng.",NA,"Ericaceae",NA,8,1982,2025,NA,"Least concern",NA
1004720,43400,"Arenaria biflora L.",NA,"Caryophyllaceae",NA,9,1938,2024,NA,"Least concern",NA
1004730,43505,"Arenaria ciliata aggr.",NA,"Caryophyllaceae",NA,7,2009,2011,NA,"Least concern",NA
1004810,44300,"Arenaria serpyllifolia L.",NA,"Caryophyllaceae",NA,4,2013,2025,NA,"Least concern",NA
1004800,44305,"Arenaria serpyllifolia aggr.",NA,"Caryophyllaceae",NA,5,2013,2025,NA,"Least concern",NA
1004910,45700,"Arnica montana L.",NA,"Asteraceae",NA,17,1982,2025,NA,"Least concern",NA
1004930,45900,"Arrhenatherum elatius (L.) J. Presl & C. Presl",NA,"Poaceae",NA,5,2013,2025,NA,"Least concern",NA
1005080,47000,"Artemisia genipi Weber",NA,"Asteraceae",NA,2,1982,2011,NA,"Least concern",NA
1005280,49100,"Asperugo procumbens L.",NA,"Boraginaceae",NA,26,2003,2025,NA,"Near threatened",NA
1005550,51400,"Asplenium trichomanes L.",NA,"Aspleniaceae",NA,1,2011,2011,NA,"Least concern",NA
1005610,51500,"Asplenium viride Huds.",NA,"Aspleniaceae",NA,5,1982,2025,NA,"Least concern",NA
1005640,51800,"Aster alpinus L.",NA,"Asteraceae",NA,8,1982,2020,NA,"Least concern",NA
1005660,52000,"Aster bellidiastrum (L.) Scop.",NA,"Asteraceae",NA,14,1982,2025,NA,"Least concern",NA
1005800,53300,"Astragalus australis (L.) Lam.",NA,"Fabaceae",NA,1,2025,2025,NA,"Least concern",NA
1006090,55700,"Athyrium filix-femina (L.) Roth",NA,"Athyriaceae",NA,3,2011,2025,NA,"Least concern",NA
1006140,56300,"Atriplex patula L.",NA,"Amaranthaceae",NA,1,2024,2024,NA,"Least concern",NA
1006200,56600,"Aubrieta deltoidea (L.) DC.",NA,"Brassicaceae",NA,2,2013,2013,NA,"",NA
1006220,56700,"Aurinia saxatilis (L.) Desv.",NA,"Brassicaceae",NA,1,2013,2013,NA,"",NA
1006320,57400,"Avenella flexuosa (L.) Drejer",NA,"Poaceae",NA,6,1982,2025,NA,"Least concern",NA
1006450,58600,"Barbarea vulgaris R. Br.",NA,"Brassicaceae",NA,5,1982,2025,NA,"Least concern",NA
1006460,58700,"Bartsia alpina L.",NA,"Orobanchaceae",NA,11,1982,2025,NA,"Least concern",NA
1006490,59100,"Bellis perennis L.",NA,"Asteraceae",NA,14,1982,2025,NA,"Least concern",NA
1006530,59200,"Berberis vulgaris L.",NA,"Berberidaceae",NA,2,2013,2017,NA,"Least concern",NA
1006595,60450,"Betula pendula aggr.",NA,"Betulaceae",NA,1,1982,2025,NA,"",NA
1006780,62000,"Biscutella laevigata L.",NA,"Brassicaceae",NA,15,1982,2025,NA,"Least concern",NA
1006790,62030,"Biscutella laevigata L. subsp. laevigata",NA,"Brassicaceae",NA,3,2025,2025,NA,"",NA
1006900,62800,"Blysmus compressus (L.) Link",NA,"Cyperaceae",NA,1,1982,2025,NA,"Least concern",NA
1006990,63300,"Botrychium lunaria (L.) Sw.",NA,"Ophioglossaceae",NA,8,1982,2025,NA,"Least concern",NA
1007200,65200,"Briza media L.",NA,"Poaceae",NA,11,1982,2025,NA,"Least concern",NA
1007290,65695,"Bromus erectus Huds.",NA,"Poaceae",NA,8,2013,2025,NA,"Least concern",NA
1007300,65700,"Bromus erectus Huds. subsp. erectus",NA,"Poaceae",NA,3,2024,2025,NA,"Least concern",NA
1007330,66000,"Bromus hordeaceus L.",NA,"Poaceae",NA,4,1966,2025,NA,"Least concern",NA
1007360,66100,"Bromus inermis Leyss.",NA,"Poaceae",NA,4,2012,2025,NA,"",NA
1007355,66130,"Bromus inermis aggr.",NA,"Poaceae",NA,5,2012,2025,NA,"",NA
1007660,68300,"Bunias orientalis L.",NA,"Brassicaceae",NA,5,2013,2025,NA,"",NA
1007950,71500,"Calamagrostis villosa (Chaix) J. F. Gmel.",NA,"Poaceae",NA,4,1982,2024,NA,"Least concern",NA
1008160,73600,"Calluna vulgaris (L.) Hull",NA,"Ericaceae",NA,11,1982,2025,NA,"Least concern",NA
1008180,73700,"Caltha palustris L.",NA,"Ranunculaceae",NA,9,1982,2025,NA,"Least concern",NA
1008300,74700,"Campanula barbata L.",NA,"Campanulaceae",NA,12,1982,2023,NA,"Least concern",NA
1008550,76500,"Campanula persicifolia L.",NA,"Campanulaceae",NA,1,2025,2025,NA,"Least concern",NA
1008630,77000,"Campanula rhomboidalis L.",NA,"Campanulaceae",NA,3,2015,2019,NA,"Least concern",NA
1008640,77100,"Campanula rotundifolia L.",NA,"Campanulaceae",NA,6,2001,2025,NA,"Least concern",NA
1008650,77200,"Campanula scheuchzeri Vill.",NA,"Campanulaceae",NA,19,1982,2025,NA,"Least concern",NA
1008720,77900,"Capsella bursa-pastoris (L.) Medik.",NA,"Brassicaceae",NA,13,1982,2025,NA,"Least concern",NA
1008780,78200,"Cardamine alpina Willd.",NA,"Brassicaceae",NA,7,1938,2011,NA,"Least concern",NA
1008790,78300,"Cardamine amara L.",NA,"Brassicaceae",NA,3,1982,2025,NA,"Least concern",NA
1008890,78900,"Cardamine hirsuta L.",NA,"Brassicaceae",NA,2,2013,2017,NA,"Least concern",NA
1008900,79000,"Cardamine impatiens L.",NA,"Brassicaceae",NA,2,2013,2024,NA,"Least concern",NA
1008970,79900,"Cardamine pratensis aggr.",NA,"Brassicaceae",NA,1,2015,2015,NA,"Least concern",NA
1009020,80300,"Cardamine resedifolia L.",NA,"Brassicaceae",NA,12,1982,2020,NA,"Least concern",NA
1009110,81000,"Cardaminopsis halleri (L.) Hayek",NA,"Brassicaceae",NA,2,2013,2013,NA,"Least concern",NA
1009170,81595,"Carduus defloratus L.",NA,"Asteraceae",NA,4,1982,2025,NA,"Least concern",NA
1009180,81600,"Carduus defloratus L. subsp. defloratus",NA,"Asteraceae",NA,3,1982,2025,NA,"Least concern",NA
1009240,82400,"Carduus personata (L.) Jacq.",NA,"Asteraceae",NA,3,2013,2024,NA,"Least concern",NA
1009330,83350,"Carex atrata L.",NA,"Cyperaceae",NA,4,1938,2024,NA,"Least concern",NA
1009340,83400,"Carex atrata L. subsp. atrata",NA,"Cyperaceae",NA,1,1938,1982,NA,"Least concern",NA
1009320,83405,"Carex atrata aggr.",NA,"Cyperaceae",NA,13,1938,2025,NA,"",NA
1009440,84400,"Carex brunnescens (Pers.) Poir.",NA,"Cyperaceae",NA,2,1982,2024,NA,"Least concern",NA
1009510,84900,"Carex caryophyllea Latourr.",NA,"Cyperaceae",NA,2,2025,2025,NA,"Least concern",NA
1009540,85395,"Carex curvula All.",NA,"Cyperaceae",NA,13,1938,2025,NA,"Least concern",NA
1009550,85400,"Carex curvula All. subsp. curvula",NA,"Cyperaceae",NA,3,1938,2013,NA,"Least concern",NA
1009680,86700,"Carex echinata Murray",NA,"Cyperaceae",NA,1,1982,2025,NA,"Least concern",NA
1009730,87200,"Carex ferruginea Scop.",NA,"Cyperaceae",NA,6,1982,2025,NA,"Least concern",NA
1009750,87400,"Carex firma Host",NA,"Cyperaceae",NA,3,1982,2021,NA,"Least concern",NA
1009760,87500,"Carex flacca Schreb.",NA,"Cyperaceae",NA,5,1982,2025,NA,"Least concern",NA
1009780,87600,"Carex flava L.",NA,"Cyperaceae",NA,3,1982,2025,NA,"Least concern",NA
1009770,87605,"Carex flava aggr.",NA,"Cyperaceae",NA,9,1982,2025,NA,"Least concern",NA
1009800,87800,"Carex frigida All.",NA,"Cyperaceae",NA,3,1982,2025,NA,"Least concern",NA
1009880,88600,"Carex hirta L.",NA,"Cyperaceae",NA,2,2025,2025,NA,"Least concern",NA
1009920,89100,"Carex lachenalii Schkuhr",NA,"Cyperaceae",NA,1,1982,2024,NA,"Least concern",NA
1009970,89500,"Carex leporina L.",NA,"Cyperaceae",NA,2,2024,2025,NA,"Least concern",NA
1010040,90300,"Carex montana L.",NA,"Cyperaceae",NA,12,1982,2025,NA,"Least concern",NA
1010070,90700,"Carex nigra (L.) Reichard",NA,"Cyperaceae",NA,6,1982,2025,NA,"Least concern",NA
1010090,91200,"Carex ornithopoda Willd.",NA,"Cyperaceae",NA,7,1982,2025,NA,"Least concern",NA
1010100,91300,"Carex ornithopodioides Hausm.",NA,"Cyperaceae",NA,2,1982,2011,NA,"Least concern",NA
1010130,91600,"Carex pallescens L.",NA,"Cyperaceae",NA,7,1982,2025,NA,"Least concern",NA
1010140,91700,"Carex panicea L.",NA,"Cyperaceae",NA,5,1982,2025,NA,"Least concern",NA
1010160,92000,"Carex parviflora Host",NA,"Cyperaceae",NA,8,1982,2025,NA,"Least concern",NA
1010260,93100,"Carex pulicaris L.",NA,"Cyperaceae",NA,1,2025,2025,NA,"Near threatened",NA
1010320,93700,"Carex rostrata Stokes",NA,"Cyperaceae",NA,3,1982,2025,NA,"Least concern",NA
1010330,93800,"Carex rupestris All.",NA,"Cyperaceae",NA,3,1982,2025,NA,"Least concern",NA
1010340,93900,"Carex sempervirens Vill.",NA,"Cyperaceae",NA,20,1982,2025,NA,"Least concern",NA
1010390,94700,"Carex sylvatica Huds.",NA,"Cyperaceae",NA,4,2011,2021,NA,"Least concern",NA
1010440,95400,"Carex viridula Michx.",NA,"Cyperaceae",NA,1,2025,2025,NA,"Near threatened",NA
1010490,95800,"Carlina acaulis L.",NA,"Asteraceae",NA,15,1982,2023,NA,"Least concern",NA
1010510,96000,"Carlina acaulis subsp. caulescens (Lam.) Schübl. & G. Martens",NA,"Asteraceae",NA,3,2001,2023,NA,"",NA
1010610,97100,"Carum carvi L.",NA,"Apiaceae",NA,12,1982,2025,NA,"Least concern",NA
1010820,98750,"Centaurea jacea L.",NA,"Asteraceae",NA,4,2024,2025,NA,"Least concern",NA
1010830,98800,"Centaurea jacea L. subsp. jacea",NA,"Asteraceae",NA,3,2024,2025,NA,"Least concern",NA
1010865,99030,"Centaurea jacea aggr.",NA,"Asteraceae",NA,4,2024,2025,NA,"",NA
1010890,99200,"Centaurea montana L.",NA,"Asteraceae",NA,2,2015,2025,NA,"Least concern",NA
1010980,99995,"Centaurea scabiosa L.",NA,"Asteraceae",NA,7,1982,2025,NA,"Least concern",NA
1010990,100000,"Centaurea scabiosa L. subsp. scabiosa",NA,"Asteraceae",NA,1,2025,2025,NA,"Least concern",NA
1011210,102000,"Cephalanthera rubra (L.) Rich.",NA,"Orchidaceae",NA,1,2014,2014,NA,"Least concern",NA
1011250,102200,"Cerastium alpinum L.",NA,"Caryophyllaceae",NA,1,1982,2025,NA,"Least concern",NA
1011270,102595,"Cerastium arvense L.",NA,"Caryophyllaceae",NA,2,1982,2011,NA,"Least concern",NA
1011300,102700,"Cerastium arvense subsp. strictum (W. D. J. Koch) Schinz & R. Keller",NA,"Caryophyllaceae",NA,2,1982,2011,NA,"Least concern",NA
1011370,103400,"Cerastium cerastoides (L.) Britton",NA,"Caryophyllaceae",NA,5,1982,2022,NA,"Least concern",NA
1011390,103595,"Cerastium fontanum Baumg.",NA,"Caryophyllaceae",NA,11,1982,2025,NA,"Least concern",NA
1011400,103600,"Cerastium fontanum Baumg. subsp. fontanum",NA,"Caryophyllaceae",NA,3,1982,2024,NA,"Least concern",NA
1011420,103800,"Cerastium fontanum subsp. vulgare (Hartm.) Greuter & Burdet",NA,"Caryophyllaceae",NA,3,1982,2025,NA,"Least concern",NA
1011450,104200,"Cerastium latifolium L.",NA,"Caryophyllaceae",NA,6,1982,2025,NA,"Least concern",NA
1011480,104600,"Cerastium pedunculatum Gaudin",NA,"Caryophyllaceae",NA,1,1982,2020,NA,"Least concern",NA
1011530,105400,"Cerastium uniflorum Clairv.",NA,"Caryophyllaceae",NA,12,1938,2024,NA,"Least concern",NA
1011640,106100,"Chaenorrhinum minus (L.) Lange",NA,"Plantaginaceae",NA,3,2013,2025,NA,"Least concern",NA
1011710,106700,"Chaerophyllum hirsutum L.",NA,"Apiaceae",NA,6,1982,2025,NA,"Least concern",NA
1011700,106705,"Chaerophyllum hirsutum aggr.",NA,"Apiaceae",NA,14,1982,2025,NA,"Least concern",NA
1011810,107700,"Chamorchis alpina (L.) Rich.",NA,"Orchidaceae",NA,3,1982,2025,NA,"Least concern",NA
1011840,108200,"Chelidonium majus L.",NA,"Papaveraceae",NA,6,2013,2018,NA,"Least concern",NA
1011850,108300,"Chenopodium album L.",NA,"Amaranthaceae",NA,6,2013,2025,NA,"Least concern",NA
1011845,108330,"Chenopodium album aggr.",NA,"Amaranthaceae",NA,6,2013,2025,NA,"",NA
1011880,108500,"Chenopodium bonus-henricus L.",NA,"Amaranthaceae",NA,12,1982,2025,NA,"Least concern",NA
1011910,108900,"Chenopodium ficifolium Sm.",NA,"Amaranthaceae",NA,2,2016,2025,NA,"Least concern",NA
1011940,109300,"Chenopodium hybridum L.",NA,"Amaranthaceae",NA,1,2013,2013,NA,"Least concern",NA
1011970,109600,"Chenopodium polyspermum L.",NA,"Amaranthaceae",NA,2,2013,2015,NA,"Least concern",NA
1012160,112500,"Chrysosplenium alternifolium L.",NA,"Saxifragaceae",NA,1,2011,2011,NA,"Least concern",NA
1012300,113700,"Cirsium acaule Scop.",NA,"Asteraceae",NA,5,1982,2025,NA,"Least concern",NA
1012310,113800,"Cirsium arvense (L.) Scop.",NA,"Asteraceae",NA,4,2012,2025,NA,"Least concern",NA
1012370,114400,"Cirsium helenioides (L.) Hill",NA,"Asteraceae",NA,7,1982,2025,NA,"Least concern",NA
1012400,114800,"Cirsium oleraceum (L.) Scop.",NA,"Asteraceae",NA,2,2013,2024,NA,"Least concern",NA
1012420,114900,"Cirsium palustre (L.) Scop.",NA,"Asteraceae",NA,5,2012,2025,NA,"Least concern",NA
1012450,115300,"Cirsium spinosissimum (L.) Scop.",NA,"Asteraceae",NA,14,1982,2024,NA,"Least concern",NA
1012470,115500,"Cirsium vulgare (Savi) Ten.",NA,"Asteraceae",NA,2,2024,2025,NA,"Least concern",NA
1012750,117200,"Coeloglossum viride (L.) Hartm.",NA,"Orchidaceae",NA,7,1982,2025,NA,"Least concern",NA
1012810,117700,"Colchicum autumnale L.",NA,"Colchicaceae",NA,7,2014,2025,NA,"Least concern",NA
1013020,118800,"Convallaria majalis L.",NA,"Asparagaceae",NA,2,2024,2024,NA,"Least concern",NA
1013030,118900,"Convolvulus arvensis L.",NA,"Convolvulaceae",NA,3,2013,2013,NA,"Least concern",NA
1013070,119300,"Conyza canadensis (L.) Cronquist",NA,"Asteraceae",NA,1,2013,2013,NA,"",NA
1013090,119400,"Corallorhiza trifida Châtel.",NA,"Orchidaceae",NA,3,2018,2020,NA,"Least concern",NA
1013280,121100,"Corydalis cava (L.) Schweigg. & Körte",NA,"Papaveraceae",NA,4,2015,2018,NA,"Least concern",NA
1013620,122900,"Crepis alpestris (Jacq.) Tausch",NA,"Asteraceae",NA,1,1982,2021,NA,"Least concern",NA
1013630,123000,"Crepis aurea (L.) Cass.",NA,"Asteraceae",NA,13,1982,2025,NA,"Least concern",NA
1013640,123100,"Crepis biennis L.",NA,"Asteraceae",NA,5,2022,2025,NA,"Least concern",NA
1013700,123900,"Crepis kerneri Rech. f.",NA,"Asteraceae",NA,2,1982,2025,NA,"Least concern",NA
1013800,124800,"Crepis pyrenaica (L.) Greuter",NA,"Asteraceae",NA,4,2001,2016,NA,"Least concern",NA
1013880,125800,"Crocus albiflorus Kit.",NA,"Iridaceae",NA,31,1982,2025,NA,"Least concern",NA
1013970,126300,"Cruciata laevipes Opiz",NA,"Rubiaceae",NA,3,2010,2013,NA,"Least concern",NA
1014000,126600,"Cryptogramma crispa (L.) Hook.",NA,"Pteridaceae",NA,6,1982,2020,NA,"Least concern",NA
1014130,127800,"Cuscuta epithymum (L.) L.",NA,"Convolvulaceae",NA,5,2013,2025,NA,"Least concern",NA
1014320,129400,"Cynosurus cristatus L.",NA,"Poaceae",NA,5,2013,2024,NA,"Least concern",NA
1014500,130500,"Cystopteris alpina (Lam.) Desv.",NA,"Cystopteridaceae",NA,1,1982,2025,NA,"Least concern",NA
1014520,130700,"Cystopteris fragilis (L.) Bernh.",NA,"Cystopteridaceae",NA,7,1982,2025,NA,"Least concern",NA
1014515,130750,"Cystopteris fragilis aggr.",NA,"Cystopteridaceae",NA,8,1982,2025,NA,"",NA
1014610,131800,"Dactylis glomerata L.",NA,"Poaceae",NA,12,1982,2025,NA,"Least concern",NA
1014760,132600,"Dactylorhiza maculata (L.) Soó",NA,"Orchidaceae",NA,29,2001,2025,NA,"Least concern",NA
1014775,132630,"Dactylorhiza maculata subsp. fuchsii (Druce) Hyl.",NA,"Orchidaceae",NA,17,2010,2025,NA,"Least concern",NA
1014800,132700,"Dactylorhiza majalis (Rchb.) P. F. Hunt & Summerh.",NA,"Orchidaceae",NA,10,1982,2025,NA,"Least concern",NA
1014860,133100,"Danthonia decumbens (L.) DC.",NA,"Poaceae",NA,2,2002,2021,NA,"Least concern",NA
1014910,133700,"Daphne striata Tratt.",NA,"Thymelaeaceae",NA,20,1982,2025,NA,"Least concern",NA
1014950,133900,"Daucus carota L.",NA,"Apiaceae",NA,1,2001,2001,NA,"Least concern",NA
1015040,134800,"Deschampsia cespitosa (L.) P. Beauv.",NA,"Poaceae",NA,17,1982,2025,NA,"Least concern",NA
1015070,135200,"Descurainia sophia (L.) Prantl",NA,"Brassicaceae",NA,2,2013,2013,NA,"Least concern",NA
1015110,135400,"Dianthus barbatus L.",NA,"Caryophyllaceae",NA,1,2014,2014,NA,"",NA
1015120,135500,"Dianthus carthusianorum L.",NA,"Caryophyllaceae",NA,2,1992,2025,NA,"Least concern",NA
1015150,135700,"Dianthus carthusianorum subsp. vaginatus (Chaix) Schinz & R. Keller",NA,"Caryophyllaceae",NA,1,1992,1992,NA,"Least concern",NA
1015170,135900,"Dianthus deltoides L.",NA,"Caryophyllaceae",NA,3,2020,2020,NA,"Vulnerable",NA
1015280,136800,"Dianthus superbus L.",NA,"Caryophyllaceae",NA,16,1982,2025,NA,"Least concern",NA
1015290,136830,"Dianthus superbus L. subsp. superbus",NA,"Caryophyllaceae",NA,1,2016,2016,NA,"Vulnerable",NA
1015300,136860,"Dianthus superbus subsp. alpestris Čelak.",NA,"Caryophyllaceae",NA,1,2025,2025,NA,"Least concern",NA
1015340,137100,"Digitalis grandiflora Mill.",NA,"Plantaginaceae",NA,1,2025,2025,NA,"Least concern",NA
1015420,137800,"Diphasiastrum alpinum (L.) Holub",NA,"Lycopodiaceae",NA,2,1938,2009,NA,"Least concern",NA
1015560,139700,"Doronicum clusii (All.) Tausch",NA,"Asteraceae",NA,13,1938,2025,NA,"Least concern",NA
1015590,140000,"Doronicum grandiflorum Lam.",NA,"Asteraceae",NA,4,1982,2025,NA,"Least concern",NA
1015670,140500,"Draba aizoides L.",NA,"Brassicaceae",NA,6,1994,2025,NA,"Least concern",NA
1015675,140550,"Draba aizoides L. subsp. aizoides",NA,"Brassicaceae",NA,1,2025,2025,NA,"",NA
1015690,140800,"Draba fladnizensis Wulfen",NA,"Brassicaceae",NA,5,1982,2011,NA,"Least concern",NA
1015750,141400,"Draba siliquosa M. Bieb.",NA,"Brassicaceae",NA,4,1938,2011,NA,"Least concern",NA
1015780,141600,"Draba tomentosa Clairv.",NA,"Brassicaceae",NA,3,1982,2011,NA,"Least concern",NA
1015860,142500,"Dryas octopetala L.",NA,"Rosaceae",NA,89,1982,2025,NA,"Least concern",NA
1015910,143100,"Dryopteris carthusiana (Vill.) H. P. Fuchs",NA,"Dryopteridaceae",NA,1,1982,2025,NA,"Least concern",NA
1015930,143300,"Dryopteris dilatata (Hoffm.) A. Gray",NA,"Dryopteridaceae",NA,3,1982,2025,NA,"Least concern",NA
1015925,143350,"Dryopteris dilatata aggr.",NA,"Dryopteridaceae",NA,6,1966,2025,NA,"",NA
1015940,143400,"Dryopteris expansa (C. Presl) Fraser-Jenk. & Jermy",NA,"Dryopteridaceae",NA,2,1966,2025,NA,"Least concern",NA
1015980,143900,"Dryopteris villarii (Bellardi) Schinz & Thell.",NA,"Dryopteridaceae",NA,1,1982,2025,NA,"Least concern",NA
1016120,144500,"Echium vulgare L.",NA,"Boraginaceae",NA,8,2013,2025,NA,"Least concern",NA
1016320,145900,"Eleocharis quinqueflora (Hartmann) O. Schwarz",NA,"Cyperaceae",NA,2,2025,2025,NA,"Least concern",NA
1016400,146460,"Elymus caninus (L.) L.",NA,"Poaceae",NA,2,2013,2015,NA,"Least concern",NA
1016450,146560,"Elymus repens (L.) Gould",NA,"Poaceae",NA,6,2012,2025,NA,"Least concern",NA
1016460,146600,"Elyna myosuroides (Vill.) Fritsch",NA,"Cyperaceae",NA,9,1938,2025,NA,"Least concern",NA
1016470,146795,"Empetrum nigrum L.",NA,"Ericaceae",NA,5,1982,2024,NA,"Least concern",NA
1016490,146900,"Empetrum nigrum subsp. hermaphroditum (Hagerup) Böcher",NA,"Ericaceae",NA,2,1982,2024,NA,"Least concern",NA
1016530,147600,"Epilobium anagallidifolium Lam.",NA,"Onagraceae",NA,4,1982,2020,NA,"Least concern",NA
1016540,147700,"Epilobium angustifolium L.",NA,"Onagraceae",NA,6,1982,2025,NA,"Least concern",NA
1016550,147800,"Epilobium ciliatum Raf.",NA,"Onagraceae",NA,1,2024,2024,NA,"",NA
1016620,148600,"Epilobium montanum L.",NA,"Onagraceae",NA,1,2025,2025,NA,"Least concern",NA
1016670,149100,"Epilobium roseum Schreb.",NA,"Onagraceae",NA,1,2024,2024,NA,"Least concern",NA
1016740,149600,"Epipactis atrorubens Besser",NA,"Orchidaceae",NA,6,1982,2024,NA,"Least concern",NA
1016770,149660,"Epipactis helleborine (L.) Crantz",NA,"Orchidaceae",NA,2,2010,2010,NA,"Least concern",NA
1016780,149800,"Epipactis helleborine aggr.",NA,"Orchidaceae",NA,2,2010,2010,NA,"Least concern",NA
1016840,150300,"Epipactis palustris (L.) Crantz",NA,"Orchidaceae",NA,1,1910,1910,NA,"Near threatened",NA
1016920,150600,"Equisetum arvense L.",NA,"Equisetaceae",NA,9,2001,2025,NA,"Least concern",NA
1016950,151100,"Equisetum palustre L.",NA,"Equisetaceae",NA,5,2024,2025,NA,"Least concern",NA
1016960,151200,"Equisetum pratense Ehrh.",NA,"Equisetaceae",NA,1,2020,2020,NA,"Least concern",NA
1016980,151400,"Equisetum sylvaticum L.",NA,"Equisetaceae",NA,5,2009,2025,NA,"Least concern",NA
1017000,151600,"Equisetum variegatum Schleich.",NA,"Equisetaceae",NA,4,1982,2025,NA,"Least concern",NA
1017400,152400,"Erica carnea L.",NA,"Ericaceae",NA,8,1982,2025,NA,"Least concern",NA
1017440,153300,"Erigeron acris L.",NA,"Asteraceae",NA,3,2024,2025,NA,"Least concern",NA
1017450,153350,"Erigeron acris L. subsp. acris",NA,"Asteraceae",NA,1,2024,2024,NA,"Least concern",NA
1017490,153600,"Erigeron alpinus L.",NA,"Asteraceae",NA,1,1982,2010,NA,"Least concern",NA
1017485,153650,"Erigeron alpinus aggr.",NA,"Asteraceae",NA,16,1938,2025,NA,"",NA
1017510,153800,"Erigeron annuus (L.) Desf.",NA,"Asteraceae",NA,3,2013,2013,NA,"",NA
1017610,155000,"Erigeron uniflorus L.",NA,"Asteraceae",NA,15,1938,2025,NA,"Least concern",NA
1017660,155400,"Eriophorum latifolium Hoppe",NA,"Cyperaceae",NA,3,2025,2025,NA,"Least concern",NA
1017670,155500,"Eriophorum scheuchzeri Hoppe",NA,"Cyperaceae",NA,4,1982,2024,NA,"Least concern",NA
1017680,155600,"Eriophorum vaginatum L.",NA,"Cyperaceae",NA,3,1982,2020,NA,"Near threatened",NA
1017710,156000,"Erodium cicutarium (L.) L'Hér.",NA,"Geraniaceae",NA,1,2014,2014,NA,"Least concern",NA
1017830,157100,"Erucastrum nasturtiifolium (Poir.) O. E. Schulz",NA,"Brassicaceae",NA,1,2018,2018,NA,"Least concern",NA
1018170,159800,"Euphorbia cyparissias L.",NA,"Euphorbiaceae",NA,1,2014,2014,NA,"Least concern",NA
1018600,162750,"Euphrasia minima Schleich.",NA,"Orobanchaceae",NA,11,1938,2024,NA,"Least concern",NA
1018700,163450,"Euphrasia rostkoviana Hayne",NA,"Orobanchaceae",NA,4,2002,2025,NA,"Least concern",NA
1018685,163850,"Euphrasia rostkoviana aggr.",NA,"Orobanchaceae",NA,5,2002,2025,NA,"",NA
1018840,165000,"Fagus sylvatica L.",NA,"Fagaceae",NA,1,2012,2012,NA,"Least concern",NA
1018870,165200,"Fallopia convolvulus (L.) Á. Löve",NA,"Polygonaceae",NA,1,2025,2025,NA,"Least concern",NA
1018980,165700,"Festuca alpina Suter",NA,"Poaceae",NA,2,1982,2011,NA,"Least concern",NA
1019020,166100,"Festuca arundinacea Schreb.",NA,"Poaceae",NA,4,2024,2025,NA,"Least concern",NA
1019160,167650,"Festuca halleri aggr.",NA,"Poaceae",NA,9,1966,2011,NA,"Least concern",NA
1019290,168300,"Festuca nigrescens Lam.",NA,"Poaceae",NA,1,2010,2010,NA,"Least concern",NA
1019310,168590,"Festuca ovina aggr.",NA,"Poaceae",NA,5,2013,2025,NA,"Least concern",NA
1019309,168580,"Festuca ovina superaggr.",NA,"",NA,6,2013,2025,NA,"",NA
1019380,169100,"Festuca pratensis Huds.",NA,"Poaceae",NA,5,1982,2016,NA,"Least concern",NA
1019450,170000,"Festuca quadriflora Honck.",NA,"Poaceae",NA,8,1938,2025,NA,"Least concern",NA
1019470,170200,"Festuca rubra aggr.",NA,"Poaceae",NA,18,1982,2025,NA,"Least concern",NA
1019510,170400,"Festuca rupicaprina (Hack.) A. Kern.",NA,"Poaceae",NA,3,1982,2011,NA,"Least concern",NA
1019630,171690,"Festuca valesiaca aggr.",NA,"Poaceae",NA,1,2025,2025,NA,"Least concern",NA
1019670,172100,"Festuca violacea aggr.",NA,"Poaceae",NA,5,1982,2025,NA,"Least concern",NA
1019920,173800,"Fragaria vesca L.",NA,"Rosaceae",NA,5,2023,2025,NA,"Least concern",NA
1020160,175620,"Gagea fragifera (Vill.) Ehr. Bayer & G. López",NA,"Liliaceae",NA,9,1982,2025,NA,"Least concern",NA
1020240,176200,"Galanthus nivalis L.",NA,"Amaryllidaceae",NA,1,2013,2013,NA,"Least concern",NA
1020350,177100,"Galeopsis tetrahit L.",NA,"Lamiaceae",NA,6,2013,2025,NA,"Least concern",NA
1020380,177400,"Galium album Mill.",NA,"Rubiaceae",NA,8,2013,2025,NA,"Least concern",NA
1020390,177500,"Galium anisophyllon Vill.",NA,"Rubiaceae",NA,4,1982,2011,NA,"Least concern",NA
1020400,177600,"Galium aparine L.",NA,"Rubiaceae",NA,1,2024,2024,NA,"Least concern",NA
1020440,178000,"Galium boreale L.",NA,"Rubiaceae",NA,2,2012,2020,NA,"Least concern",NA
1020510,179000,"Galium mollugo aggr.",NA,"Rubiaceae",NA,9,2013,2025,NA,"Least concern",NA
1020600,179700,"Galium pumilum Murray",NA,"Rubiaceae",NA,4,2002,2025,NA,"Least concern",NA
1020595,179650,"Galium pumilum aggr.",NA,"Rubiaceae",NA,8,1982,2025,NA,"",NA
1020890,182200,"Gentiana acaulis L.",NA,"Gentianaceae",NA,19,1938,2025,NA,"Least concern",NA
1020975,182930,"Gentiana bavarica L. subsp. bavarica",NA,"Gentianaceae",NA,2,2024,2025,NA,"Least concern",NA
1020990,183000,"Gentiana brachyphylla Vill.",NA,"Gentianaceae",NA,10,1938,2011,NA,"Least concern",NA
1021000,183100,"Gentiana campestris L.",NA,"Gentianaceae",NA,9,1982,2024,NA,"Least concern",NA
1021040,183500,"Gentiana clusii E. P. Perrier & Songeon",NA,"Gentianaceae",NA,5,1982,2025,NA,"Least concern",NA
1021120,184100,"Gentiana lutea L.",NA,"Gentianaceae",NA,6,1982,2020,NA,"Least concern",NA
1021140,184300,"Gentiana nivalis L.",NA,"Gentianaceae",NA,3,1982,2024,NA,"Least concern",NA
1021150,184400,"Gentiana orbicularis Schur",NA,"Gentianaceae",NA,7,1982,2025,NA,"Least concern",NA
1021190,184800,"Gentiana punctata L.",NA,"Gentianaceae",NA,11,1938,2024,NA,"Least concern",NA
1021200,184900,"Gentiana purpurea L.",NA,"Gentianaceae",NA,8,1982,2022,NA,"Least concern",NA
1021230,185200,"Gentiana tenella Rottb.",NA,"Gentianaceae",NA,2,1982,2024,NA,"Least concern",NA
1021250,185400,"Gentiana verna L.",NA,"Gentianaceae",NA,9,1982,2025,NA,"Least concern",NA
1021260,185430,"Gentiana verna L. subsp. verna",NA,"Gentianaceae",NA,2,2025,2025,NA,"",NA
1021430,188300,"Geranium pratense L.",NA,"Geraniaceae",NA,1,2023,2023,NA,"Near threatened",NA
1021440,188500,"Geranium pusillum L.",NA,"Geraniaceae",NA,1,2013,2013,NA,"Least concern",NA
1021450,188600,"Geranium pyrenaicum Burm. f.",NA,"Geraniaceae",NA,7,2013,2025,NA,"Least concern",NA
1021470,188795,"Geranium robertianum L.",NA,"Geraniaceae",NA,4,2013,2025,NA,"Least concern",NA
1021480,188800,"Geranium robertianum L. subsp. robertianum",NA,"Geraniaceae",NA,2,2024,2025,NA,"Least concern",NA
1021530,189300,"Geranium sylvaticum L.",NA,"Geraniaceae",NA,11,1982,2025,NA,"Least concern",NA
1021540,189400,"Geum montanum L.",NA,"Rosaceae",NA,14,1938,2025,NA,"Least concern",NA
1021560,189500,"Geum reptans L.",NA,"Rosaceae",NA,7,1982,2024,NA,"Least concern",NA
1021570,189600,"Geum rivale L.",NA,"Rosaceae",NA,4,1982,2025,NA,"Least concern",NA
1021690,190500,"Glechoma hederacea L.",NA,"Lamiaceae",NA,4,2013,2025,NA,"Least concern",NA
1021750,191200,"Globularia nudicaulis L.",NA,"Plantaginaceae",NA,5,1982,2025,NA,"Least concern",NA
1021765,191550,"Glyceria fluitans aggr.",NA,"Poaceae",NA,1,2023,2023,NA,"",NA
1021840,192200,"Gnaphalium hoppeanum W. D. J. Koch",NA,"Asteraceae",NA,8,1982,2025,NA,"Least concern",NA
1021860,192400,"Gnaphalium norvegicum Gunnerus",NA,"Asteraceae",NA,4,1982,2025,NA,"Least concern",NA
1021870,192500,"Gnaphalium supinum L.",NA,"Asteraceae",NA,13,1938,2022,NA,"Least concern",NA
1021880,192600,"Gnaphalium sylvaticum L.",NA,"Asteraceae",NA,2,1938,2020,NA,"Least concern",NA
1021900,192800,"Goodyera repens (L.) R. Br.",NA,"Orchidaceae",NA,1,2010,2010,NA,"Near threatened",NA
1021950,193200,"Gymnadenia conopsea (L.) R. Br.",NA,"Orchidaceae",NA,10,1982,2025,NA,"Least concern",NA
1021957,NA,"Gymnadenia conopsea × Nigritella rhellicani",NA,"Orchidaceae",NA,1,2025,2025,NA,"",NA
1021970,193300,"Gymnadenia odoratissima (L.) Rich.",NA,"Orchidaceae",NA,12,1982,2025,NA,"Least concern",NA
1021975,NA,"Gymnadenia odoratissima × Nigritella rhellicani",NA,"Orchidaceae",NA,2,2011,2011,NA,"",NA
1021980,193400,"Gymnocarpium dryopteris (L.) Newman",NA,"Cystopteridaceae",NA,2,1982,2010,NA,"Least concern",NA
1021990,193500,"Gymnocarpium robertianum (Hoffm.) Newman",NA,"Cystopteridaceae",NA,1,2025,2025,NA,"Least concern",NA
1022020,193800,"Gypsophila repens L.",NA,"Caryophyllaceae",NA,1,1982,2021,NA,"Least concern",NA
1022110,194100,"Hedysarum hedysaroides (L.) Schinz & Thell.",NA,"Fabaceae",NA,2,1982,2025,NA,"Least concern",NA
1022140,194300,"Helianthemum alpestre (Jacq.) DC.",NA,"Cistaceae",NA,4,1982,2025,NA,"Least concern",NA
1022180,194895,"Helianthemum nummularium (L.) Mill.",NA,"Cistaceae",NA,7,1982,2025,NA,"Least concern",NA
1022210,195100,"Helianthemum nummularium subsp. grandiflorum (Scop.) Schinz & Thell.",NA,"Cistaceae",NA,3,1982,2025,NA,"Least concern",NA
1022379,196700,"Helictotrichon pratense aggr.",NA,"Poaceae",NA,1,2002,2002,NA,"Least concern",NA
1022390,196800,"Helictotrichon pubescens (Huds.) Pilg.",NA,"Poaceae",NA,8,1982,2025,NA,"Least concern",NA
1022400,196830,"Helictotrichon pubescens (Huds.) Pilg. subsp. pubescens",NA,"Poaceae",NA,5,2023,2025,NA,"Least concern",NA
1022440,197100,"Helictotrichon versicolor (Vill.) Pilg.",NA,"Poaceae",NA,13,1938,2024,NA,"Least concern",NA
1022560,197900,"Hepatica nobilis Schreb.",NA,"Ranunculaceae",NA,3,2024,2024,NA,"Least concern",NA
1022580,198300,"Heracleum mantegazzianum Sommier & Levier",NA,"Apiaceae",NA,137,2007,2025,NA,"",NA
1022590,198595,"Heracleum sphondylium L.",NA,"Apiaceae",NA,11,1982,2025,NA,"Least concern",NA
1022600,198600,"Heracleum sphondylium L. subsp. sphondylium",NA,"Apiaceae",NA,5,1982,2025,NA,"Least concern",NA
1022640,199100,"Herminium monorchis (L.) R. Br.",NA,"Orchidaceae",NA,1,1932,1932,NA,"Vulnerable",NA
1022700,199600,"Hesperis matronalis L.",NA,"Brassicaceae",NA,2,2013,2015,NA,"",NA
1022790,199900,"Hieracium alpinum L.",NA,"Asteraceae",NA,14,1938,2024,NA,"Least concern",NA
1022930,201200,"Hieracium glanduliferum Hoppe",NA,"Asteraceae",NA,5,2009,2025,NA,"Least concern",NA
1022990,201700,"Hieracium hoppeanum Schult.",NA,"Asteraceae",NA,10,1982,2024,NA,"Least concern",NA
1023010,201900,"Hieracium intybaceum All.",NA,"Asteraceae",NA,5,1982,2011,NA,"Least concern",NA
1023040,202100,"Hieracium lactucella Wallr.",NA,"Asteraceae",NA,5,1982,2025,NA,"Least concern",NA
1023110,202700,"Hieracium murorum aggr.",NA,"Asteraceae",NA,7,2010,2025,NA,"Least concern",NA
1023170,203200,"Hieracium piliferum aggr.",NA,"Asteraceae",NA,13,1938,2025,NA,"Least concern",NA
1023200,203400,"Hieracium pilosella L.",NA,"Asteraceae",NA,2,1982,2025,NA,"Least concern",NA
1023400,205000,"Hieracium staticifolium All.",NA,"Asteraceae",NA,1,2025,2025,NA,"Least concern",NA
1023490,205900,"Hieracium villosum aggr.",NA,"Asteraceae",NA,3,1982,2025,NA,"Least concern",NA
1023580,206300,"Hippocrepis comosa L.",NA,"Fabaceae",NA,7,1982,2025,NA,"Least concern",NA
1023630,206800,"Holcus lanatus L.",NA,"Poaceae",NA,1,2014,2014,NA,"Least concern",NA
1023700,207500,"Hordeum distichon L.",NA,"Poaceae",NA,1,2017,2017,NA,"",NA
1023770,208195,"Hordeum vulgare L.",NA,"Poaceae",NA,2,2013,2015,NA,"",NA
1023780,208200,"Hordeum vulgare L. subsp. vulgare",NA,"Poaceae",NA,1,2013,2013,NA,"",NA
1023760,208205,"Hordeum vulgare aggr.",NA,"Poaceae",NA,3,2013,2017,NA,"",NA
1023860,208900,"Huperzia selago (L.) Schrank & Mart.",NA,"Lycopodiaceae",NA,7,1982,2025,NA,"Least concern",NA
1024060,210695,"Hypericum maculatum Crantz",NA,"Hypericaceae",NA,4,1982,2016,NA,"Least concern",NA
1024100,210900,"Hypericum montanum L.",NA,"Hypericaceae",NA,1,2001,2001,NA,"Least concern",NA
1024130,211050,"Hypericum perforatum L.",NA,"Hypericaceae",NA,3,2024,2025,NA,"Least concern",NA
1024140,211100,"Hypericum perforatum L. subsp. perforatum",NA,"Hypericaceae",NA,2,2024,2025,NA,"Least concern",NA
1024230,212100,"Hypochaeris radicata L.",NA,"Asteraceae",NA,2,2021,2021,NA,"Least concern",NA
1024250,212200,"Hypochaeris uniflora Vill.",NA,"Asteraceae",NA,3,1982,2020,NA,"Least concern",NA
1024900,217700,"Juncus alpinoarticulatus Chaix",NA,"Juncaceae",NA,1,1982,2025,NA,"Least concern",NA
1024930,218100,"Juncus articulatus L.",NA,"Juncaceae",NA,3,2025,2025,NA,"Least concern",NA
1024925,218150,"Juncus articulatus aggr.",NA,"Juncaceae",NA,5,1982,2025,NA,"",NA
1024940,218200,"Juncus bufonius L.",NA,"Juncaceae",NA,2,2024,2024,NA,"Least concern",NA
1024980,218600,"Juncus compressus Jacq.",NA,"Juncaceae",NA,1,2015,2015,NA,"Least concern",NA
1025000,218800,"Juncus effusus L.",NA,"Juncaceae",NA,6,2013,2025,NA,"Least concern",NA
1025010,218900,"Juncus filiformis L.",NA,"Juncaceae",NA,3,1982,2025,NA,"Least concern",NA
1025040,219200,"Juncus jacquinii L.",NA,"Juncaceae",NA,9,1938,2024,NA,"Least concern",NA
1025120,220100,"Juncus trifidus L.",NA,"Juncaceae",NA,13,1938,2020,NA,"Least concern",NA
1025140,220395,"Juniperus communis L.",NA,"Cupressaceae",NA,3,1982,2025,NA,"Least concern",NA
1025160,220500,"Juniperus communis subsp. alpina Čelak.",NA,"Cupressaceae",NA,2,1982,2025,NA,"Least concern",NA
1025190,221000,"Kernera saxatilis (L.) Sweet",NA,"Brassicaceae",NA,3,1982,2025,NA,"Least concern",NA
1025240,221450,"Knautia dipsacifolia Kreutzer",NA,"Caprifoliaceae",NA,16,1982,2025,NA,"Least concern",NA
1025250,221500,"Knautia dipsacifolia Kreutzer subsp. dipsacifolia",NA,"Caprifoliaceae",NA,4,1982,2025,NA,"Least concern",NA
1025480,223900,"Koeleria pyramidata (Lam.) P. Beauv.",NA,"Poaceae",NA,5,2002,2025,NA,"Least concern",NA
1025490,223905,"Koeleria pyramidata aggr.",NA,"Poaceae",NA,7,2002,2025,NA,"Least concern",NA
1025540,224300,"Laburnum anagyroides Medik.",NA,"Fabaceae",NA,1,2013,2013,NA,"Least concern",NA
1025650,225500,"Lamium album L.",NA,"Lamiaceae",NA,10,1982,2025,NA,"Least concern",NA
1025750,226500,"Lamium purpureum L.",NA,"Lamiaceae",NA,6,2013,2023,NA,"Least concern",NA
1025760,226600,"Lappula deflexa (Wahlenb.) Garcke",NA,"Boraginaceae",NA,6,2013,2024,NA,"Vulnerable",NA
1025770,226800,"Lappula squarrosa (Retz.) Dumort.",NA,"Boraginaceae",NA,1,2013,2013,NA,"Near threatened",NA
1025780,226900,"Lapsana communis L.",NA,"Asteraceae",NA,2,2024,2024,NA,"Least concern",NA
1025790,227000,"Lapsana communis L. subsp. communis",NA,"Asteraceae",NA,1,2024,2024,NA,"",NA
1025810,227200,"Larix decidua Mill.",NA,"Pinaceae",NA,7,1982,2025,NA,"Least concern",NA
1025850,227500,"Laserpitium halleri Crantz",NA,"Apiaceae",NA,5,1938,2024,NA,"Least concern",NA
1025860,227700,"Laserpitium latifolium L.",NA,"Apiaceae",NA,1,1982,2002,NA,"Least concern",NA
1026050,230400,"Lathyrus pratensis L.",NA,"Fabaceae",NA,3,2013,2024,NA,"Least concern",NA
1026090,230800,"Lathyrus sylvestris L.",NA,"Fabaceae",NA,1,2014,2014,NA,"Least concern",NA
1026290,232700,"Leontodon autumnalis L.",NA,"Asteraceae",NA,6,1982,2025,NA,"Least concern",NA
1026310,232900,"Leontodon helveticus Mérat",NA,"Asteraceae",NA,17,1938,2025,NA,"Least concern",NA
1026330,233000,"Leontodon hispidus L.",NA,"Asteraceae",NA,13,1982,2025,NA,"Least concern",NA
1026340,233100,"Leontodon hispidus L. subsp. hispidus",NA,"Asteraceae",NA,2,2024,2024,NA,"Least concern",NA
1026350,233200,"Leontodon hispidus subsp. danubialis (Jacq.) Simonk.",NA,"Asteraceae",NA,1,2024,2024,NA,"Least concern",NA
1026380,233600,"Leontodon hispidus subsp. pseudocrispus (Bisch.) Murr",NA,"Asteraceae",NA,1,2025,2025,NA,"Least concern",NA
1026400,233750,"Leontodon incanus (L.) Schrank",NA,"Asteraceae",NA,1,2025,2025,NA,"Least concern",NA
1026430,234000,"Leontodon montanus Lam.",NA,"Asteraceae",NA,4,1938,2025,NA,"Least concern",NA
1026470,234600,"Leontopodium alpinum Cass.",NA,"Asteraceae",NA,2,1982,2025,NA,"Least concern",NA
1026600,236000,"Leucanthemopsis alpina (L.) Heywood",NA,"Asteraceae",NA,14,1938,2024,NA,"Least concern",NA
1026610,236020,"Leucanthemopsis alpina (L.) Heywood subsp. alpina",NA,"Asteraceae",NA,3,2020,2024,NA,"Least concern",NA
1026650,236200,"Leucanthemum adustum (W. D. J. Koch) Gremli",NA,"Asteraceae",NA,3,1982,2025,NA,"Least concern",NA
1026655,236250,"Leucanthemum adustum (W. D. J. Koch) Gremli subsp. adustum",NA,"Asteraceae",NA,1,2025,2025,NA,"",NA
1026680,236500,"Leucanthemum halleri (Vitman) Ducommun",NA,"Asteraceae",NA,2,1982,2021,NA,"Least concern",NA
1026730,236800,"Leucanthemum vulgare Lam.",NA,"Asteraceae",NA,4,2024,2025,NA,"Least concern",NA
1026710,236905,"Leucanthemum vulgare aggr.",NA,"Asteraceae",NA,14,1982,2025,NA,"Least concern",NA
1026810,237800,"Ligusticum mutellina (L.) Crantz",NA,"Apiaceae",NA,17,1982,2025,NA,"Least concern",NA
1026820,237900,"Ligusticum mutellinoides Vill.",NA,"Apiaceae",NA,16,1938,2025,NA,"Least concern",NA
1026890,238500,"Lilium martagon L.",NA,"Liliaceae",NA,4,1982,2024,NA,"Least concern",NA
1026920,238800,"Linaria alpina (L.) Mill.",NA,"Plantaginaceae",NA,6,1982,2025,NA,"Least concern",NA
1026930,238900,"Linaria alpina (L.) Mill. subsp. alpina",NA,"Plantaginaceae",NA,3,1982,2025,NA,"Least concern",NA
1027060,240300,"Linaria vulgaris Mill.",NA,"Plantaginaceae",NA,1,2013,2013,NA,"Least concern",NA
1027130,241100,"Linum catharticum L.",NA,"Linaceae",NA,8,1982,2025,NA,"Least concern",NA
1027210,241900,"Listera cordata (L.) R. Br.",NA,"Orchidaceae",NA,2,1931,2025,NA,"Near threatened",NA
1027220,242000,"Listera ovata (L.) R. Br.",NA,"Orchidaceae",NA,3,2011,2025,NA,"Least concern",NA
1027250,242500,"Lloydia serotina (L.) Rchb.",NA,"Liliaceae",NA,11,1938,2022,NA,"Least concern",NA
1027290,242600,"Loiseleuria procumbens (L.) Desv.",NA,"Ericaceae",NA,7,1938,2025,NA,"Least concern",NA
1027310,242800,"Lolium perenne L.",NA,"Poaceae",NA,3,1982,2025,NA,"Least concern",NA
1027370,243400,"Lonicera alpigena L.",NA,"Caprifoliaceae",NA,2,2024,2024,NA,"Least concern",NA
1027520,244400,"Lotus corniculatus L.",NA,"Fabaceae",NA,9,1982,2025,NA,"Least concern",NA
1027510,244410,"Lotus corniculatus aggr.",NA,"Fabaceae",NA,17,1982,2025,NA,"Least concern",NA
1027640,245800,"Lupinus polyphyllus Lindl.",NA,"Fabaceae",NA,2,2013,2022,NA,"",NA
1027670,246000,"Luzula alpinopilosa (Chaix) Breistr.",NA,"Juncaceae",NA,15,1890,2025,NA,"Least concern",NA
1027700,246100,"Luzula campestris (L.) DC.",NA,"Juncaceae",NA,4,2002,2025,NA,"Least concern",NA
1027740,246600,"Luzula lutea (All.) DC.",NA,"Juncaceae",NA,10,1938,2020,NA,"Least concern",NA
1027750,246700,"Luzula luzulina (Vill.) Dalla Torre & Sarnth.",NA,"Juncaceae",NA,3,1982,2024,NA,"Least concern",NA
1027760,246800,"Luzula luzuloides (Lam.) Dandy & Wilmott",NA,"Juncaceae",NA,4,1982,2025,NA,"Least concern",NA
1027770,246900,"Luzula luzuloides (Lam.) Dandy & Wilmott subsp. luzuloides",NA,"Juncaceae",NA,1,2025,2025,NA,"Least concern",NA
1027790,247100,"Luzula multiflora (Ehrh.) Lej.",NA,"Juncaceae",NA,5,1982,2025,NA,"Least concern",NA
1027785,247150,"Luzula multiflora aggr.",NA,"Juncaceae",NA,5,1982,2025,NA,"Least concern",NA
1027860,247800,"Luzula spicata (L.) DC.",NA,"Juncaceae",NA,15,1938,2025,NA,"Least concern",NA
1027910,248300,"Luzula sylvatica (Huds.) Gaudin",NA,"Juncaceae",NA,3,2024,2025,NA,"Least concern",NA
1027920,248400,"Luzula sylvatica aggr.",NA,"Juncaceae",NA,12,1982,2025,NA,"Least concern",NA
1027980,249700,"Lycopodium annotinum L.",NA,"Lycopodiaceae",NA,6,1982,2025,NA,"Least concern",NA
1027990,249900,"Lycopodium clavatum L.",NA,"Lycopodiaceae",NA,2,2016,2023,NA,"Near threatened",NA
1028000,249950,"Lycopodium clavatum L. subsp. clavatum",NA,"Lycopodiaceae",NA,1,2016,2016,NA,"",NA
1028100,251600,"Lysimachia punctata L.",NA,"Primulaceae",NA,1,2022,2022,NA,"",NA
1028320,253300,"Malva moschata L.",NA,"Malvaceae",NA,2,2013,2025,NA,"Least concern",NA
1028330,253400,"Malva neglecta Wallr.",NA,"Malvaceae",NA,2,2013,2013,NA,"Least concern",NA
1028430,254100,"Matricaria discoidea DC.",NA,"Asteraceae",NA,9,1982,2025,NA,"",NA
1028530,255300,"Medicago lupulina L.",NA,"Fabaceae",NA,8,2013,2025,NA,"Least concern",NA
1028590,256000,"Medicago sativa L.",NA,"Fabaceae",NA,2,2013,2025,NA,"Least concern",NA
1028660,256600,"Melampyrum sylvaticum L.",NA,"Orobanchaceae",NA,3,1982,2025,NA,"Least concern",NA
1028690,256900,"Melica nutans L.",NA,"Poaceae",NA,4,2016,2025,NA,"Least concern",NA
1028760,257600,"Melilotus officinalis Lam.",NA,"Fabaceae",NA,3,2012,2024,NA,"Least concern",NA
1029170,261400,"Minuartia recurva (All.) Schinz & Thell.",NA,"Caryophyllaceae",NA,4,1938,2011,NA,"Least concern",NA
1029230,261700,"Minuartia sedoides (L.) Hiern",NA,"Caryophyllaceae",NA,13,1938,2020,NA,"Least concern",NA
1029260,262000,"Minuartia verna (L.) Hiern",NA,"Caryophyllaceae",NA,14,1982,2025,NA,"Least concern",NA
1029350,262500,"Moehringia ciliata (Scop.) Dalla Torre",NA,"Caryophyllaceae",NA,4,1982,2025,NA,"Least concern",NA
1029690,265800,"Myosotis alpestris F. W. Schmidt",NA,"Boraginaceae",NA,13,1982,2025,NA,"Least concern",NA
1029700,265900,"Myosotis arvensis Hill",NA,"Boraginaceae",NA,2,2013,2025,NA,"Least concern",NA
1029770,266400,"Myosotis nemorosa Besser",NA,"Boraginaceae",NA,1,2016,2016,NA,"Least concern",NA
1029800,266800,"Myosotis scorpioides L.",NA,"Boraginaceae",NA,1,2025,2025,NA,"Least concern",NA
1029795,266850,"Myosotis scorpioides aggr.",NA,"Boraginaceae",NA,2,2016,2025,NA,"",NA
1029820,267100,"Myosotis sylvatica Hoffm.",NA,"Boraginaceae",NA,3,2024,2025,NA,"Least concern",NA
1029815,267150,"Myosotis sylvatica aggr.",NA,"Boraginaceae",NA,10,1982,2025,NA,"",NA
1030020,268900,"Narcissus pseudonarcissus L.",NA,"Amaryllidaceae",NA,1,2013,2013,NA,"Near threatened",NA
1030080,269700,"Nardus stricta L.",NA,"Poaceae",NA,26,1982,2025,NA,"Least concern",NA
1030390,271655,"Nigritella rhellicani Teppner & E. Klein",NA,"Orchidaceae",NA,9,2003,2024,NA,"Least concern",NA
1030380,271700,"Nigritella rhellicani aggr.",NA,"Orchidaceae",NA,12,1982,2025,NA,"Least concern",NA
1030400,271800,"Nigritella rubra (Wettst.) K. Richt.",NA,"Orchidaceae",NA,4,1982,2025,NA,"Near threatened",NA
1030860,275600,"Onobrychis viciifolia Scop.",NA,"Fabaceae",NA,2,2015,2025,NA,"",NA
1031160,279100,"Ophrys insectifera L.",NA,"Orchidaceae",NA,2,2017,2018,NA,"Vulnerable",NA
1031350,280900,"Orchis mascula (L.) L.",NA,"Orchidaceae",NA,1,1982,2020,NA,"Least concern",NA
1031500,282200,"Orchis ustulata L.",NA,"Orchidaceae",NA,1,2011,2011,NA,"Near threatened",NA
1031525,282210,"Orchis ustulata L. var. ustulata",NA,"Orchidaceae",NA,1,2011,2011,NA,"",NA
1031530,282300,"Oreochloa disticha (Wulfen) Link",NA,"Poaceae",NA,16,1938,2025,NA,"Least concern",NA
1031540,282400,"Oreopteris limbosperma (All.) Holub",NA,"Thelypteridaceae",NA,1,2025,2025,NA,"Least concern",NA
1031560,282600,"Origanum vulgare L.",NA,"Lamiaceae",NA,1,2013,2013,NA,"Least concern",NA
1032070,287300,"Oxalis acetosella L.",NA,"Oxalidaceae",NA,5,2013,2025,NA,"Least concern",NA
1032180,288100,"Oxyria digyna (L.) Hill",NA,"Polygonaceae",NA,6,1938,2024,NA,"Least concern",NA
1032460,291000,"Papaver croceum Ledeb.",NA,"Papaveraceae",NA,5,2013,2025,NA,"",NA
1032470,291095,"Papaver dubium L.",NA,"Papaveraceae",NA,2,2013,2014,NA,"Least concern",NA
1032480,291100,"Papaver dubium L. subsp. dubium",NA,"Papaveraceae",NA,1,2014,2014,NA,"Least concern",NA
1032590,292600,"Paris quadrifolia L.",NA,"Melanthiaceae",NA,4,2024,2024,NA,"Least concern",NA
1032600,292700,"Parnassia palustris L.",NA,"Celastraceae",NA,1,1982,2019,NA,"Least concern",NA
1032800,294200,"Pedicularis foliosa L.",NA,"Orobanchaceae",NA,2,1982,2020,NA,"Least concern",NA
1032850,294700,"Pedicularis recutita L.",NA,"Orobanchaceae",NA,1,1982,2019,NA,"Least concern",NA
1032930,295400,"Pedicularis tuberosa L.",NA,"Orobanchaceae",NA,3,1982,2020,NA,"Least concern",NA
1032940,295500,"Pedicularis verticillata L.",NA,"Orobanchaceae",NA,2,1982,2025,NA,"Least concern",NA
1033000,295700,"Petasites albus (L.) Gaertn.",NA,"Asteraceae",NA,2,2015,2017,NA,"Least concern",NA
1033010,295900,"Petasites hybridus (L.) G. Gaertn. & al.",NA,"Asteraceae",NA,1,2013,2013,NA,"Least concern",NA
1033020,296000,"Petasites paradoxus (Retz.) Baumg.",NA,"Asteraceae",NA,11,1982,2025,NA,"Least concern",NA
1033160,297200,"Peucedanum ostruthium (L.) W. D. J. Koch",NA,"Apiaceae",NA,13,1982,2025,NA,"Least concern",NA
1033230,297900,"Phalaris arundinacea L.",NA,"Poaceae",NA,2,2018,2024,NA,"Least concern",NA
1033240,297910,"Phalaris arundinacea L. var. arundinacea",NA,"Poaceae",NA,1,2024,2024,NA,"",NA
1033340,298800,"Phleum alpinum L.",NA,"Poaceae",NA,3,1982,2025,NA,"Least concern",NA
1033330,298900,"Phleum alpinum aggr.",NA,"Poaceae",NA,15,1982,2025,NA,"Least concern",NA
1033370,299600,"Phleum hirsutum Honck.",NA,"Poaceae",NA,1,1982,2021,NA,"Least concern",NA
1033410,300000,"Phleum pratense L.",NA,"Poaceae",NA,2,2024,2024,NA,"Least concern",NA
1033400,300005,"Phleum pratense aggr.",NA,"Poaceae",NA,3,2021,2024,NA,"Least concern",NA
1033420,300200,"Phleum rhaeticum (Humphries) Rauschert",NA,"Poaceae",NA,4,1982,2024,NA,"Least concern",NA
1033590,301000,"Phyteuma globulariifolium Sternb. & Hoppe",NA,"Campanulaceae",NA,10,1938,2020,NA,"Least concern",NA
1033600,301100,"Phyteuma globulariifolium Sternb. & Hoppe subsp. globulariifolium",NA,"Campanulaceae",NA,1,1938,1938,NA,"Least concern",NA
1033610,301200,"Phyteuma globulariifolium subsp. pedemontanum (Rich. Schulz) Bech.",NA,"Campanulaceae",NA,9,2009,2020,NA,"Least concern",NA
1033630,301400,"Phyteuma hemisphaericum L.",NA,"Campanulaceae",NA,11,1938,2024,NA,"Least concern",NA
1033670,301800,"Phyteuma orbiculare L.",NA,"Campanulaceae",NA,13,1982,2025,NA,"Least concern",NA
1033680,301900,"Phyteuma ovatum Honck.",NA,"Campanulaceae",NA,3,1982,2021,NA,"Least concern",NA
1033800,302800,"Picea abies (L.) H. Karst.",NA,"Pinaceae",NA,10,1982,2025,NA,"Least concern",NA
1033830,303100,"Picris hieracioides L.",NA,"Asteraceae",NA,1,2024,2024,NA,"Least concern",NA
1033920,303800,"Pimpinella major (L.) Huds.",NA,"Apiaceae",NA,4,1982,2025,NA,"Least concern",NA
1033970,304000,"Pimpinella saxifraga L.",NA,"Apiaceae",NA,4,2002,2025,NA,"Least concern",NA
1033950,304100,"Pimpinella saxifraga aggr.",NA,"Apiaceae",NA,5,2002,2025,NA,"Least concern",NA
1033980,304300,"Pinguicula alpina L.",NA,"Lentibulariaceae",NA,3,1982,2025,NA,"Least concern",NA
1034050,304800,"Pinguicula vulgaris L.",NA,"Lentibulariaceae",NA,7,1982,2025,NA,"Near threatened",NA
1034060,304900,"Pinus cembra L.",NA,"Pinaceae",NA,1,1982,2013,NA,"Least concern",NA
1034080,305495,"Pinus mugo Turra",NA,"Pinaceae",NA,10,1982,2025,NA,"Least concern",NA
1034090,305500,"Pinus mugo Turra subsp. mugo",NA,"Pinaceae",NA,5,1982,2025,NA,"Least concern",NA
1034070,305800,"Pinus mugo subsp. uncinata (DC.) Domin",NA,"Pinaceae",NA,4,2025,2025,NA,"Least concern",NA
1034130,306100,"Pinus sylvestris L.",NA,"Pinaceae",NA,2,2009,2013,NA,"Least concern",NA
1034250,307000,"Plantago alpina L.",NA,"Plantaginaceae",NA,16,1982,2025,NA,"Least concern",NA
1034280,307250,"Plantago atrata Hoppe",NA,"Plantaginaceae",NA,4,2010,2025,NA,"Least concern",NA
1034330,307800,"Plantago lanceolata L.",NA,"Plantaginaceae",NA,10,2011,2025,NA,"Least concern",NA
1034350,307850,"Plantago major L.",NA,"Plantaginaceae",NA,5,1982,2025,NA,"Least concern",NA
1034390,308100,"Plantago media L.",NA,"Plantaginaceae",NA,7,2013,2025,NA,"Least concern",NA
1034405,308350,"Plantago serpentina aggr.",NA,"Plantaginaceae",NA,16,1982,2025,NA,"",NA
1034420,308400,"Platanthera bifolia (L.) Rich.",NA,"Orchidaceae",NA,6,1982,2025,NA,"Least concern",NA
1034470,309000,"Poa alpina L.",NA,"Poaceae",NA,30,1982,2025,NA,"Least concern",NA
1034480,309100,"Poa angustifolia L.",NA,"Poaceae",NA,2,2024,2024,NA,"Least concern",NA
1034490,309200,"Poa annua L.",NA,"Poaceae",NA,10,1982,2025,NA,"Least concern",NA
1034540,309700,"Poa chaixii Vill.",NA,"Poaceae",NA,5,1982,2025,NA,"Least concern",NA
1034550,309800,"Poa compressa L.",NA,"Poaceae",NA,1,2013,2013,NA,"Least concern",NA
1034590,310200,"Poa laxa Haenke",NA,"Poaceae",NA,10,1982,2011,NA,"Least concern",NA
1034620,310500,"Poa nemoralis L.",NA,"Poaceae",NA,9,1982,2025,NA,"Least concern",NA
1034660,310800,"Poa pratensis L.",NA,"Poaceae",NA,2,2025,2025,NA,"Least concern",NA
1034650,310900,"Poa pratensis aggr.",NA,"Poaceae",NA,8,1982,2025,NA,"Least concern",NA
1034680,311100,"Poa supina Schrad.",NA,"Poaceae",NA,9,1982,2025,NA,"Least concern",NA
1034690,311295,"Poa trivialis L.",NA,"Poaceae",NA,7,1982,2025,NA,"Least concern",NA
1034700,311300,"Poa trivialis L. subsp. trivialis",NA,"Poaceae",NA,3,1982,2025,NA,"Least concern",NA
1034770,312300,"Polygala alpestris Rchb.",NA,"Polygalaceae",NA,7,1982,2025,NA,"Least concern",NA
1034785,312490,"Polygala amara aggr.",NA,"Polygalaceae",NA,3,2025,2025,NA,"",NA
1034800,312500,"Polygala amarella Crantz",NA,"Polygalaceae",NA,3,2025,2025,NA,"Least concern",NA
1034830,312700,"Polygala chamaebuxus L.",NA,"Polygalaceae",NA,15,1982,2025,NA,"Least concern",NA
1034890,313195,"Polygala vulgaris L.",NA,"Polygalaceae",NA,4,2002,2025,NA,"Least concern",NA
1034900,313200,"Polygala vulgaris L. subsp. vulgaris",NA,"Polygalaceae",NA,2,2025,2025,NA,"Least concern",NA
1034940,313700,"Polygonatum verticillatum (L.) All.",NA,"Asparagaceae",NA,2,1982,2025,NA,"Least concern",NA
1034980,314300,"Polygonum aviculare aggr.",NA,"Polygonaceae",NA,2,2013,2025,NA,"Least concern",NA
1035010,314400,"Polygonum bistorta L.",NA,"Polygonaceae",NA,7,2016,2025,NA,"Least concern",NA
1035050,314950,"Polygonum lapathifolium L.",NA,"Polygonaceae",NA,2,2013,2013,NA,"Least concern",NA
1035060,315000,"Polygonum lapathifolium L. subsp. lapathifolium",NA,"Polygonaceae",NA,2,2013,2013,NA,"Least concern",NA
1035170,315800,"Polygonum viviparum L.",NA,"Polygonaceae",NA,18,1982,2025,NA,"Least concern",NA
1035240,316500,"Polystichum aculeatum (L.) Roth",NA,"Dryopteridaceae",NA,1,2010,2010,NA,"Least concern",NA
1035260,316800,"Polystichum lonchitis (L.) Roth",NA,"Dryopteridaceae",NA,11,1982,2025,NA,"Least concern",NA
1035360,317500,"Populus tremula L.",NA,"Salicaceae",NA,3,2013,2025,NA,"Least concern",NA
1035720,321300,"Potentilla aurea L.",NA,"Rosaceae",NA,22,1982,2025,NA,"Least concern",NA
1035730,321400,"Potentilla brauneana Hoppe",NA,"Rosaceae",NA,4,1982,2011,NA,"Least concern",NA
1035790,322100,"Potentilla crantzii (Crantz) Fritsch",NA,"Rosaceae",NA,3,1982,2024,NA,"Least concern",NA
1035810,322400,"Potentilla erecta (L.) Raeusch.",NA,"Rosaceae",NA,12,1982,2025,NA,"Least concern",NA
1035820,322500,"Potentilla frigida Vill.",NA,"Rosaceae",NA,2,1966,2011,NA,"Least concern",NA
1035850,322700,"Potentilla grandiflora L.",NA,"Rosaceae",NA,2,1982,2011,NA,"Least concern",NA
1035970,323600,"Potentilla nivea L.",NA,"Rosaceae",NA,1,1937,1966,NA,"Vulnerable",NA
1036040,324500,"Potentilla reptans L.",NA,"Rosaceae",NA,1,2013,2013,NA,"Least concern",NA
1036080,325000,"Potentilla thuringiaca Link",NA,"Rosaceae",NA,12,2013,2025,NA,"Near threatened",NA
1036090,325100,"Potentilla verna L.",NA,"Rosaceae",NA,4,2013,2025,NA,"Least concern",NA
1036120,325200,"Prenanthes purpurea L.",NA,"Asteraceae",NA,2,2023,2024,NA,"Least concern",NA
1036180,325700,"Primula auricula L.",NA,"Primulaceae",NA,6,1982,2025,NA,"Least concern",NA
1036200,325950,"Primula elatior (L.) L.",NA,"Primulaceae",NA,6,1982,2024,NA,"Least concern",NA
1036210,326000,"Primula elatior (L.) L. subsp. elatior",NA,"Primulaceae",NA,1,1982,2015,NA,"",NA
1036230,326200,"Primula farinosa L.",NA,"Primulaceae",NA,7,1982,2025,NA,"Least concern",NA
1036280,326605,"Primula hirsuta All.",NA,"Primulaceae",NA,11,1938,2022,NA,"Least concern",NA
1036290,326700,"Primula integrifolia L.",NA,"Primulaceae",NA,11,1938,2025,NA,"Least concern",NA
1036330,327195,"Primula veris L.",NA,"Primulaceae",NA,3,2015,2024,NA,"Least concern",NA
1036430,327650,"Pritzelago alpina (L.) Kuntze",NA,"Brassicaceae",NA,8,1982,2025,NA,"Least concern",NA
1036440,327700,"Pritzelago alpina (L.) Kuntze subsp. alpina",NA,"Brassicaceae",NA,1,1982,2010,NA,"Least concern",NA
1036460,327900,"Prunella grandiflora (L.) Scholler",NA,"Lamiaceae",NA,2,2002,2025,NA,"Least concern",NA
1036480,328100,"Prunella vulgaris L.",NA,"Lamiaceae",NA,9,1982,2025,NA,"Least concern",NA
1036500,328400,"Prunus avium L.",NA,"Rosaceae",NA,1,2025,2025,NA,"Least concern",NA
1036620,329600,"Prunus padus L.",NA,"Rosaceae",NA,3,2023,2025,NA,"Least concern",NA
1036640,329900,"Prunus padus subsp. petraea (Tausch) Domin",NA,"Rosaceae",NA,1,2025,2025,NA,"Data deficient",NA
1036710,330400,"Pseudorchis albida (L.) Á. Löve & D. Löve",NA,"Orchidaceae",NA,10,1982,2025,NA,"Least concern",NA
1036820,331100,"Puccinellia distans (Jacq.) Parl.",NA,"Poaceae",NA,65,2013,2024,NA,"Least concern",NA
1036980,333195,"Pulsatilla alpina (L.) Delarbre",NA,"Ranunculaceae",NA,12,1982,2021,NA,"Least concern",NA
1037010,333390,"Pulsatilla alpina subsp. apiifolia (Scop.) Nyman",NA,"Ranunculaceae",NA,8,1982,2021,NA,"Least concern",NA
1037090,334100,"Pulsatilla vernalis (L.) Mill.",NA,"Ranunculaceae",NA,2,1982,2011,NA,"Least concern",NA
1037180,334700,"Pyrola rotundifolia L.",NA,"Ericaceae",NA,2,2020,2025,NA,"Least concern",NA
1037370,336595,"Ranunculus acris L.",NA,"Ranunculaceae",NA,7,1982,2025,NA,"Least concern",NA
1037380,336600,"Ranunculus acris L. subsp. acris",NA,"Ranunculaceae",NA,3,1982,2025,NA,"Least concern",NA
1037390,336700,"Ranunculus acris subsp. friesianus (Jord.) Syme",NA,"Ranunculaceae",NA,1,2025,2025,NA,"Least concern",NA
1037410,336800,"Ranunculus alpestris L.",NA,"Ranunculaceae",NA,8,1982,2025,NA,"Least concern",NA
1037510,337700,"Ranunculus bulbosus L.",NA,"Ranunculaceae",NA,1,2013,2013,NA,"Least concern",NA
1037550,338200,"Ranunculus ficaria L.",NA,"Ranunculaceae",NA,3,2013,2018,NA,"Least concern",NA
1037610,338700,"Ranunculus glacialis L.",NA,"Ranunculaceae",NA,7,1938,2025,NA,"Least concern",NA
1037710,339500,"Ranunculus montanus Willd.",NA,"Ranunculaceae",NA,5,1982,2025,NA,"Least concern",NA
1037700,339505,"Ranunculus montanus aggr.",NA,"Ranunculaceae",NA,24,1982,2025,NA,"Least concern",NA
1037750,339900,"Ranunculus parnassiifolius L.",NA,"Ranunculaceae",NA,3,1966,2025,NA,"Least concern",NA
1037790,340300,"Ranunculus platanifolius L.",NA,"Ranunculaceae",NA,1,2020,2020,NA,"Least concern",NA
1037840,340900,"Ranunculus repens L.",NA,"Ranunculaceae",NA,2,2013,2025,NA,"Least concern",NA
1037970,342200,"Ranunculus tuberosus Lapeyr.",NA,"Ranunculaceae",NA,1,1982,2024,NA,"Least concern",NA
1037965,342210,"Ranunculus tuberosus aggr.",NA,"Ranunculaceae",NA,4,1982,2025,NA,"Least concern",NA
1038110,342900,"Reseda lutea L.",NA,"Resedaceae",NA,2,2013,2014,NA,"Least concern",NA
1038230,344100,"Rhinanthus alectorolophus (Scop.) Pollich",NA,"Orobanchaceae",NA,11,1982,2025,NA,"Least concern",NA
1038290,344800,"Rhinanthus minor L.",NA,"Orobanchaceae",NA,2,2025,2025,NA,"Least concern",NA
1038330,345300,"Rhododendron ferrugineum L.",NA,"Ericaceae",NA,10,1982,2025,NA,"Least concern",NA
1038340,345400,"Rhododendron hirsutum L.",NA,"Ericaceae",NA,5,1982,2025,NA,"Least concern",NA
1038360,345450,"Rhododendron ×intermedium Wender.",NA,"Ericaceae",NA,1,2021,2021,NA,"",NA
1038450,346200,"Ribes petraeum Wulfen",NA,"Grossulariaceae",NA,1,1982,2013,NA,"Least concern",NA
1038830,349500,"Rosa pendulina L.",NA,"Rosaceae",NA,3,1982,2025,NA,"Least concern",NA
1039550,354400,"Rubus idaeus L.",NA,"Rosaceae",NA,8,1982,2025,NA,"Least concern",NA
1039950,357400,"Rubus saxatilis L.",NA,"Rosaceae",NA,4,1982,2025,NA,"Least concern",NA
1040140,358900,"Rumex acetosa L.",NA,"Polygonaceae",NA,2,2016,2016,NA,"Least concern",NA
1040160,359000,"Rumex acetosella L.",NA,"Polygonaceae",NA,2,2021,2023,NA,"Least concern",NA
1040190,359300,"Rumex alpestris Jacq.",NA,"Polygonaceae",NA,14,1982,2025,NA,"Least concern",NA
1040200,359400,"Rumex alpinus L.",NA,"Polygonaceae",NA,9,1982,2025,NA,"Least concern",NA
1040280,360300,"Rumex nivalis Hegetschw.",NA,"Polygonaceae",NA,5,1982,2025,NA,"Least concern",NA
1040290,360400,"Rumex obtusifolius L.",NA,"Polygonaceae",NA,2,2023,2025,NA,"Least concern",NA
1040360,360900,"Rumex scutatus L.",NA,"Polygonaceae",NA,4,1982,2025,NA,"Least concern",NA
1040470,362200,"Sagina procumbens L.",NA,"Caryophyllaceae",NA,2,2024,2025,NA,"Least concern",NA
1040480,362300,"Sagina saginoides (L.) H. Karst.",NA,"Caryophyllaceae",NA,16,1982,2025,NA,"Least concern",NA
1040670,363700,"Salix caprea L.",NA,"Salicaceae",NA,3,2021,2025,NA,"Least concern",NA
1040810,364800,"Salix herbacea L.",NA,"Salicaceae",NA,20,1938,2024,NA,"Least concern",NA
1040980,366100,"Salix reticulata L.",NA,"Salicaceae",NA,4,1982,2025,NA,"Least concern",NA
1040990,366200,"Salix retusa L.",NA,"Salicaceae",NA,11,1938,2024,NA,"Least concern",NA
1041010,366300,"Salix serpillifolia Scop.",NA,"Salicaceae",NA,10,1938,2025,NA,"Least concern",NA
1041200,367600,"Salvia pratensis L.",NA,"Lamiaceae",NA,8,2013,2025,NA,"Least concern",NA
1041300,368400,"Sambucus racemosa L.",NA,"Adoxaceae",NA,9,2013,2025,NA,"Least concern",NA
1041340,368650,"Sanguisorba minor Scop.",NA,"Rosaceae",NA,2,2023,2025,NA,"Least concern",NA
1041350,368700,"Sanguisorba minor Scop. subsp. minor",NA,"Rosaceae",NA,1,2023,2023,NA,"Least concern",NA
1041370,369000,"Sanguisorba officinalis L.",NA,"Rosaceae",NA,4,2024,2025,NA,"Near threatened",NA
1041410,369400,"Saponaria ocymoides L.",NA,"Caryophyllaceae",NA,5,1982,2025,NA,"Least concern",NA
1041560,371600,"Saxifraga aizoides L.",NA,"Saxifragaceae",NA,5,1982,2025,NA,"Least concern",NA
1041570,371800,"Saxifraga androsacea L.",NA,"Saxifragaceae",NA,5,1982,2025,NA,"Least concern",NA
1041580,371900,"Saxifraga aphylla Sternb.",NA,"Saxifragaceae",NA,2,1982,2011,NA,"Least concern",NA
1041600,372250,"Saxifraga biflora aggr.",NA,"Saxifragaceae",NA,1,1966,2011,NA,"",NA
1041630,372300,"Saxifraga bryoides L.",NA,"Saxifragaceae",NA,14,1938,2024,NA,"Least concern",NA
1041650,372500,"Saxifraga caesia L.",NA,"Saxifragaceae",NA,7,1982,2024,NA,"Least concern",NA
1041730,373050,"Saxifraga exarata Vill.",NA,"Saxifragaceae",NA,21,1938,2025,NA,"Least concern",NA
1041740,373100,"Saxifraga exarata Vill. subsp. exarata",NA,"Saxifragaceae",NA,1,1938,1982,NA,"Least concern",NA
1041720,373300,"Saxifraga exarata subsp. pseudoexarata (Braun-Blanq.) D. A. Webb",NA,"Saxifragaceae",NA,1,2022,2022,NA,"Data deficient",NA
1041860,374450,"Saxifraga oppositifolia L.",NA,"Saxifragaceae",NA,14,2009,2025,NA,"Least concern",NA
1041890,374600,"Saxifraga paniculata Mill.",NA,"Saxifragaceae",NA,12,1982,2025,NA,"Least concern",NA
1041980,375400,"Saxifraga rotundifolia L.",NA,"Saxifragaceae",NA,3,1982,2025,NA,"Least concern",NA
1042000,375700,"Saxifraga seguieri Spreng.",NA,"Saxifragaceae",NA,12,1938,2011,NA,"Least concern",NA
1042010,375800,"Saxifraga stellaris L.",NA,"Saxifragaceae",NA,7,1938,2025,NA,"Least concern",NA
1042090,376500,"Scabiosa columbaria L.",NA,"Caprifoliaceae",NA,3,2025,2025,NA,"Least concern",NA
1042120,377100,"Scabiosa lucida Vill.",NA,"Caprifoliaceae",NA,8,1982,2025,NA,"Least concern",NA
1042125,377150,"Scabiosa lucida Vill. subsp. lucida",NA,"Caprifoliaceae",NA,1,2025,2025,NA,"",NA
1042760,383300,"Sedum alpestre Vill.",NA,"Crassulaceae",NA,12,1938,2020,NA,"Least concern",NA
1042800,383700,"Sedum atratum L.",NA,"Crassulaceae",NA,4,1982,2025,NA,"Least concern",NA
1043000,385500,"Sedum sexangulare L.",NA,"Crassulaceae",NA,1,2025,2025,NA,"Least concern",NA
1043020,385600,"Sedum spurium M. Bieb.",NA,"Crassulaceae",NA,2,2013,2013,NA,"",NA
1043100,386300,"Selaginella selaginoides (L.) Schrank & Mart.",NA,"Selaginellaceae",NA,7,1982,2025,NA,"Least concern",NA
1043160,387000,"Sempervivum montanum L.",NA,"Crassulaceae",NA,11,1982,2025,NA,"Least concern",NA
1043170,387100,"Sempervivum tectorum L.",NA,"Crassulaceae",NA,2,1982,2025,NA,"Least concern",NA
1043230,387500,"Senecio abrotanifolius L.",NA,"Asteraceae",NA,2,1982,2020,NA,"Least concern",NA
1043250,387600,"Senecio alpinus (L.) Scop.",NA,"Asteraceae",NA,1,2025,2025,NA,"Least concern",NA
1043280,388200,"Senecio doronicum (L.) L.",NA,"Asteraceae",NA,5,1982,2025,NA,"Least concern",NA
1043350,388900,"Senecio hercynicus Herborg",NA,"Asteraceae",NA,0,1982,1982,NA,"Least concern",NA
1043370,389005,"Senecio incanus L.",NA,"Asteraceae",NA,15,1938,2024,NA,"Least concern",NA
1043390,389200,"Senecio incanus subsp. carniolicus (Willd.) Braun-Blanq.",NA,"Asteraceae",NA,14,1938,2024,NA,"Least concern",NA
1043425,389870,"Senecio ovatus aggr.",NA,"Asteraceae",NA,0,1982,1982,NA,"",NA
1043470,390000,"Senecio rupestris Waldst. & Kit.",NA,"Asteraceae",NA,7,2013,2025,NA,"Least concern",NA
1043700,392200,"Sesleria caerulea (L.) Ard.",NA,"Poaceae",NA,9,1982,2025,NA,"Least concern",NA
1043820,393500,"Setaria viridis (L.) P. Beauv.",NA,"Poaceae",NA,1,2013,2013,NA,"Least concern",NA
1043840,393700,"Sibbaldia procumbens L.",NA,"Rosaceae",NA,12,1938,2024,NA,"Least concern",NA
1043890,394300,"Silene acaulis (L.) Jacq.",NA,"Caryophyllaceae",NA,7,1982,2025,NA,"Least concern",NA
1043940,394900,"Silene dioica (L.) Clairv.",NA,"Caryophyllaceae",NA,8,1982,2025,NA,"Least concern",NA
1043960,395100,"Silene exscapa All.",NA,"Caryophyllaceae",NA,13,1982,2025,NA,"Least concern",NA
1043970,395200,"Silene flos-cuculi (L.) Clairv.",NA,"Caryophyllaceae",NA,1,2025,2025,NA,"Least concern",NA
1044020,396050,"Silene nutans L.",NA,"Caryophyllaceae",NA,9,1982,2025,NA,"Least concern",NA
1044030,396100,"Silene nutans L. subsp. nutans",NA,"Caryophyllaceae",NA,5,1982,2025,NA,"Least concern",NA
1044080,396800,"Silene rupestris L.",NA,"Caryophyllaceae",NA,8,1938,2025,NA,"Least concern",NA
1044140,397295,"Silene vulgaris (Moench) Garcke",NA,"Caryophyllaceae",NA,20,1982,2025,NA,"Least concern",NA
1044150,397300,"Silene vulgaris (Moench) Garcke subsp. vulgaris",NA,"Caryophyllaceae",NA,6,1982,2025,NA,"Least concern",NA
1044160,397400,"Silene vulgaris subsp. glareosa (Jord.) Marsden-Jones & Turrill",NA,"Caryophyllaceae",NA,3,2021,2025,NA,"Least concern",NA
1044270,398300,"Sisymbrium austriacum Jacq.",NA,"Brassicaceae",NA,5,2013,2022,NA,"Near threatened",NA
1044540,400600,"Soldanella alpina L.",NA,"Primulaceae",NA,10,1982,2025,NA,"Least concern",NA
1044560,400800,"Soldanella pusilla Baumg.",NA,"Primulaceae",NA,14,1938,2025,NA,"Least concern",NA
1044580,401000,"Solidago canadensis L.",NA,"Asteraceae",NA,3,2013,2022,NA,"",NA
1044575,401050,"Solidago canadensis aggr.",NA,"Asteraceae",NA,4,2013,2024,NA,"",NA
1044620,401395,"Solidago virgaurea L.",NA,"Asteraceae",NA,15,1982,2025,NA,"Least concern",NA
1044640,401500,"Solidago virgaurea subsp. minuta (L.) Arcang.",NA,"Asteraceae",NA,6,1982,2025,NA,"Least concern",NA
1044690,401900,"Sonchus oleraceus L.",NA,"Asteraceae",NA,1,2024,2024,NA,"Least concern",NA
1044740,402300,"Sorbus aucuparia L.",NA,"Rosaceae",NA,6,1982,2025,NA,"Least concern",NA
1044750,402330,"Sorbus aucuparia L. subsp. aucuparia",NA,"Rosaceae",NA,1,2025,2025,NA,"Least concern",NA
1044770,402400,"Sorbus chamaemespilus (L.) Crantz",NA,"Rosaceae",NA,11,1982,2025,NA,"Least concern",NA
1045280,406595,"Stachys recta L.",NA,"Lamiaceae",NA,1,2013,2013,NA,"Least concern",NA
1045290,406600,"Stachys recta L. subsp. recta",NA,"Lamiaceae",NA,1,2013,2013,NA,"Least concern",NA
1045350,407100,"Stellaria alsine Grimm",NA,"Caryophyllaceae",NA,2,2025,2025,NA,"Least concern",NA
1045360,407500,"Stellaria graminea L.",NA,"Caryophyllaceae",NA,3,2014,2025,NA,"Least concern",NA
1045390,407800,"Stellaria media (L.) Vill.",NA,"Caryophyllaceae",NA,1,1982,2013,NA,"Least concern",NA
1045400,407805,"Stellaria media aggr.",NA,"Caryophyllaceae",NA,2,1982,2013,NA,"Least concern",NA
1045420,408095,"Stellaria nemorum L.",NA,"Caryophyllaceae",NA,5,1982,2025,NA,"Least concern",NA
1045430,408100,"Stellaria nemorum L. subsp. nemorum",NA,"Caryophyllaceae",NA,4,1982,2025,NA,"Least concern",NA
1045730,410400,"Symphoricarpos albus (L.) S. F. Blake",NA,"Caprifoliaceae",NA,2,2013,2025,NA,"",NA
1045790,410800,"Symphytum officinale L.",NA,"Boraginaceae",NA,2,2024,2025,NA,"Least concern",NA
1045785,410850,"Symphytum officinale aggr.",NA,"Boraginaceae",NA,4,2024,2025,NA,"",NA
1045990,411800,"Tanacetum vulgare L.",NA,"Asteraceae",NA,3,2012,2024,NA,"Least concern",NA
1046010,412000,"Taraxacum alpinum aggr.",NA,"Asteraceae",NA,11,1982,2020,NA,"Least concern",NA
1046080,413100,"Taraxacum officinale aggr.",NA,"Asteraceae",NA,21,1982,2025,NA,"Least concern",NA
1046300,415100,"Teucrium montanum L.",NA,"Lamiaceae",NA,1,1982,2025,NA,"Least concern",NA
1046340,415500,"Thalictrum aquilegiifolium L.",NA,"Ranunculaceae",NA,1,1982,2024,NA,"Least concern",NA
1046450,417200,"Thesium alpinum L.",NA,"Santalaceae",NA,2,1982,2025,NA,"Least concern",NA
1046500,417700,"Thesium pyrenaicum Pourr.",NA,"Santalaceae",NA,6,2002,2025,NA,"Least concern",NA
1046560,417995,"Thlaspi alpestre aggr.",NA,"Brassicaceae",NA,4,2013,2015,NA,"Near threatened",NA
1046570,418200,"Thlaspi arvense L.",NA,"Brassicaceae",NA,5,2013,2022,NA,"Least concern",NA
1046590,418400,"Thlaspi caerulescens J. Presl & C. Presl",NA,"Brassicaceae",NA,4,2013,2015,NA,"Near threatened",NA
1046610,418800,"Thlaspi perfoliatum L.",NA,"Brassicaceae",NA,3,2013,2025,NA,"Least concern",NA
1046860,420940,"Thymus pulegioides L.",NA,"Lamiaceae",NA,3,2023,2025,NA,"",NA
1046870,420990,"Thymus pulegioides L. subsp. pulegioides",NA,"Lamiaceae",NA,2,2023,2025,NA,"Least concern",NA
1046890,421200,"Thymus serpyllum aggr.",NA,"Lamiaceae",NA,14,2002,2025,NA,"Least concern",NA
1047180,422950,"Tragopogon pratensis L.",NA,"Asteraceae",NA,4,2015,2025,NA,"Least concern",NA
1047220,423300,"Tragopogon pratensis subsp. orientalis (L.) Čelak.",NA,"Asteraceae",NA,2,2025,2025,NA,"Least concern",NA
1047290,423900,"Trichophorum cespitosum (L.) Hartm.",NA,"Cyperaceae",NA,2,1982,2025,NA,"Least concern",NA
1047370,424500,"Trifolium alpinum L.",NA,"Fabaceae",NA,14,1938,2025,NA,"Least concern",NA
1047410,424900,"Trifolium badium Schreb.",NA,"Fabaceae",NA,5,1982,2025,NA,"Least concern",NA
1047460,425595,"Trifolium hybridum L.",NA,"Fabaceae",NA,4,2013,2022,NA,"",NA
1047470,425600,"Trifolium hybridum L. subsp. hybridum",NA,"Fabaceae",NA,1,2022,2022,NA,"",NA
1047520,426000,"Trifolium medium L.",NA,"Fabaceae",NA,2,2024,2025,NA,"Least concern",NA
1047540,426300,"Trifolium montanum L.",NA,"Fabaceae",NA,8,2002,2025,NA,"Least concern",NA
1047600,426895,"Trifolium pratense L.",NA,"Fabaceae",NA,19,1982,2025,NA,"Least concern",NA
1047620,427000,"Trifolium pratense subsp. nivale (W. D. J. Koch) Ces.",NA,"Fabaceae",NA,2,1982,2025,NA,"Least concern",NA
1047630,427100,"Trifolium repens L.",NA,"Fabaceae",NA,9,1982,2025,NA,"Least concern",NA
1047640,427200,"Trifolium repens L. subsp. repens",NA,"Fabaceae",NA,1,2025,2025,NA,"Least concern",NA
1047760,428100,"Trifolium thalii Vill.",NA,"Fabaceae",NA,3,1982,2024,NA,"Least concern",NA
1047840,428700,"Tripleurospermum inodorum (L.) Sch. Bip.",NA,"Asteraceae",NA,3,2014,2025,NA,"Least concern",NA
1047880,429300,"Trisetum distichophyllum (Vill.) P. Beauv.",NA,"Poaceae",NA,5,1982,2025,NA,"Least concern",NA
1047890,429400,"Trisetum flavescens (L.) P. Beauv.",NA,"Poaceae",NA,11,1982,2025,NA,"Least concern",NA
1047920,429500,"Trisetum spicatum (L.) K. Richt.",NA,"Poaceae",NA,4,1982,2011,NA,"Least concern",NA
1047930,429600,"Triticum aestivum L.",NA,"Poaceae",NA,1,2013,2013,NA,"",NA
1048030,430600,"Trollius europaeus L.",NA,"Ranunculaceae",NA,16,1982,2025,NA,"Least concern",NA
1048210,431900,"Turritis glabra L.",NA,"Brassicaceae",NA,1,2013,2013,NA,"Least concern",NA
1048220,432000,"Tussilago farfara L.",NA,"Asteraceae",NA,16,1982,2025,NA,"Least concern",NA
1048360,433400,"Urtica dioica L.",NA,"Urticaceae",NA,7,1982,2025,NA,"Least concern",NA
1048370,433500,"Urtica urens L.",NA,"Urticaceae",NA,2,2015,2017,NA,"Vulnerable",NA
1048470,434500,"Vaccinium gaultherioides Bigelow",NA,"Ericaceae",NA,6,2009,2024,NA,"Least concern",NA
1048520,435100,"Vaccinium uliginosum aggr.",NA,"Ericaceae",NA,7,1982,2024,NA,"Least concern",NA
1048545,435330,"Vaccinium vitis-idaea L. subsp. vitis-idaea",NA,"Ericaceae",NA,3,2023,2025,NA,"",NA
1048590,435700,"Valeriana montana L.",NA,"Caprifoliaceae",NA,6,1982,2025,NA,"Least concern",NA
1048610,435800,"Valeriana officinalis L.",NA,"Caprifoliaceae",NA,1,2024,2024,NA,"Least concern",NA
1048600,435900,"Valeriana officinalis aggr.",NA,"Caprifoliaceae",NA,2,2024,2024,NA,"Least concern",NA
1048680,436600,"Valeriana supina Ard.",NA,"Caprifoliaceae",NA,6,1982,2025,NA,"Least concern",NA
1048710,436900,"Valeriana versifolia Brügger",NA,"Caprifoliaceae",NA,1,2024,2024,NA,"Least concern",NA
1048820,437800,"Veratrum album L.",NA,"Melanthiaceae",NA,9,1982,2025,NA,"Least concern",NA
1049020,439650,"Verbascum thapsus L.",NA,"Scrophulariaceae",NA,6,2013,2025,NA,"Least concern",NA
1049030,439700,"Verbascum thapsus L. subsp. thapsus",NA,"Scrophulariaceae",NA,2,2013,2025,NA,"Least concern",NA
1049100,440200,"Veronica agrestis L.",NA,"Plantaginaceae",NA,1,2015,2015,NA,"Least concern",NA
1049120,440400,"Veronica alpina L.",NA,"Plantaginaceae",NA,11,1938,2024,NA,"Least concern",NA
1049150,440700,"Veronica aphylla L.",NA,"Plantaginaceae",NA,8,1982,2025,NA,"Least concern",NA
1049160,440800,"Veronica arvensis L.",NA,"Plantaginaceae",NA,5,2013,2025,NA,"Least concern",NA
1049180,441000,"Veronica beccabunga L.",NA,"Plantaginaceae",NA,5,1982,2025,NA,"Least concern",NA
1049190,441100,"Veronica bellidioides L.",NA,"Plantaginaceae",NA,13,1938,2024,NA,"Least concern",NA
1049210,441400,"Veronica chamaedrys L.",NA,"Plantaginaceae",NA,15,1982,2025,NA,"Least concern",NA
1049260,441600,"Veronica filiformis Sm.",NA,"Plantaginaceae",NA,2,2015,2016,NA,"",NA
1049270,441700,"Veronica fruticans Jacq.",NA,"Plantaginaceae",NA,8,1938,2025,NA,"Least concern",NA
1049280,441800,"Veronica fruticulosa L.",NA,"Plantaginaceae",NA,1,1932,1966,NA,"Least concern",NA
1049380,442700,"Veronica persica Poir.",NA,"Plantaginaceae",NA,4,2013,2013,NA,"",NA
1049390,442800,"Veronica polita Fr.",NA,"Plantaginaceae",NA,2,2013,2013,NA,"Least concern",NA
1049460,443395,"Veronica serpyllifolia L.",NA,"Plantaginaceae",NA,6,2025,2025,NA,"Least concern",NA
1049480,443500,"Veronica serpyllifolia subsp. humifusa (Dicks.) Syme",NA,"Plantaginaceae",NA,4,2025,2025,NA,"Least concern",NA
1049520,444100,"Veronica urticifolia Jacq.",NA,"Plantaginaceae",NA,2,2013,2024,NA,"Least concern",NA
1049620,444995,"Vicia cracca L.",NA,"Fabaceae",NA,7,2013,2025,NA,"Least concern",NA
1049630,445000,"Vicia cracca L. subsp. cracca",NA,"Fabaceae",NA,4,2024,2025,NA,"Least concern",NA
1049860,447400,"Vicia sepium L.",NA,"Fabaceae",NA,9,2013,2025,NA,"Least concern",NA
1049950,448400,"Vinca minor L.",NA,"Apocynaceae",NA,1,2013,2013,NA,"Least concern",NA
1050000,449000,"Viola arvensis Murray",NA,"Violaceae",NA,1,2013,2013,NA,"Least concern",NA
1050010,449100,"Viola biflora L.",NA,"Violaceae",NA,14,1982,2025,NA,"Least concern",NA
1050020,449200,"Viola calcarata L.",NA,"Violaceae",NA,4,1982,2025,NA,"Least concern",NA
1050030,449220,"Viola calcarata L. subsp. calcarata",NA,"Violaceae",NA,1,2025,2025,NA,"",NA
1050110,449800,"Viola collina Besser",NA,"Violaceae",NA,1,2013,2013,NA,"Least concern",NA
1050280,451700,"Viola riviniana Rchb.",NA,"Violaceae",NA,1,2025,2025,NA,"Least concern",NA
1050290,451800,"Viola rupestris F. W. Schmidt",NA,"Violaceae",NA,4,2013,2021,NA,"Least concern",NA
1050340,452500,"Viola tricolor L.",NA,"Violaceae",NA,6,1982,2025,NA,"",NA
1050345,452501,"Viola tricolor L. subsp. tricolor",NA,"Violaceae",NA,3,2024,2025,NA,"Least concern",NA
1050330,452510,"Viola tricolor aggr.",NA,"Violaceae",NA,8,1982,2025,NA,"Least concern",NA
1050530,454200,"Willemetia stipitata (Jacq.) Dalla Torre",NA,"Asteraceae",NA,6,1982,2025,NA,"Near threatened",NA
1050560,454500,"Woodsia alpina (Bolton) Gray",NA,"Woodsiaceae",NA,1,1982,2010,NA,"Least concern",NA
