"TaxonID","SIFS","Scientific.name","Vernacular.name","Family","Introduced","Nb..Obs.","Years..min.","Years..max.","Doubtful....","IUCN.status","WS.Code"
1000260,1350,"Achillea erba-rotta All.",NA,"Asteraceae",NA,13,1982,2025,NA,"Least concern",NA
1000290,1500,"Achillea erba-rotta subsp. moschata (Wulfen) Vacc.",NA,"Asteraceae",NA,8,1982,2025,NA,"Least concern",NA
1000320,1706,"Achillea millefolium aggr.",NA,"Asteraceae",NA,13,2004,2025,NA,"Least concern",NA
1000360,1900,"Achillea nana L.",NA,"Asteraceae",NA,3,1982,2024,NA,"Least concern",NA
1000460,2800,"Acinos alpinus (L.) Moench",NA,"Lamiaceae",NA,7,1982,2024,NA,"Least concern",NA
1000543,3510,"Aconitum lycoctonum L.",NA,"Ranunculaceae",NA,7,1982,2024,NA,"Least concern",NA
1000548,3520,"Aconitum lycoctonum subsp. neapolitanum (Ten.) Nyman",NA,"Ranunculaceae",NA,1,1982,2024,NA,"Least concern",NA
1000563,3540,"Aconitum napellus L.",NA,"Ranunculaceae",NA,9,1982,2024,NA,"Least concern",NA
1000770,5400,"Adenostyles alliariae (Gouan) A. Kern.",NA,"Asteraceae",NA,11,1982,2025,NA,"Least concern",NA
1000800,5600,"Adenostyles leucophylla (Willd.) Rchb.",NA,"Asteraceae",NA,3,1982,2023,NA,"Least concern",NA
1001060,8400,"Agrostis alpina Scop.",NA,"Poaceae",NA,9,1982,2025,NA,"Least concern",NA
1001080,8600,"Agrostis capillaris L.",NA,"Poaceae",NA,11,2004,2024,NA,"Least concern",NA
1001090,8700,"Agrostis gigantea Roth",NA,"Poaceae",NA,2,2004,2009,NA,"Least concern",NA
1001100,8900,"Agrostis rupestris All.",NA,"Poaceae",NA,30,1982,2025,NA,"Least concern",NA
1001120,9100,"Agrostis schraderiana Bech.",NA,"Poaceae",NA,24,1982,2025,NA,"Least concern",NA
1001130,9300,"Agrostis stolonifera L.",NA,"Poaceae",NA,14,1982,2024,NA,"Least concern",NA
1001220,10300,"Ajuga pyramidalis L.",NA,"Lamiaceae",NA,13,1982,2024,NA,"Least concern",NA
1001340,11200,"Alchemilla alpina aggr.",NA,"Rosaceae",NA,1,2019,2019,NA,"Least concern",NA
1001330,11100,"Alchemilla alpina superaggr.",NA,"",NA,1,1982,2019,NA,"",NA
1001410,12100,"Alchemilla conjuncta superaggr.",NA,"",NA,0,1982,1982,NA,"",NA
1001640,14000,"Alchemilla fissa aggr.",NA,"Rosaceae",NA,3,1982,2025,NA,"Least concern",NA
1002110,18100,"Alchemilla pentaphyllea L.",NA,"Rosaceae",NA,0,1982,1982,NA,"Least concern",NA
1002440,21100,"Alchemilla vulgaris aggr.",NA,"Rosaceae",NA,4,2019,2023,NA,"Least concern",NA
1002870,25400,"Alnus viridis (Chaix) DC.",NA,"Betulaceae",NA,12,1982,2025,NA,"Least concern",NA
1002920,26000,"Alopecurus pratensis L.",NA,"Poaceae",NA,1,2024,2024,NA,"Least concern",NA
1003540,31800,"Androsace chamaejasme Wulfen",NA,"Primulaceae",NA,1,1982,2019,NA,"Least concern",NA
1003600,32400,"Androsace obtusifolia All.",NA,"Primulaceae",NA,9,1982,2024,NA,"Least concern",NA
1003840,34300,"Antennaria carpatica (Wahlenb.) Bluff & Fingerh.",NA,"Asteraceae",NA,4,1982,2024,NA,"Least concern",NA
1003850,34400,"Antennaria dioica (L.) Gaertn.",NA,"Asteraceae",NA,55,1982,2024,NA,"Least concern",NA
1003970,35400,"Anthoxanthum odoratum L.",NA,"Poaceae",NA,4,2023,2023,NA,"Least concern",NA
1003960,35500,"Anthoxanthum odoratum aggr.",NA,"Poaceae",NA,40,2004,2025,NA,"Least concern",NA
1004070,36790,"Anthyllis vulneraria L.",NA,"Fabaceae",NA,5,2019,2024,NA,"Least concern",NA
1004360,39350,"Arabis alpina L.",NA,"Brassicaceae",NA,8,1982,2024,NA,"Least concern",NA
1004370,39400,"Arabis alpina L. subsp. alpina",NA,"Brassicaceae",NA,0,1982,1982,NA,"",NA
1004430,40000,"Arabis caerulea All.",NA,"Brassicaceae",NA,1,1982,2023,NA,"Least concern",NA
1004570,42000,"Arabis subcoriacea Gren.",NA,"Brassicaceae",NA,7,1982,2024,NA,"Least concern",NA
1004680,43000,"Arctostaphylos alpina (L.) Spreng.",NA,"Ericaceae",NA,4,1982,2024,NA,"Least concern",NA
1004690,43100,"Arctostaphylos uva-ursi (L.) Spreng.",NA,"Ericaceae",NA,10,1982,2024,NA,"Least concern",NA
1004720,43400,"Arenaria biflora L.",NA,"Caryophyllaceae",NA,5,1982,2024,NA,"Least concern",NA
1004780,44100,"Arenaria marschlinsii W. D. J. Koch",NA,"Caryophyllaceae",NA,0,1982,1982,NA,"Near threatened",NA
1004910,45700,"Arnica montana L.",NA,"Asteraceae",NA,101,1982,2025,NA,"Least concern",NA
1005080,47000,"Artemisia genipi Weber",NA,"Asteraceae",NA,4,1982,2023,NA,"Least concern",NA
1005540,51200,"Asplenium septentrionale (L.) Hoffm.",NA,"Aspleniaceae",NA,1,1982,2009,NA,"Least concern",NA
1005610,51500,"Asplenium viride Huds.",NA,"Aspleniaceae",NA,1,1982,2019,NA,"Least concern",NA
1005640,51800,"Aster alpinus L.",NA,"Asteraceae",NA,1,1982,2019,NA,"Least concern",NA
1005660,52000,"Aster bellidiastrum (L.) Scop.",NA,"Asteraceae",NA,1,1982,2019,NA,"Least concern",NA
1005790,53200,"Astragalus alpinus L.",NA,"Fabaceae",NA,2,1982,2019,NA,"Least concern",NA
1006080,55600,"Athyrium distentifolium Opiz",NA,"Athyriaceae",NA,6,1982,2025,NA,"Least concern",NA
1006090,55700,"Athyrium filix-femina (L.) Roth",NA,"Athyriaceae",NA,5,1982,2024,NA,"Least concern",NA
1006320,57400,"Avenella flexuosa (L.) Drejer",NA,"Poaceae",NA,58,1982,2025,NA,"Least concern",NA
1006460,58700,"Bartsia alpina L.",NA,"Orobanchaceae",NA,31,1982,2025,NA,"Least concern",NA
1006530,59200,"Berberis vulgaris L.",NA,"Berberidaceae",NA,0,1982,1982,NA,"Least concern",NA
1006600,60400,"Betula pendula Roth",NA,"Betulaceae",NA,1,2004,2004,NA,"Least concern",NA
1006595,60450,"Betula pendula aggr.",NA,"Betulaceae",NA,1,2004,2004,NA,"",NA
1006780,62000,"Biscutella laevigata L.",NA,"Brassicaceae",NA,12,1982,2024,NA,"Least concern",NA
1006990,63300,"Botrychium lunaria (L.) Sw.",NA,"Ophioglossaceae",NA,13,1982,2024,NA,"Least concern",NA
1007200,65200,"Briza media L.",NA,"Poaceae",NA,8,1982,2024,NA,"Least concern",NA
1007940,71400,"Calamagrostis varia (Schrad.) Host",NA,"Poaceae",NA,5,1966,2024,NA,"Least concern",NA
1007950,71500,"Calamagrostis villosa (Chaix) J. F. Gmel.",NA,"Poaceae",NA,11,2004,2024,NA,"Least concern",NA
1008130,73300,"Callitriche palustris L.",NA,"Plantaginaceae",NA,0,1982,1982,NA,"Least concern",NA
1008160,73600,"Calluna vulgaris (L.) Hull",NA,"Ericaceae",NA,18,1982,2025,NA,"Least concern",NA
1008300,74700,"Campanula barbata L.",NA,"Campanulaceae",NA,85,1982,2025,NA,"Least concern",NA
1008370,75000,"Campanula cenisia L.",NA,"Campanulaceae",NA,7,1982,2024,NA,"Least concern",NA
1008650,77200,"Campanula scheuchzeri Vill.",NA,"Campanulaceae",NA,61,1982,2025,NA,"Least concern",NA
1008680,77500,"Campanula thyrsoides L.",NA,"Campanulaceae",NA,0,1982,1982,NA,"Least concern",NA
1008780,78200,"Cardamine alpina Willd.",NA,"Brassicaceae",NA,2,1982,2023,NA,"Least concern",NA
1008790,78300,"Cardamine amara L.",NA,"Brassicaceae",NA,8,1982,2024,NA,"Least concern",NA
1009020,80300,"Cardamine resedifolia L.",NA,"Brassicaceae",NA,9,1982,2024,NA,"Least concern",NA
1009110,81000,"Cardaminopsis halleri (L.) Hayek",NA,"Brassicaceae",NA,3,1991,2024,NA,"Least concern",NA
1009170,81595,"Carduus defloratus L.",NA,"Asteraceae",NA,10,1982,2024,NA,"Least concern",NA
1009200,81900,"Carduus defloratus subsp. tridentinus (Evers) Murr",NA,"Asteraceae",NA,0,1982,1982,NA,"Least concern",NA
1009330,83350,"Carex atrata L.",NA,"Cyperaceae",NA,6,2004,2024,NA,"Least concern",NA
1009320,83405,"Carex atrata aggr.",NA,"Cyperaceae",NA,8,1982,2024,NA,"",NA
1009480,84600,"Carex canescens L.",NA,"Cyperaceae",NA,4,2004,2024,NA,"Least concern",NA
1009490,84700,"Carex capillaris L.",NA,"Cyperaceae",NA,6,1982,2024,NA,"Least concern",NA
1009510,84900,"Carex caryophyllea Latourr.",NA,"Cyperaceae",NA,3,1982,2024,NA,"Least concern",NA
1009540,85395,"Carex curvula All.",NA,"Cyperaceae",NA,30,1982,2025,NA,"Least concern",NA
1009550,85400,"Carex curvula All. subsp. curvula",NA,"Cyperaceae",NA,0,1982,1982,NA,"Least concern",NA
1009570,85700,"Carex davalliana Sm.",NA,"Cyperaceae",NA,2,1982,2024,NA,"Least concern",NA
1009610,86100,"Carex digitata L.",NA,"Cyperaceae",NA,1,2024,2024,NA,"Least concern",NA
1009680,86700,"Carex echinata Murray",NA,"Cyperaceae",NA,8,1982,2024,NA,"Least concern",NA
1009720,87100,"Carex ericetorum Pollich",NA,"Cyperaceae",NA,8,1982,2024,NA,"Near threatened",NA
1009730,87200,"Carex ferruginea Scop.",NA,"Cyperaceae",NA,3,1982,2024,NA,"Least concern",NA
1009760,87500,"Carex flacca Schreb.",NA,"Cyperaceae",NA,2,1982,2024,NA,"Least concern",NA
1009770,87605,"Carex flava aggr.",NA,"Cyperaceae",NA,4,2014,2024,NA,"Least concern",NA
1009800,87800,"Carex frigida All.",NA,"Cyperaceae",NA,14,1982,2024,NA,"Least concern",NA
1009920,89100,"Carex lachenalii Schkuhr",NA,"Cyperaceae",NA,2,1982,2024,NA,"Least concern",NA
1009970,89500,"Carex leporina L.",NA,"Cyperaceae",NA,4,1982,2024,NA,"Least concern",NA
1010040,90300,"Carex montana L.",NA,"Cyperaceae",NA,1,2024,2024,NA,"Least concern",NA
1010050,90400,"Carex mucronata All.",NA,"Cyperaceae",NA,0,1966,1966,NA,"Least concern",NA
1010070,90700,"Carex nigra (L.) Reichard",NA,"Cyperaceae",NA,11,1982,2024,NA,"Least concern",NA
1010080,90900,"Carex norvegica Retz.",NA,"Cyperaceae",NA,0,1966,1966,NA,"Vulnerable",NA
1010090,91200,"Carex ornithopoda Willd.",NA,"Cyperaceae",NA,11,1982,2024,NA,"Least concern",NA
1010130,91600,"Carex pallescens L.",NA,"Cyperaceae",NA,6,2004,2024,NA,"Least concern",NA
1010140,91700,"Carex panicea L.",NA,"Cyperaceae",NA,9,1982,2024,NA,"Least concern",NA
1010160,92000,"Carex parviflora Host",NA,"Cyperaceae",NA,2,1982,2023,NA,"Least concern",NA
1010180,92200,"Carex paupercula Michx.",NA,"Cyperaceae",NA,2,1994,2023,NA,"Near threatened",NA
1010340,93900,"Carex sempervirens Vill.",NA,"Cyperaceae",NA,34,1982,2025,NA,"Least concern",NA
1010490,95800,"Carlina acaulis L.",NA,"Asteraceae",NA,18,1982,2025,NA,"Least concern",NA
1010510,96000,"Carlina acaulis subsp. caulescens (Lam.) Schübl. & G. Martens",NA,"Asteraceae",NA,4,2004,2024,NA,"",NA
1010610,97100,"Carum carvi L.",NA,"Apiaceae",NA,11,1982,2025,NA,"Least concern",NA
1010980,99995,"Centaurea scabiosa L.",NA,"Asteraceae",NA,0,1982,1982,NA,"Least concern",NA
1011000,100100,"Centaurea scabiosa subsp. alpestris (Hegetschw.) Nyman",NA,"Asteraceae",NA,0,1982,1982,NA,"Least concern",NA
1011250,102200,"Cerastium alpinum L.",NA,"Caryophyllaceae",NA,1,1982,2024,NA,"Least concern",NA
1011270,102595,"Cerastium arvense L.",NA,"Caryophyllaceae",NA,7,2004,2024,NA,"Least concern",NA
1011370,103400,"Cerastium cerastoides (L.) Britton",NA,"Caryophyllaceae",NA,6,1982,2024,NA,"Least concern",NA
1011390,103595,"Cerastium fontanum Baumg.",NA,"Caryophyllaceae",NA,11,1982,2024,NA,"Least concern",NA
1011400,103600,"Cerastium fontanum Baumg. subsp. fontanum",NA,"Caryophyllaceae",NA,0,1982,1982,NA,"Least concern",NA
1011480,104600,"Cerastium pedunculatum Gaudin",NA,"Caryophyllaceae",NA,0,1966,1966,NA,"Least concern",NA
1011590,105700,"Cerinthe glabra Mill.",NA,"Boraginaceae",NA,0,1966,1966,NA,"Least concern",NA
1011700,106705,"Chaerophyllum hirsutum aggr.",NA,"Apiaceae",NA,10,2004,2024,NA,"Least concern",NA
1011810,107700,"Chamorchis alpina (L.) Rich.",NA,"Orchidaceae",NA,1,1982,2020,NA,"Least concern",NA
1011880,108500,"Chenopodium bonus-henricus L.",NA,"Amaranthaceae",NA,6,1982,2024,NA,"Least concern",NA
1012300,113700,"Cirsium acaule Scop.",NA,"Asteraceae",NA,14,1982,2024,NA,"Least concern",NA
1012370,114400,"Cirsium helenioides (L.) Hill",NA,"Asteraceae",NA,0,1982,1982,NA,"Least concern",NA
1012450,115300,"Cirsium spinosissimum (L.) Scop.",NA,"Asteraceae",NA,17,1982,2025,NA,"Least concern",NA
1012570,116000,"Clematis alpina (L.) Mill.",NA,"Ranunculaceae",NA,1,2004,2004,NA,"Least concern",NA
1012750,117200,"Coeloglossum viride (L.) Hartm.",NA,"Orchidaceae",NA,24,1982,2024,NA,"Least concern",NA
1013020,118800,"Convallaria majalis L.",NA,"Asparagaceae",NA,6,2009,2024,NA,"Least concern",NA
1013450,121800,"Cotoneaster integerrimus Medik.",NA,"Rosaceae",NA,5,1982,2019,NA,"Least concern",NA
1013620,122900,"Crepis alpestris (Jacq.) Tausch",NA,"Asteraceae",NA,1,2024,2024,NA,"Least concern",NA
1013630,123000,"Crepis aurea (L.) Cass.",NA,"Asteraceae",NA,10,1982,2024,NA,"Least concern",NA
1013650,123300,"Crepis bocconei P. D. Sell",NA,"Asteraceae",NA,0,1966,1966,NA,"Least concern",NA
1013800,124800,"Crepis pyrenaica (L.) Greuter",NA,"Asteraceae",NA,1,2024,2024,NA,"Least concern",NA
1013880,125800,"Crocus albiflorus Kit.",NA,"Iridaceae",NA,7,1982,2024,NA,"Least concern",NA
1014000,126600,"Cryptogramma crispa (L.) Hook.",NA,"Pteridaceae",NA,2,1982,2024,NA,"Least concern",NA
1014130,127800,"Cuscuta epithymum (L.) L.",NA,"Convolvulaceae",NA,5,2009,2024,NA,"Least concern",NA
1014515,130750,"Cystopteris fragilis aggr.",NA,"Cystopteridaceae",NA,5,2004,2024,NA,"",NA
1014530,130800,"Cystopteris montana (Lam.) Desv.",NA,"Cystopteridaceae",NA,0,1966,1966,NA,"Least concern",NA
1014610,131800,"Dactylis glomerata L.",NA,"Poaceae",NA,2,2014,2024,NA,"Least concern",NA
1014760,132600,"Dactylorhiza maculata (L.) Soó",NA,"Orchidaceae",NA,1,1982,2019,NA,"Least concern",NA
1014910,133700,"Daphne striata Tratt.",NA,"Thymelaeaceae",NA,26,1982,2025,NA,"Least concern",NA
1015040,134800,"Deschampsia cespitosa (L.) P. Beauv.",NA,"Poaceae",NA,13,1982,2025,NA,"Least concern",NA
1015200,136000,"Dianthus glacialis Haenke",NA,"Caryophyllaceae",NA,3,1982,2023,NA,"Least concern",NA
1015280,136800,"Dianthus superbus L.",NA,"Caryophyllaceae",NA,13,1982,2025,NA,"Least concern",NA
1015310,136900,"Dianthus sylvestris Wulfen",NA,"Caryophyllaceae",NA,0,1982,1982,NA,"Least concern",NA
1015360,137300,"Digitalis lutea L.",NA,"Plantaginaceae",NA,2,2024,2024,NA,"Least concern",NA
1015420,137800,"Diphasiastrum alpinum (L.) Holub",NA,"Lycopodiaceae",NA,5,1982,2025,NA,"Least concern",NA
1015560,139700,"Doronicum clusii (All.) Tausch",NA,"Asteraceae",NA,3,1982,2025,NA,"Least concern",NA
1015590,140000,"Doronicum grandiflorum Lam.",NA,"Asteraceae",NA,2,1982,2023,NA,"Least concern",NA
1015670,140500,"Draba aizoides L.",NA,"Brassicaceae",NA,3,1982,2023,NA,"Least concern",NA
1015870,142600,"Dryopteris affinis (Lowe) Fraser-Jenk.",NA,"Dryopteridaceae",NA,1,2024,2024,NA,"Least concern",NA
1015880,142700,"Dryopteris affinis subsp. borreri (Newman) Fraser-Jenk.",NA,"Dryopteridaceae",NA,1,2024,2024,NA,"Least concern",NA
1015910,143100,"Dryopteris carthusiana (Vill.) H. P. Fuchs",NA,"Dryopteridaceae",NA,1,2009,2009,NA,"Least concern",NA
1015930,143300,"Dryopteris dilatata (Hoffm.) A. Gray",NA,"Dryopteridaceae",NA,5,1982,2024,NA,"Least concern",NA
1015925,143350,"Dryopteris dilatata aggr.",NA,"Dryopteridaceae",NA,5,1982,2024,NA,"",NA
1015950,143500,"Dryopteris filix-mas (L.) Schott",NA,"Dryopteridaceae",NA,4,1982,2024,NA,"Least concern",NA
1016320,145900,"Eleocharis quinqueflora (Hartmann) O. Schwarz",NA,"Cyperaceae",NA,1,1982,2023,NA,"Least concern",NA
1016460,146600,"Elyna myosuroides (Vill.) Fritsch",NA,"Cyperaceae",NA,6,1982,2024,NA,"Least concern",NA
1016470,146795,"Empetrum nigrum L.",NA,"Ericaceae",NA,15,2004,2024,NA,"Least concern",NA
1016520,147500,"Epilobium alsinifolium Vill.",NA,"Onagraceae",NA,5,1982,2024,NA,"Least concern",NA
1016530,147600,"Epilobium anagallidifolium Lam.",NA,"Onagraceae",NA,3,1982,2024,NA,"Least concern",NA
1016540,147700,"Epilobium angustifolium L.",NA,"Onagraceae",NA,11,1982,2025,NA,"Least concern",NA
1016560,147900,"Epilobium collinum C. C. Gmel.",NA,"Onagraceae",NA,3,2009,2024,NA,"Least concern",NA
1016590,148200,"Epilobium fleischeri Hochst.",NA,"Onagraceae",NA,3,2022,2024,NA,"Least concern",NA
1016620,148600,"Epilobium montanum L.",NA,"Onagraceae",NA,1,2014,2014,NA,"Least concern",NA
1016630,148700,"Epilobium nutans F. W. Schmidt",NA,"Onagraceae",NA,3,2014,2024,NA,"Least concern",NA
1016920,150600,"Equisetum arvense L.",NA,"Equisetaceae",NA,1,2019,2019,NA,"Least concern",NA
1017000,151600,"Equisetum variegatum Schleich.",NA,"Equisetaceae",NA,12,1982,2024,NA,"Least concern",NA
1017440,153300,"Erigeron acris L.",NA,"Asteraceae",NA,2,2019,2019,NA,"Least concern",NA
1017490,153600,"Erigeron alpinus L.",NA,"Asteraceae",NA,5,1982,2024,NA,"Least concern",NA
1017485,153650,"Erigeron alpinus aggr.",NA,"Asteraceae",NA,8,1982,2024,NA,"",NA
1017590,154700,"Erigeron neglectus A. Kern.",NA,"Asteraceae",NA,1,2004,2004,NA,"Least concern",NA
1017610,155000,"Erigeron uniflorus L.",NA,"Asteraceae",NA,2,1982,2023,NA,"Least concern",NA
1017640,155200,"Eriophorum angustifolium Honck.",NA,"Cyperaceae",NA,2,1982,2024,NA,"Least concern",NA
1017670,155500,"Eriophorum scheuchzeri Hoppe",NA,"Cyperaceae",NA,7,1982,2023,NA,"Least concern",NA
1018170,159800,"Euphorbia cyparissias L.",NA,"Euphorbiaceae",NA,8,1982,2024,NA,"Least concern",NA
1018520,162000,"Euphrasia alpina Lam.",NA,"Orobanchaceae",NA,2,1966,2019,NA,"Least concern",NA
1018560,162500,"Euphrasia hirtella Reut.",NA,"Orobanchaceae",NA,3,2004,2024,NA,"Least concern",NA
1018600,162750,"Euphrasia minima Schleich.",NA,"Orobanchaceae",NA,42,1982,2025,NA,"Least concern",NA
1018700,163450,"Euphrasia rostkoviana Hayne",NA,"Orobanchaceae",NA,7,2024,2025,NA,"Least concern",NA
1018710,163500,"Euphrasia rostkoviana Hayne subsp. rostkoviana",NA,"Orobanchaceae",NA,3,2024,2024,NA,"Least concern",NA
1018685,163850,"Euphrasia rostkoviana aggr.",NA,"Orobanchaceae",NA,8,2023,2025,NA,"",NA
1018750,164000,"Euphrasia stricta J. F. Lehm.",NA,"Orobanchaceae",NA,1,2019,2019,NA,"Near threatened",NA
1019180,167600,"Festuca halleri All.",NA,"Poaceae",NA,1,1982,2023,NA,"Least concern",NA
1019160,167650,"Festuca halleri aggr.",NA,"Poaceae",NA,4,1982,2024,NA,"Least concern",NA
1019309,168580,"Festuca ovina superaggr.",NA,"",NA,1,2024,2024,NA,"",NA
1019380,169100,"Festuca pratensis Huds.",NA,"Poaceae",NA,1,2024,2024,NA,"Least concern",NA
1019420,169600,"Festuca pulchella Schrad.",NA,"Poaceae",NA,1,1982,2004,NA,"Least concern",NA
1019450,170000,"Festuca quadriflora Honck.",NA,"Poaceae",NA,1,1982,2009,NA,"Least concern",NA
1019480,170100,"Festuca rubra L.",NA,"Poaceae",NA,7,2019,2025,NA,"Least concern",NA
1019470,170200,"Festuca rubra aggr.",NA,"Poaceae",NA,25,1982,2025,NA,"Least concern",NA
1019650,171800,"Festuca varia aggr.",NA,"Poaceae",NA,10,2024,2024,NA,"Least concern",NA
1019670,172100,"Festuca violacea aggr.",NA,"Poaceae",NA,7,1982,2024,NA,"Least concern",NA
1020160,175620,"Gagea fragifera (Vill.) Ehr. Bayer & G. López",NA,"Liliaceae",NA,3,1982,2019,NA,"Least concern",NA
1020350,177100,"Galeopsis tetrahit L.",NA,"Lamiaceae",NA,1,2004,2004,NA,"Least concern",NA
1020390,177500,"Galium anisophyllon Vill.",NA,"Rubiaceae",NA,13,1982,2025,NA,"Least concern",NA
1020490,178700,"Galium lucidum All.",NA,"Rubiaceae",NA,0,1982,1982,NA,"Least concern",NA
1020600,179700,"Galium pumilum Murray",NA,"Rubiaceae",NA,12,1982,2024,NA,"Least concern",NA
1020595,179650,"Galium pumilum aggr.",NA,"Rubiaceae",NA,27,1982,2025,NA,"",NA
1020890,182200,"Gentiana acaulis L.",NA,"Gentianaceae",NA,91,1982,2025,NA,"Least concern",NA
1020970,182900,"Gentiana bavarica L.",NA,"Gentianaceae",NA,6,1982,2025,NA,"Least concern",NA
1021000,183100,"Gentiana campestris L.",NA,"Gentianaceae",NA,12,1982,2025,NA,"Least concern",NA
1021010,183200,"Gentiana campestris L. subsp. campestris",NA,"Gentianaceae",NA,1,2004,2004,NA,"Least concern",NA
1021060,183700,"Gentiana engadinensis (Wettst.) Braun-Blanq. & Sam.",NA,"Gentianaceae",NA,0,1982,1982,NA,"Near threatened",NA
1021090,183800,"Gentiana germanica Willd.",NA,"Gentianaceae",NA,2,2023,2023,NA,"Vulnerable",NA
1021120,184100,"Gentiana lutea L.",NA,"Gentianaceae",NA,30,1982,2025,NA,"Least concern",NA
1021128,184180,"Gentiana lutea subsp. vardjanii Wraber",NA,"Gentianaceae",NA,1,2025,2025,NA,"",NA
1021140,184300,"Gentiana nivalis L.",NA,"Gentianaceae",NA,12,1982,2024,NA,"Least concern",NA
1021190,184800,"Gentiana punctata L.",NA,"Gentianaceae",NA,34,1982,2025,NA,"Least concern",NA
1021210,185000,"Gentiana ramosa Hegetschw.",NA,"Gentianaceae",NA,42,1982,2024,NA,"Least concern",NA
1021230,185200,"Gentiana tenella Rottb.",NA,"Gentianaceae",NA,4,1982,2024,NA,"Least concern",NA
1021250,185400,"Gentiana verna L.",NA,"Gentianaceae",NA,3,1982,2024,NA,"Least concern",NA
1021530,189300,"Geranium sylvaticum L.",NA,"Geraniaceae",NA,20,1982,2024,NA,"Least concern",NA
1021540,189400,"Geum montanum L.",NA,"Rosaceae",NA,100,1982,2025,NA,"Least concern",NA
1021560,189500,"Geum reptans L.",NA,"Rosaceae",NA,3,1982,2024,NA,"Least concern",NA
1021860,192400,"Gnaphalium norvegicum Gunnerus",NA,"Asteraceae",NA,5,1982,2024,NA,"Least concern",NA
1021870,192500,"Gnaphalium supinum L.",NA,"Asteraceae",NA,12,1982,2025,NA,"Least concern",NA
1021950,193200,"Gymnadenia conopsea (L.) R. Br.",NA,"Orchidaceae",NA,8,1982,2024,NA,"Least concern",NA
1021980,193400,"Gymnocarpium dryopteris (L.) Newman",NA,"Cystopteridaceae",NA,5,2009,2024,NA,"Least concern",NA
1022110,194100,"Hedysarum hedysaroides (L.) Schinz & Thell.",NA,"Fabaceae",NA,1,1982,2024,NA,"Least concern",NA
1022180,194895,"Helianthemum nummularium (L.) Mill.",NA,"Cistaceae",NA,19,2004,2024,NA,"Least concern",NA
1022390,196800,"Helictotrichon pubescens (Huds.) Pilg.",NA,"Poaceae",NA,0,1982,1982,NA,"Least concern",NA
1022440,197100,"Helictotrichon versicolor (Vill.) Pilg.",NA,"Poaceae",NA,44,1982,2025,NA,"Least concern",NA
1022590,198595,"Heracleum sphondylium L.",NA,"Apiaceae",NA,1,1982,2014,NA,"Least concern",NA
1022620,198800,"Heracleum sphondylium subsp. elegans (Crantz) Schübl. & G. Martens",NA,"Apiaceae",NA,0,1982,1982,NA,"Least concern",NA
1022790,199900,"Hieracium alpinum L.",NA,"Asteraceae",NA,16,1982,2024,NA,"Least concern",NA
1022810,200100,"Hieracium angustifolium Hoppe",NA,"Asteraceae",NA,8,2004,2024,NA,"Least concern",NA
1022820,200200,"Hieracium aurantiacum L.",NA,"Asteraceae",NA,1,2024,2024,NA,"Least concern",NA
1022990,201700,"Hieracium hoppeanum Schult.",NA,"Asteraceae",NA,3,1982,2024,NA,"Least concern",NA
1023010,201900,"Hieracium intybaceum All.",NA,"Asteraceae",NA,11,1982,2024,NA,"Least concern",NA
1023040,202100,"Hieracium lactucella Wallr.",NA,"Asteraceae",NA,12,2004,2024,NA,"Least concern",NA
1023110,202700,"Hieracium murorum aggr.",NA,"Asteraceae",NA,1,2025,2025,NA,"Least concern",NA
1023190,203105,"Hieracium piliferum Hoppe",NA,"Asteraceae",NA,4,2024,2025,NA,"Least concern",NA
1023170,203200,"Hieracium piliferum aggr.",NA,"Asteraceae",NA,8,1982,2025,NA,"Least concern",NA
1023200,203400,"Hieracium pilosella L.",NA,"Asteraceae",NA,2,1982,2024,NA,"Least concern",NA
1023220,203600,"Hieracium pilosum Froel.",NA,"Asteraceae",NA,3,1982,2023,NA,"Least concern",NA
1023270,203900,"Hieracium prenanthoides aggr.",NA,"Asteraceae",NA,1,2014,2014,NA,"Least concern",NA
1023500,205800,"Hieracium villosum Jacq.",NA,"Asteraceae",NA,4,1982,2024,NA,"Least concern",NA
1023490,205900,"Hieracium villosum aggr.",NA,"Asteraceae",NA,7,1982,2024,NA,"Least concern",NA
1023580,206300,"Hippocrepis comosa L.",NA,"Fabaceae",NA,12,1982,2024,NA,"Least concern",NA
1023680,207300,"Homogyne alpina (L.) Cass.",NA,"Asteraceae",NA,45,1982,2025,NA,"Least concern",NA
1023800,208400,"Horminum pyrenaicum L.",NA,"Lamiaceae",NA,0,1982,1982,NA,"Near threatened",NA
1023860,208900,"Huperzia selago (L.) Schrank & Mart.",NA,"Lycopodiaceae",NA,3,1982,2024,NA,"Least concern",NA
1024060,210695,"Hypericum maculatum Crantz",NA,"Hypericaceae",NA,4,1982,2024,NA,"Least concern",NA
1024070,210700,"Hypericum maculatum Crantz subsp. maculatum",NA,"Hypericaceae",NA,0,1982,1982,NA,"Least concern",NA
1024250,212200,"Hypochaeris uniflora Vill.",NA,"Asteraceae",NA,8,1982,2024,NA,"Least concern",NA
1024900,217700,"Juncus alpinoarticulatus Chaix",NA,"Juncaceae",NA,12,1982,2025,NA,"Least concern",NA
1024920,218000,"Juncus arcticus Willd.",NA,"Juncaceae",NA,6,1982,2024,NA,"Near threatened",NA
1024925,218150,"Juncus articulatus aggr.",NA,"Juncaceae",NA,12,1982,2025,NA,"",NA
1025000,218800,"Juncus effusus L.",NA,"Juncaceae",NA,1,2019,2019,NA,"Least concern",NA
1025010,218900,"Juncus filiformis L.",NA,"Juncaceae",NA,7,1982,2024,NA,"Least concern",NA
1025040,219200,"Juncus jacquinii L.",NA,"Juncaceae",NA,5,1982,2024,NA,"Least concern",NA
1025120,220100,"Juncus trifidus L.",NA,"Juncaceae",NA,25,1982,2024,NA,"Least concern",NA
1025130,220300,"Juncus triglumis L.",NA,"Juncaceae",NA,6,1982,2024,NA,"Least concern",NA
1025140,220395,"Juniperus communis L.",NA,"Cupressaceae",NA,33,1982,2025,NA,"Least concern",NA
1025150,220400,"Juniperus communis L. subsp. communis",NA,"Cupressaceae",NA,1,2025,2025,NA,"Least concern",NA
1025160,220500,"Juniperus communis subsp. alpina Čelak.",NA,"Cupressaceae",NA,8,1982,2025,NA,"Least concern",NA
1025240,221450,"Knautia dipsacifolia Kreutzer",NA,"Caprifoliaceae",NA,8,1982,2024,NA,"Least concern",NA
1025250,221500,"Knautia dipsacifolia Kreutzer subsp. dipsacifolia",NA,"Caprifoliaceae",NA,0,1982,1982,NA,"Least concern",NA
1025450,223500,"Koeleria hirsuta Gaudin",NA,"Poaceae",NA,2,1966,2014,NA,"Least concern",NA
1025840,227400,"Laserpitium gaudinii Moretti",NA,"Apiaceae",NA,5,1982,2024,NA,"Least concern",NA
1025850,227500,"Laserpitium halleri Crantz",NA,"Apiaceae",NA,32,1982,2025,NA,"Least concern",NA
1025860,227700,"Laserpitium latifolium L.",NA,"Apiaceae",NA,3,2019,2019,NA,"Least concern",NA
1026290,232700,"Leontodon autumnalis L.",NA,"Asteraceae",NA,8,2004,2024,NA,"Least concern",NA
1026310,232900,"Leontodon helveticus Mérat",NA,"Asteraceae",NA,39,1982,2025,NA,"Least concern",NA
1026330,233000,"Leontodon hispidus L.",NA,"Asteraceae",NA,42,1982,2025,NA,"Least concern",NA
1026600,236000,"Leucanthemopsis alpina (L.) Heywood",NA,"Asteraceae",NA,26,1982,2025,NA,"Least concern",NA
1026610,236020,"Leucanthemopsis alpina (L.) Heywood subsp. alpina",NA,"Asteraceae",NA,1,2020,2020,NA,"Least concern",NA
1026710,236905,"Leucanthemum vulgare aggr.",NA,"Asteraceae",NA,13,2004,2024,NA,"Least concern",NA
1026810,237800,"Ligusticum mutellina (L.) Crantz",NA,"Apiaceae",NA,30,1982,2025,NA,"Least concern",NA
1026820,237900,"Ligusticum mutellinoides Vill.",NA,"Apiaceae",NA,11,1982,2024,NA,"Least concern",NA
1026890,238500,"Lilium martagon L.",NA,"Liliaceae",NA,8,1982,2024,NA,"Least concern",NA
1026920,238800,"Linaria alpina (L.) Mill.",NA,"Plantaginaceae",NA,8,2004,2024,NA,"Least concern",NA
1027250,242500,"Lloydia serotina (L.) Rchb.",NA,"Liliaceae",NA,3,1982,2023,NA,"Least concern",NA
1027290,242600,"Loiseleuria procumbens (L.) Desv.",NA,"Ericaceae",NA,27,1982,2025,NA,"Least concern",NA
1027380,243500,"Lonicera caerulea L.",NA,"Caprifoliaceae",NA,12,2004,2025,NA,"Least concern",NA
1027500,244300,"Lotus alpinus (DC.) Ramond",NA,"Fabaceae",NA,3,1982,2025,NA,"Least concern",NA
1027510,244410,"Lotus corniculatus aggr.",NA,"Fabaceae",NA,27,1982,2025,NA,"Least concern",NA
1027670,246000,"Luzula alpinopilosa (Chaix) Breistr.",NA,"Juncaceae",NA,11,1982,2025,NA,"Least concern",NA
1027740,246600,"Luzula lutea (All.) DC.",NA,"Juncaceae",NA,22,1982,2024,NA,"Least concern",NA
1027760,246800,"Luzula luzuloides (Lam.) Dandy & Wilmott",NA,"Juncaceae",NA,2,2014,2024,NA,"Least concern",NA
1027785,247150,"Luzula multiflora aggr.",NA,"Juncaceae",NA,4,1982,2025,NA,"Least concern",NA
1027860,247800,"Luzula spicata (L.) DC.",NA,"Juncaceae",NA,3,1982,2014,NA,"Least concern",NA
1027990,249900,"Lycopodium clavatum L.",NA,"Lycopodiaceae",NA,3,2024,2024,NA,"Near threatened",NA
1028660,256600,"Melampyrum sylvaticum L.",NA,"Orobanchaceae",NA,3,2004,2014,NA,"Least concern",NA
1029150,261200,"Minuartia laricifolia (L.) Schinz & Thell.",NA,"Caryophyllaceae",NA,1,2024,2024,NA,"Least concern",NA
1029170,261400,"Minuartia recurva (All.) Schinz & Thell.",NA,"Caryophyllaceae",NA,12,1982,2024,NA,"Least concern",NA
1029230,261700,"Minuartia sedoides (L.) Hiern",NA,"Caryophyllaceae",NA,2,1982,2009,NA,"Least concern",NA
1029260,262000,"Minuartia verna (L.) Hiern",NA,"Caryophyllaceae",NA,7,1982,2022,NA,"Least concern",NA
1029690,265800,"Myosotis alpestris F. W. Schmidt",NA,"Boraginaceae",NA,19,1982,2024,NA,"Least concern",NA
1029700,265900,"Myosotis arvensis Hill",NA,"Boraginaceae",NA,2,2019,2025,NA,"Least concern",NA
1030080,269700,"Nardus stricta L.",NA,"Poaceae",NA,41,1982,2025,NA,"Least concern",NA
1030390,271655,"Nigritella rhellicani Teppner & E. Klein",NA,"Orchidaceae",NA,25,2013,2023,NA,"Least concern",NA
1030380,271700,"Nigritella rhellicani aggr.",NA,"Orchidaceae",NA,34,1982,2024,NA,"Least concern",NA
1031350,280900,"Orchis mascula (L.) L.",NA,"Orchidaceae",NA,4,1982,2024,NA,"Least concern",NA
1031530,282300,"Oreochloa disticha (Wulfen) Link",NA,"Poaceae",NA,3,1982,2024,NA,"Least concern",NA
1032000,286800,"Orthilia secunda (L.) House",NA,"Ericaceae",NA,1,2014,2014,NA,"Least concern",NA
1032180,288100,"Oxyria digyna (L.) Hill",NA,"Polygonaceae",NA,6,1982,2024,NA,"Least concern",NA
1032190,288200,"Oxytropis campestris (L.) DC.",NA,"Fabaceae",NA,1,1982,2019,NA,"Least concern",NA
1032280,289400,"Oxytropis lapponica (Wahlenb.) J. Gay",NA,"Fabaceae",NA,3,1982,2024,NA,"Least concern",NA
1032460,291000,"Papaver croceum Ledeb.",NA,"Papaveraceae",NA,3,1991,2020,NA,"",NA
1032600,292700,"Parnassia palustris L.",NA,"Celastraceae",NA,13,1982,2025,NA,"Least concern",NA
1032800,294200,"Pedicularis foliosa L.",NA,"Orobanchaceae",NA,4,1982,2024,NA,"Least concern",NA
1032820,294400,"Pedicularis kerneri Dalla Torre",NA,"Orobanchaceae",NA,1,1982,2024,NA,"Least concern",NA
1032850,294700,"Pedicularis recutita L.",NA,"Orobanchaceae",NA,2,1982,2024,NA,"Least concern",NA
1032900,295100,"Pedicularis rostratospicata Crantz",NA,"Orobanchaceae",NA,3,1982,2024,NA,"Least concern",NA
1032910,295200,"Pedicularis rostratospicata subsp. helvetica (Steininger) O. Schwarz",NA,"Orobanchaceae",NA,3,1982,2024,NA,"",NA
1032930,295400,"Pedicularis tuberosa L.",NA,"Orobanchaceae",NA,19,1982,2025,NA,"Least concern",NA
1032940,295500,"Pedicularis verticillata L.",NA,"Orobanchaceae",NA,1,1982,2019,NA,"Least concern",NA
1033160,297200,"Peucedanum ostruthium (L.) W. D. J. Koch",NA,"Apiaceae",NA,16,1982,2025,NA,"Least concern",NA
1033330,298900,"Phleum alpinum aggr.",NA,"Poaceae",NA,16,1982,2025,NA,"Least concern",NA
1033370,299600,"Phleum hirsutum Honck.",NA,"Poaceae",NA,2,1982,2014,NA,"Least concern",NA
1033400,300005,"Phleum pratense aggr.",NA,"Poaceae",NA,1,2024,2024,NA,"Least concern",NA
1033420,300200,"Phleum rhaeticum (Humphries) Rauschert",NA,"Poaceae",NA,6,1982,2025,NA,"Least concern",NA
1033570,300800,"Phyteuma betonicifolium Vill.",NA,"Campanulaceae",NA,41,1982,2024,NA,"Least concern",NA
1033590,301000,"Phyteuma globulariifolium Sternb. & Hoppe",NA,"Campanulaceae",NA,3,1982,2023,NA,"Least concern",NA
1033620,301300,"Phyteuma hedraianthifolium Rich. Schulz",NA,"Campanulaceae",NA,0,1982,1982,NA,"Near threatened",NA
1033630,301400,"Phyteuma hemisphaericum L.",NA,"Campanulaceae",NA,34,1982,2025,NA,"Least concern",NA
1033670,301800,"Phyteuma orbiculare L.",NA,"Campanulaceae",NA,2,1982,2024,NA,"Least concern",NA
1033690,302000,"Phyteuma scheuchzeri All.",NA,"Campanulaceae",NA,1,2009,2009,NA,"Least concern",NA
1034040,304700,"Pinguicula leptoceras Rchb.",NA,"Lentibulariaceae",NA,4,1982,2024,NA,"Least concern",NA
1034050,304800,"Pinguicula vulgaris L.",NA,"Lentibulariaceae",NA,3,1982,2024,NA,"Near threatened",NA
1034060,304900,"Pinus cembra L.",NA,"Pinaceae",NA,3,1966,2024,NA,"Least concern",NA
1034080,305495,"Pinus mugo Turra",NA,"Pinaceae",NA,12,2004,2024,NA,"Least concern",NA
1034090,305500,"Pinus mugo Turra subsp. mugo",NA,"Pinaceae",NA,4,2023,2024,NA,"Least concern",NA
1034250,307000,"Plantago alpina L.",NA,"Plantaginaceae",NA,16,1982,2024,NA,"Least concern",NA
1034280,307250,"Plantago atrata Hoppe",NA,"Plantaginaceae",NA,5,1982,2024,NA,"Least concern",NA
1034290,307300,"Plantago atrata Hoppe subsp. atrata",NA,"Plantaginaceae",NA,1,1982,2024,NA,"",NA
1034350,307850,"Plantago major L.",NA,"Plantaginaceae",NA,5,1982,2025,NA,"Least concern",NA
1034360,307900,"Plantago major L. subsp. major",NA,"Plantaginaceae",NA,0,1982,1982,NA,"Least concern",NA
1034410,308300,"Plantago serpentina All.",NA,"Plantaginaceae",NA,6,2004,2024,NA,"Least concern",NA
1034405,308350,"Plantago serpentina aggr.",NA,"Plantaginaceae",NA,26,1982,2025,NA,"",NA
1034470,309000,"Poa alpina L.",NA,"Poaceae",NA,31,1982,2025,NA,"Least concern",NA
1034490,309200,"Poa annua L.",NA,"Poaceae",NA,2,2024,2024,NA,"Least concern",NA
1034540,309700,"Poa chaixii Vill.",NA,"Poaceae",NA,6,1982,2024,NA,"Least concern",NA
1034590,310200,"Poa laxa Haenke",NA,"Poaceae",NA,7,1982,2024,NA,"Least concern",NA
1034620,310500,"Poa nemoralis L.",NA,"Poaceae",NA,7,2009,2024,NA,"Least concern",NA
1034650,310900,"Poa pratensis aggr.",NA,"Poaceae",NA,1,2024,2024,NA,"Least concern",NA
1034680,311100,"Poa supina Schrad.",NA,"Poaceae",NA,6,1982,2024,NA,"Least concern",NA
1034720,311450,"Poa variegata Lam.",NA,"Poaceae",NA,4,2004,2019,NA,"Least concern",NA
1034770,312300,"Polygala alpestris Rchb.",NA,"Polygalaceae",NA,7,1982,2024,NA,"Least concern",NA
1034780,312400,"Polygala alpina (DC.) Steud.",NA,"Polygalaceae",NA,4,1966,2024,NA,"Least concern",NA
1034785,312490,"Polygala amara aggr.",NA,"Polygalaceae",NA,1,2009,2009,NA,"",NA
1034800,312500,"Polygala amarella Crantz",NA,"Polygalaceae",NA,1,2009,2009,NA,"Least concern",NA
1034830,312700,"Polygala chamaebuxus L.",NA,"Polygalaceae",NA,5,1982,2024,NA,"Least concern",NA
1034890,313195,"Polygala vulgaris L.",NA,"Polygalaceae",NA,1,2019,2019,NA,"Least concern",NA
1034930,313500,"Polygonatum odoratum (Mill.) Druce",NA,"Asparagaceae",NA,1,2004,2004,NA,"Least concern",NA
1034940,313700,"Polygonatum verticillatum (L.) All.",NA,"Asparagaceae",NA,0,1982,1982,NA,"Least concern",NA
1034980,314300,"Polygonum aviculare aggr.",NA,"Polygonaceae",NA,2,2024,2024,NA,"Least concern",NA
1035010,314400,"Polygonum bistorta L.",NA,"Polygonaceae",NA,4,2009,2024,NA,"Least concern",NA
1035170,315800,"Polygonum viviparum L.",NA,"Polygonaceae",NA,66,1982,2025,NA,"Least concern",NA
1035200,316400,"Polypodium vulgare L.",NA,"Polypodiaceae",NA,0,1982,1982,NA,"Least concern",NA
1035260,316800,"Polystichum lonchitis (L.) Roth",NA,"Dryopteridaceae",NA,1,1982,2023,NA,"Least concern",NA
1035720,321300,"Potentilla aurea L.",NA,"Rosaceae",NA,131,1982,2025,NA,"Least concern",NA
1035790,322100,"Potentilla crantzii (Crantz) Fritsch",NA,"Rosaceae",NA,10,1982,2024,NA,"Least concern",NA
1035810,322400,"Potentilla erecta (L.) Raeusch.",NA,"Rosaceae",NA,9,1982,2024,NA,"Least concern",NA
1035820,322500,"Potentilla frigida Vill.",NA,"Rosaceae",NA,0,1982,1982,NA,"Least concern",NA
1035850,322700,"Potentilla grandiflora L.",NA,"Rosaceae",NA,16,1982,2024,NA,"Least concern",NA
1036230,326200,"Primula farinosa L.",NA,"Primulaceae",NA,4,1982,2024,NA,"Least concern",NA
1036280,326605,"Primula hirsuta All.",NA,"Primulaceae",NA,13,1982,2025,NA,"Least concern",NA
1036290,326700,"Primula integrifolia L.",NA,"Primulaceae",NA,11,1982,2024,NA,"Least concern",NA
1036300,326900,"Primula latifolia Lapeyr.",NA,"Primulaceae",NA,10,1982,2024,NA,"Least concern",NA
1036430,327650,"Pritzelago alpina (L.) Kuntze",NA,"Brassicaceae",NA,0,1982,1982,NA,"Least concern",NA
1036450,327800,"Pritzelago alpina subsp. brevicaulis (Spreng.) Greuter & Burdet",NA,"Brassicaceae",NA,0,1982,1982,NA,"Least concern",NA
1036710,330400,"Pseudorchis albida (L.) Á. Löve & D. Löve",NA,"Orchidaceae",NA,19,1982,2024,NA,"Least concern",NA
1036860,331500,"Pulmonaria australis (Murr) W. Sauer",NA,"Boraginaceae",NA,14,1982,2024,NA,"Least concern",NA
1036980,333195,"Pulsatilla alpina (L.) Delarbre",NA,"Ranunculaceae",NA,48,1982,2025,NA,"Least concern",NA
1037010,333390,"Pulsatilla alpina subsp. apiifolia (Scop.) Nyman",NA,"Ranunculaceae",NA,3,1982,2024,NA,"Least concern",NA
1037090,334100,"Pulsatilla vernalis (L.) Mill.",NA,"Ranunculaceae",NA,30,1982,2025,NA,"Least concern",NA
1037170,334600,"Pyrola minor L.",NA,"Ericaceae",NA,16,1982,2025,NA,"Least concern",NA
1037180,334700,"Pyrola rotundifolia L.",NA,"Ericaceae",NA,1,2004,2004,NA,"Least concern",NA
1037360,336500,"Ranunculus aconitifolius L.",NA,"Ranunculaceae",NA,3,2009,2024,NA,"Least concern",NA
1037370,336595,"Ranunculus acris L.",NA,"Ranunculaceae",NA,9,1982,2024,NA,"Least concern",NA
1037380,336600,"Ranunculus acris L. subsp. acris",NA,"Ranunculaceae",NA,0,1982,1982,NA,"Least concern",NA
1037390,336700,"Ranunculus acris subsp. friesianus (Jord.) Syme",NA,"Ranunculaceae",NA,0,1982,1982,NA,"Least concern",NA
1037500,337600,"Ranunculus breyninus Crantz",NA,"Ranunculaceae",NA,0,1982,1982,NA,"Least concern",NA
1037610,338700,"Ranunculus glacialis L.",NA,"Ranunculaceae",NA,1,1982,2023,NA,"Least concern",NA
1037660,339200,"Ranunculus kuepferi Greuter & Burdet",NA,"Ranunculaceae",NA,9,1982,2024,NA,"Least concern",NA
1037710,339500,"Ranunculus montanus Willd.",NA,"Ranunculaceae",NA,1,1982,2023,NA,"Least concern",NA
1037700,339505,"Ranunculus montanus aggr.",NA,"Ranunculaceae",NA,42,1982,2025,NA,"Least concern",NA
1037790,340300,"Ranunculus platanifolius L.",NA,"Ranunculaceae",NA,5,2004,2024,NA,"Least concern",NA
1037840,340900,"Ranunculus repens L.",NA,"Ranunculaceae",NA,1,2004,2004,NA,"Least concern",NA
1038000,342400,"Ranunculus villarsii DC.",NA,"Ranunculaceae",NA,1,1982,2024,NA,"Least concern",NA
1038230,344100,"Rhinanthus alectorolophus (Scop.) Pollich",NA,"Orobanchaceae",NA,2,2024,2024,NA,"Least concern",NA
1038290,344800,"Rhinanthus minor L.",NA,"Orobanchaceae",NA,1,2004,2004,NA,"Least concern",NA
1038330,345300,"Rhododendron ferrugineum L.",NA,"Ericaceae",NA,11,1982,2025,NA,"Least concern",NA
1038450,346200,"Ribes petraeum Wulfen",NA,"Grossulariaceae",NA,2,1982,2024,NA,"Least concern",NA
1038830,349500,"Rosa pendulina L.",NA,"Rosaceae",NA,7,1982,2024,NA,"Least concern",NA
1039550,354400,"Rubus idaeus L.",NA,"Rosaceae",NA,9,2004,2025,NA,"Least concern",NA
1039950,357400,"Rubus saxatilis L.",NA,"Rosaceae",NA,2,1984,2024,NA,"Least concern",NA
1040190,359300,"Rumex alpestris Jacq.",NA,"Polygonaceae",NA,7,1982,2024,NA,"Least concern",NA
1040200,359400,"Rumex alpinus L.",NA,"Polygonaceae",NA,8,2004,2025,NA,"Least concern",NA
1040360,360900,"Rumex scutatus L.",NA,"Polygonaceae",NA,14,2004,2025,NA,"Least concern",NA
1040480,362300,"Sagina saginoides (L.) H. Karst.",NA,"Caryophyllaceae",NA,7,1982,2024,NA,"Least concern",NA
1040650,363500,"Salix breviserrata Flod.",NA,"Salicaceae",NA,4,1982,2024,NA,"Least concern",NA
1040670,363700,"Salix caprea L.",NA,"Salicaceae",NA,1,2004,2004,NA,"Least concern",NA
1040750,364200,"Salix foetida DC.",NA,"Salicaceae",NA,3,1982,2014,NA,"Least concern",NA
1040780,364500,"Salix glaucosericea Flod.",NA,"Salicaceae",NA,5,1881,2024,NA,"Least concern",NA
1040790,364600,"Salix hastata L.",NA,"Salicaceae",NA,4,1982,2024,NA,"Least concern",NA
1040800,364700,"Salix helvetica Vill.",NA,"Salicaceae",NA,10,1881,2024,NA,"Least concern",NA
1040810,364800,"Salix herbacea L.",NA,"Salicaceae",NA,20,1982,2025,NA,"Least concern",NA
1040820,364900,"Salix laggeri Wimm.",NA,"Salicaceae",NA,0,1982,1982,NA,"Vulnerable",NA
1040980,366100,"Salix reticulata L.",NA,"Salicaceae",NA,2,1982,2023,NA,"Least concern",NA
1040990,366200,"Salix retusa L.",NA,"Salicaceae",NA,5,1982,2025,NA,"Least concern",NA
1041050,366600,"Salix waldsteiniana Willd.",NA,"Salicaceae",NA,2,2024,2024,NA,"Least concern",NA
1041510,371050,"Saussurea alpina (L.) DC.",NA,"Asteraceae",NA,8,1982,2024,NA,"Least concern",NA
1041520,371100,"Saussurea alpina (L.) DC. subsp. alpina",NA,"Asteraceae",NA,2,1982,2020,NA,"Least concern",NA
1041560,371600,"Saxifraga aizoides L.",NA,"Saxifragaceae",NA,12,1982,2025,NA,"Least concern",NA
1041590,372000,"Saxifraga aspera L.",NA,"Saxifragaceae",NA,0,1982,1982,NA,"Least concern",NA
1041630,372300,"Saxifraga bryoides L.",NA,"Saxifragaceae",NA,4,1982,2023,NA,"Least concern",NA
1041730,373050,"Saxifraga exarata Vill.",NA,"Saxifragaceae",NA,7,1982,2024,NA,"Least concern",NA
1041860,374450,"Saxifraga oppositifolia L.",NA,"Saxifragaceae",NA,1,2022,2022,NA,"Least concern",NA
1041890,374600,"Saxifraga paniculata Mill.",NA,"Saxifragaceae",NA,12,1982,2025,NA,"Least concern",NA
1041980,375400,"Saxifraga rotundifolia L.",NA,"Saxifragaceae",NA,0,1982,1982,NA,"Least concern",NA
1042000,375700,"Saxifraga seguieri Spreng.",NA,"Saxifragaceae",NA,1,1982,2023,NA,"Least concern",NA
1042010,375800,"Saxifraga stellaris L.",NA,"Saxifragaceae",NA,9,1982,2024,NA,"Least concern",NA
1042090,376500,"Scabiosa columbaria L.",NA,"Caprifoliaceae",NA,2,2024,2024,NA,"Least concern",NA
1042120,377100,"Scabiosa lucida Vill.",NA,"Caprifoliaceae",NA,6,1982,2024,NA,"Least concern",NA
1042730,383100,"Sedum acre L.",NA,"Crassulaceae",NA,1,2004,2004,NA,"Least concern",NA
1042760,383300,"Sedum alpestre Vill.",NA,"Crassulaceae",NA,10,1982,2025,NA,"Least concern",NA
1042780,383500,"Sedum annuum L.",NA,"Crassulaceae",NA,1,2019,2019,NA,"Least concern",NA
1042800,383700,"Sedum atratum L.",NA,"Crassulaceae",NA,2,1982,2020,NA,"Least concern",NA
1043080,386000,"Sedum villosum L.",NA,"Crassulaceae",NA,4,2014,2024,NA,"Vulnerable",NA
1043100,386300,"Selaginella selaginoides (L.) Schrank & Mart.",NA,"Selaginellaceae",NA,20,1982,2025,NA,"Least concern",NA
1043120,386700,"Sempervivum arachnoideum L.",NA,"Crassulaceae",NA,1,1982,2019,NA,"Least concern",NA
1043160,387000,"Sempervivum montanum L.",NA,"Crassulaceae",NA,22,1982,2025,NA,"Least concern",NA
1043170,387100,"Sempervivum tectorum L.",NA,"Crassulaceae",NA,13,1982,2025,NA,"Least concern",NA
1043210,387400,"Sempervivum wulfenii Mert. & W. D. J. Koch",NA,"Crassulaceae",NA,0,1982,1982,NA,"Vulnerable",NA
1043230,387500,"Senecio abrotanifolius L.",NA,"Asteraceae",NA,19,1982,2024,NA,"Least concern",NA
1043280,388200,"Senecio doronicum (L.) L.",NA,"Asteraceae",NA,23,1982,2025,NA,"Least concern",NA
1043370,389005,"Senecio incanus L.",NA,"Asteraceae",NA,38,1982,2025,NA,"Least concern",NA
1043390,389200,"Senecio incanus subsp. carniolicus (Willd.) Braun-Blanq.",NA,"Asteraceae",NA,6,1982,2024,NA,"Least concern",NA
1043700,392200,"Sesleria caerulea (L.) Ard.",NA,"Poaceae",NA,1,1982,2024,NA,"Least concern",NA
1043840,393700,"Sibbaldia procumbens L.",NA,"Rosaceae",NA,10,1982,2024,NA,"Least concern",NA
1043890,394300,"Silene acaulis (L.) Jacq.",NA,"Caryophyllaceae",NA,4,1982,2024,NA,"Least concern",NA
1043960,395100,"Silene exscapa All.",NA,"Caryophyllaceae",NA,10,1982,2024,NA,"Least concern",NA
1044020,396050,"Silene nutans L.",NA,"Caryophyllaceae",NA,11,1982,2024,NA,"Least concern",NA
1044030,396100,"Silene nutans L. subsp. nutans",NA,"Caryophyllaceae",NA,0,1982,1982,NA,"Least concern",NA
1044080,396800,"Silene rupestris L.",NA,"Caryophyllaceae",NA,10,1982,2024,NA,"Least concern",NA
1044140,397295,"Silene vulgaris (Moench) Garcke",NA,"Caryophyllaceae",NA,28,1982,2025,NA,"Least concern",NA
1044540,400600,"Soldanella alpina L.",NA,"Primulaceae",NA,25,1982,2025,NA,"Least concern",NA
1044560,400800,"Soldanella pusilla Baumg.",NA,"Primulaceae",NA,14,1982,2024,NA,"Least concern",NA
1044565,400830,"Soldanella pusilla subsp. alpicola (F. K. Mey.) Chrtek",NA,"Primulaceae",NA,1,2004,2004,NA,"",NA
1044620,401395,"Solidago virgaurea L.",NA,"Asteraceae",NA,24,2004,2024,NA,"Least concern",NA
1044740,402300,"Sorbus aucuparia L.",NA,"Rosaceae",NA,4,2014,2024,NA,"Least concern",NA
1045420,408095,"Stellaria nemorum L.",NA,"Caryophyllaceae",NA,1,2020,2020,NA,"Least concern",NA
1046000,411850,"Taraxacum alpestre aggr.",NA,"Asteraceae",NA,2,2024,2024,NA,"Least concern",NA
1046010,412000,"Taraxacum alpinum aggr.",NA,"Asteraceae",NA,2,1982,2024,NA,"Least concern",NA
1046070,412900,"Taraxacum laevigatum aggr.",NA,"Asteraceae",NA,1,2024,2024,NA,"Least concern",NA
1046080,413100,"Taraxacum officinale aggr.",NA,"Asteraceae",NA,7,1982,2024,NA,"Least concern",NA
1046340,415500,"Thalictrum aquilegiifolium L.",NA,"Ranunculaceae",NA,7,2004,2024,NA,"Least concern",NA
1046400,416195,"Thalictrum minus L.",NA,"Ranunculaceae",NA,7,1982,2024,NA,"Least concern",NA
1046450,417200,"Thesium alpinum L.",NA,"Santalaceae",NA,18,1982,2025,NA,"Least concern",NA
1046890,421200,"Thymus serpyllum aggr.",NA,"Lamiaceae",NA,8,2004,2024,NA,"Least concern",NA
1046990,421600,"Tofieldia calyculata (L.) Wahlenb.",NA,"Tofieldiaceae",NA,8,1982,2024,NA,"Least concern",NA
1047280,423800,"Trichophorum alpinum (L.) Pers.",NA,"Cyperaceae",NA,1,2024,2024,NA,"Near threatened",NA
1047290,423900,"Trichophorum cespitosum (L.) Hartm.",NA,"Cyperaceae",NA,5,1982,2024,NA,"Least concern",NA
1047300,423930,"Trichophorum cespitosum (L.) Hartm. subsp. cespitosum",NA,"Cyperaceae",NA,1,2023,2023,NA,"",NA
1047370,424500,"Trifolium alpinum L.",NA,"Fabaceae",NA,112,1982,2025,NA,"Least concern",NA
1047410,424900,"Trifolium badium Schreb.",NA,"Fabaceae",NA,13,1982,2024,NA,"Least concern",NA
1047520,426000,"Trifolium medium L.",NA,"Fabaceae",NA,1,2023,2023,NA,"Least concern",NA
1047570,426700,"Trifolium pallescens Schreb.",NA,"Fabaceae",NA,7,2004,2024,NA,"Least concern",NA
1047600,426895,"Trifolium pratense L.",NA,"Fabaceae",NA,20,1982,2025,NA,"Least concern",NA
1047620,427000,"Trifolium pratense subsp. nivale (W. D. J. Koch) Ces.",NA,"Fabaceae",NA,5,1982,2025,NA,"Least concern",NA
1047630,427100,"Trifolium repens L.",NA,"Fabaceae",NA,7,2009,2024,NA,"Least concern",NA
1047760,428100,"Trifolium thalii Vill.",NA,"Fabaceae",NA,11,1982,2025,NA,"Least concern",NA
1047770,428200,"Triglochin palustris L.",NA,"Juncaginaceae",NA,3,1982,2024,NA,"Least concern",NA
1047880,429300,"Trisetum distichophyllum (Vill.) P. Beauv.",NA,"Poaceae",NA,5,1982,2024,NA,"Least concern",NA
1047890,429400,"Trisetum flavescens (L.) P. Beauv.",NA,"Poaceae",NA,1,2009,2009,NA,"Least concern",NA
1047920,429500,"Trisetum spicatum (L.) K. Richt.",NA,"Poaceae",NA,6,1982,2019,NA,"Least concern",NA
1048030,430600,"Trollius europaeus L.",NA,"Ranunculaceae",NA,12,1982,2025,NA,"Least concern",NA
1048220,432000,"Tussilago farfara L.",NA,"Asteraceae",NA,11,1982,2025,NA,"Least concern",NA
1048360,433400,"Urtica dioica L.",NA,"Urticaceae",NA,4,1982,2024,NA,"Least concern",NA
1048470,434500,"Vaccinium gaultherioides Bigelow",NA,"Ericaceae",NA,10,2023,2025,NA,"Least concern",NA
1048500,434800,"Vaccinium myrtillus L.",NA,"Ericaceae",NA,27,1982,2025,NA,"Least concern",NA
1048520,435100,"Vaccinium uliginosum aggr.",NA,"Ericaceae",NA,32,1982,2025,NA,"Least concern",NA
1048540,435300,"Vaccinium vitis-idaea L.",NA,"Ericaceae",NA,26,1982,2025,NA,"Least concern",NA
1048600,435900,"Valeriana officinalis aggr.",NA,"Caprifoliaceae",NA,8,1982,2024,NA,"Least concern",NA
1048690,436700,"Valeriana tripteris L.",NA,"Caprifoliaceae",NA,11,1982,2024,NA,"Least concern",NA
1048820,437800,"Veratrum album L.",NA,"Melanthiaceae",NA,19,1982,2025,NA,"Least concern",NA
1048840,438000,"Veratrum album subsp. lobelianum (Bernh.) Arcang.",NA,"Melanthiaceae",NA,1,2025,2025,NA,"Least concern",NA
1049120,440400,"Veronica alpina L.",NA,"Plantaginaceae",NA,12,1982,2025,NA,"Least concern",NA
1049150,440700,"Veronica aphylla L.",NA,"Plantaginaceae",NA,1,1982,2023,NA,"Least concern",NA
1049190,441100,"Veronica bellidioides L.",NA,"Plantaginaceae",NA,20,1982,2024,NA,"Least concern",NA
1049210,441400,"Veronica chamaedrys L.",NA,"Plantaginaceae",NA,3,1982,2024,NA,"Least concern",NA
1049270,441700,"Veronica fruticans Jacq.",NA,"Plantaginaceae",NA,12,1982,2024,NA,"Least concern",NA
1049340,442400,"Veronica officinalis L.",NA,"Plantaginaceae",NA,2,1982,2024,NA,"Least concern",NA
1049460,443395,"Veronica serpyllifolia L.",NA,"Plantaginaceae",NA,8,1982,2024,NA,"Least concern",NA
1049470,443400,"Veronica serpyllifolia L. subsp. serpyllifolia",NA,"Plantaginaceae",NA,1,2024,2024,NA,"Least concern",NA
1049480,443500,"Veronica serpyllifolia subsp. humifusa (Dicks.) Syme",NA,"Plantaginaceae",NA,2,1982,2024,NA,"Least concern",NA
1050010,449100,"Viola biflora L.",NA,"Violaceae",NA,9,1982,2024,NA,"Least concern",NA
1050020,449200,"Viola calcarata L.",NA,"Violaceae",NA,9,1982,2024,NA,"Least concern",NA
1050110,449800,"Viola collina Besser",NA,"Violaceae",NA,3,2009,2024,NA,"Least concern",NA
1050220,451100,"Viola palustris L.",NA,"Violaceae",NA,3,2009,2024,NA,"Least concern",NA
1050290,451800,"Viola rupestris F. W. Schmidt",NA,"Violaceae",NA,1,2009,2009,NA,"Least concern",NA
1050320,452400,"Viola thomasiana Songeon & E. P. Perrier",NA,"Violaceae",NA,6,2009,2019,NA,"Least concern",NA
1050530,454200,"Willemetia stipitata (Jacq.) Dalla Torre",NA,"Asteraceae",NA,1,1982,2024,NA,"Near threatened",NA
1000180,1000,"Achillea atrata L.",NA,"Asteraceae",NA,6,1982,2024,NA,"Least concern",NA
1000260,1350,"Achillea erba-rotta All.",NA,"Asteraceae",NA,10,1982,2025,NA,"Least concern",NA
1000290,1500,"Achillea erba-rotta subsp. moschata (Wulfen) Vacc.",NA,"Asteraceae",NA,9,1982,2025,NA,"Least concern",NA
1000330,1700,"Achillea millefolium L.",NA,"Asteraceae",NA,9,1982,2025,NA,"Least concern",NA
1000340,1701,"Achillea millefolium L. subsp. millefolium",NA,"Asteraceae",NA,1,2025,2025,NA,"",NA
1000320,1706,"Achillea millefolium aggr.",NA,"Asteraceae",NA,23,1982,2025,NA,"Least concern",NA
1000360,1900,"Achillea nana L.",NA,"Asteraceae",NA,4,1982,2024,NA,"Least concern",NA
1000460,2800,"Acinos alpinus (L.) Moench",NA,"Lamiaceae",NA,5,2020,2025,NA,"Least concern",NA
1000543,3510,"Aconitum lycoctonum L.",NA,"Ranunculaceae",NA,7,2013,2025,NA,"Least concern",NA
1000545,3530,"Aconitum lycoctonum subsp. vulparia (Rchb.) Nyman",NA,"Ranunculaceae",NA,3,2013,2013,NA,"Least concern",NA
1000563,3540,"Aconitum napellus L.",NA,"Ranunculaceae",NA,2,1982,2022,NA,"Least concern",NA
1000565,3560,"Aconitum napellus subsp. lusitanicum Rouy",NA,"Ranunculaceae",NA,1,2013,2013,NA,"Least concern",NA
1000620,4390,"Aconitum variegatum L.",NA,"Ranunculaceae",NA,2,2020,2020,NA,"Least concern",NA
1000660,4600,"Aconitum variegatum subsp. paniculatum (Arcang.) Negodi",NA,"Ranunculaceae",NA,2,2020,2020,NA,"Least concern",NA
1000770,5400,"Adenostyles alliariae (Gouan) A. Kern.",NA,"Asteraceae",NA,4,2013,2025,NA,"Least concern",NA
1001060,8400,"Agrostis alpina Scop.",NA,"Poaceae",NA,2,1982,2025,NA,"Least concern",NA
1001100,8900,"Agrostis rupestris All.",NA,"Poaceae",NA,1,1982,2010,NA,"Least concern",NA
1001130,9300,"Agrostis stolonifera L.",NA,"Poaceae",NA,2,1981,1982,NA,"Least concern",NA
1001220,10300,"Ajuga pyramidalis L.",NA,"Lamiaceae",NA,1,1982,2020,NA,"Least concern",NA
1001350,10990,"Alchemilla alpina L.",NA,"Rosaceae",NA,1,2022,2022,NA,"Least concern",NA
1001340,11200,"Alchemilla alpina aggr.",NA,"Rosaceae",NA,2,2022,2022,NA,"Least concern",NA
1001330,11100,"Alchemilla alpina superaggr.",NA,"",NA,2,1966,2022,NA,"",NA
1001440,12190,"Alchemilla connivens Buser",NA,"Rosaceae",NA,1,2022,2022,NA,"Least concern",NA
1001480,12400,"Alchemilla coriacea Buser",NA,"Rosaceae",NA,5,2021,2021,NA,"Least concern",NA
1001470,12500,"Alchemilla coriacea aggr.",NA,"Rosaceae",NA,5,2021,2021,NA,"Least concern",NA
1001490,12700,"Alchemilla crinita Buser",NA,"Rosaceae",NA,1,2022,2022,NA,"Least concern",NA
1001560,12990,"Alchemilla decumbens Buser",NA,"Rosaceae",NA,1,2021,2021,NA,"Least concern",NA
1001530,13100,"Alchemilla decumbens aggr.",NA,"Rosaceae",NA,4,2021,2021,NA,"Least concern",NA
1001650,13890,"Alchemilla fissa Günther & Schummel",NA,"Rosaceae",NA,2,2021,2021,NA,"Least concern",NA
1001640,14000,"Alchemilla fissa aggr.",NA,"Rosaceae",NA,3,1982,2021,NA,"Least concern",NA
1001750,14895,"Alchemilla glabra Neygenf.",NA,"Rosaceae",NA,1,2022,2022,NA,"Least concern",NA
1001740,15000,"Alchemilla glabra aggr.",NA,"Rosaceae",NA,3,1982,2022,NA,"Least concern",NA
1001890,16000,"Alchemilla hybrida aggr.",NA,"Rosaceae",NA,1,2021,2021,NA,"Least concern",NA
1002030,17300,"Alchemilla monticola Opiz",NA,"Rosaceae",NA,1,2022,2022,NA,"Data deficient",NA
1002110,18100,"Alchemilla pentaphyllea L.",NA,"Rosaceae",NA,1,1982,2021,NA,"Least concern",NA
1002220,19000,"Alchemilla saxatilis Buser",NA,"Rosaceae",NA,1,2022,2022,NA,"Least concern",NA
1002340,20200,"Alchemilla subcrenata Buser",NA,"Rosaceae",NA,1,2022,2022,NA,"Least concern",NA
1002440,21100,"Alchemilla vulgaris aggr.",NA,"Rosaceae",NA,4,2022,2025,NA,"Least concern",NA
1002640,23100,"Allium lusitanicum Lam.",NA,"Amaryllidaceae",NA,3,2013,2024,NA,"Least concern",NA
1002870,25400,"Alnus viridis (Chaix) DC.",NA,"Betulaceae",NA,1,1982,2023,NA,"Least concern",NA
1003500,31300,"Androsace alpina (L.) Lam.",NA,"Primulaceae",NA,7,2013,2024,NA,"Least concern",NA
1003540,31800,"Androsace chamaejasme Wulfen",NA,"Primulaceae",NA,5,1982,2025,NA,"Least concern",NA
1003570,32100,"Androsace helvetica (L.) All.",NA,"Primulaceae",NA,16,1860,2025,NA,"Least concern",NA
1003600,32400,"Androsace obtusifolia All.",NA,"Primulaceae",NA,11,1982,2025,NA,"Least concern",NA
1003760,33400,"Anemone narcissiflora L.",NA,"Ranunculaceae",NA,1,2018,2018,NA,"Least concern",NA
1003820,34100,"Angelica sylvestris L.",NA,"Apiaceae",NA,0,1982,1982,NA,"Least concern",NA
1003840,34300,"Antennaria carpatica (Wahlenb.) Bluff & Fingerh.",NA,"Asteraceae",NA,6,1982,2024,NA,"Least concern",NA
1003850,34400,"Antennaria dioica (L.) Gaertn.",NA,"Asteraceae",NA,13,1982,2025,NA,"Least concern",NA
1003920,35100,"Anthericum liliago L.",NA,"Asparagaceae",NA,2,2025,2025,NA,"Least concern",NA
1003940,35300,"Anthoxanthum alpinum Á. Löve & D. Löve",NA,"Poaceae",NA,8,2021,2025,NA,"Least concern",NA
1003960,35500,"Anthoxanthum odoratum aggr.",NA,"Poaceae",NA,8,2021,2025,NA,"Least concern",NA
1004070,36790,"Anthyllis vulneraria L.",NA,"Fabaceae",NA,8,1982,2025,NA,"Least concern",NA
1004090,36900,"Anthyllis vulneraria subsp. alpestris (Schult.) Asch. & Graebn.",NA,"Fabaceae",NA,4,1982,2025,NA,"Least concern",NA
1004150,37300,"Anthyllis vulneraria subsp. valesiaca (Beck) Guyot",NA,"Fabaceae",NA,4,2021,2021,NA,"Least concern",NA
1004300,38800,"Aquilegia alpina L.",NA,"Ranunculaceae",NA,1,1915,1915,NA,"Near threatened",NA
1004360,39350,"Arabis alpina L.",NA,"Brassicaceae",NA,7,1912,2024,NA,"Least concern",NA
1004370,39400,"Arabis alpina L. subsp. alpina",NA,"Brassicaceae",NA,3,1912,2024,NA,"",NA
1004400,39650,"Arabis bellidifolia Crantz",NA,"Brassicaceae",NA,3,1982,2025,NA,"Least concern",NA
1004420,39800,"Arabis bellidifolia subsp. stellulata (Bertol.) Greuter & Burdet",NA,"Brassicaceae",NA,1,2012,2012,NA,"Least concern",NA
1004430,40000,"Arabis caerulea All.",NA,"Brassicaceae",NA,7,1982,2024,NA,"Least concern",NA
1004680,43000,"Arctostaphylos alpina (L.) Spreng.",NA,"Ericaceae",NA,1,1982,2013,NA,"Least concern",NA
1004690,43100,"Arctostaphylos uva-ursi (L.) Spreng.",NA,"Ericaceae",NA,3,1982,2025,NA,"Least concern",NA
1004910,45700,"Arnica montana L.",NA,"Asteraceae",NA,15,1982,2025,NA,"Least concern",NA
1005080,47000,"Artemisia genipi Weber",NA,"Asteraceae",NA,10,1982,2024,NA,"Least concern",NA
1005130,47700,"Artemisia umbelliformis Lam.",NA,"Asteraceae",NA,9,1912,2024,NA,"Least concern",NA
1005160,48000,"Artemisia vulgaris L.",NA,"Asteraceae",NA,1,2021,2021,NA,"Least concern",NA
1005500,50900,"Asplenium ruta-muraria L.",NA,"Aspleniaceae",NA,0,1982,1982,NA,"Least concern",NA
1005540,51200,"Asplenium septentrionale (L.) Hoffm.",NA,"Aspleniaceae",NA,0,1982,1982,NA,"Least concern",NA
1005550,51400,"Asplenium trichomanes L.",NA,"Aspleniaceae",NA,0,1982,1982,NA,"Least concern",NA
1005610,51500,"Asplenium viride Huds.",NA,"Aspleniaceae",NA,2,1982,2025,NA,"Least concern",NA
1005640,51800,"Aster alpinus L.",NA,"Asteraceae",NA,10,1982,2025,NA,"Least concern",NA
1005660,52000,"Aster bellidiastrum (L.) Scop.",NA,"Asteraceae",NA,2,1982,2025,NA,"Least concern",NA
1005790,53200,"Astragalus alpinus L.",NA,"Fabaceae",NA,3,1982,2024,NA,"Least concern",NA
1005800,53300,"Astragalus australis (L.) Lam.",NA,"Fabaceae",NA,1,1982,2024,NA,"Least concern",NA
1005910,54200,"Astragalus leontinus Wulfen",NA,"Fabaceae",NA,1,1964,1964,NA,"Least concern",NA
1005940,54600,"Astragalus penduliflorus Lam.",NA,"Fabaceae",NA,10,2013,2025,NA,"Least concern",NA
1006050,55300,"Astrantia minor L.",NA,"Apiaceae",NA,9,1982,2025,NA,"Least concern",NA
1006080,55600,"Athyrium distentifolium Opiz",NA,"Athyriaceae",NA,0,1966,1966,NA,"Least concern",NA
1006090,55700,"Athyrium filix-femina (L.) Roth",NA,"Athyriaceae",NA,1,1982,2022,NA,"Least concern",NA
1006460,58700,"Bartsia alpina L.",NA,"Orobanchaceae",NA,10,1982,2025,NA,"Least concern",NA
1006490,59100,"Bellis perennis L.",NA,"Asteraceae",NA,1,2025,2025,NA,"Least concern",NA
1006600,60400,"Betula pendula Roth",NA,"Betulaceae",NA,1,2010,2010,NA,"Least concern",NA
1006595,60450,"Betula pendula aggr.",NA,"Betulaceae",NA,1,2010,2010,NA,"",NA
1006780,62000,"Biscutella laevigata L.",NA,"Brassicaceae",NA,4,1982,2025,NA,"Least concern",NA
1006790,62030,"Biscutella laevigata L. subsp. laevigata",NA,"Brassicaceae",NA,1,2022,2022,NA,"",NA
1006900,62800,"Blysmus compressus (L.) Link",NA,"Cyperaceae",NA,2,1981,1981,NA,"Least concern",NA
1006990,63300,"Botrychium lunaria (L.) Sw.",NA,"Ophioglossaceae",NA,27,1982,2025,NA,"Least concern",NA
1007200,65200,"Briza media L.",NA,"Poaceae",NA,3,1982,2025,NA,"Least concern",NA
1007840,70300,"Bupleurum stellatum L.",NA,"Apiaceae",NA,0,1982,1982,NA,"Least concern",NA
1007940,71400,"Calamagrostis varia (Schrad.) Host",NA,"Poaceae",NA,1,1982,2025,NA,"Least concern",NA
1007950,71500,"Calamagrostis villosa (Chaix) J. F. Gmel.",NA,"Poaceae",NA,0,1982,1982,NA,"Least concern",NA
1008130,73300,"Callitriche palustris L.",NA,"Plantaginaceae",NA,1,2025,2025,NA,"Least concern",NA
1008160,73600,"Calluna vulgaris (L.) Hull",NA,"Ericaceae",NA,16,1982,2025,NA,"Least concern",NA
1008180,73700,"Caltha palustris L.",NA,"Ranunculaceae",NA,3,1982,2025,NA,"Least concern",NA
1008300,74700,"Campanula barbata L.",NA,"Campanulaceae",NA,15,1982,2025,NA,"Least concern",NA
1008370,75000,"Campanula cenisia L.",NA,"Campanulaceae",NA,8,1982,2024,NA,"Least concern",NA
1008390,75200,"Campanula cochleariifolia Lam.",NA,"Campanulaceae",NA,6,1982,2025,NA,"Least concern",NA
1008640,77100,"Campanula rotundifolia L.",NA,"Campanulaceae",NA,1,2022,2022,NA,"Least concern",NA
1008650,77200,"Campanula scheuchzeri Vill.",NA,"Campanulaceae",NA,14,1982,2025,NA,"Least concern",NA
1008680,77500,"Campanula thyrsoides L.",NA,"Campanulaceae",NA,1,2018,2018,NA,"Least concern",NA
1008720,77900,"Capsella bursa-pastoris (L.) Medik.",NA,"Brassicaceae",NA,3,2024,2025,NA,"Least concern",NA
1008780,78200,"Cardamine alpina Willd.",NA,"Brassicaceae",NA,2,1982,2021,NA,"Least concern",NA
1008790,78300,"Cardamine amara L.",NA,"Brassicaceae",NA,1,2023,2023,NA,"Least concern",NA
1009020,80300,"Cardamine resedifolia L.",NA,"Brassicaceae",NA,3,1982,2021,NA,"Least concern",NA
1009110,81000,"Cardaminopsis halleri (L.) Hayek",NA,"Brassicaceae",NA,4,2011,2025,NA,"Least concern",NA
1009170,81595,"Carduus defloratus L.",NA,"Asteraceae",NA,7,1982,2025,NA,"Least concern",NA
1009180,81600,"Carduus defloratus L. subsp. defloratus",NA,"Asteraceae",NA,4,1982,2025,NA,"Least concern",NA
1009200,81900,"Carduus defloratus subsp. tridentinus (Evers) Murr",NA,"Asteraceae",NA,1,2020,2020,NA,"Least concern",NA
1009330,83350,"Carex atrata L.",NA,"Cyperaceae",NA,7,1927,2021,NA,"Least concern",NA
1009340,83400,"Carex atrata L. subsp. atrata",NA,"Cyperaceae",NA,4,1927,2021,NA,"Least concern",NA
1009320,83405,"Carex atrata aggr.",NA,"Cyperaceae",NA,10,1927,2025,NA,"",NA
1009350,83500,"Carex atrata subsp. aterrima (Hoppe) Hartm.",NA,"Cyperaceae",NA,2,1968,1982,NA,"Least concern",NA
1009390,83900,"Carex bicolor All.",NA,"Cyperaceae",NA,1,1981,1981,NA,"Near threatened",NA
1009490,84700,"Carex capillaris L.",NA,"Cyperaceae",NA,1,1982,2025,NA,"Least concern",NA
1009540,85395,"Carex curvula All.",NA,"Cyperaceae",NA,14,1982,2024,NA,"Least concern",NA
1009550,85400,"Carex curvula All. subsp. curvula",NA,"Cyperaceae",NA,1,1982,2010,NA,"Least concern",NA
1009620,86200,"Carex dioica L.",NA,"Cyperaceae",NA,1,1966,1981,NA,"Vulnerable",NA
1009680,86700,"Carex echinata Murray",NA,"Cyperaceae",NA,1,2023,2023,NA,"Least concern",NA
1009720,87100,"Carex ericetorum Pollich",NA,"Cyperaceae",NA,1,1982,2011,NA,"Near threatened",NA
1009750,87400,"Carex firma Host",NA,"Cyperaceae",NA,1,1982,2024,NA,"Least concern",NA
1009760,87500,"Carex flacca Schreb.",NA,"Cyperaceae",NA,1,1982,2025,NA,"Least concern",NA
1009780,87600,"Carex flava L.",NA,"Cyperaceae",NA,2,1968,2023,NA,"Least concern",NA
1009770,87605,"Carex flava aggr.",NA,"Cyperaceae",NA,5,1968,2025,NA,"Least concern",NA
1009800,87800,"Carex frigida All.",NA,"Cyperaceae",NA,2,1981,2020,NA,"Least concern",NA
1009960,89400,"Carex lepidocarpa Tausch",NA,"Cyperaceae",NA,0,1982,1982,NA,"Least concern",NA
1009970,89500,"Carex leporina L.",NA,"Cyperaceae",NA,1,1982,2013,NA,"Least concern",NA
1010000,89900,"Carex maritima Gunnerus",NA,"Cyperaceae",NA,1,1981,1982,NA,"Vulnerable",NA
1010030,90200,"Carex microglochin Wahlenb.",NA,"Cyperaceae",NA,13,1981,2023,NA,"Vulnerable",NA
1010040,90300,"Carex montana L.",NA,"Cyperaceae",NA,3,1982,2021,NA,"Least concern",NA
1010070,90700,"Carex nigra (L.) Reichard",NA,"Cyperaceae",NA,2,1981,2011,NA,"Least concern",NA
1010080,90900,"Carex norvegica Retz.",NA,"Cyperaceae",NA,3,1968,1982,NA,"Vulnerable",NA
1010090,91200,"Carex ornithopoda Willd.",NA,"Cyperaceae",NA,1,1982,2025,NA,"Least concern",NA
1010140,91700,"Carex panicea L.",NA,"Cyperaceae",NA,3,1981,2023,NA,"Least concern",NA
1010160,92000,"Carex parviflora Host",NA,"Cyperaceae",NA,3,1982,2025,NA,"Least concern",NA
1010180,92200,"Carex paupercula Michx.",NA,"Cyperaceae",NA,2,1997,1997,NA,"Near threatened",NA
1010320,93700,"Carex rostrata Stokes",NA,"Cyperaceae",NA,1,1982,2023,NA,"Least concern",NA
1010330,93800,"Carex rupestris All.",NA,"Cyperaceae",NA,8,1982,2025,NA,"Least concern",NA
1010340,93900,"Carex sempervirens Vill.",NA,"Cyperaceae",NA,4,1982,2025,NA,"Least concern",NA
1010490,95800,"Carlina acaulis L.",NA,"Asteraceae",NA,6,1982,2025,NA,"Least concern",NA
1010510,96000,"Carlina acaulis subsp. caulescens (Lam.) Schübl. & G. Martens",NA,"Asteraceae",NA,2,2020,2024,NA,"",NA
1010610,97100,"Carum carvi L.",NA,"Apiaceae",NA,1,2024,2024,NA,"Least concern",NA
1010910,99400,"Centaurea nervosa Willd.",NA,"Asteraceae",NA,1,2017,2017,NA,"Least concern",NA
1010980,99995,"Centaurea scabiosa L.",NA,"Asteraceae",NA,1,1966,2025,NA,"Least concern",NA
1011000,100100,"Centaurea scabiosa subsp. alpestris (Hegetschw.) Nyman",NA,"Asteraceae",NA,0,1966,1966,NA,"Least concern",NA
1011370,103400,"Cerastium cerastoides (L.) Britton",NA,"Caryophyllaceae",NA,1,1982,2024,NA,"Least concern",NA
1011390,103595,"Cerastium fontanum Baumg.",NA,"Caryophyllaceae",NA,6,1981,2025,NA,"Least concern",NA
1011400,103600,"Cerastium fontanum Baumg. subsp. fontanum",NA,"Caryophyllaceae",NA,3,1981,2021,NA,"Least concern",NA
1011450,104200,"Cerastium latifolium L.",NA,"Caryophyllaceae",NA,14,1912,2011,NA,"Least concern",NA
1011530,105400,"Cerastium uniflorum Clairv.",NA,"Caryophyllaceae",NA,5,1910,2024,NA,"Least concern",NA
1011640,106100,"Chaenorrhinum minus (L.) Lange",NA,"Plantaginaceae",NA,1,2025,2025,NA,"Least concern",NA
1011700,106705,"Chaerophyllum hirsutum aggr.",NA,"Apiaceae",NA,3,2024,2024,NA,"Least concern",NA
1011730,107100,"Chaerophyllum villarsii W. D. J. Koch",NA,"Apiaceae",NA,2,2024,2024,NA,"Least concern",NA
1011810,107700,"Chamorchis alpina (L.) Rich.",NA,"Orchidaceae",NA,8,1904,2021,NA,"Least concern",NA
1011880,108500,"Chenopodium bonus-henricus L.",NA,"Amaranthaceae",NA,10,1982,2025,NA,"Least concern",NA
1012190,112800,"Cicerbita alpina (L.) Wallr.",NA,"Asteraceae",NA,6,2013,2025,NA,"Least concern",NA
1012200,112900,"Cicerbita macrophylla (Willd.) Wallr.",NA,"Asteraceae",NA,1,2021,2021,NA,"",NA
1012300,113700,"Cirsium acaule Scop.",NA,"Asteraceae",NA,2,2024,2025,NA,"Least concern",NA
1012330,114000,"Cirsium eriophorum (L.) Scop.",NA,"Asteraceae",NA,1,2025,2025,NA,"Least concern",NA
1012370,114400,"Cirsium helenioides (L.) Hill",NA,"Asteraceae",NA,7,2022,2025,NA,"Least concern",NA
1012450,115300,"Cirsium spinosissimum (L.) Scop.",NA,"Asteraceae",NA,16,1982,2025,NA,"Least concern",NA
1012750,117200,"Coeloglossum viride (L.) Hartm.",NA,"Orchidaceae",NA,180,1982,2025,NA,"Least concern",NA
1013210,120400,"Coronilla vaginalis Lam.",NA,"Fabaceae",NA,1,1984,1994,NA,"Least concern",NA
1013450,121800,"Cotoneaster integerrimus Medik.",NA,"Rosaceae",NA,1,1982,2013,NA,"Least concern",NA
1013630,123000,"Crepis aurea (L.) Cass.",NA,"Asteraceae",NA,4,1982,2025,NA,"Least concern",NA
1013700,123900,"Crepis kerneri Rech. f.",NA,"Asteraceae",NA,0,1982,1982,NA,"Least concern",NA
1013810,124900,"Crepis rhaetica Hegetschw.",NA,"Asteraceae",NA,4,1982,2015,NA,"Near threatened",NA
1013880,125800,"Crocus albiflorus Kit.",NA,"Iridaceae",NA,1,1982,2025,NA,"Least concern",NA
1014130,127800,"Cuscuta epithymum (L.) L.",NA,"Convolvulaceae",NA,1,2022,2022,NA,"Least concern",NA
1014500,130500,"Cystopteris alpina (Lam.) Desv.",NA,"Cystopteridaceae",NA,0,1982,1982,NA,"Least concern",NA
1014515,130750,"Cystopteris fragilis aggr.",NA,"Cystopteridaceae",NA,1,2025,2025,NA,"",NA
1014610,131800,"Dactylis glomerata L.",NA,"Poaceae",NA,1,1982,2024,NA,"Least concern",NA
1014760,132600,"Dactylorhiza maculata (L.) Soó",NA,"Orchidaceae",NA,4,2020,2023,NA,"Least concern",NA
1014775,132630,"Dactylorhiza maculata subsp. fuchsii (Druce) Hyl.",NA,"Orchidaceae",NA,2,2020,2023,NA,"Least concern",NA
1014777,132640,"Dactylorhiza maculata subsp. savogiensis (D. Tyteca & Gathoye) Kreutz",NA,"Orchidaceae",NA,1,2020,2020,NA,"",NA
1014900,133600,"Daphne mezereum L.",NA,"Thymelaeaceae",NA,5,2025,2025,NA,"Least concern",NA
1014910,133700,"Daphne striata Tratt.",NA,"Thymelaeaceae",NA,9,1982,2025,NA,"Least concern",NA
1015040,134800,"Deschampsia cespitosa (L.) P. Beauv.",NA,"Poaceae",NA,7,1981,2024,NA,"Least concern",NA
1015170,135900,"Dianthus deltoides L.",NA,"Caryophyllaceae",NA,1,2017,2017,NA,"Vulnerable",NA
1015200,136000,"Dianthus glacialis Haenke",NA,"Caryophyllaceae",NA,37,1927,2024,NA,"Least concern",NA
1015280,136800,"Dianthus superbus L.",NA,"Caryophyllaceae",NA,20,2013,2025,NA,"Least concern",NA
1015310,136900,"Dianthus sylvestris Wulfen",NA,"Caryophyllaceae",NA,1,1982,2024,NA,"Least concern",NA
1015420,137800,"Diphasiastrum alpinum (L.) Holub",NA,"Lycopodiaceae",NA,4,1982,2022,NA,"Least concern",NA
1015560,139700,"Doronicum clusii (All.) Tausch",NA,"Asteraceae",NA,5,1982,2023,NA,"Least concern",NA
1015590,140000,"Doronicum grandiflorum Lam.",NA,"Asteraceae",NA,9,1982,2025,NA,"Least concern",NA
1015670,140500,"Draba aizoides L.",NA,"Brassicaceae",NA,2,1982,2025,NA,"Least concern",NA
1015680,140700,"Draba dubia Suter",NA,"Brassicaceae",NA,8,1912,2024,NA,"Least concern",NA
1015690,140800,"Draba fladnizensis Wulfen",NA,"Brassicaceae",NA,6,1910,2011,NA,"Least concern",NA
1015700,140900,"Draba hoppeana Rchb.",NA,"Brassicaceae",NA,7,1982,2017,NA,"Least concern",NA
1015750,141400,"Draba siliquosa M. Bieb.",NA,"Brassicaceae",NA,3,1991,2011,NA,"Least concern",NA
1015780,141600,"Draba tomentosa Clairv.",NA,"Brassicaceae",NA,3,1982,2013,NA,"Least concern",NA
1015800,141800,"Dracocephalum ruyschiana L.",NA,"Lamiaceae",NA,17,1902,2013,NA,"Near threatened",NA
1015860,142500,"Dryas octopetala L.",NA,"Rosaceae",NA,12,1982,2025,NA,"Least concern",NA
1015930,143300,"Dryopteris dilatata (Hoffm.) A. Gray",NA,"Dryopteridaceae",NA,1,2022,2022,NA,"Least concern",NA
1015925,143350,"Dryopteris dilatata aggr.",NA,"Dryopteridaceae",NA,3,2021,2022,NA,"",NA
1015940,143400,"Dryopteris expansa (C. Presl) Fraser-Jenk. & Jermy",NA,"Dryopteridaceae",NA,2,2021,2022,NA,"Least concern",NA
1015950,143500,"Dryopteris filix-mas (L.) Schott",NA,"Dryopteridaceae",NA,1,1982,2022,NA,"Least concern",NA
1016300,145700,"Eleocharis palustris (L.) Roem. & Schult.",NA,"Cyperaceae",NA,0,1982,1982,NA,"Near threatened",NA
1016310,145705,"Eleocharis palustris aggr.",NA,"Cyperaceae",NA,0,1982,1982,NA,"Near threatened",NA
1016320,145900,"Eleocharis quinqueflora (Hartmann) O. Schwarz",NA,"Cyperaceae",NA,6,1981,2023,NA,"Least concern",NA
1016460,146600,"Elyna myosuroides (Vill.) Fritsch",NA,"Cyperaceae",NA,18,1982,2025,NA,"Least concern",NA
1016470,146795,"Empetrum nigrum L.",NA,"Ericaceae",NA,2,1982,2025,NA,"Least concern",NA
1016490,146900,"Empetrum nigrum subsp. hermaphroditum (Hagerup) Böcher",NA,"Ericaceae",NA,1,1982,2022,NA,"Least concern",NA
1016520,147500,"Epilobium alsinifolium Vill.",NA,"Onagraceae",NA,1,2020,2020,NA,"Least concern",NA
1016540,147700,"Epilobium angustifolium L.",NA,"Onagraceae",NA,12,2020,2025,NA,"Least concern",NA
1016590,148200,"Epilobium fleischeri Hochst.",NA,"Onagraceae",NA,2,1982,2025,NA,"Least concern",NA
1016630,148700,"Epilobium nutans F. W. Schmidt",NA,"Onagraceae",NA,0,1982,1982,NA,"Least concern",NA
1016920,150600,"Equisetum arvense L.",NA,"Equisetaceae",NA,1,2022,2022,NA,"Least concern",NA
1016950,151100,"Equisetum palustre L.",NA,"Equisetaceae",NA,2,1981,1981,NA,"Least concern",NA
1017000,151600,"Equisetum variegatum Schleich.",NA,"Equisetaceae",NA,3,1981,2023,NA,"Least concern",NA
1017440,153300,"Erigeron acris L.",NA,"Asteraceae",NA,1,2025,2025,NA,"Least concern",NA
1017470,153500,"Erigeron acris subsp. politus (Fr.) H. Lindb.",NA,"Asteraceae",NA,1,2025,2025,NA,"Least concern",NA
1017490,153600,"Erigeron alpinus L.",NA,"Asteraceae",NA,2,1982,2024,NA,"Least concern",NA
1017485,153650,"Erigeron alpinus aggr.",NA,"Asteraceae",NA,21,1982,2025,NA,"",NA
1017590,154700,"Erigeron neglectus A. Kern.",NA,"Asteraceae",NA,7,1982,2025,NA,"Least concern",NA
1017610,155000,"Erigeron uniflorus L.",NA,"Asteraceae",NA,11,1982,2024,NA,"Least concern",NA
1017640,155200,"Eriophorum angustifolium Honck.",NA,"Cyperaceae",NA,1,2023,2023,NA,"Least concern",NA
1017670,155500,"Eriophorum scheuchzeri Hoppe",NA,"Cyperaceae",NA,4,1982,2024,NA,"Least concern",NA
1017680,155600,"Eriophorum vaginatum L.",NA,"Cyperaceae",NA,0,1982,1982,NA,"Near threatened",NA
1017690,155700,"Eritrichium nanum (L.) Gaudin",NA,"Boraginaceae",NA,10,1910,2025,NA,"Least concern",NA
1018170,159800,"Euphorbia cyparissias L.",NA,"Euphorbiaceae",NA,4,1982,2025,NA,"Least concern",NA
1018520,162000,"Euphrasia alpina Lam.",NA,"Orobanchaceae",NA,1,2020,2020,NA,"Least concern",NA
1018560,162500,"Euphrasia hirtella Reut.",NA,"Orobanchaceae",NA,0,1982,1982,NA,"Least concern",NA
1018600,162750,"Euphrasia minima Schleich.",NA,"Orobanchaceae",NA,7,1982,2025,NA,"Least concern",NA
1018700,163450,"Euphrasia rostkoviana Hayne",NA,"Orobanchaceae",NA,1,1981,1981,NA,"Least concern",NA
1018685,163850,"Euphrasia rostkoviana aggr.",NA,"Orobanchaceae",NA,1,1981,1981,NA,"",NA
1018730,163800,"Euphrasia rostkoviana subsp. montana (Jord.) Wettst.",NA,"Orobanchaceae",NA,1,1981,1981,NA,"Least concern",NA
1018740,163900,"Euphrasia salisburgensis Hoppe",NA,"Orobanchaceae",NA,1,1982,2025,NA,"Least concern",NA
1018980,165700,"Festuca alpina Suter",NA,"Poaceae",NA,6,1982,2025,NA,"Least concern",NA
1019180,167600,"Festuca halleri All.",NA,"Poaceae",NA,11,1910,2021,NA,"Least concern",NA
1019160,167650,"Festuca halleri aggr.",NA,"Poaceae",NA,12,1910,2021,NA,"Least concern",NA
1019290,168300,"Festuca nigrescens Lam.",NA,"Poaceae",NA,5,2010,2021,NA,"Least concern",NA
1019450,170000,"Festuca quadriflora Honck.",NA,"Poaceae",NA,5,1982,2011,NA,"Least concern",NA
1019480,170100,"Festuca rubra L.",NA,"Poaceae",NA,7,2021,2021,NA,"Least concern",NA
1019470,170200,"Festuca rubra aggr.",NA,"Poaceae",NA,12,2010,2021,NA,"Least concern",NA
1019510,170400,"Festuca rupicaprina (Hack.) A. Kern.",NA,"Poaceae",NA,2,2010,2011,NA,"Least concern",NA
1019670,172100,"Festuca violacea aggr.",NA,"Poaceae",NA,2,1982,2025,NA,"Least concern",NA
1020160,175620,"Gagea fragifera (Vill.) Ehr. Bayer & G. López",NA,"Liliaceae",NA,1,1982,2013,NA,"Least concern",NA
1020390,177500,"Galium anisophyllon Vill.",NA,"Rubiaceae",NA,3,1982,2011,NA,"Least concern",NA
1020600,179700,"Galium pumilum Murray",NA,"Rubiaceae",NA,6,2021,2025,NA,"Least concern",NA
1020595,179650,"Galium pumilum aggr.",NA,"Rubiaceae",NA,9,1982,2025,NA,"",NA
1020890,182200,"Gentiana acaulis L.",NA,"Gentianaceae",NA,10,1982,2025,NA,"Least concern",NA
1020930,182600,"Gentiana anisodonta Borbás",NA,"Gentianaceae",NA,0,1982,1982,NA,"Endangered",NA
1020950,182800,"Gentiana aspera Hegetschw.",NA,"Gentianaceae",NA,0,1966,1966,NA,"Near threatened",NA
1020970,182900,"Gentiana bavarica L.",NA,"Gentianaceae",NA,14,1982,2025,NA,"Least concern",NA
1020975,182930,"Gentiana bavarica L. subsp. bavarica",NA,"Gentianaceae",NA,6,2021,2025,NA,"Least concern",NA
1020980,182960,"Gentiana bavarica subsp. subacaulis (Schleich.) G. Mull.",NA,"Gentianaceae",NA,2,2024,2024,NA,"Least concern",NA
1020990,183000,"Gentiana brachyphylla Vill.",NA,"Gentianaceae",NA,9,1982,2021,NA,"Least concern",NA
1021000,183100,"Gentiana campestris L.",NA,"Gentianaceae",NA,7,1982,2024,NA,"Least concern",NA
1021010,183200,"Gentiana campestris L. subsp. campestris",NA,"Gentianaceae",NA,3,2021,2024,NA,"Least concern",NA
1021030,183400,"Gentiana ciliata L.",NA,"Gentianaceae",NA,1,2017,2017,NA,"Least concern",NA
1021040,183500,"Gentiana clusii E. P. Perrier & Songeon",NA,"Gentianaceae",NA,0,1982,1982,NA,"Least concern",NA
1021060,183700,"Gentiana engadinensis (Wettst.) Braun-Blanq. & Sam.",NA,"Gentianaceae",NA,1,1982,2013,NA,"Near threatened",NA
1021120,184100,"Gentiana lutea L.",NA,"Gentianaceae",NA,7,2013,2025,NA,"Least concern",NA
1021140,184300,"Gentiana nivalis L.",NA,"Gentianaceae",NA,14,1982,2025,NA,"Least concern",NA
1021150,184400,"Gentiana orbicularis Schur",NA,"Gentianaceae",NA,6,1984,2012,NA,"Least concern",NA
1021190,184800,"Gentiana punctata L.",NA,"Gentianaceae",NA,17,1982,2025,NA,"Least concern",NA
1021210,185000,"Gentiana ramosa Hegetschw.",NA,"Gentianaceae",NA,4,1982,2025,NA,"Least concern",NA
1021230,185200,"Gentiana tenella Rottb.",NA,"Gentianaceae",NA,10,1982,2024,NA,"Least concern",NA
1021250,185400,"Gentiana verna L.",NA,"Gentianaceae",NA,10,1982,2025,NA,"Least concern",NA
1021530,189300,"Geranium sylvaticum L.",NA,"Geraniaceae",NA,1,1982,2024,NA,"Least concern",NA
1021540,189400,"Geum montanum L.",NA,"Rosaceae",NA,18,1982,2025,NA,"Least concern",NA
1021560,189500,"Geum reptans L.",NA,"Rosaceae",NA,16,1912,2025,NA,"Least concern",NA
1021690,190500,"Glechoma hederacea L.",NA,"Lamiaceae",NA,1,2025,2025,NA,"Least concern",NA
1021740,191000,"Globularia cordifolia L.",NA,"Plantaginaceae",NA,2,1982,2025,NA,"Least concern",NA
1021840,192200,"Gnaphalium hoppeanum W. D. J. Koch",NA,"Asteraceae",NA,1,1982,2024,NA,"Least concern",NA
1021860,192400,"Gnaphalium norvegicum Gunnerus",NA,"Asteraceae",NA,2,1968,2020,NA,"Least concern",NA
1021870,192500,"Gnaphalium supinum L.",NA,"Asteraceae",NA,2,1982,2024,NA,"Least concern",NA
1021880,192600,"Gnaphalium sylvaticum L.",NA,"Asteraceae",NA,2,2021,2025,NA,"Least concern",NA
1021950,193200,"Gymnadenia conopsea (L.) R. Br.",NA,"Orchidaceae",NA,54,1982,2025,NA,"Least concern",NA
1021957,NA,"Gymnadenia conopsea × Nigritella rhellicani",NA,"Orchidaceae",NA,6,2010,2021,NA,"",NA
1021970,193300,"Gymnadenia odoratissima (L.) Rich.",NA,"Orchidaceae",NA,31,1982,2023,NA,"Least concern",NA
1021975,NA,"Gymnadenia odoratissima × Nigritella rhellicani",NA,"Orchidaceae",NA,15,2009,2023,NA,"",NA
1021980,193400,"Gymnocarpium dryopteris (L.) Newman",NA,"Cystopteridaceae",NA,3,1982,2023,NA,"Least concern",NA
1022020,193800,"Gypsophila repens L.",NA,"Caryophyllaceae",NA,4,1982,2025,NA,"Least concern",NA
1022110,194100,"Hedysarum hedysaroides (L.) Schinz & Thell.",NA,"Fabaceae",NA,5,1982,2024,NA,"Least concern",NA
1022140,194300,"Helianthemum alpestre (Jacq.) DC.",NA,"Cistaceae",NA,3,1982,2025,NA,"Least concern",NA
1022180,194895,"Helianthemum nummularium (L.) Mill.",NA,"Cistaceae",NA,2,1982,2025,NA,"Least concern",NA
1022210,195100,"Helianthemum nummularium subsp. grandiflorum (Scop.) Schinz & Thell.",NA,"Cistaceae",NA,2,1982,2025,NA,"Least concern",NA
1022440,197100,"Helictotrichon versicolor (Vill.) Pilg.",NA,"Poaceae",NA,13,1982,2025,NA,"Least concern",NA
1022580,198300,"Heracleum mantegazzianum Sommier & Levier",NA,"Apiaceae",NA,1,2021,2021,NA,"",NA
1022590,198595,"Heracleum sphondylium L.",NA,"Apiaceae",NA,3,2025,2025,NA,"Least concern",NA
1022670,199300,"Herniaria glabra L.",NA,"Caryophyllaceae",NA,1,2020,2020,NA,"Least concern",NA
1022790,199900,"Hieracium alpinum L.",NA,"Asteraceae",NA,1,1982,2010,NA,"Least concern",NA
1022800,200000,"Hieracium amplexicaule L.",NA,"Asteraceae",NA,0,1982,1982,NA,"Least concern",NA
1022840,200600,"Hieracium bifidum aggr.",NA,"Asteraceae",NA,1,1966,2010,NA,"Least concern",NA
1022860,200700,"Hieracium bupleuroides C. C. Gmel.",NA,"Asteraceae",NA,0,1966,1966,NA,"Least concern",NA
1022990,201700,"Hieracium hoppeanum Schult.",NA,"Asteraceae",NA,1,2025,2025,NA,"Least concern",NA
1023010,201900,"Hieracium intybaceum All.",NA,"Asteraceae",NA,2,1982,2025,NA,"Least concern",NA
1023030,202000,"Hieracium lachenalii C. C. Gmel.",NA,"Asteraceae",NA,0,1966,1966,NA,"Least concern",NA
1023110,202700,"Hieracium murorum aggr.",NA,"Asteraceae",NA,2,2024,2025,NA,"Least concern",NA
1023190,203105,"Hieracium piliferum Hoppe",NA,"Asteraceae",NA,1,2021,2021,NA,"Least concern",NA
1023170,203200,"Hieracium piliferum aggr.",NA,"Asteraceae",NA,1,2021,2021,NA,"Least concern",NA
1023270,203900,"Hieracium prenanthoides aggr.",NA,"Asteraceae",NA,0,1982,1982,NA,"Least concern",NA
1023500,205800,"Hieracium villosum Jacq.",NA,"Asteraceae",NA,2,1966,2025,NA,"Least concern",NA
1023490,205900,"Hieracium villosum aggr.",NA,"Asteraceae",NA,6,1966,2025,NA,"Least concern",NA
1023580,206300,"Hippocrepis comosa L.",NA,"Fabaceae",NA,1,1982,2012,NA,"Least concern",NA
1023680,207300,"Homogyne alpina (L.) Cass.",NA,"Asteraceae",NA,18,1982,2025,NA,"Least concern",NA
1023860,208900,"Huperzia selago (L.) Schrank & Mart.",NA,"Lycopodiaceae",NA,3,1982,2022,NA,"Least concern",NA
1024250,212200,"Hypochaeris uniflora Vill.",NA,"Asteraceae",NA,4,1982,2025,NA,"Least concern",NA
1024900,217700,"Juncus alpinoarticulatus Chaix",NA,"Juncaceae",NA,4,1981,2025,NA,"Least concern",NA
1024920,218000,"Juncus arcticus Willd.",NA,"Juncaceae",NA,16,1927,2024,NA,"Near threatened",NA
1024930,218100,"Juncus articulatus L.",NA,"Juncaceae",NA,1,2025,2025,NA,"Least concern",NA
1024925,218150,"Juncus articulatus aggr.",NA,"Juncaceae",NA,5,1981,2025,NA,"",NA
1025010,218900,"Juncus filiformis L.",NA,"Juncaceae",NA,1,2023,2023,NA,"Least concern",NA
1025050,219300,"Juncus monanthos Jacq.",NA,"Juncaceae",NA,0,1966,1966,NA,"Near threatened",NA
1025120,220100,"Juncus trifidus L.",NA,"Juncaceae",NA,5,1982,2021,NA,"Least concern",NA
1025140,220395,"Juniperus communis L.",NA,"Cupressaceae",NA,19,1982,2025,NA,"Least concern",NA
1025150,220400,"Juniperus communis L. subsp. communis",NA,"Cupressaceae",NA,1,2023,2023,NA,"Least concern",NA
1025160,220500,"Juniperus communis subsp. alpina Čelak.",NA,"Cupressaceae",NA,3,1982,2025,NA,"Least concern",NA
1025240,221450,"Knautia dipsacifolia Kreutzer",NA,"Caprifoliaceae",NA,1,2023,2023,NA,"Least concern",NA
1025450,223500,"Koeleria hirsuta Gaudin",NA,"Poaceae",NA,0,1982,1982,NA,"Least concern",NA
1025470,223700,"Koeleria macrantha (Ledeb.) Schult.",NA,"Poaceae",NA,0,1966,1966,NA,"Least concern",NA
1025490,223905,"Koeleria pyramidata aggr.",NA,"Poaceae",NA,0,1966,1966,NA,"Least concern",NA
1025650,225500,"Lamium album L.",NA,"Lamiaceae",NA,1,2025,2025,NA,"Least concern",NA
1025760,226600,"Lappula deflexa (Wahlenb.) Garcke",NA,"Boraginaceae",NA,0,1982,1982,NA,"Vulnerable",NA
1025810,227200,"Larix decidua Mill.",NA,"Pinaceae",NA,8,1982,2025,NA,"Least concern",NA
1025840,227400,"Laserpitium gaudinii Moretti",NA,"Apiaceae",NA,6,2023,2025,NA,"Least concern",NA
1025850,227500,"Laserpitium halleri Crantz",NA,"Apiaceae",NA,11,1982,2025,NA,"Least concern",NA
1026290,232700,"Leontodon autumnalis L.",NA,"Asteraceae",NA,2,1981,1982,NA,"Least concern",NA
1026310,232900,"Leontodon helveticus Mérat",NA,"Asteraceae",NA,12,1982,2021,NA,"Least concern",NA
1026330,233000,"Leontodon hispidus L.",NA,"Asteraceae",NA,19,1982,2025,NA,"Least concern",NA
1026340,233100,"Leontodon hispidus L. subsp. hispidus",NA,"Asteraceae",NA,1,2003,2003,NA,"Least concern",NA
1026360,233400,"Leontodon hispidus subsp. hyoseroides (Rchb.) Murr",NA,"Asteraceae",NA,0,1982,1982,NA,"Least concern",NA
1026400,233750,"Leontodon incanus (L.) Schrank",NA,"Asteraceae",NA,0,1966,1966,NA,"Least concern",NA
1026410,233800,"Leontodon incanus (L.) Schrank subsp. incanus",NA,"Asteraceae",NA,0,1966,1966,NA,"Least concern",NA
1026430,234000,"Leontodon montanus Lam.",NA,"Asteraceae",NA,2,1982,2011,NA,"Least concern",NA
1026470,234600,"Leontopodium alpinum Cass.",NA,"Asteraceae",NA,16,1982,2025,NA,"Least concern",NA
1026600,236000,"Leucanthemopsis alpina (L.) Heywood",NA,"Asteraceae",NA,12,1910,2025,NA,"Least concern",NA
1026610,236020,"Leucanthemopsis alpina (L.) Heywood subsp. alpina",NA,"Asteraceae",NA,8,2021,2021,NA,"Least concern",NA
1026650,236200,"Leucanthemum adustum (W. D. J. Koch) Gremli",NA,"Asteraceae",NA,3,1982,2025,NA,"Least concern",NA
1026680,236500,"Leucanthemum halleri (Vitman) Ducommun",NA,"Asteraceae",NA,4,1982,2019,NA,"Least concern",NA
1026710,236905,"Leucanthemum vulgare aggr.",NA,"Asteraceae",NA,3,1982,2025,NA,"Least concern",NA
1026810,237800,"Ligusticum mutellina (L.) Crantz",NA,"Apiaceae",NA,2,1981,2025,NA,"Least concern",NA
1026820,237900,"Ligusticum mutellinoides Vill.",NA,"Apiaceae",NA,19,1982,2021,NA,"Least concern",NA
1026890,238500,"Lilium martagon L.",NA,"Liliaceae",NA,11,1982,2025,NA,"Least concern",NA
1026920,238800,"Linaria alpina (L.) Mill.",NA,"Plantaginaceae",NA,23,1912,2025,NA,"Least concern",NA
1026930,238900,"Linaria alpina (L.) Mill. subsp. alpina",NA,"Plantaginaceae",NA,9,1912,2025,NA,"Least concern",NA
1027090,240600,"Linnaea borealis L.",NA,"Caprifoliaceae",NA,5,2007,2025,NA,"Least concern",NA
1027220,242000,"Listera ovata (L.) R. Br.",NA,"Orchidaceae",NA,2,2019,2020,NA,"Least concern",NA
1027250,242500,"Lloydia serotina (L.) Rchb.",NA,"Liliaceae",NA,8,1982,2024,NA,"Least concern",NA
1027290,242600,"Loiseleuria procumbens (L.) Desv.",NA,"Ericaceae",NA,4,1982,2025,NA,"Least concern",NA
1027380,243500,"Lonicera caerulea L.",NA,"Caprifoliaceae",NA,11,2020,2025,NA,"Least concern",NA
1027440,243900,"Lonicera nigra L.",NA,"Caprifoliaceae",NA,2,2023,2025,NA,"Least concern",NA
1027500,244300,"Lotus alpinus (DC.) Ramond",NA,"Fabaceae",NA,4,2021,2025,NA,"Least concern",NA
1027520,244400,"Lotus corniculatus L.",NA,"Fabaceae",NA,1,1982,2021,NA,"Least concern",NA
1027510,244410,"Lotus corniculatus aggr.",NA,"Fabaceae",NA,10,1982,2025,NA,"Least concern",NA
1027640,245800,"Lupinus polyphyllus Lindl.",NA,"Fabaceae",NA,6,2017,2024,NA,"",NA
1027660,245900,"Luzula alpina Hoppe",NA,"Juncaceae",NA,8,2021,2021,NA,"Least concern",NA
1027670,246000,"Luzula alpinopilosa (Chaix) Breistr.",NA,"Juncaceae",NA,6,1982,2021,NA,"Least concern",NA
1027740,246600,"Luzula lutea (All.) DC.",NA,"Juncaceae",NA,11,1982,2021,NA,"Least concern",NA
1027760,246800,"Luzula luzuloides (Lam.) Dandy & Wilmott",NA,"Juncaceae",NA,1,2024,2024,NA,"Least concern",NA
1027790,247100,"Luzula multiflora (Ehrh.) Lej.",NA,"Juncaceae",NA,1,1982,2025,NA,"Least concern",NA
1027785,247150,"Luzula multiflora aggr.",NA,"Juncaceae",NA,11,1966,2025,NA,"Least concern",NA
1027860,247800,"Luzula spicata (L.) DC.",NA,"Juncaceae",NA,12,1910,2025,NA,"Least concern",NA
1027890,248100,"Luzula sudetica (Willd.) Schult.",NA,"Juncaceae",NA,1,2021,2021,NA,"Least concern",NA
1027920,248400,"Luzula sylvatica aggr.",NA,"Juncaceae",NA,2,1982,2025,NA,"Least concern",NA
1027960,249400,"Lycopodiella inundata (L.) Holub",NA,"Lycopodiaceae",NA,0,1966,1966,NA,"Vulnerable",NA
1027980,249700,"Lycopodium annotinum L.",NA,"Lycopodiaceae",NA,1,2023,2023,NA,"Least concern",NA
1028210,252400,"Maianthemum bifolium (L.) F. W. Schmidt",NA,"Asparagaceae",NA,1,2025,2025,NA,"Least concern",NA
1028290,253100,"Malva alcea L.",NA,"Malvaceae",NA,1,2025,2025,NA,"Least concern",NA
1028430,254100,"Matricaria discoidea DC.",NA,"Asteraceae",NA,2,2025,2025,NA,"",NA
1028660,256600,"Melampyrum sylvaticum L.",NA,"Orobanchaceae",NA,2,2025,2025,NA,"Least concern",NA
1029080,260300,"Minuartia biflora (L.) Schinz & Thell.",NA,"Caryophyllaceae",NA,3,1982,2015,NA,"Least concern",NA
1029200,261600,"Minuartia rupestris (Scop.) Schinz & Thell.",NA,"Caryophyllaceae",NA,0,1982,1982,NA,"Least concern",NA
1029230,261700,"Minuartia sedoides (L.) Hiern",NA,"Caryophyllaceae",NA,3,1910,2024,NA,"Least concern",NA
1029260,262000,"Minuartia verna (L.) Hiern",NA,"Caryophyllaceae",NA,7,1982,2025,NA,"Least concern",NA
1029350,262500,"Moehringia ciliata (Scop.) Dalla Torre",NA,"Caryophyllaceae",NA,3,1982,2024,NA,"Least concern",NA
1029470,263700,"Moneses uniflora (L.) A. Gray",NA,"Ericaceae",NA,1,2013,2013,NA,"Least concern",NA
1029690,265800,"Myosotis alpestris F. W. Schmidt",NA,"Boraginaceae",NA,12,1982,2025,NA,"Least concern",NA
1029860,267500,"Myricaria germanica (L.) Desv.",NA,"Tamaricaceae",NA,3,2013,2024,NA,"Vulnerable",NA
1030080,269700,"Nardus stricta L.",NA,"Poaceae",NA,7,1982,2025,NA,"Least concern",NA
1030390,271655,"Nigritella rhellicani Teppner & E. Klein",NA,"Orchidaceae",NA,227,1983,2025,NA,"Least concern",NA
1030393,271670,"Nigritella rhellicani Teppner & E. Klein var. rhellicani",NA,"Orchidaceae",NA,2,2024,2024,NA,"",NA
1030380,271700,"Nigritella rhellicani aggr.",NA,"Orchidaceae",NA,231,1982,2025,NA,"Least concern",NA
1030400,271800,"Nigritella rubra (Wettst.) K. Richt.",NA,"Orchidaceae",NA,77,1931,2024,NA,"Near threatened",NA
1031350,280900,"Orchis mascula (L.) L.",NA,"Orchidaceae",NA,9,2001,2024,NA,"Least concern",NA
1031360,280950,"Orchis mascula (L.) L. subsp. mascula",NA,"Orchidaceae",NA,4,2014,2014,NA,"",NA
1031370,280980,"Orchis mascula subsp. speciosa (Mutel) Hegi",NA,"Orchidaceae",NA,1,2001,2001,NA,"",NA
1031530,282300,"Oreochloa disticha (Wulfen) Link",NA,"Poaceae",NA,7,1982,2024,NA,"Least concern",NA
1031700,284000,"Orobanche alba Willd.",NA,"Orobanchaceae",NA,1,2020,2020,NA,"Least concern",NA
1032070,287300,"Oxalis acetosella L.",NA,"Oxalidaceae",NA,2,2025,2025,NA,"Least concern",NA
1032180,288100,"Oxyria digyna (L.) Hill",NA,"Polygonaceae",NA,2,1982,2025,NA,"Least concern",NA
1032190,288200,"Oxytropis campestris (L.) DC.",NA,"Fabaceae",NA,14,1982,2025,NA,"Least concern",NA
1032240,288700,"Oxytropis halleri W. D. J. Koch",NA,"Fabaceae",NA,1,1932,1984,NA,"Near threatened",NA
1032250,288800,"Oxytropis halleri W. D. J. Koch subsp. halleri",NA,"Fabaceae",NA,1,1932,1984,NA,"Near threatened",NA
1032270,289300,"Oxytropis jacquinii Bunge",NA,"Fabaceae",NA,9,1982,2025,NA,"Least concern",NA
1032560,292100,"Paradisea liliastrum (L.) Bertol.",NA,"Asparagaceae",NA,5,2013,2025,NA,"Least concern",NA
1032600,292700,"Parnassia palustris L.",NA,"Celastraceae",NA,8,1981,2025,NA,"Least concern",NA
1032820,294400,"Pedicularis kerneri Dalla Torre",NA,"Orobanchaceae",NA,5,1982,2024,NA,"Least concern",NA
1032840,294600,"Pedicularis palustris L.",NA,"Orobanchaceae",NA,2,2011,2025,NA,"Near threatened",NA
1032850,294700,"Pedicularis recutita L.",NA,"Orobanchaceae",NA,2,1982,2025,NA,"Least concern",NA
1032900,295100,"Pedicularis rostratospicata Crantz",NA,"Orobanchaceae",NA,0,1982,1982,NA,"Least concern",NA
1032910,295200,"Pedicularis rostratospicata subsp. helvetica (Steininger) O. Schwarz",NA,"Orobanchaceae",NA,0,1982,1982,NA,"",NA
1032930,295400,"Pedicularis tuberosa L.",NA,"Orobanchaceae",NA,3,1982,2025,NA,"Least concern",NA
1032940,295500,"Pedicularis verticillata L.",NA,"Orobanchaceae",NA,6,1982,2025,NA,"Least concern",NA
1033020,296000,"Petasites paradoxus (Retz.) Baumg.",NA,"Asteraceae",NA,3,1982,2025,NA,"Least concern",NA
1033160,297200,"Peucedanum ostruthium (L.) W. D. J. Koch",NA,"Apiaceae",NA,14,2020,2025,NA,"Least concern",NA
1033340,298800,"Phleum alpinum L.",NA,"Poaceae",NA,3,1981,2024,NA,"Least concern",NA
1033330,298900,"Phleum alpinum aggr.",NA,"Poaceae",NA,9,1981,2025,NA,"Least concern",NA
1033370,299600,"Phleum hirsutum Honck.",NA,"Poaceae",NA,1,2025,2025,NA,"Least concern",NA
1033570,300800,"Phyteuma betonicifolium Vill.",NA,"Campanulaceae",NA,3,2004,2024,NA,"Least concern",NA
1033590,301000,"Phyteuma globulariifolium Sternb. & Hoppe",NA,"Campanulaceae",NA,2,1910,2010,NA,"Least concern",NA
1033610,301200,"Phyteuma globulariifolium subsp. pedemontanum (Rich. Schulz) Bech.",NA,"Campanulaceae",NA,2,1910,2010,NA,"Least concern",NA
1033630,301400,"Phyteuma hemisphaericum L.",NA,"Campanulaceae",NA,5,1982,2024,NA,"Least concern",NA
1033670,301800,"Phyteuma orbiculare L.",NA,"Campanulaceae",NA,2,1982,2025,NA,"Least concern",NA
1033680,301900,"Phyteuma ovatum Honck.",NA,"Campanulaceae",NA,2,2013,2020,NA,"Least concern",NA
1033800,302800,"Picea abies (L.) H. Karst.",NA,"Pinaceae",NA,2,2023,2025,NA,"Least concern",NA
1033970,304000,"Pimpinella saxifraga L.",NA,"Apiaceae",NA,1,2023,2023,NA,"Least concern",NA
1033950,304100,"Pimpinella saxifraga aggr.",NA,"Apiaceae",NA,1,2023,2023,NA,"Least concern",NA
1033980,304300,"Pinguicula alpina L.",NA,"Lentibulariaceae",NA,0,1982,1982,NA,"Least concern",NA
1034040,304700,"Pinguicula leptoceras Rchb.",NA,"Lentibulariaceae",NA,3,2011,2024,NA,"Least concern",NA
1034050,304800,"Pinguicula vulgaris L.",NA,"Lentibulariaceae",NA,1,2025,2025,NA,"Near threatened",NA
1034060,304900,"Pinus cembra L.",NA,"Pinaceae",NA,12,1982,2025,NA,"Least concern",NA
1034080,305495,"Pinus mugo Turra",NA,"Pinaceae",NA,1,1982,2023,NA,"Least concern",NA
1034090,305500,"Pinus mugo Turra subsp. mugo",NA,"Pinaceae",NA,1,1982,2023,NA,"Least concern",NA
1034250,307000,"Plantago alpina L.",NA,"Plantaginaceae",NA,8,1982,2025,NA,"Least concern",NA
1034280,307250,"Plantago atrata Hoppe",NA,"Plantaginaceae",NA,9,2021,2025,NA,"Least concern",NA
1034350,307850,"Plantago major L.",NA,"Plantaginaceae",NA,7,2023,2025,NA,"Least concern",NA
1034410,308300,"Plantago serpentina All.",NA,"Plantaginaceae",NA,2,2024,2025,NA,"Least concern",NA
1034405,308350,"Plantago serpentina aggr.",NA,"Plantaginaceae",NA,17,1982,2025,NA,"",NA
1034420,308400,"Platanthera bifolia (L.) Rich.",NA,"Orchidaceae",NA,12,2001,2025,NA,"Least concern",NA
1034470,309000,"Poa alpina L.",NA,"Poaceae",NA,26,1912,2025,NA,"Least concern",NA
1034530,309600,"Poa cenisia All.",NA,"Poaceae",NA,1,1982,2012,NA,"Least concern",NA
1034540,309700,"Poa chaixii Vill.",NA,"Poaceae",NA,0,1982,1982,NA,"Least concern",NA
1034590,310200,"Poa laxa Haenke",NA,"Poaceae",NA,2,1910,2010,NA,"Least concern",NA
1034620,310500,"Poa nemoralis L.",NA,"Poaceae",NA,0,1982,1982,NA,"Least concern",NA
1034720,311450,"Poa variegata Lam.",NA,"Poaceae",NA,0,1982,1982,NA,"Least concern",NA
1034770,312300,"Polygala alpestris Rchb.",NA,"Polygalaceae",NA,3,2020,2021,NA,"Least concern",NA
1034780,312400,"Polygala alpina (DC.) Steud.",NA,"Polygalaceae",NA,0,1982,1982,NA,"Least concern",NA
1034990,314190,"Polygonum aviculare L.",NA,"Polygonaceae",NA,1,2020,2020,NA,"Least concern",NA
1034980,314300,"Polygonum aviculare aggr.",NA,"Polygonaceae",NA,1,2020,2020,NA,"Least concern",NA
1035010,314400,"Polygonum bistorta L.",NA,"Polygonaceae",NA,3,1982,2025,NA,"Least concern",NA
1035170,315800,"Polygonum viviparum L.",NA,"Polygonaceae",NA,24,1912,2025,NA,"Least concern",NA
1035200,316400,"Polypodium vulgare L.",NA,"Polypodiaceae",NA,2,1982,2024,NA,"Least concern",NA
1035260,316800,"Polystichum lonchitis (L.) Roth",NA,"Dryopteridaceae",NA,1,1982,2025,NA,"Least concern",NA
1035720,321300,"Potentilla aurea L.",NA,"Rosaceae",NA,15,1982,2025,NA,"Least concern",NA
1035740,321600,"Potentilla caulescens L.",NA,"Rosaceae",NA,0,1982,1982,NA,"Least concern",NA
1035790,322100,"Potentilla crantzii (Crantz) Fritsch",NA,"Rosaceae",NA,2,1982,2021,NA,"Least concern",NA
1035810,322400,"Potentilla erecta (L.) Raeusch.",NA,"Rosaceae",NA,4,2025,2025,NA,"Least concern",NA
1035820,322500,"Potentilla frigida Vill.",NA,"Rosaceae",NA,1,1982,2010,NA,"Least concern",NA
1035850,322700,"Potentilla grandiflora L.",NA,"Rosaceae",NA,2,1982,2025,NA,"Least concern",NA
1035970,323600,"Potentilla nivea L.",NA,"Rosaceae",NA,3,1985,1995,NA,"Vulnerable",NA
1036090,325100,"Potentilla verna L.",NA,"Rosaceae",NA,3,2011,2021,NA,"Least concern",NA
1036230,326200,"Primula farinosa L.",NA,"Primulaceae",NA,2,1982,2025,NA,"Least concern",NA
1036280,326605,"Primula hirsuta All.",NA,"Primulaceae",NA,1,1982,2010,NA,"Least concern",NA
1036290,326700,"Primula integrifolia L.",NA,"Primulaceae",NA,15,1982,2024,NA,"Least concern",NA
1036300,326900,"Primula latifolia Lapeyr.",NA,"Primulaceae",NA,5,1886,2024,NA,"Least concern",NA
1036430,327650,"Pritzelago alpina (L.) Kuntze",NA,"Brassicaceae",NA,7,1982,2024,NA,"Least concern",NA
1036440,327700,"Pritzelago alpina (L.) Kuntze subsp. alpina",NA,"Brassicaceae",NA,2,1982,2015,NA,"Least concern",NA
1036480,328100,"Prunella vulgaris L.",NA,"Lamiaceae",NA,5,1981,2025,NA,"Least concern",NA
1036710,330400,"Pseudorchis albida (L.) Á. Löve & D. Löve",NA,"Orchidaceae",NA,38,2001,2024,NA,"Least concern",NA
1036860,331500,"Pulmonaria australis (Murr) W. Sauer",NA,"Boraginaceae",NA,4,1907,2025,NA,"Least concern",NA
1036980,333195,"Pulsatilla alpina (L.) Delarbre",NA,"Ranunculaceae",NA,11,1982,2025,NA,"Least concern",NA
1037010,333390,"Pulsatilla alpina subsp. apiifolia (Scop.) Nyman",NA,"Ranunculaceae",NA,6,1982,2022,NA,"Least concern",NA
1037090,334100,"Pulsatilla vernalis (L.) Mill.",NA,"Ranunculaceae",NA,4,1982,2025,NA,"Least concern",NA
1037170,334600,"Pyrola minor L.",NA,"Ericaceae",NA,6,2013,2024,NA,"Least concern",NA
1037180,334700,"Pyrola rotundifolia L.",NA,"Ericaceae",NA,1,2023,2023,NA,"Least concern",NA
1037410,336800,"Ranunculus alpestris L.",NA,"Ranunculaceae",NA,0,1982,1982,NA,"Least concern",NA
1037460,337300,"Ranunculus auricomus aggr.",NA,"Ranunculaceae",NA,0,1982,1982,NA,"Least concern",NA
1037610,338700,"Ranunculus glacialis L.",NA,"Ranunculaceae",NA,9,1910,2024,NA,"Least concern",NA
1037660,339200,"Ranunculus kuepferi Greuter & Burdet",NA,"Ranunculaceae",NA,1,1982,2021,NA,"Least concern",NA
1037710,339500,"Ranunculus montanus Willd.",NA,"Ranunculaceae",NA,6,1982,2021,NA,"Least concern",NA
1037700,339505,"Ranunculus montanus aggr.",NA,"Ranunculaceae",NA,11,1981,2025,NA,"Least concern",NA
1037750,339900,"Ranunculus parnassiifolius L.",NA,"Ranunculaceae",NA,5,1927,2010,NA,"Least concern",NA
1037790,340300,"Ranunculus platanifolius L.",NA,"Ranunculaceae",NA,2,2024,2025,NA,"Least concern",NA
1038000,342400,"Ranunculus villarsii DC.",NA,"Ranunculaceae",NA,2,2021,2021,NA,"Least concern",NA
1038200,343600,"Rhamnus pumila Turra",NA,"Rhamnaceae",NA,1,2020,2020,NA,"Least concern",NA
1038280,344700,"Rhinanthus glacialis Personnat",NA,"Orobanchaceae",NA,2,1966,2025,NA,"Least concern",NA
1038290,344800,"Rhinanthus minor L.",NA,"Orobanchaceae",NA,2,1981,2024,NA,"Least concern",NA
1038330,345300,"Rhododendron ferrugineum L.",NA,"Ericaceae",NA,7,1982,2025,NA,"Least concern",NA
1038450,346200,"Ribes petraeum Wulfen",NA,"Grossulariaceae",NA,3,2020,2020,NA,"Least concern",NA
1038540,346800,"Rorippa islandica (Gunnerus) Borbás",NA,"Brassicaceae",NA,1,2025,2025,NA,"Near threatened",NA
1038550,346805,"Rorippa islandica aggr.",NA,"Brassicaceae",NA,1,2025,2025,NA,"Least concern",NA
1038830,349500,"Rosa pendulina L.",NA,"Rosaceae",NA,8,2023,2025,NA,"Least concern",NA
1039550,354400,"Rubus idaeus L.",NA,"Rosaceae",NA,5,2023,2025,NA,"Least concern",NA
1040140,358900,"Rumex acetosa L.",NA,"Polygonaceae",NA,0,1982,1982,NA,"Least concern",NA
1040190,359300,"Rumex alpestris Jacq.",NA,"Polygonaceae",NA,1,1982,2024,NA,"Least concern",NA
1040200,359400,"Rumex alpinus L.",NA,"Polygonaceae",NA,3,1982,2025,NA,"Least concern",NA
1040360,360900,"Rumex scutatus L.",NA,"Polygonaceae",NA,11,2022,2025,NA,"Least concern",NA
1040470,362200,"Sagina procumbens L.",NA,"Caryophyllaceae",NA,1,2021,2021,NA,"Least concern",NA
1040480,362300,"Sagina saginoides (L.) H. Karst.",NA,"Caryophyllaceae",NA,2,1982,2021,NA,"Least concern",NA
1040650,363500,"Salix breviserrata Flod.",NA,"Salicaceae",NA,1,1982,2025,NA,"Least concern",NA
1040660,363600,"Salix caesia Vill.",NA,"Salicaceae",NA,0,1982,1982,NA,"Vulnerable",NA
1040780,364500,"Salix glaucosericea Flod.",NA,"Salicaceae",NA,0,1982,1982,NA,"Least concern",NA
1040810,364800,"Salix herbacea L.",NA,"Salicaceae",NA,11,1982,2025,NA,"Least concern",NA
1040980,366100,"Salix reticulata L.",NA,"Salicaceae",NA,4,1982,2024,NA,"Least concern",NA
1040990,366200,"Salix retusa L.",NA,"Salicaceae",NA,4,1982,2025,NA,"Least concern",NA
1041010,366300,"Salix serpillifolia Scop.",NA,"Salicaceae",NA,3,1982,2025,NA,"Least concern",NA
1041050,366600,"Salix waldsteiniana Willd.",NA,"Salicaceae",NA,1,2010,2010,NA,"Least concern",NA
1041300,368400,"Sambucus racemosa L.",NA,"Adoxaceae",NA,2,2025,2025,NA,"Least concern",NA
1041370,369000,"Sanguisorba officinalis L.",NA,"Rosaceae",NA,3,1982,2025,NA,"Near threatened",NA
1041510,371050,"Saussurea alpina (L.) DC.",NA,"Asteraceae",NA,26,1982,2025,NA,"Least concern",NA
1041520,371100,"Saussurea alpina (L.) DC. subsp. alpina",NA,"Asteraceae",NA,5,1982,2025,NA,"Least concern",NA
1041540,371400,"Saussurea discolor (Willd.) DC.",NA,"Asteraceae",NA,3,1982,2024,NA,"Least concern",NA
1041550,371500,"Saxifraga adscendens L.",NA,"Saxifragaceae",NA,5,1932,1982,NA,"Near threatened",NA
1041560,371600,"Saxifraga aizoides L.",NA,"Saxifragaceae",NA,19,1982,2025,NA,"Least concern",NA
1041580,371900,"Saxifraga aphylla Sternb.",NA,"Saxifragaceae",NA,5,1982,2023,NA,"Least concern",NA
1041600,372250,"Saxifraga biflora aggr.",NA,"Saxifragaceae",NA,1,2011,2011,NA,"",NA
1041630,372300,"Saxifraga bryoides L.",NA,"Saxifragaceae",NA,6,1910,2024,NA,"Least concern",NA
1041650,372500,"Saxifraga caesia L.",NA,"Saxifragaceae",NA,6,1982,2025,NA,"Least concern",NA
1041730,373050,"Saxifraga exarata Vill.",NA,"Saxifragaceae",NA,17,1910,2025,NA,"Least concern",NA
1041740,373100,"Saxifraga exarata Vill. subsp. exarata",NA,"Saxifragaceae",NA,6,1910,2022,NA,"Least concern",NA
1041710,373200,"Saxifraga exarata subsp. moschata (Wulfen) Cavill.",NA,"Saxifragaceae",NA,5,2006,2018,NA,"Least concern",NA
1041860,374450,"Saxifraga oppositifolia L.",NA,"Saxifragaceae",NA,21,1910,2024,NA,"Least concern",NA
1041870,374500,"Saxifraga oppositifolia L. subsp. oppositifolia",NA,"Saxifragaceae",NA,9,1910,2017,NA,"Least concern",NA
1041890,374600,"Saxifraga paniculata Mill.",NA,"Saxifragaceae",NA,22,1982,2025,NA,"Least concern",NA
1042000,375700,"Saxifraga seguieri Spreng.",NA,"Saxifragaceae",NA,3,1912,2022,NA,"Least concern",NA
1042010,375800,"Saxifraga stellaris L.",NA,"Saxifragaceae",NA,11,1982,2025,NA,"Least concern",NA
1042120,377100,"Scabiosa lucida Vill.",NA,"Caprifoliaceae",NA,4,1982,2025,NA,"Least concern",NA
1042760,383300,"Sedum alpestre Vill.",NA,"Crassulaceae",NA,1,1982,2010,NA,"Least concern",NA
1042800,383700,"Sedum atratum L.",NA,"Crassulaceae",NA,5,1982,2025,NA,"Least concern",NA
1042840,383900,"Sedum dasyphyllum L.",NA,"Crassulaceae",NA,1,2020,2020,NA,"Least concern",NA
1043080,386000,"Sedum villosum L.",NA,"Crassulaceae",NA,11,1982,2025,NA,"Vulnerable",NA
1043100,386300,"Selaginella selaginoides (L.) Schrank & Mart.",NA,"Selaginellaceae",NA,3,1982,2025,NA,"Least concern",NA
1043120,386700,"Sempervivum arachnoideum L.",NA,"Crassulaceae",NA,0,1982,1982,NA,"Least concern",NA
1043160,387000,"Sempervivum montanum L.",NA,"Crassulaceae",NA,12,1982,2025,NA,"Least concern",NA
1043170,387100,"Sempervivum tectorum L.",NA,"Crassulaceae",NA,2,1982,2025,NA,"Least concern",NA
1043230,387500,"Senecio abrotanifolius L.",NA,"Asteraceae",NA,15,1982,2025,NA,"Least concern",NA
1043250,387600,"Senecio alpinus (L.) Scop.",NA,"Asteraceae",NA,1,2020,2020,NA,"Least concern",NA
1043280,388200,"Senecio doronicum (L.) L.",NA,"Asteraceae",NA,18,1991,2025,NA,"Least concern",NA
1043350,388900,"Senecio hercynicus Herborg",NA,"Asteraceae",NA,3,2020,2020,NA,"Least concern",NA
1043370,389005,"Senecio incanus L.",NA,"Asteraceae",NA,15,1982,2025,NA,"Least concern",NA
1043390,389200,"Senecio incanus subsp. carniolicus (Willd.) Braun-Blanq.",NA,"Asteraceae",NA,11,1982,2024,NA,"Least concern",NA
1043430,389800,"Senecio ovatus (G. Gaertn. & al.) Willd.",NA,"Asteraceae",NA,1,2020,2020,NA,"Least concern",NA
1043425,389870,"Senecio ovatus aggr.",NA,"Asteraceae",NA,13,2016,2025,NA,"",NA
1043470,390000,"Senecio rupestris Waldst. & Kit.",NA,"Asteraceae",NA,5,2017,2025,NA,"Least concern",NA
1043520,390400,"Senecio viscosus L.",NA,"Asteraceae",NA,2,2012,2013,NA,"Least concern",NA
1043700,392200,"Sesleria caerulea (L.) Ard.",NA,"Poaceae",NA,10,1912,2025,NA,"Least concern",NA
1043840,393700,"Sibbaldia procumbens L.",NA,"Rosaceae",NA,11,1982,2024,NA,"Least concern",NA
1043890,394300,"Silene acaulis (L.) Jacq.",NA,"Caryophyllaceae",NA,10,1982,2024,NA,"Least concern",NA
1043940,394900,"Silene dioica (L.) Clairv.",NA,"Caryophyllaceae",NA,4,1982,2025,NA,"Least concern",NA
1043960,395100,"Silene exscapa All.",NA,"Caryophyllaceae",NA,8,1910,2021,NA,"Least concern",NA
1044020,396050,"Silene nutans L.",NA,"Caryophyllaceae",NA,6,2017,2025,NA,"Least concern",NA
1044080,396800,"Silene rupestris L.",NA,"Caryophyllaceae",NA,4,1982,2025,NA,"Least concern",NA
1044110,397000,"Silene suecica (Lodd.) Greuter & Burdet",NA,"Caryophyllaceae",NA,0,1966,1966,NA,"Near threatened",NA
1044140,397295,"Silene vulgaris (Moench) Garcke",NA,"Caryophyllaceae",NA,8,1982,2025,NA,"Least concern",NA
1044540,400600,"Soldanella alpina L.",NA,"Primulaceae",NA,2,1982,2025,NA,"Least concern",NA
1044560,400800,"Soldanella pusilla Baumg.",NA,"Primulaceae",NA,1,1982,2022,NA,"Least concern",NA
1044620,401395,"Solidago virgaurea L.",NA,"Asteraceae",NA,12,1982,2025,NA,"Least concern",NA
1044630,401400,"Solidago virgaurea L. subsp. virgaurea",NA,"Asteraceae",NA,0,1982,1982,NA,"Least concern",NA
1044640,401500,"Solidago virgaurea subsp. minuta (L.) Arcang.",NA,"Asteraceae",NA,3,2020,2025,NA,"Least concern",NA
1044690,401900,"Sonchus oleraceus L.",NA,"Asteraceae",NA,1,2025,2025,NA,"Least concern",NA
1044740,402300,"Sorbus aucuparia L.",NA,"Rosaceae",NA,1,2024,2024,NA,"Least concern",NA
1044770,402400,"Sorbus chamaemespilus (L.) Crantz",NA,"Rosaceae",NA,0,1982,1982,NA,"Least concern",NA
1045360,407500,"Stellaria graminea L.",NA,"Caryophyllaceae",NA,2,2013,2025,NA,"Least concern",NA
1045470,408600,"Stemmacantha rhapontica (L.) Dittrich",NA,"Asteraceae",NA,5,2013,2025,NA,"Least concern",NA
1046010,412000,"Taraxacum alpinum aggr.",NA,"Asteraceae",NA,7,1982,2021,NA,"Least concern",NA
1046020,412100,"Taraxacum aquilonare Hand.-Mazz.",NA,"Asteraceae",NA,0,1966,1966,NA,"Vulnerable",NA
1046030,412300,"Taraxacum ceratophorum aggr.",NA,"Asteraceae",NA,1,1982,2010,NA,"Endangered",NA
1046040,412500,"Taraxacum cucullatum aggr.",NA,"Asteraceae",NA,1,1994,1994,NA,"Near threatened",NA
1046080,413100,"Taraxacum officinale aggr.",NA,"Asteraceae",NA,1,2010,2010,NA,"Least concern",NA
1046090,413200,"Taraxacum pacheri Sch. Bip.",NA,"Asteraceae",NA,3,1969,1982,NA,"Vulnerable",NA
1046340,415500,"Thalictrum aquilegiifolium L.",NA,"Ranunculaceae",NA,6,2020,2025,NA,"Least concern",NA
1046400,416195,"Thalictrum minus L.",NA,"Ranunculaceae",NA,1,2020,2020,NA,"Least concern",NA
1046450,417200,"Thesium alpinum L.",NA,"Santalaceae",NA,4,1982,2025,NA,"Least concern",NA
1046830,420750,"Thymus praecox Opiz",NA,"Lamiaceae",NA,2,1982,2025,NA,"",NA
1046850,420900,"Thymus praecox subsp. polytrichus (Borbás) Jalas",NA,"Lamiaceae",NA,1,1982,2020,NA,"Least concern",NA
1046890,421200,"Thymus serpyllum aggr.",NA,"Lamiaceae",NA,2,1982,2025,NA,"Least concern",NA
1046990,421600,"Tofieldia calyculata (L.) Wahlenb.",NA,"Tofieldiaceae",NA,5,1982,2025,NA,"Least concern",NA
1047180,422950,"Tragopogon pratensis L.",NA,"Asteraceae",NA,1,2024,2024,NA,"Least concern",NA
1047250,423600,"Traunsteinera globosa (L.) Rchb.",NA,"Orchidaceae",NA,1,1923,1923,NA,"Least concern",NA
1047280,423800,"Trichophorum alpinum (L.) Pers.",NA,"Cyperaceae",NA,1,2011,2011,NA,"Near threatened",NA
1047290,423900,"Trichophorum cespitosum (L.) Hartm.",NA,"Cyperaceae",NA,2,1982,2023,NA,"Least concern",NA
1047300,423930,"Trichophorum cespitosum (L.) Hartm. subsp. cespitosum",NA,"Cyperaceae",NA,1,2011,2011,NA,"",NA
1047330,424100,"Trichophorum pumilum (Vahl) Schinz & Thell.",NA,"Cyperaceae",NA,1,1981,1982,NA,"Near threatened",NA
1047370,424500,"Trifolium alpinum L.",NA,"Fabaceae",NA,11,1982,2025,NA,"Least concern",NA
1047410,424900,"Trifolium badium Schreb.",NA,"Fabaceae",NA,10,1982,2025,NA,"Least concern",NA
1047540,426300,"Trifolium montanum L.",NA,"Fabaceae",NA,2,2021,2021,NA,"Least concern",NA
1047570,426700,"Trifolium pallescens Schreb.",NA,"Fabaceae",NA,13,1982,2021,NA,"Least concern",NA
1047600,426895,"Trifolium pratense L.",NA,"Fabaceae",NA,4,2021,2025,NA,"Least concern",NA
1047620,427000,"Trifolium pratense subsp. nivale (W. D. J. Koch) Ces.",NA,"Fabaceae",NA,3,2021,2025,NA,"Least concern",NA
1047630,427100,"Trifolium repens L.",NA,"Fabaceae",NA,4,2024,2025,NA,"Least concern",NA
1047670,427500,"Trifolium rubens L.",NA,"Fabaceae",NA,0,1966,1966,NA,"Near threatened",NA
1047760,428100,"Trifolium thalii Vill.",NA,"Fabaceae",NA,2,1982,2025,NA,"Least concern",NA
1047770,428200,"Triglochin palustris L.",NA,"Juncaginaceae",NA,4,1982,2023,NA,"Least concern",NA
1047880,429300,"Trisetum distichophyllum (Vill.) P. Beauv.",NA,"Poaceae",NA,1,1982,2010,NA,"Least concern",NA
1047890,429400,"Trisetum flavescens (L.) P. Beauv.",NA,"Poaceae",NA,0,1982,1982,NA,"Least concern",NA
1047920,429500,"Trisetum spicatum (L.) K. Richt.",NA,"Poaceae",NA,8,1910,2011,NA,"Least concern",NA
1048030,430600,"Trollius europaeus L.",NA,"Ranunculaceae",NA,6,1982,2025,NA,"Least concern",NA
1048220,432000,"Tussilago farfara L.",NA,"Asteraceae",NA,10,1982,2025,NA,"Least concern",NA
1048360,433400,"Urtica dioica L.",NA,"Urticaceae",NA,8,1982,2025,NA,"Least concern",NA
1048500,434800,"Vaccinium myrtillus L.",NA,"Ericaceae",NA,2,1982,2023,NA,"Least concern",NA
1048540,435300,"Vaccinium vitis-idaea L.",NA,"Ericaceae",NA,2,1982,2020,NA,"Least concern",NA
1048590,435700,"Valeriana montana L.",NA,"Caprifoliaceae",NA,3,1982,2025,NA,"Least concern",NA
1048600,435900,"Valeriana officinalis aggr.",NA,"Caprifoliaceae",NA,9,1982,2025,NA,"Least concern",NA
1048680,436600,"Valeriana supina Ard.",NA,"Caprifoliaceae",NA,0,1966,1966,NA,"Least concern",NA
1048690,436700,"Valeriana tripteris L.",NA,"Caprifoliaceae",NA,2,2025,2025,NA,"Least concern",NA
1048820,437800,"Veratrum album L.",NA,"Melanthiaceae",NA,6,1982,2025,NA,"Least concern",NA
1048840,438000,"Veratrum album subsp. lobelianum (Bernh.) Arcang.",NA,"Melanthiaceae",NA,3,2013,2020,NA,"Least concern",NA
1049120,440400,"Veronica alpina L.",NA,"Plantaginaceae",NA,7,1982,2021,NA,"Least concern",NA
1049150,440700,"Veronica aphylla L.",NA,"Plantaginaceae",NA,9,1982,2025,NA,"Least concern",NA
1049190,441100,"Veronica bellidioides L.",NA,"Plantaginaceae",NA,10,1982,2024,NA,"Least concern",NA
1049210,441400,"Veronica chamaedrys L.",NA,"Plantaginaceae",NA,1,2024,2024,NA,"Least concern",NA
1049270,441700,"Veronica fruticans Jacq.",NA,"Plantaginaceae",NA,4,1982,2025,NA,"Least concern",NA
1049340,442400,"Veronica officinalis L.",NA,"Plantaginaceae",NA,3,2009,2024,NA,"Least concern",NA
1049460,443395,"Veronica serpyllifolia L.",NA,"Plantaginaceae",NA,4,2021,2021,NA,"Least concern",NA
1049860,447400,"Vicia sepium L.",NA,"Fabaceae",NA,3,2024,2025,NA,"Least concern",NA
1049950,448400,"Vinca minor L.",NA,"Apocynaceae",NA,1,2025,2025,NA,"Least concern",NA
1050010,449100,"Viola biflora L.",NA,"Violaceae",NA,1,1982,2025,NA,"Least concern",NA
1050020,449200,"Viola calcarata L.",NA,"Violaceae",NA,14,1982,2025,NA,"Least concern",NA
1050170,450300,"Viola hirta L.",NA,"Violaceae",NA,1,2021,2021,NA,"Least concern",NA
1050200,450600,"Viola mirabilis L.",NA,"Violaceae",NA,1,1984,1984,NA,"Near threatened",NA
1050220,451100,"Viola palustris L.",NA,"Violaceae",NA,3,2023,2025,NA,"Least concern",NA
1050240,451300,"Viola pinnata L.",NA,"Violaceae",NA,1,1932,1966,NA,"Near threatened",NA
1050290,451800,"Viola rupestris F. W. Schmidt",NA,"Violaceae",NA,0,1982,1982,NA,"Least concern",NA
1000330,1700,"Achillea millefolium L.",NA,"Asteraceae",NA,21,1982,2025,NA,"Least concern",NA
1000340,1701,"Achillea millefolium L. subsp. millefolium",NA,"Asteraceae",NA,6,2015,2025,NA,"",NA
1000320,1706,"Achillea millefolium aggr.",NA,"Asteraceae",NA,98,1981,2025,NA,"Least concern",NA
1000430,2500,"Achillea stricta Gremli",NA,"Asteraceae",NA,0,1982,1982,NA,"Near threatened",NA
1000460,2800,"Acinos alpinus (L.) Moench",NA,"Lamiaceae",NA,4,1982,2018,NA,"Least concern",NA
1000543,3510,"Aconitum lycoctonum L.",NA,"Ranunculaceae",NA,2,1999,2024,NA,"Least concern",NA
1000548,3520,"Aconitum lycoctonum subsp. neapolitanum (Ten.) Nyman",NA,"Ranunculaceae",NA,1,1999,1999,NA,"Least concern",NA
1000563,3540,"Aconitum napellus L.",NA,"Ranunculaceae",NA,25,1982,2022,NA,"Least concern",NA
1000565,3560,"Aconitum napellus subsp. lusitanicum Rouy",NA,"Ranunculaceae",NA,2,2022,2022,NA,"Least concern",NA
1000567,3580,"Aconitum napellus subsp. vulgare Rouy & Foucaud",NA,"Ranunculaceae",NA,8,1999,2000,NA,"Least concern",NA
1000620,4390,"Aconitum variegatum L.",NA,"Ranunculaceae",NA,1,2013,2013,NA,"Least concern",NA
1000660,4600,"Aconitum variegatum subsp. paniculatum (Arcang.) Negodi",NA,"Ranunculaceae",NA,1,2013,2013,NA,"Least concern",NA
1000730,5200,"Actaea spicata L.",NA,"Ranunculaceae",NA,0,1966,1966,NA,"Least concern",NA
1000820,5800,"Adonis aestivalis L.",NA,"Ranunculaceae",NA,0,1966,1966,NA,"Vulnerable",NA
1000880,6300,"Adoxa moschatellina L.",NA,"Adoxaceae",NA,1,1982,2025,NA,"Least concern",NA
1000930,6800,"Aegopodium podagraria L.",NA,"Apiaceae",NA,2,1982,2025,NA,"Least concern",NA
1001050,8200,"Agrostemma githago L.",NA,"Caryophyllaceae",NA,0,1966,1966,NA,"Endangered",NA
1001060,8400,"Agrostis alpina Scop.",NA,"Poaceae",NA,3,1982,2022,NA,"Least concern",NA
1001070,8500,"Agrostis canina L.",NA,"Poaceae",NA,20,2000,2021,NA,"Near threatened",NA
1001080,8600,"Agrostis capillaris L.",NA,"Poaceae",NA,60,1982,2024,NA,"Least concern",NA
1001090,8700,"Agrostis gigantea Roth",NA,"Poaceae",NA,15,2016,2022,NA,"Least concern",NA
1001100,8900,"Agrostis rupestris All.",NA,"Poaceae",NA,5,1982,2023,NA,"Least concern",NA
1001120,9100,"Agrostis schraderiana Bech.",NA,"Poaceae",NA,1,1982,2022,NA,"Least concern",NA
1001130,9300,"Agrostis stolonifera L.",NA,"Poaceae",NA,85,1981,2024,NA,"Least concern",NA
1001220,10300,"Ajuga pyramidalis L.",NA,"Lamiaceae",NA,3,1905,2024,NA,"Least concern",NA
1001350,10990,"Alchemilla alpina L.",NA,"Rosaceae",NA,2,2022,2022,NA,"Least concern",NA
1001340,11200,"Alchemilla alpina aggr.",NA,"Rosaceae",NA,5,2022,2022,NA,"Least concern",NA
1001330,11100,"Alchemilla alpina superaggr.",NA,"",NA,5,1982,2022,NA,"",NA
1001420,12000,"Alchemilla conjuncta aggr.",NA,"Rosaceae",NA,3,2003,2022,NA,"Least concern",NA
1001410,12100,"Alchemilla conjuncta superaggr.",NA,"",NA,3,2003,2022,NA,"",NA
1001440,12190,"Alchemilla connivens Buser",NA,"Rosaceae",NA,2,2022,2022,NA,"Least concern",NA
1001470,12500,"Alchemilla coriacea aggr.",NA,"Rosaceae",NA,28,2000,2022,NA,"Least concern",NA
1001490,12700,"Alchemilla crinita Buser",NA,"Rosaceae",NA,3,2022,2022,NA,"Least concern",NA
1001570,13300,"Alchemilla demissa aggr.",NA,"Rosaceae",NA,1,2022,2022,NA,"Least concern",NA
1001600,13500,"Alchemilla exigua Buser",NA,"Rosaceae",NA,2,2022,2022,NA,"Least concern",NA
1001640,14000,"Alchemilla fissa aggr.",NA,"Rosaceae",NA,2,1982,2022,NA,"Least concern",NA
1001670,14200,"Alchemilla flabellata Buser",NA,"Rosaceae",NA,3,2007,2022,NA,"Least concern",NA
1001750,14895,"Alchemilla glabra Neygenf.",NA,"Rosaceae",NA,3,2022,2022,NA,"Least concern",NA
1001740,15000,"Alchemilla glabra aggr.",NA,"Rosaceae",NA,8,1982,2023,NA,"Least concern",NA
1001890,16000,"Alchemilla hybrida aggr.",NA,"Rosaceae",NA,5,2007,2022,NA,"Least concern",NA
1002030,17300,"Alchemilla monticola Opiz",NA,"Rosaceae",NA,3,2022,2022,NA,"Data deficient",NA
1002080,17800,"Alchemilla opaca Buser",NA,"Rosaceae",NA,1,2022,2022,NA,"Least concern",NA
1002090,17900,"Alchemilla othmarii Buser",NA,"Rosaceae",NA,1,2022,2022,NA,"Least concern",NA
1002220,19000,"Alchemilla saxatilis Buser",NA,"Rosaceae",NA,2,2022,2022,NA,"Least concern",NA
1002260,19400,"Alchemilla semisecta Buser",NA,"Rosaceae",NA,1,2022,2022,NA,"Least concern",NA
1002320,20000,"Alchemilla straminea Buser",NA,"Rosaceae",NA,2,2022,2022,NA,"Least concern",NA
1002340,20200,"Alchemilla subcrenata Buser",NA,"Rosaceae",NA,3,2022,2022,NA,"Least concern",NA
1002440,21100,"Alchemilla vulgaris aggr.",NA,"Rosaceae",NA,49,1923,2025,NA,"Least concern",NA
1002630,23000,"Allium lineare L.",NA,"Amaryllidaceae",NA,6,1982,2020,NA,"Vulnerable",NA
1002640,23100,"Allium lusitanicum Lam.",NA,"Amaryllidaceae",NA,3,1982,2011,NA,"Least concern",NA
1002680,23600,"Allium oleraceum L.",NA,"Amaryllidaceae",NA,5,1982,2013,NA,"Least concern",NA
1002740,24200,"Allium schoenoprasum L.",NA,"Amaryllidaceae",NA,1,1982,2013,NA,"Least concern",NA
1002850,25300,"Alnus incana (L.) Moench",NA,"Betulaceae",NA,4,1982,2022,NA,"Least concern",NA
1002870,25400,"Alnus viridis (Chaix) DC.",NA,"Betulaceae",NA,5,1982,2025,NA,"Least concern",NA
1002880,25500,"Alopecurus aequalis Sobol.",NA,"Poaceae",NA,7,1981,2022,NA,"Vulnerable",NA
1002900,25700,"Alopecurus geniculatus L.",NA,"Poaceae",NA,8,2022,2022,NA,"Vulnerable",NA
1002910,25900,"Alopecurus myosuroides Huds.",NA,"Poaceae",NA,0,1966,1966,NA,"Least concern",NA
1002920,26000,"Alopecurus pratensis L.",NA,"Poaceae",NA,77,1982,2024,NA,"Least concern",NA
1002960,26300,"Althaea hirsuta L.",NA,"Malvaceae",NA,0,1966,1966,NA,"",NA
1003040,27200,"Alyssum montanum L.",NA,"Brassicaceae",NA,1,2025,2025,NA,"Near threatened",NA
1003070,27500,"Amaranthus albus L.",NA,"Amaranthaceae",NA,0,1966,1966,NA,"",NA
1003290,29300,"Amelanchier ovalis Medik.",NA,"Rosaceae",NA,1,1982,2020,NA,"Least concern",NA
1003440,30300,"Anchusa arvensis (L.) M. Bieb.",NA,"Boraginaceae",NA,0,1982,1982,NA,"Near threatened",NA
1003460,30600,"Anchusa italica Retz.",NA,"Boraginaceae",NA,0,1966,1966,NA,"",NA
1003480,30800,"Anchusa officinalis L.",NA,"Boraginaceae",NA,6,1982,2025,NA,"Near threatened",NA
1003540,31800,"Androsace chamaejasme Wulfen",NA,"Primulaceae",NA,3,1982,2024,NA,"Least concern",NA
1003600,32400,"Androsace obtusifolia All.",NA,"Primulaceae",NA,3,1905,2023,NA,"Least concern",NA
1003640,32800,"Androsace septentrionalis L.",NA,"Primulaceae",NA,30,1848,2010,NA,"Endangered",NA
1003820,34100,"Angelica sylvestris L.",NA,"Apiaceae",NA,19,1982,2025,NA,"Least concern",NA
1075967,34130,"Angelica sylvestris L. subsp. sylvestris",NA,"Apiaceae",NA,2,2020,2020,NA,"",NA
1003850,34400,"Antennaria dioica (L.) Gaertn.",NA,"Asteraceae",NA,31,1905,2024,NA,"Least concern",NA
1003890,34800,"Anthemis cotula L.",NA,"Asteraceae",NA,0,1966,1966,NA,"Endangered",NA
1003900,34900,"Anthemis tinctoria L.",NA,"Asteraceae",NA,1,1966,1994,NA,"Least concern",NA
1003970,35400,"Anthoxanthum odoratum L.",NA,"Poaceae",NA,13,1923,2025,NA,"Least concern",NA
1003960,35500,"Anthoxanthum odoratum aggr.",NA,"Poaceae",NA,55,1923,2025,NA,"Least concern",NA
1003990,35700,"Anthriscus cerefolium (L.) Hoffm.",NA,"Apiaceae",NA,0,1966,1966,NA,"Vulnerable",NA
1004010,35900,"Anthriscus sylvestris (L.) Hoffm.",NA,"Apiaceae",NA,5,1982,2025,NA,"Least concern",NA
1004035,35930,"Anthriscus sylvestris (L.) Hoffm. subsp. sylvestris",NA,"Apiaceae",NA,1,2020,2020,NA,"Least concern",NA
1004070,36790,"Anthyllis vulneraria L.",NA,"Fabaceae",NA,45,1981,2025,NA,"Least concern",NA
1004090,36900,"Anthyllis vulneraria subsp. alpestris (Schult.) Asch. & Graebn.",NA,"Fabaceae",NA,17,1981,2022,NA,"Least concern",NA
1004100,37000,"Anthyllis vulneraria subsp. carpatica (Pant.) Nyman",NA,"Fabaceae",NA,9,1982,2022,NA,"Least concern",NA
1004200,37900,"Apera spica-venti (L.) P. Beauv.",NA,"Poaceae",NA,0,1982,1982,NA,"Least concern",NA
1004300,38800,"Aquilegia alpina L.",NA,"Ranunculaceae",NA,1,1936,1982,NA,"Near threatened",NA
1004310,38900,"Aquilegia atrata W. D. J. Koch",NA,"Ranunculaceae",NA,1,1982,2024,NA,"Least concern",NA
1004360,39350,"Arabis alpina L.",NA,"Brassicaceae",NA,1,1982,2020,NA,"Least concern",NA
1004370,39400,"Arabis alpina L. subsp. alpina",NA,"Brassicaceae",NA,1,1982,2020,NA,"",NA
1004400,39650,"Arabis bellidifolia Crantz",NA,"Brassicaceae",NA,0,1982,1982,NA,"Least concern",NA
1004440,40200,"Arabis ciliata Clairv.",NA,"Brassicaceae",NA,6,1982,2024,NA,"Least concern",NA
1004570,42000,"Arabis subcoriacea Gren.",NA,"Brassicaceae",NA,2,1982,2023,NA,"Least concern",NA
1004690,43100,"Arctostaphylos uva-ursi (L.) Spreng.",NA,"Ericaceae",NA,5,1982,2024,NA,"Least concern",NA
1004720,43400,"Arenaria biflora L.",NA,"Caryophyllaceae",NA,3,1982,2025,NA,"Least concern",NA
1004730,43505,"Arenaria ciliata aggr.",NA,"Caryophyllaceae",NA,1,2020,2020,NA,"Least concern",NA
1004780,44100,"Arenaria marschlinsii W. D. J. Koch",NA,"Caryophyllaceae",NA,0,1966,1966,NA,"Near threatened",NA
1004810,44300,"Arenaria serpyllifolia L.",NA,"Caryophyllaceae",NA,2,1982,2021,NA,"Least concern",NA
1004800,44305,"Arenaria serpyllifolia aggr.",NA,"Caryophyllaceae",NA,2,1982,2021,NA,"Least concern",NA
1004900,45600,"Armoracia rusticana G. Gaertn. & al.",NA,"Brassicaceae",NA,3,2002,2025,NA,"Least concern",NA
1004910,45700,"Arnica montana L.",NA,"Asteraceae",NA,38,1982,2025,NA,"Least concern",NA
1004930,45900,"Arrhenatherum elatius (L.) J. Presl & C. Presl",NA,"Poaceae",NA,4,1982,2025,NA,"Least concern",NA
1004950,46100,"Artemisia absinthium L.",NA,"Asteraceae",NA,4,1982,2021,NA,"Least concern",NA
1005130,47700,"Artemisia umbelliformis Lam.",NA,"Asteraceae",NA,2,1982,2023,NA,"Least concern",NA
1005160,48000,"Artemisia vulgaris L.",NA,"Asteraceae",NA,2,1982,2023,NA,"Least concern",NA
1005280,49100,"Asperugo procumbens L.",NA,"Boraginaceae",NA,1,1994,1994,NA,"Near threatened",NA
1005540,51200,"Asplenium septentrionale (L.) Hoffm.",NA,"Aspleniaceae",NA,5,1982,2023,NA,"Least concern",NA
1005640,51800,"Aster alpinus L.",NA,"Asteraceae",NA,14,1905,2024,NA,"Least concern",NA
1005790,53200,"Astragalus alpinus L.",NA,"Fabaceae",NA,2,1982,2025,NA,"Least concern",NA
1005800,53300,"Astragalus australis (L.) Lam.",NA,"Fabaceae",NA,1,1982,1999,NA,"Least concern",NA
1005880,54000,"Astragalus glycyphyllos L.",NA,"Fabaceae",NA,1,1966,2001,NA,"Least concern",NA
1005940,54600,"Astragalus penduliflorus Lam.",NA,"Fabaceae",NA,7,1888,2024,NA,"Least concern",NA
1006080,55600,"Athyrium distentifolium Opiz",NA,"Athyriaceae",NA,7,1982,2023,NA,"Least concern",NA
1006090,55700,"Athyrium filix-femina (L.) Roth",NA,"Athyriaceae",NA,2,1982,2022,NA,"Least concern",NA
1006140,56300,"Atriplex patula L.",NA,"Amaranthaceae",NA,0,1966,1966,NA,"Least concern",NA
1006220,56700,"Aurinia saxatilis (L.) Desv.",NA,"Brassicaceae",NA,1,2025,2025,NA,"",NA
1006240,56900,"Avena fatua L.",NA,"Poaceae",NA,0,1982,1982,NA,"Least concern",NA
1006260,57050,"Avena sativa L.",NA,"Poaceae",NA,0,1966,1966,NA,"",NA
1006320,57400,"Avenella flexuosa (L.) Drejer",NA,"Poaceae",NA,38,1982,2025,NA,"Least concern",NA
1006450,58600,"Barbarea vulgaris R. Br.",NA,"Brassicaceae",NA,21,1982,2025,NA,"Least concern",NA
1006460,58700,"Bartsia alpina L.",NA,"Orobanchaceae",NA,2,1905,2000,NA,"Least concern",NA
1006490,59100,"Bellis perennis L.",NA,"Asteraceae",NA,2,1982,2025,NA,"Least concern",NA
1006530,59200,"Berberis vulgaris L.",NA,"Berberidaceae",NA,1,1905,1982,NA,"Least concern",NA
1006550,59400,"Berteroa incana (L.) DC.",NA,"Brassicaceae",NA,0,1966,1966,NA,"",NA
1006600,60400,"Betula pendula Roth",NA,"Betulaceae",NA,3,1982,2016,NA,"Least concern",NA
1006595,60450,"Betula pendula aggr.",NA,"Betulaceae",NA,29,1982,2026,NA,"",NA
1006610,60500,"Betula pubescens Ehrh.",NA,"Betulaceae",NA,25,1982,2026,NA,"Least concern",NA
1006780,62000,"Biscutella laevigata L.",NA,"Brassicaceae",NA,21,1905,2025,NA,"Least concern",NA
1006790,62030,"Biscutella laevigata L. subsp. laevigata",NA,"Brassicaceae",NA,1,2020,2020,NA,"",NA
1006880,62600,"Blitum capitatum L.",NA,"Amaranthaceae",NA,0,1966,1966,NA,"",NA
1006890,62700,"Blitum virgatum L.",NA,"Amaranthaceae",NA,46,1952,2025,NA,"Near threatened",NA
1006900,62800,"Blysmus compressus (L.) Link",NA,"Cyperaceae",NA,18,1982,2025,NA,"Least concern",NA
1006980,63200,"Botrychium lanceolatum (S. G. Gmel.) Ångstr.",NA,"Ophioglossaceae",NA,6,1966,2023,NA,"Critically endangered",NA
1006990,63300,"Botrychium lunaria (L.) Sw.",NA,"Ophioglossaceae",NA,28,1982,2025,NA,"Least concern",NA
1007000,63400,"Botrychium matricariifolium (Döll) W. D. J. Koch",NA,"Ophioglossaceae",NA,0,1966,1966,NA,"Critically endangered",NA
1007070,64000,"Brachypodium pinnatum aggr.",NA,"Poaceae",NA,11,1982,2024,NA,"Least concern",NA
1007080,64100,"Brachypodium rupestre (Host) Roem. & Schult.",NA,"Poaceae",NA,2,2022,2024,NA,"Least concern",NA
1007160,64700,"Brassica rapa L.",NA,"Brassicaceae",NA,1,2011,2011,NA,"",NA
1007200,65200,"Briza media L.",NA,"Poaceae",NA,78,1982,2025,NA,"Least concern",NA
1007290,65695,"Bromus erectus Huds.",NA,"Poaceae",NA,1,1982,2015,NA,"Least concern",NA
1007300,65700,"Bromus erectus Huds. subsp. erectus",NA,"Poaceae",NA,1,1982,2015,NA,"Least concern",NA
1007360,66100,"Bromus inermis Leyss.",NA,"Poaceae",NA,5,1994,2025,NA,"",NA
1007355,66130,"Bromus inermis aggr.",NA,"Poaceae",NA,5,1994,2025,NA,"",NA
1007510,67000,"Bromus secalinus L.",NA,"Poaceae",NA,0,1966,1966,NA,"Vulnerable",NA
1007505,67020,"Bromus secalinus aggr.",NA,"Poaceae",NA,0,1966,1966,NA,"",NA
1007540,67200,"Bromus sterilis L.",NA,"Poaceae",NA,0,1966,1966,NA,"Least concern",NA
1007550,67300,"Bromus tectorum L.",NA,"Poaceae",NA,1,2025,2025,NA,"Least concern",NA
1007620,67900,"Buglossoides arvensis (L.) I. M. Johnst.",NA,"Boraginaceae",NA,0,1966,1966,NA,"Near threatened",NA
1007650,68200,"Bunias erucago L.",NA,"Brassicaceae",NA,0,1966,1966,NA,"Critically endangered",NA
1007660,68300,"Bunias orientalis L.",NA,"Brassicaceae",NA,1,1966,2023,NA,"",NA
1007940,71400,"Calamagrostis varia (Schrad.) Host",NA,"Poaceae",NA,1,1982,2001,NA,"Least concern",NA
1007950,71500,"Calamagrostis villosa (Chaix) J. F. Gmel.",NA,"Poaceae",NA,58,1982,2022,NA,"Least concern",NA
1008130,73300,"Callitriche palustris L.",NA,"Plantaginaceae",NA,3,1966,2025,NA,"Least concern",NA
1008160,73600,"Calluna vulgaris (L.) Hull",NA,"Ericaceae",NA,70,1905,2024,NA,"Least concern",NA
1008180,73700,"Caltha palustris L.",NA,"Ranunculaceae",NA,84,1982,2025,NA,"Least concern",NA
1008230,74200,"Camelina microcarpa DC.",NA,"Brassicaceae",NA,2,1901,2025,NA,"Vulnerable",NA
1008300,74700,"Campanula barbata L.",NA,"Campanulaceae",NA,17,1923,2025,NA,"Least concern",NA
1008390,75200,"Campanula cochleariifolia Lam.",NA,"Campanulaceae",NA,2,1982,2024,NA,"Least concern",NA
1008440,75700,"Campanula glomerata L.",NA,"Campanulaceae",NA,4,2013,2020,NA,"Least concern",NA
1008450,75800,"Campanula glomerata L. subsp. glomerata",NA,"Campanulaceae",NA,1,2016,2016,NA,"Least concern",NA
1008550,76500,"Campanula persicifolia L.",NA,"Campanulaceae",NA,0,1982,1982,NA,"Least concern",NA
1008610,76800,"Campanula rapunculoides L.",NA,"Campanulaceae",NA,3,1982,2025,NA,"Least concern",NA
1008640,77100,"Campanula rotundifolia L.",NA,"Campanulaceae",NA,6,1982,2025,NA,"Least concern",NA
1008650,77200,"Campanula scheuchzeri Vill.",NA,"Campanulaceae",NA,41,1982,2025,NA,"Least concern",NA
1008690,77600,"Campanula trachelium L.",NA,"Campanulaceae",NA,2,1982,2023,NA,"Least concern",NA
1008720,77900,"Capsella bursa-pastoris (L.) Medik.",NA,"Brassicaceae",NA,11,1982,2025,NA,"Least concern",NA
1008740,78000,"Capsella rubella Reut.",NA,"Brassicaceae",NA,0,1982,1982,NA,"Least concern",NA
1008780,78200,"Cardamine alpina Willd.",NA,"Brassicaceae",NA,0,1982,1982,NA,"Least concern",NA
1008790,78300,"Cardamine amara L.",NA,"Brassicaceae",NA,28,1982,2025,NA,"Least concern",NA
1008800,78350,"Cardamine amara L. subsp. amara",NA,"Brassicaceae",NA,1,2021,2021,NA,"Least concern",NA
1008890,78900,"Cardamine hirsuta L.",NA,"Brassicaceae",NA,1,2020,2020,NA,"Least concern",NA
1008970,79900,"Cardamine pratensis aggr.",NA,"Brassicaceae",NA,14,1982,2023,NA,"Least concern",NA
1009020,80300,"Cardamine resedifolia L.",NA,"Brassicaceae",NA,5,1982,2025,NA,"Least concern",NA
1009030,80400,"Cardamine rivularis auct.",NA,"Brassicaceae",NA,12,1982,2022,NA,"Near threatened",NA
1009110,81000,"Cardaminopsis halleri (L.) Hayek",NA,"Brassicaceae",NA,24,1957,2025,NA,"Least concern",NA
1009115,81050,"Cardaminopsis halleri (L.) Hayek subsp. halleri",NA,"Brassicaceae",NA,5,2020,2020,NA,"",NA
1009120,81100,"Cardaria draba (L.) Desv.",NA,"Brassicaceae",NA,0,1966,1966,NA,"",NA
1009140,81500,"Carduus crispus L.",NA,"Asteraceae",NA,17,1982,2025,NA,"Least concern",NA
1009150,81530,"Carduus crispus L. subsp. crispus",NA,"Asteraceae",NA,5,2020,2021,NA,"Least concern",NA
1009160,81560,"Carduus crispus subsp. multiflorus (Gaudin) Franco",NA,"Asteraceae",NA,4,2023,2023,NA,"Data deficient",NA
1009170,81595,"Carduus defloratus L.",NA,"Asteraceae",NA,8,1982,2024,NA,"Least concern",NA
1009180,81600,"Carduus defloratus L. subsp. defloratus",NA,"Asteraceae",NA,2,1982,2024,NA,"Least concern",NA
1009210,82100,"Carduus nutans L.",NA,"Asteraceae",NA,4,1982,2024,NA,"Least concern",NA
1009230,82300,"Carduus nutans subsp. platylepis (Rchb. & Saut.) Nyman",NA,"Asteraceae",NA,1,2012,2012,NA,"Least concern",NA
1009240,82400,"Carduus personata (L.) Jacq.",NA,"Asteraceae",NA,7,1982,2025,NA,"Least concern",NA
1009245,82450,"Carduus personata (L.) Jacq. subsp. personata",NA,"Asteraceae",NA,2,2020,2020,NA,"",NA
1009390,83900,"Carex bicolor All.",NA,"Cyperaceae",NA,4,1981,2020,NA,"Near threatened",NA
1009440,84400,"Carex brunnescens (Pers.) Poir.",NA,"Cyperaceae",NA,3,1982,2021,NA,"Least concern",NA
1009450,84430,"Carex brunnescens (Pers.) Poir. subsp. brunnescens",NA,"Cyperaceae",NA,1,2021,2021,NA,"Least concern",NA
1009470,84500,"Carex buxbaumii Wahlenb.",NA,"Cyperaceae",NA,1,1982,2022,NA,"Vulnerable",NA
1009480,84600,"Carex canescens L.",NA,"Cyperaceae",NA,47,1981,2025,NA,"Least concern",NA
1009490,84700,"Carex capillaris L.",NA,"Cyperaceae",NA,21,1949,2025,NA,"Least concern",NA
1009510,84900,"Carex caryophyllea Latourr.",NA,"Cyperaceae",NA,13,1982,2024,NA,"Least concern",NA
1009540,85395,"Carex curvula All.",NA,"Cyperaceae",NA,3,1982,2022,NA,"Least concern",NA
1009550,85400,"Carex curvula All. subsp. curvula",NA,"Cyperaceae",NA,2,1982,2021,NA,"Least concern",NA
1009570,85700,"Carex davalliana Sm.",NA,"Cyperaceae",NA,12,1982,2025,NA,"Least concern",NA
1009580,85800,"Carex demissa Hornem.",NA,"Cyperaceae",NA,4,1968,2020,NA,"Near threatened",NA
1009620,86200,"Carex dioica L.",NA,"Cyperaceae",NA,11,1981,2025,NA,"Vulnerable",NA
1009680,86700,"Carex echinata Murray",NA,"Cyperaceae",NA,15,1982,2025,NA,"Least concern",NA
1009690,86800,"Carex elata All.",NA,"Cyperaceae",NA,12,2000,2024,NA,"Least concern",NA
1009720,87100,"Carex ericetorum Pollich",NA,"Cyperaceae",NA,4,1982,2017,NA,"Near threatened",NA
1009760,87500,"Carex flacca Schreb.",NA,"Cyperaceae",NA,31,1982,2025,NA,"Least concern",NA
1009780,87600,"Carex flava L.",NA,"Cyperaceae",NA,8,1968,2024,NA,"Least concern",NA
1009770,87605,"Carex flava aggr.",NA,"Cyperaceae",NA,27,1968,2025,NA,"Least concern",NA
1009800,87800,"Carex frigida All.",NA,"Cyperaceae",NA,4,1981,2022,NA,"Least concern",NA
1009900,88800,"Carex humilis Leyss.",NA,"Cyperaceae",NA,2,1982,2001,NA,"Least concern",NA
1009910,88900,"Carex juncella (Fr.) Th. Fr.",NA,"Cyperaceae",NA,1,2024,2024,NA,"Vulnerable",NA
1009960,89400,"Carex lepidocarpa Tausch",NA,"Cyperaceae",NA,5,1968,2023,NA,"Least concern",NA
1009970,89500,"Carex leporina L.",NA,"Cyperaceae",NA,4,1982,2021,NA,"Least concern",NA
1009980,89600,"Carex limosa L.",NA,"Cyperaceae",NA,56,1980,2024,NA,"Near threatened",NA
1009990,89700,"Carex liparocarpos Gaudin",NA,"Cyperaceae",NA,0,1982,1982,NA,"Least concern",NA
1010000,89900,"Carex maritima Gunnerus",NA,"Cyperaceae",NA,15,1981,2020,NA,"Vulnerable",NA
1010030,90200,"Carex microglochin Wahlenb.",NA,"Cyperaceae",NA,4,1881,2020,NA,"Vulnerable",NA
1010040,90300,"Carex montana L.",NA,"Cyperaceae",NA,7,1982,2024,NA,"Least concern",NA
1010060,90500,"Carex muricata aggr.",NA,"Cyperaceae",NA,1,1966,2003,NA,"Least concern",NA
1010070,90700,"Carex nigra (L.) Reichard",NA,"Cyperaceae",NA,178,1981,2025,NA,"Least concern",NA
1010090,91200,"Carex ornithopoda Willd.",NA,"Cyperaceae",NA,5,1982,2024,NA,"Least concern",NA
1010120,91500,"Carex pairae F. W. Schultz",NA,"Cyperaceae",NA,0,1966,1966,NA,"Least concern",NA
1010130,91600,"Carex pallescens L.",NA,"Cyperaceae",NA,3,1982,2025,NA,"Least concern",NA
1010140,91700,"Carex panicea L.",NA,"Cyperaceae",NA,49,1982,2025,NA,"Least concern",NA
1010150,91800,"Carex paniculata L.",NA,"Cyperaceae",NA,4,1982,2024,NA,"Least concern",NA
1010170,92100,"Carex pauciflora Lightf.",NA,"Cyperaceae",NA,5,2000,2025,NA,"Near threatened",NA
1010180,92200,"Carex paupercula Michx.",NA,"Cyperaceae",NA,12,1853,2025,NA,"Near threatened",NA
1010210,92500,"Carex pilulifera L.",NA,"Cyperaceae",NA,1,2006,2006,NA,"Least concern",NA
1010260,93100,"Carex pulicaris L.",NA,"Cyperaceae",NA,4,1966,2022,NA,"Near threatened",NA
1010320,93700,"Carex rostrata Stokes",NA,"Cyperaceae",NA,261,1982,2025,NA,"Least concern",NA
1010340,93900,"Carex sempervirens Vill.",NA,"Cyperaceae",NA,16,1982,2022,NA,"Least concern",NA
1010420,95100,"Carex vaginata Tausch",NA,"Cyperaceae",NA,18,1982,2025,NA,"Vulnerable",NA
1010490,95800,"Carlina acaulis L.",NA,"Asteraceae",NA,24,1982,2025,NA,"Least concern",NA
1010510,96000,"Carlina acaulis subsp. caulescens (Lam.) Schübl. & G. Martens",NA,"Asteraceae",NA,5,2013,2023,NA,"",NA
1010610,97100,"Carum carvi L.",NA,"Apiaceae",NA,23,1982,2025,NA,"Least concern",NA
1010650,97300,"Catabrosa aquatica (L.) P. Beauv.",NA,"Poaceae",NA,10,1982,2023,NA,"Vulnerable",NA
1010790,98500,"Centaurea cyanus L.",NA,"Asteraceae",NA,0,1966,1966,NA,"Near threatened",NA
1010820,98750,"Centaurea jacea L.",NA,"Asteraceae",NA,4,2020,2022,NA,"Least concern",NA
1010865,99030,"Centaurea jacea aggr.",NA,"Asteraceae",NA,4,2020,2022,NA,"",NA
1010890,99200,"Centaurea montana L.",NA,"Asteraceae",NA,7,2012,2025,NA,"Least concern",NA
1010910,99400,"Centaurea nervosa Willd.",NA,"Asteraceae",NA,3,1982,2025,NA,"Least concern",NA
1010960,99800,"Centaurea pseudophrygia C. A. Mey.",NA,"Asteraceae",NA,1,1982,2013,NA,"Vulnerable",NA
1010980,99995,"Centaurea scabiosa L.",NA,"Asteraceae",NA,23,1982,2025,NA,"Least concern",NA
1010990,100000,"Centaurea scabiosa L. subsp. scabiosa",NA,"Asteraceae",NA,4,1982,2020,NA,"Least concern",NA
1011230,102150,"Cephalaria gigantea (Ledeb.) Bobrov",NA,"Caprifoliaceae",NA,4,2020,2024,NA,"",NA
1011270,102595,"Cerastium arvense L.",NA,"Caryophyllaceae",NA,25,1982,2025,NA,"Least concern",NA
1011300,102700,"Cerastium arvense subsp. strictum (W. D. J. Koch) Schinz & R. Keller",NA,"Caryophyllaceae",NA,18,1982,2025,NA,"Least concern",NA
1011330,102950,"Cerastium brachypetalum Pers.",NA,"Caryophyllaceae",NA,1,1981,1981,NA,"Least concern",NA
1011390,103595,"Cerastium fontanum Baumg.",NA,"Caryophyllaceae",NA,35,1981,2025,NA,"Least concern",NA
1011400,103600,"Cerastium fontanum Baumg. subsp. fontanum",NA,"Caryophyllaceae",NA,3,1981,2023,NA,"Least concern",NA
1011410,103700,"Cerastium fontanum subsp. lucorum (Schur) Soó",NA,"Caryophyllaceae",NA,1,2022,2022,NA,"Least concern",NA
1011420,103800,"Cerastium fontanum subsp. vulgare (Hartm.) Greuter & Burdet",NA,"Caryophyllaceae",NA,9,1982,2022,NA,"Least concern",NA
1011450,104200,"Cerastium latifolium L.",NA,"Caryophyllaceae",NA,0,1982,1982,NA,"Least concern",NA
1011640,106100,"Chaenorrhinum minus (L.) Lange",NA,"Plantaginaceae",NA,3,1982,2025,NA,"Least concern",NA
1011670,106200,"Chaerophyllum aureum L.",NA,"Apiaceae",NA,7,1982,2024,NA,"Least concern",NA
1011700,106705,"Chaerophyllum hirsutum aggr.",NA,"Apiaceae",NA,9,1982,2024,NA,"Least concern",NA
1011730,107100,"Chaerophyllum villarsii W. D. J. Koch",NA,"Apiaceae",NA,8,1982,2024,NA,"Least concern",NA
1011810,107700,"Chamorchis alpina (L.) Rich.",NA,"Orchidaceae",NA,2,1982,2020,NA,"Least concern",NA
50002,NA,"Chara aspera Willd.",NA,"Characeae",NA,4,1904,1904,NA,"Vulnerable",NA
50005,NA,"Chara contraria Kütz.",NA,"Characeae",NA,1,1913,1913,NA,"Least concern",NA
50009,NA,"Chara globularis Thuill.",NA,"Characeae",NA,3,2025,2025,NA,"Least concern",NA
50092,NA,"Chara globularis aggr.",NA,"Characeae",NA,3,2025,2025,NA,"",NA
50021,NA,"Chara vulgaris L.",NA,"Characeae",NA,8,1904,1904,NA,"Vulnerable",NA
50010,NA,"Chara vulgaris aggr.",NA,"Characeae",NA,9,1904,1913,NA,"",NA
1011850,108300,"Chenopodium album L.",NA,"Amaranthaceae",NA,2,1982,2006,NA,"Least concern",NA
1011845,108330,"Chenopodium album aggr.",NA,"Amaranthaceae",NA,3,1982,2024,NA,"",NA
1011880,108500,"Chenopodium bonus-henricus L.",NA,"Amaranthaceae",NA,25,1982,2025,NA,"Least concern",NA
1011920,109100,"Chenopodium glaucum L.",NA,"Amaranthaceae",NA,0,1966,1966,NA,"Near threatened",NA
1012040,110100,"Chenopodium vulvaria L.",NA,"Amaranthaceae",NA,0,1982,1982,NA,"Endangered",NA
1012300,113700,"Cirsium acaule Scop.",NA,"Asteraceae",NA,15,1982,2025,NA,"Least concern",NA
1012310,113800,"Cirsium arvense (L.) Scop.",NA,"Asteraceae",NA,16,1982,2025,NA,"Least concern",NA
1012330,114000,"Cirsium eriophorum (L.) Scop.",NA,"Asteraceae",NA,21,1982,2025,NA,"Least concern",NA
1012340,114100,"Cirsium eriophorum (L.) Scop. subsp. eriophorum",NA,"Asteraceae",NA,6,2020,2024,NA,"",NA
1012370,114400,"Cirsium helenioides (L.) Hill",NA,"Asteraceae",NA,115,1982,2025,NA,"Least concern",NA
1012420,114900,"Cirsium palustre (L.) Scop.",NA,"Asteraceae",NA,13,1982,2022,NA,"Least concern",NA
1012450,115300,"Cirsium spinosissimum (L.) Scop.",NA,"Asteraceae",NA,1,1905,1982,NA,"Least concern",NA
1012470,115500,"Cirsium vulgare (Savi) Ten.",NA,"Asteraceae",NA,1,2022,2022,NA,"Least concern",NA
1012570,116000,"Clematis alpina (L.) Mill.",NA,"Ranunculaceae",NA,3,1982,2024,NA,"Least concern",NA
1012610,116350,"Clematis tangutica (Maxim.) Korsh.",NA,"Ranunculaceae",NA,3,2019,2025,NA,"",NA
1012750,117200,"Coeloglossum viride (L.) Hartm.",NA,"Orchidaceae",NA,70,1923,2025,NA,"Least concern",NA
1012810,117700,"Colchicum autumnale L.",NA,"Colchicaceae",NA,7,1982,2025,NA,"Least concern",NA
1012940,118400,"Conium maculatum L.",NA,"Apiaceae",NA,0,1966,1966,NA,"Near threatened",NA
1012960,118500,"Conringia orientalis (L.) Dumort.",NA,"Brassicaceae",NA,0,1966,1966,NA,"",NA
1013030,118900,"Convolvulus arvensis L.",NA,"Convolvulaceae",NA,1,1982,1994,NA,"Least concern",NA
1013070,119300,"Conyza canadensis (L.) Cronquist",NA,"Asteraceae",NA,1,2020,2020,NA,"",NA
1013450,121800,"Cotoneaster integerrimus Medik.",NA,"Rosaceae",NA,4,1982,2025,NA,"Least concern",NA
1013620,122900,"Crepis alpestris (Jacq.) Tausch",NA,"Asteraceae",NA,1,1982,2001,NA,"Least concern",NA
1013630,123000,"Crepis aurea (L.) Cass.",NA,"Asteraceae",NA,4,1982,2024,NA,"Least concern",NA
1013670,123500,"Crepis conyzifolia (Gouan) A. Kern.",NA,"Asteraceae",NA,11,1982,2025,NA,"Least concern",NA
1013760,124300,"Crepis paludosa (L.) Moench",NA,"Asteraceae",NA,2,1982,2025,NA,"Least concern",NA
1013800,124800,"Crepis pyrenaica (L.) Greuter",NA,"Asteraceae",NA,1,1982,2006,NA,"Least concern",NA
1013830,125400,"Crepis tectorum L.",NA,"Asteraceae",NA,7,1982,2025,NA,"Vulnerable",NA
1013880,125800,"Crocus albiflorus Kit.",NA,"Iridaceae",NA,7,1982,2025,NA,"Least concern",NA
1013970,126300,"Cruciata laevipes Opiz",NA,"Rubiaceae",NA,0,1982,1982,NA,"Least concern",NA
1014000,126600,"Cryptogramma crispa (L.) Hook.",NA,"Pteridaceae",NA,2,1982,2023,NA,"Least concern",NA
1014160,127900,"Cuscuta europaea L.",NA,"Convolvulaceae",NA,0,1982,1982,NA,"Near threatened",NA
1014310,129300,"Cynoglossum officinale L.",NA,"Boraginaceae",NA,1,2022,2022,NA,"Near threatened",NA
1014320,129400,"Cynosurus cristatus L.",NA,"Poaceae",NA,2,2023,2023,NA,"Least concern",NA
1014520,130700,"Cystopteris fragilis (L.) Bernh.",NA,"Cystopteridaceae",NA,3,1982,2025,NA,"Least concern",NA
1014515,130750,"Cystopteris fragilis aggr.",NA,"Cystopteridaceae",NA,4,1982,2025,NA,"",NA
1014610,131800,"Dactylis glomerata L.",NA,"Poaceae",NA,21,1982,2025,NA,"Least concern",NA
1014620,131850,"Dactylis glomerata L. subsp. glomerata",NA,"Poaceae",NA,1,2022,2022,NA,"",NA
1014660,132100,"Dactylorhiza cruenta (O. F. Müll.) Soó",NA,"Orchidaceae",NA,31,1994,2025,NA,"Vulnerable",NA
1014666,NA,"Dactylorhiza cruenta × majalis",NA,"Orchidaceae",NA,1,2024,2024,NA,"",NA
1014690,132300,"Dactylorhiza incarnata (L.) Soó",NA,"Orchidaceae",NA,8,2003,2023,NA,"Near threatened",NA
1014700,132350,"Dactylorhiza incarnata (L.) Soó subsp. incarnata",NA,"Orchidaceae",NA,3,2003,2023,NA,"Near threatened",NA
1014750,132500,"Dactylorhiza lapponica (Hartm.) Soó",NA,"Orchidaceae",NA,1,2024,2024,NA,"Near threatened",NA
1014760,132600,"Dactylorhiza maculata (L.) Soó",NA,"Orchidaceae",NA,3,2000,2021,NA,"Least concern",NA
1014775,132630,"Dactylorhiza maculata subsp. fuchsii (Druce) Hyl.",NA,"Orchidaceae",NA,3,2000,2021,NA,"Least concern",NA
1014794,NA,"Dactylorhiza maculata × majalis",NA,"Orchidaceae",NA,1,2021,2021,NA,"",NA
1014800,132700,"Dactylorhiza majalis (Rchb.) P. F. Hunt & Summerh.",NA,"Orchidaceae",NA,45,1982,2025,NA,"Least concern",NA
1014820,132800,"Dactylorhiza sambucina (L.) Soó",NA,"Orchidaceae",NA,2,1859,1966,NA,"Near threatened",NA
1014840,132900,"Dactylorhiza traunsteineri (Rchb.) Soó",NA,"Orchidaceae",NA,0,1982,1982,NA,"Near threatened",NA
1014900,133600,"Daphne mezereum L.",NA,"Thymelaeaceae",NA,1,1982,2013,NA,"Least concern",NA
1014910,133700,"Daphne striata Tratt.",NA,"Thymelaeaceae",NA,5,1923,2023,NA,"Least concern",NA
1015040,134800,"Deschampsia cespitosa (L.) P. Beauv.",NA,"Poaceae",NA,174,1981,2025,NA,"Least concern",NA
1015070,135200,"Descurainia sophia (L.) Prantl",NA,"Brassicaceae",NA,3,1982,2025,NA,"Least concern",NA
1015120,135500,"Dianthus carthusianorum L.",NA,"Caryophyllaceae",NA,4,2017,2025,NA,"Least concern",NA
1015170,135900,"Dianthus deltoides L.",NA,"Caryophyllaceae",NA,25,1982,2025,NA,"Vulnerable",NA
1015280,136800,"Dianthus superbus L.",NA,"Caryophyllaceae",NA,57,1982,2025,NA,"Least concern",NA
1015300,136860,"Dianthus superbus subsp. alpestris Čelak.",NA,"Caryophyllaceae",NA,1,2022,2022,NA,"Least concern",NA
1015310,136900,"Dianthus sylvestris Wulfen",NA,"Caryophyllaceae",NA,36,1982,2025,NA,"Least concern",NA
1015340,137100,"Digitalis grandiflora Mill.",NA,"Plantaginaceae",NA,3,2018,2025,NA,"Least concern",NA
1015430,137900,"Diphasiastrum complanatum (L.) Holub",NA,"Lycopodiaceae",NA,0,1966,1966,NA,"Endangered",NA
1015450,138100,"Diphasiastrum ×issleri (Rouy) Holub",NA,"Lycopodiaceae",NA,2,1993,2012,NA,"Endangered",NA
1015560,139700,"Doronicum clusii (All.) Tausch",NA,"Asteraceae",NA,2,1982,2023,NA,"Least concern",NA
1015590,140000,"Doronicum grandiflorum Lam.",NA,"Asteraceae",NA,1,1923,1982,NA,"Least concern",NA
1015730,141200,"Draba muralis L.",NA,"Brassicaceae",NA,1,1999,1999,NA,"Near threatened",NA
1015740,141300,"Draba nemorosa L.",NA,"Brassicaceae",NA,20,1994,2025,NA,"Near threatened",NA
1015800,141800,"Dracocephalum ruyschiana L.",NA,"Lamiaceae",NA,80,1841,2025,NA,"Near threatened",NA
1015840,142300,"Drosera rotundifolia L.",NA,"Droseraceae",NA,23,1982,2025,NA,"Near threatened",NA
1015860,142500,"Dryas octopetala L.",NA,"Rosaceae",NA,3,1982,2025,NA,"Least concern",NA
1015910,143100,"Dryopteris carthusiana (Vill.) H. P. Fuchs",NA,"Dryopteridaceae",NA,1,1982,2000,NA,"Least concern",NA
1015925,143350,"Dryopteris dilatata aggr.",NA,"Dryopteridaceae",NA,15,1966,2024,NA,"",NA
1015940,143400,"Dryopteris expansa (C. Presl) Fraser-Jenk. & Jermy",NA,"Dryopteridaceae",NA,15,1966,2024,NA,"Least concern",NA
1015950,143500,"Dryopteris filix-mas (L.) Schott",NA,"Dryopteridaceae",NA,7,1982,2024,NA,"Least concern",NA
1016120,144500,"Echium vulgare L.",NA,"Boraginaceae",NA,4,1982,2022,NA,"Least concern",NA
1016220,145000,"Eleocharis acicularis (L.) Roem. & Schult.",NA,"Cyperaceae",NA,2,1932,1982,NA,"Vulnerable",NA
1016300,145700,"Eleocharis palustris (L.) Roem. & Schult.",NA,"Cyperaceae",NA,1,1982,2017,NA,"Near threatened",NA
1016310,145705,"Eleocharis palustris aggr.",NA,"Cyperaceae",NA,1,1982,2017,NA,"Near threatened",NA
1016320,145900,"Eleocharis quinqueflora (Hartmann) O. Schwarz",NA,"Cyperaceae",NA,15,1981,2025,NA,"Least concern",NA
1016360,146200,"Elodea canadensis Michx.",NA,"Hydrocharitaceae",NA,5,1991,2025,NA,"",NA
1016400,146460,"Elymus caninus (L.) L.",NA,"Poaceae",NA,7,1982,2024,NA,"Least concern",NA
1016450,146560,"Elymus repens (L.) Gould",NA,"Poaceae",NA,12,1982,2025,NA,"Least concern",NA
1016460,146600,"Elyna myosuroides (Vill.) Fritsch",NA,"Cyperaceae",NA,2,1982,2001,NA,"Least concern",NA
1016470,146795,"Empetrum nigrum L.",NA,"Ericaceae",NA,15,1982,2023,NA,"Least concern",NA
1016490,146900,"Empetrum nigrum subsp. hermaphroditum (Hagerup) Böcher",NA,"Ericaceae",NA,10,1982,2023,NA,"Least concern",NA
1016520,147500,"Epilobium alsinifolium Vill.",NA,"Onagraceae",NA,1,1982,2023,NA,"Least concern",NA
1016540,147700,"Epilobium angustifolium L.",NA,"Onagraceae",NA,56,1982,2026,NA,"Least concern",NA
1016590,148200,"Epilobium fleischeri Hochst.",NA,"Onagraceae",NA,5,1982,2025,NA,"Least concern",NA
1016620,148600,"Epilobium montanum L.",NA,"Onagraceae",NA,2,2022,2024,NA,"Least concern",NA
1016630,148700,"Epilobium nutans F. W. Schmidt",NA,"Onagraceae",NA,2,1982,2000,NA,"Least concern",NA
1016650,148900,"Epilobium palustre L.",NA,"Onagraceae",NA,83,1982,2025,NA,"Least concern",NA
1016740,149600,"Epipactis atrorubens Besser",NA,"Orchidaceae",NA,6,1982,2025,NA,"Least concern",NA
1016920,150600,"Equisetum arvense L.",NA,"Equisetaceae",NA,35,1982,2025,NA,"Least concern",NA
1016930,150700,"Equisetum fluviatile L.",NA,"Equisetaceae",NA,2,1982,2025,NA,"Least concern",NA
1016950,151100,"Equisetum palustre L.",NA,"Equisetaceae",NA,41,1981,2025,NA,"Least concern",NA
1016960,151200,"Equisetum pratense Ehrh.",NA,"Equisetaceae",NA,2,2022,2022,NA,"Least concern",NA
1016970,151300,"Equisetum ramosissimum Desf.",NA,"Equisetaceae",NA,0,1982,1982,NA,"Near threatened",NA
1016980,151400,"Equisetum sylvaticum L.",NA,"Equisetaceae",NA,3,1982,2025,NA,"Least concern",NA
1017000,151600,"Equisetum variegatum Schleich.",NA,"Equisetaceae",NA,32,1981,2025,NA,"Least concern",NA
1017440,153300,"Erigeron acris L.",NA,"Asteraceae",NA,15,1982,2025,NA,"Least concern",NA
1017450,153350,"Erigeron acris L. subsp. acris",NA,"Asteraceae",NA,3,2020,2020,NA,"Least concern",NA
1017460,153400,"Erigeron acris subsp. angulosus (Gaudin) Vacc.",NA,"Asteraceae",NA,5,2011,2020,NA,"Least concern",NA
1017490,153600,"Erigeron alpinus L.",NA,"Asteraceae",NA,4,1982,2025,NA,"Least concern",NA
1017485,153650,"Erigeron alpinus aggr.",NA,"Asteraceae",NA,4,1982,2025,NA,"",NA
1017510,153800,"Erigeron annuus (L.) Desf.",NA,"Asteraceae",NA,7,2020,2024,NA,"",NA
1017640,155200,"Eriophorum angustifolium Honck.",NA,"Cyperaceae",NA,96,1982,2024,NA,"Least concern",NA
1017710,156000,"Erodium cicutarium (L.) L'Hér.",NA,"Geraniaceae",NA,0,1966,1966,NA,"Least concern",NA
1017830,157100,"Erucastrum nasturtiifolium (Poir.) O. E. Schulz",NA,"Brassicaceae",NA,1,2022,2022,NA,"Least concern",NA
1017840,157200,"Eryngium alpinum L.",NA,"Apiaceae",NA,4,2022,2025,NA,"Vulnerable",NA
1017979,158500,"Erysimum rhaeticum aggr.",NA,"Brassicaceae",NA,1,1966,2025,NA,"Least concern",NA
1018010,158700,"Erysimum virgatum Roth",NA,"Brassicaceae",NA,34,1982,2025,NA,"Vulnerable",NA
1018170,159800,"Euphorbia cyparissias L.",NA,"Euphorbiaceae",NA,17,1905,2025,NA,"Least concern",NA
1018510,161900,"Euphorbia virgata Waldst. & Kit.",NA,"Euphorbiaceae",NA,0,1966,1966,NA,"",NA
1018600,162750,"Euphrasia minima Schleich.",NA,"Orobanchaceae",NA,8,1966,2023,NA,"Least concern",NA
1018640,163100,"Euphrasia pectinata Ten.",NA,"Orobanchaceae",NA,0,1982,1982,NA,"Near threatened",NA
1018700,163450,"Euphrasia rostkoviana Hayne",NA,"Orobanchaceae",NA,33,1981,2023,NA,"Least concern",NA
1018710,163500,"Euphrasia rostkoviana Hayne subsp. rostkoviana",NA,"Orobanchaceae",NA,4,2017,2022,NA,"Least concern",NA
1018685,163850,"Euphrasia rostkoviana aggr.",NA,"Orobanchaceae",NA,39,1981,2024,NA,"",NA
1018730,163800,"Euphrasia rostkoviana subsp. montana (Jord.) Wettst.",NA,"Orobanchaceae",NA,20,1981,2022,NA,"Least concern",NA
1018750,164000,"Euphrasia stricta J. F. Lehm.",NA,"Orobanchaceae",NA,1,1994,1994,NA,"Near threatened",NA
1018870,165200,"Fallopia convolvulus (L.) Á. Löve",NA,"Polygonaceae",NA,0,1982,1982,NA,"Least concern",NA
1018930,165400,"Festuca acuminata Gaudin",NA,"Poaceae",NA,1,2022,2022,NA,"Least concern",NA
1019070,166550,"Festuca brevipila R. Tracey",NA,"Poaceae",NA,1,2022,2022,NA,"Least concern",NA
1019150,167500,"Festuca guestfalica Boenn.",NA,"Poaceae",NA,3,2022,2022,NA,"Least concern",NA
1019160,167650,"Festuca halleri aggr.",NA,"Poaceae",NA,1,2021,2021,NA,"Least concern",NA
1019240,168150,"Festuca laevigata Gaudin",NA,"Poaceae",NA,5,1982,2024,NA,"",NA
1019250,168160,"Festuca laevigata Gaudin subsp. laevigata",NA,"Poaceae",NA,3,2016,2022,NA,"Least concern",NA
1019290,168300,"Festuca nigrescens Lam.",NA,"Poaceae",NA,6,2001,2001,NA,"Least concern",NA
1019310,168590,"Festuca ovina aggr.",NA,"Poaceae",NA,33,1982,2025,NA,"Least concern",NA
1019309,168580,"Festuca ovina superaggr.",NA,"",NA,41,1982,2025,NA,"",NA
1019380,169100,"Festuca pratensis Huds.",NA,"Poaceae",NA,8,1982,2025,NA,"Least concern",NA
1019390,169200,"Festuca pratensis Huds. subsp. pratensis",NA,"Poaceae",NA,1,2000,2000,NA,"Least concern",NA
1019420,169600,"Festuca pulchella Schrad.",NA,"Poaceae",NA,0,1982,1982,NA,"Least concern",NA
1019480,170100,"Festuca rubra L.",NA,"Poaceae",NA,8,2015,2022,NA,"Least concern",NA
1019470,170200,"Festuca rubra aggr.",NA,"Poaceae",NA,151,1981,2025,NA,"Least concern",NA
1019520,170500,"Festuca rupicola Heuff.",NA,"Poaceae",NA,2,1982,2022,NA,"Near threatened",NA
1019630,171690,"Festuca valesiaca aggr.",NA,"Poaceae",NA,8,1982,2022,NA,"Least concern",NA
1019650,171800,"Festuca varia aggr.",NA,"Poaceae",NA,3,2000,2022,NA,"Least concern",NA
1019670,172100,"Festuca violacea aggr.",NA,"Poaceae",NA,1,1982,2001,NA,"Least concern",NA
1019770,173100,"Filipendula ulmaria (L.) Maxim.",NA,"Rosaceae",NA,8,1982,2025,NA,"Least concern",NA
1019820,173400,"Foeniculum vulgare Mill.",NA,"Apiaceae",NA,0,1966,1966,NA,"",NA
1019920,173800,"Fragaria vesca L.",NA,"Rosaceae",NA,10,1982,2025,NA,"Least concern",NA
1020140,175300,"Fumaria schleicheri Soy.-Will.",NA,"Papaveraceae",NA,10,1982,2025,NA,"Vulnerable",NA
1020150,175400,"Fumaria vaillantii Loisel.",NA,"Papaveraceae",NA,1,1982,2023,NA,"Vulnerable",NA
1020160,175620,"Gagea fragifera (Vill.) Ehr. Bayer & G. López",NA,"Liliaceae",NA,1,1923,1982,NA,"Least concern",NA
1020290,176400,"Galeopsis angustifolia Hoffm.",NA,"Lamiaceae",NA,0,1966,1966,NA,"Least concern",NA
1020310,176600,"Galeopsis ladanum L.",NA,"Lamiaceae",NA,5,1982,2025,NA,"Near threatened",NA
1020350,177100,"Galeopsis tetrahit L.",NA,"Lamiaceae",NA,4,1982,2024,NA,"Least concern",NA
1020380,177400,"Galium album Mill.",NA,"Rubiaceae",NA,3,2018,2024,NA,"Least concern",NA
1020385,177450,"Galium album Mill. subsp. album",NA,"Rubiaceae",NA,1,2022,2022,NA,"",NA
1020390,177500,"Galium anisophyllon Vill.",NA,"Rubiaceae",NA,9,1982,2024,NA,"Least concern",NA
1020440,178000,"Galium boreale L.",NA,"Rubiaceae",NA,40,1982,2025,NA,"Least concern",NA
1020490,178700,"Galium lucidum All.",NA,"Rubiaceae",NA,1,1982,2015,NA,"Least concern",NA
1020510,179000,"Galium mollugo aggr.",NA,"Rubiaceae",NA,5,1982,2024,NA,"Least concern",NA
1020570,179400,"Galium palustre L.",NA,"Rubiaceae",NA,7,1966,2021,NA,"Least concern",NA
1020565,179450,"Galium palustre aggr.",NA,"Rubiaceae",NA,7,1966,2021,NA,"",NA
1020600,179700,"Galium pumilum Murray",NA,"Rubiaceae",NA,16,1905,2025,NA,"Least concern",NA
1020595,179650,"Galium pumilum aggr.",NA,"Rubiaceae",NA,30,1905,2025,NA,"",NA
1020660,180300,"Galium spurium L.",NA,"Rubiaceae",NA,0,1966,1966,NA,"Vulnerable",NA
1020710,180700,"Galium uliginosum L.",NA,"Rubiaceae",NA,101,1982,2024,NA,"Least concern",NA
1020730,180900,"Galium verum L.",NA,"Rubiaceae",NA,28,1982,2025,NA,"Least concern",NA
1020740,181000,"Galium verum L. subsp. verum",NA,"Rubiaceae",NA,16,2016,2025,NA,"Least concern",NA
1020890,182200,"Gentiana acaulis L.",NA,"Gentianaceae",NA,29,1905,2025,NA,"Least concern",NA
1020930,182600,"Gentiana anisodonta Borbás",NA,"Gentianaceae",NA,1,1969,1982,NA,"Endangered",NA
1020950,182800,"Gentiana aspera Hegetschw.",NA,"Gentianaceae",NA,0,1982,1982,NA,"Near threatened",NA
1020970,182900,"Gentiana bavarica L.",NA,"Gentianaceae",NA,1,1905,1982,NA,"Least concern",NA
1020990,183000,"Gentiana brachyphylla Vill.",NA,"Gentianaceae",NA,1,1923,1923,NA,"Least concern",NA
1021000,183100,"Gentiana campestris L.",NA,"Gentianaceae",NA,9,1982,2023,NA,"Least concern",NA
1021010,183200,"Gentiana campestris L. subsp. campestris",NA,"Gentianaceae",NA,3,2017,2023,NA,"Least concern",NA
1021030,183400,"Gentiana ciliata L.",NA,"Gentianaceae",NA,2,1982,2022,NA,"Least concern",NA
1021040,183500,"Gentiana clusii E. P. Perrier & Songeon",NA,"Gentianaceae",NA,2,1982,2025,NA,"Least concern",NA
1021050,183600,"Gentiana cruciata L.",NA,"Gentianaceae",NA,13,1982,2025,NA,"Vulnerable",NA
1021060,183700,"Gentiana engadinensis (Wettst.) Braun-Blanq. & Sam.",NA,"Gentianaceae",NA,1,1941,1982,NA,"Near threatened",NA
1021090,183800,"Gentiana germanica Willd.",NA,"Gentianaceae",NA,1,1994,1994,NA,"Vulnerable",NA
1021070,183810,"Gentiana germanica subsp. rhaetica (A. Kern. & Jos. Kern.) Hayek",NA,"Gentianaceae",NA,1,1994,1994,NA,"",NA
1021140,184300,"Gentiana nivalis L.",NA,"Gentianaceae",NA,2,1982,2025,NA,"Least concern",NA
1021190,184800,"Gentiana punctata L.",NA,"Gentianaceae",NA,25,1923,2025,NA,"Least concern",NA
1021200,184900,"Gentiana purpurea L.",NA,"Gentianaceae",NA,1,2022,2022,NA,"Least concern",NA
1021210,185000,"Gentiana ramosa Hegetschw.",NA,"Gentianaceae",NA,3,1982,2025,NA,"Least concern",NA
1021240,185300,"Gentiana utriculosa L.",NA,"Gentianaceae",NA,3,1982,2020,NA,"Near threatened",NA
1021250,185400,"Gentiana verna L.",NA,"Gentianaceae",NA,16,1905,2024,NA,"Least concern",NA
1021260,185430,"Gentiana verna L. subsp. verna",NA,"Gentianaceae",NA,7,2020,2020,NA,"",NA
1021450,188600,"Geranium pyrenaicum Burm. f.",NA,"Geraniaceae",NA,1,2021,2021,NA,"Least concern",NA
1021460,188700,"Geranium rivulare Vill.",NA,"Geraniaceae",NA,2,1982,2024,NA,"Near threatened",NA
1021510,189100,"Geranium sanguineum L.",NA,"Geraniaceae",NA,1,2022,2022,NA,"Least concern",NA
1021530,189300,"Geranium sylvaticum L.",NA,"Geraniaceae",NA,22,1905,2025,NA,"Least concern",NA
1021540,189400,"Geum montanum L.",NA,"Rosaceae",NA,15,1923,2025,NA,"Least concern",NA
1021570,189600,"Geum rivale L.",NA,"Rosaceae",NA,17,1982,2022,NA,"Least concern",NA
1021740,191000,"Globularia cordifolia L.",NA,"Plantaginaceae",NA,2,1982,2024,NA,"Least concern",NA
1021765,191550,"Glyceria fluitans aggr.",NA,"Poaceae",NA,1,1982,2024,NA,"",NA
1021790,191700,"Glyceria notata Chevall.",NA,"Poaceae",NA,1,1982,2024,NA,"Least concern",NA
1021840,192200,"Gnaphalium hoppeanum W. D. J. Koch",NA,"Asteraceae",NA,1,2023,2023,NA,"Least concern",NA
1021860,192400,"Gnaphalium norvegicum Gunnerus",NA,"Asteraceae",NA,3,1982,2024,NA,"Least concern",NA
1021870,192500,"Gnaphalium supinum L.",NA,"Asteraceae",NA,2,2017,2021,NA,"Least concern",NA
1021880,192600,"Gnaphalium sylvaticum L.",NA,"Asteraceae",NA,2,1982,2023,NA,"Least concern",NA
1021890,192700,"Gnaphalium uliginosum L.",NA,"Asteraceae",NA,1,2025,2025,NA,"Near threatened",NA
1021930,193100,"Groenlandia densa (L.) Fourr.",NA,"Potamogetonaceae",NA,27,1981,2025,NA,"Near threatened",NA
1021950,193200,"Gymnadenia conopsea (L.) R. Br.",NA,"Orchidaceae",NA,75,1982,2025,NA,"Least concern",NA
1021955,193210,"Gymnadenia conopsea (L.) R. Br. var. conopsea",NA,"Orchidaceae",NA,1,2024,2024,NA,"",NA
1021957,NA,"Gymnadenia conopsea × Nigritella rhellicani",NA,"Orchidaceae",NA,1,2014,2014,NA,"",NA
1021970,193300,"Gymnadenia odoratissima (L.) Rich.",NA,"Orchidaceae",NA,16,1982,2022,NA,"Least concern",NA
1021980,193400,"Gymnocarpium dryopteris (L.) Newman",NA,"Cystopteridaceae",NA,4,1982,2023,NA,"Least concern",NA
1022020,193800,"Gypsophila repens L.",NA,"Caryophyllaceae",NA,2,1982,2024,NA,"Least concern",NA
1022110,194100,"Hedysarum hedysaroides (L.) Schinz & Thell.",NA,"Fabaceae",NA,2,1982,2025,NA,"Least concern",NA
1022140,194300,"Helianthemum alpestre (Jacq.) DC.",NA,"Cistaceae",NA,1,1982,2022,NA,"Least concern",NA
1022180,194895,"Helianthemum nummularium (L.) Mill.",NA,"Cistaceae",NA,34,1982,2025,NA,"Least concern",NA
1022210,195100,"Helianthemum nummularium subsp. grandiflorum (Scop.) Schinz & Thell.",NA,"Cistaceae",NA,10,1982,2022,NA,"Least concern",NA
1022220,195200,"Helianthemum nummularium subsp. obscurum (Čelak.) Holub",NA,"Cistaceae",NA,2,2000,2000,NA,"Least concern",NA
1022380,196690,"Helictotrichon pratense (L.) Besser",NA,"Poaceae",NA,4,2022,2025,NA,"",NA
1022379,196700,"Helictotrichon pratense aggr.",NA,"Poaceae",NA,14,1982,2025,NA,"Least concern",NA
1022390,196800,"Helictotrichon pubescens (Huds.) Pilg.",NA,"Poaceae",NA,35,1982,2025,NA,"Least concern",NA
1022440,197100,"Helictotrichon versicolor (Vill.) Pilg.",NA,"Poaceae",NA,17,1982,2025,NA,"Least concern",NA
1022560,197900,"Hepatica nobilis Schreb.",NA,"Ranunculaceae",NA,1,1982,2024,NA,"Least concern",NA
1022580,198300,"Heracleum mantegazzianum Sommier & Levier",NA,"Apiaceae",NA,9,2013,2025,NA,"",NA
1022590,198595,"Heracleum sphondylium L.",NA,"Apiaceae",NA,23,1982,2025,NA,"Least concern",NA
1022600,198600,"Heracleum sphondylium L. subsp. sphondylium",NA,"Apiaceae",NA,6,1982,2024,NA,"Least concern",NA
1022620,198800,"Heracleum sphondylium subsp. elegans (Crantz) Schübl. & G. Martens",NA,"Apiaceae",NA,5,1982,2020,NA,"Least concern",NA
1022670,199300,"Herniaria glabra L.",NA,"Caryophyllaceae",NA,17,1982,2025,NA,"Least concern",NA
1022790,199900,"Hieracium alpinum L.",NA,"Asteraceae",NA,4,1982,2024,NA,"Least concern",NA
1022810,200100,"Hieracium angustifolium Hoppe",NA,"Asteraceae",NA,6,2002,2022,NA,"Least concern",NA
1022820,200200,"Hieracium aurantiacum L.",NA,"Asteraceae",NA,7,1982,2025,NA,"Least concern",NA
1022840,200600,"Hieracium bifidum aggr.",NA,"Asteraceae",NA,1,1982,2022,NA,"Least concern",NA
1022880,200800,"Hieracium caespitosum Dumort.",NA,"Asteraceae",NA,1,2020,2020,NA,"Endangered",NA
1022900,201000,"Hieracium cymosum L.",NA,"Asteraceae",NA,1,2022,2022,NA,"Near threatened",NA
1022990,201700,"Hieracium hoppeanum Schult.",NA,"Asteraceae",NA,12,1982,2024,NA,"Least concern",NA
1023010,201900,"Hieracium intybaceum All.",NA,"Asteraceae",NA,14,1982,2025,NA,"Least concern",NA
1023040,202100,"Hieracium lactucella Wallr.",NA,"Asteraceae",NA,12,1982,2025,NA,"Least concern",NA
1023110,202700,"Hieracium murorum aggr.",NA,"Asteraceae",NA,12,1982,2025,NA,"Least concern",NA
1023170,203200,"Hieracium piliferum aggr.",NA,"Asteraceae",NA,4,1923,2004,NA,"Least concern",NA
1023200,203400,"Hieracium pilosella L.",NA,"Asteraceae",NA,38,1923,2025,NA,"Least concern",NA
1023210,203500,"Hieracium piloselloides Vill.",NA,"Asteraceae",NA,1,2011,2011,NA,"Least concern",NA
1023270,203900,"Hieracium prenanthoides aggr.",NA,"Asteraceae",NA,2,1982,2025,NA,"Least concern",NA
1023360,204700,"Hieracium schmidtii aggr.",NA,"Asteraceae",NA,0,1966,1966,NA,"Near threatened",NA
1023400,205000,"Hieracium staticifolium All.",NA,"Asteraceae",NA,3,1982,2024,NA,"Least concern",NA
1023500,205800,"Hieracium villosum Jacq.",NA,"Asteraceae",NA,1,1982,2025,NA,"Least concern",NA
1023490,205900,"Hieracium villosum aggr.",NA,"Asteraceae",NA,1,1982,2025,NA,"Least concern",NA
1023580,206300,"Hippocrepis comosa L.",NA,"Fabaceae",NA,8,1982,2025,NA,"Least concern",NA
1023610,206600,"Hippuris vulgaris L.",NA,"Plantaginaceae",NA,5,1982,2025,NA,"Near threatened",NA
1023630,206800,"Holcus lanatus L.",NA,"Poaceae",NA,0,1966,1966,NA,"Least concern",NA
1023680,207300,"Homogyne alpina (L.) Cass.",NA,"Asteraceae",NA,26,1923,2024,NA,"Least concern",NA
1023700,207500,"Hordeum distichon L.",NA,"Poaceae",NA,0,1966,1966,NA,"",NA
1023720,207795,"Hordeum murinum L.",NA,"Poaceae",NA,0,1966,1966,NA,"Least concern",NA
1023730,207800,"Hordeum murinum L. subsp. murinum",NA,"Poaceae",NA,0,1966,1966,NA,"Least concern",NA
1023760,208205,"Hordeum vulgare aggr.",NA,"Poaceae",NA,0,1966,1966,NA,"",NA
1023850,208800,"Humulus lupulus L.",NA,"Cannabaceae",NA,0,1982,1982,NA,"Least concern",NA
1023860,208900,"Huperzia selago (L.) Schrank & Mart.",NA,"Lycopodiaceae",NA,3,1982,2023,NA,"Least concern",NA
1024250,212200,"Hypochaeris uniflora Vill.",NA,"Asteraceae",NA,7,1923,2023,NA,"Least concern",NA
1024310,212500,"Iberis amara L.",NA,"Brassicaceae",NA,0,1966,1966,NA,"Endangered",NA
1024900,217700,"Juncus alpinoarticulatus Chaix",NA,"Juncaceae",NA,27,1981,2023,NA,"Least concern",NA
1024901,217730,"Juncus alpinoarticulatus Chaix subsp. alpinoarticulatus",NA,"",NA,2,2023,2023,NA,"",NA
1024920,218000,"Juncus arcticus Willd.",NA,"Juncaceae",NA,12,1881,2022,NA,"Near threatened",NA
1024930,218100,"Juncus articulatus L.",NA,"Juncaceae",NA,11,1982,2025,NA,"Least concern",NA
1024925,218150,"Juncus articulatus aggr.",NA,"Juncaceae",NA,38,1981,2025,NA,"",NA
1024940,218200,"Juncus bufonius L.",NA,"Juncaceae",NA,2,1982,2025,NA,"Least concern",NA
1025000,218800,"Juncus effusus L.",NA,"Juncaceae",NA,2,1982,2022,NA,"Least concern",NA
1025010,218900,"Juncus filiformis L.",NA,"Juncaceae",NA,32,1982,2025,NA,"Least concern",NA
1025030,219100,"Juncus inflexus L.",NA,"Juncaceae",NA,1,1966,1991,NA,"Least concern",NA
1025040,219200,"Juncus jacquinii L.",NA,"Juncaceae",NA,8,1982,2021,NA,"Least concern",NA
1025110,220000,"Juncus tenuis Willd.",NA,"Juncaceae",NA,1,2015,2015,NA,"",NA
1025120,220100,"Juncus trifidus L.",NA,"Juncaceae",NA,7,1982,2023,NA,"Least concern",NA
1025140,220395,"Juniperus communis L.",NA,"Cupressaceae",NA,14,1982,2025,NA,"Least concern",NA
1025160,220500,"Juniperus communis subsp. alpina Čelak.",NA,"Cupressaceae",NA,9,1982,2025,NA,"Least concern",NA
1025170,220800,"Juniperus sabina L.",NA,"Cupressaceae",NA,0,1982,1982,NA,"Least concern",NA
1025190,221000,"Kernera saxatilis (L.) Sweet",NA,"Brassicaceae",NA,1,1982,2024,NA,"Least concern",NA
1025230,221400,"Knautia arvensis (L.) Coult.",NA,"Caprifoliaceae",NA,3,1982,2025,NA,"Least concern",NA
1025240,221450,"Knautia dipsacifolia Kreutzer",NA,"Caprifoliaceae",NA,28,1982,2024,NA,"Least concern",NA
1025250,221500,"Knautia dipsacifolia Kreutzer subsp. dipsacifolia",NA,"Caprifoliaceae",NA,7,1982,2000,NA,"Least concern",NA
1025420,222700,"Kobresia simpliciuscula (Wahlenb.) Mack.",NA,"Cyperaceae",NA,1,1982,1997,NA,"Near threatened",NA
1025480,223900,"Koeleria pyramidata (Lam.) P. Beauv.",NA,"Poaceae",NA,21,1982,2025,NA,"Least concern",NA
1025490,223905,"Koeleria pyramidata aggr.",NA,"Poaceae",NA,22,1982,2025,NA,"Least concern",NA
1025650,225500,"Lamium album L.",NA,"Lamiaceae",NA,23,1923,2025,NA,"Least concern",NA
1025770,226800,"Lappula squarrosa (Retz.) Dumort.",NA,"Boraginaceae",NA,2,1982,2018,NA,"Near threatened",NA
1025810,227200,"Larix decidua Mill.",NA,"Pinaceae",NA,78,1982,2025,NA,"Least concern",NA
1025840,227400,"Laserpitium gaudinii Moretti",NA,"Apiaceae",NA,3,1982,2024,NA,"Least concern",NA
1025850,227500,"Laserpitium halleri Crantz",NA,"Apiaceae",NA,34,1982,2025,NA,"Least concern",NA
1025860,227700,"Laserpitium latifolium L.",NA,"Apiaceae",NA,6,1982,2025,NA,"Least concern",NA
1025900,228100,"Laserpitium siler L.",NA,"Apiaceae",NA,4,1982,2024,NA,"Least concern",NA
1025940,228900,"Lathyrus aphaca L.",NA,"Fabaceae",NA,0,1966,1966,NA,"Endangered",NA
1025970,229300,"Lathyrus heterophyllus L.",NA,"Fabaceae",NA,1,1932,1982,NA,"Least concern",NA
1026050,230400,"Lathyrus pratensis L.",NA,"Fabaceae",NA,77,1982,2025,NA,"Least concern",NA
1026240,232300,"Lemna minor L.",NA,"Araceae",NA,0,1982,1982,NA,"Least concern",NA
1026235,232350,"Lemna minor aggr.",NA,"Araceae",NA,0,1982,1982,NA,"",NA
1026290,232700,"Leontodon autumnalis L.",NA,"Asteraceae",NA,39,1981,2025,NA,"Least concern",NA
1026310,232900,"Leontodon helveticus Mérat",NA,"Asteraceae",NA,8,1982,2025,NA,"Least concern",NA
1026330,233000,"Leontodon hispidus L.",NA,"Asteraceae",NA,32,1982,2025,NA,"Least concern",NA
1026350,233200,"Leontodon hispidus subsp. danubialis (Jacq.) Simonk.",NA,"Asteraceae",NA,3,2016,2025,NA,"Least concern",NA
1026560,235600,"Lepidium ruderale L.",NA,"Brassicaceae",NA,0,1966,1966,NA,"Least concern",NA
1026600,236000,"Leucanthemopsis alpina (L.) Heywood",NA,"Asteraceae",NA,16,1923,2025,NA,"Least concern",NA
1026610,236020,"Leucanthemopsis alpina (L.) Heywood subsp. alpina",NA,"Asteraceae",NA,4,2021,2023,NA,"Least concern",NA
1026630,236030,"Leucanthemopsis alpina subsp. minima (Vill.) Holub",NA,"Asteraceae",NA,1,2009,2009,NA,"Least concern",NA
1026650,236200,"Leucanthemum adustum (W. D. J. Koch) Gremli",NA,"Asteraceae",NA,13,1981,2025,NA,"Least concern",NA
1026700,236700,"Leucanthemum praecox (Horvatić) Horvatić",NA,"Asteraceae",NA,1,2019,2019,NA,"",NA
1026730,236800,"Leucanthemum vulgare Lam.",NA,"Asteraceae",NA,8,1982,2025,NA,"Least concern",NA
1026710,236905,"Leucanthemum vulgare aggr.",NA,"Asteraceae",NA,58,1981,2025,NA,"Least concern",NA
1026810,237800,"Ligusticum mutellina (L.) Crantz",NA,"Apiaceae",NA,96,1982,2025,NA,"Least concern",NA
1026860,238195,"Lilium bulbiferum L.",NA,"Liliaceae",NA,3,1982,2019,NA,"Near threatened",NA
1026880,238300,"Lilium bulbiferum subsp. croceum (Chaix) Baker",NA,"Liliaceae",NA,2,1982,2019,NA,"Near threatened",NA
1026890,238500,"Lilium martagon L.",NA,"Liliaceae",NA,19,1982,2025,NA,"Least concern",NA
1026920,238800,"Linaria alpina (L.) Mill.",NA,"Plantaginaceae",NA,3,1982,2021,NA,"Least concern",NA
1026930,238900,"Linaria alpina (L.) Mill. subsp. alpina",NA,"Plantaginaceae",NA,3,1982,2021,NA,"Least concern",NA
1027060,240300,"Linaria vulgaris Mill.",NA,"Plantaginaceae",NA,19,1982,2025,NA,"Least concern",NA
1027090,240600,"Linnaea borealis L.",NA,"Caprifoliaceae",NA,21,1982,2025,NA,"Least concern",NA
1027130,241100,"Linum catharticum L.",NA,"Linaceae",NA,4,1982,2001,NA,"Least concern",NA
1027220,242000,"Listera ovata (L.) R. Br.",NA,"Orchidaceae",NA,4,1982,2019,NA,"Least concern",NA
1027250,242500,"Lloydia serotina (L.) Rchb.",NA,"Liliaceae",NA,0,1982,1982,NA,"Least concern",NA
1027290,242600,"Loiseleuria procumbens (L.) Desv.",NA,"Ericaceae",NA,9,1905,2025,NA,"Least concern",NA
1027310,242800,"Lolium perenne L.",NA,"Poaceae",NA,4,1982,2025,NA,"Least concern",NA
1027340,243100,"Lolium temulentum L.",NA,"Poaceae",NA,0,1966,1966,NA,"Critically endangered",NA
1027370,243400,"Lonicera alpigena L.",NA,"Caprifoliaceae",NA,3,1982,2024,NA,"Least concern",NA
1027380,243500,"Lonicera caerulea L.",NA,"Caprifoliaceae",NA,80,1923,2025,NA,"Least concern",NA
1027440,243900,"Lonicera nigra L.",NA,"Caprifoliaceae",NA,7,1982,2025,NA,"Least concern",NA
1027490,244200,"Lonicera xylosteum L.",NA,"Caprifoliaceae",NA,2,2016,2024,NA,"Least concern",NA
1027500,244300,"Lotus alpinus (DC.) Ramond",NA,"Fabaceae",NA,5,1923,2013,NA,"Least concern",NA
1027520,244400,"Lotus corniculatus L.",NA,"Fabaceae",NA,22,1982,2025,NA,"Least concern",NA
1027510,244410,"Lotus corniculatus aggr.",NA,"Fabaceae",NA,47,1923,2025,NA,"Least concern",NA
1027540,244800,"Lotus maritimus L.",NA,"Fabaceae",NA,0,1966,1966,NA,"Near threatened",NA
1027640,245800,"Lupinus polyphyllus Lindl.",NA,"Fabaceae",NA,266,2003,2025,NA,"",NA
1027660,245900,"Luzula alpina Hoppe",NA,"Juncaceae",NA,2,2021,2021,NA,"Least concern",NA
1027700,246100,"Luzula campestris (L.) DC.",NA,"Juncaceae",NA,10,1982,2024,NA,"Least concern",NA
1027740,246600,"Luzula lutea (All.) DC.",NA,"Juncaceae",NA,7,1923,2025,NA,"Least concern",NA
1027750,246700,"Luzula luzulina (Vill.) Dalla Torre & Sarnth.",NA,"Juncaceae",NA,2,1982,2024,NA,"Least concern",NA
1027760,246800,"Luzula luzuloides (Lam.) Dandy & Wilmott",NA,"Juncaceae",NA,26,1982,2025,NA,"Least concern",NA
1027780,247050,"Luzula luzuloides subsp. rubella (Mert. & W. D. J. Koch) Holub",NA,"Juncaceae",NA,2,2024,2025,NA,"Data deficient",NA
1027790,247100,"Luzula multiflora (Ehrh.) Lej.",NA,"Juncaceae",NA,135,1968,2025,NA,"Least concern",NA
1027785,247150,"Luzula multiflora aggr.",NA,"Juncaceae",NA,148,1968,2025,NA,"Least concern",NA
1027820,247300,"Luzula nivea (L.) DC.",NA,"Juncaceae",NA,1,1982,2025,NA,"Least concern",NA
1027840,247500,"Luzula pilosa (L.) Willd.",NA,"Juncaceae",NA,3,1982,2025,NA,"Least concern",NA
1027860,247800,"Luzula spicata (L.) DC.",NA,"Juncaceae",NA,5,1982,2022,NA,"Least concern",NA
1027890,248100,"Luzula sudetica (Willd.) Schult.",NA,"Juncaceae",NA,1,2022,2022,NA,"Least concern",NA
1027910,248300,"Luzula sylvatica (Huds.) Gaudin",NA,"Juncaceae",NA,1,2000,2000,NA,"Least concern",NA
1027920,248400,"Luzula sylvatica aggr.",NA,"Juncaceae",NA,5,1982,2024,NA,"Least concern",NA
1027980,249700,"Lycopodium annotinum L.",NA,"Lycopodiaceae",NA,3,1982,2025,NA,"Least concern",NA
1028210,252400,"Maianthemum bifolium (L.) F. W. Schmidt",NA,"Asparagaceae",NA,6,1982,2024,NA,"Least concern",NA
1028330,253400,"Malva neglecta Wallr.",NA,"Malvaceae",NA,0,1982,1982,NA,"Least concern",NA
1028420,254000,"Matricaria chamomilla L.",NA,"Asteraceae",NA,2,1966,2025,NA,"Least concern",NA
1028430,254100,"Matricaria discoidea DC.",NA,"Asteraceae",NA,17,1982,2025,NA,"",NA
1028510,255100,"Medicago falcata L.",NA,"Fabaceae",NA,4,1982,2025,NA,"Near threatened",NA
1028530,255300,"Medicago lupulina L.",NA,"Fabaceae",NA,4,1982,2023,NA,"Least concern",NA
1028590,256000,"Medicago sativa L.",NA,"Fabaceae",NA,1,1982,2023,NA,"Least concern",NA
1028640,256500,"Melampyrum pratense L.",NA,"Orobanchaceae",NA,24,1982,2022,NA,"Least concern",NA
1028660,256600,"Melampyrum sylvaticum L.",NA,"Orobanchaceae",NA,29,1982,2025,NA,"Least concern",NA
1028720,257200,"Melilotus albus Medik.",NA,"Fabaceae",NA,6,1982,2024,NA,"Least concern",NA
1028740,257400,"Melilotus indicus (L.) All.",NA,"Fabaceae",NA,0,1982,1982,NA,"",NA
1028760,257600,"Melilotus officinalis Lam.",NA,"Fabaceae",NA,1,1982,2018,NA,"Least concern",NA
1028810,258100,"Mentha arvensis L.",NA,"Lamiaceae",NA,0,1966,1966,NA,"Least concern",NA
1028910,258800,"Menyanthes trifoliata L.",NA,"Menyanthaceae",NA,0,1966,1966,NA,"Least concern",NA
1029020,259800,"Milium effusum L.",NA,"Poaceae",NA,1,1982,2024,NA,"Least concern",NA
1029080,260300,"Minuartia biflora (L.) Schinz & Thell.",NA,"Caryophyllaceae",NA,0,1966,1966,NA,"Least concern",NA
1029170,261400,"Minuartia recurva (All.) Schinz & Thell.",NA,"Caryophyllaceae",NA,4,1850,2012,NA,"Least concern",NA
1029230,261700,"Minuartia sedoides (L.) Hiern",NA,"Caryophyllaceae",NA,2,2007,2012,NA,"Least concern",NA
1029260,262000,"Minuartia verna (L.) Hiern",NA,"Caryophyllaceae",NA,5,1982,2023,NA,"Least concern",NA
1029440,263400,"Molinia caerulea (L.) Moench",NA,"Poaceae",NA,94,1982,2025,NA,"Least concern",NA
1029470,263700,"Moneses uniflora (L.) A. Gray",NA,"Ericaceae",NA,1,1982,2024,NA,"Least concern",NA
1029510,264095,"Montia fontana L.",NA,"Montiaceae",NA,17,1982,2025,NA,"Vulnerable",NA
1029690,265800,"Myosotis alpestris F. W. Schmidt",NA,"Boraginaceae",NA,2,1982,2024,NA,"Least concern",NA
1029770,266400,"Myosotis nemorosa Besser",NA,"Boraginaceae",NA,6,1982,2022,NA,"Least concern",NA
1029800,266800,"Myosotis scorpioides L.",NA,"Boraginaceae",NA,5,2018,2025,NA,"Least concern",NA
1029795,266850,"Myosotis scorpioides aggr.",NA,"Boraginaceae",NA,17,1982,2025,NA,"",NA
1029820,267100,"Myosotis sylvatica Hoffm.",NA,"Boraginaceae",NA,5,2001,2025,NA,"Least concern",NA
1029815,267150,"Myosotis sylvatica aggr.",NA,"Boraginaceae",NA,8,1982,2025,NA,"",NA
1029860,267500,"Myricaria germanica (L.) Desv.",NA,"Tamaricaceae",NA,59,1982,2025,NA,"Vulnerable",NA
1029900,267800,"Myriophyllum spicatum L.",NA,"Haloragaceae",NA,0,1966,1966,NA,"Near threatened",NA
1030080,269700,"Nardus stricta L.",NA,"Poaceae",NA,97,1982,2025,NA,"Least concern",NA
1030220,270695,"Neslia paniculata (L.) Desv.",NA,"Brassicaceae",NA,0,1982,1982,NA,"Endangered",NA
1030230,270700,"Neslia paniculata (L.) Desv. subsp. paniculata",NA,"Brassicaceae",NA,0,1982,1982,NA,"",NA
1030390,271655,"Nigritella rhellicani Teppner & E. Klein",NA,"Orchidaceae",NA,100,1923,2025,NA,"Least concern",NA
1030393,271670,"Nigritella rhellicani Teppner & E. Klein var. rhellicani",NA,"Orchidaceae",NA,1,1923,1923,NA,"",NA
1030380,271700,"Nigritella rhellicani aggr.",NA,"Orchidaceae",NA,110,1923,2025,NA,"Least concern",NA
1030400,271800,"Nigritella rubra (Wettst.) K. Richt.",NA,"Orchidaceae",NA,2,1931,2021,NA,"Near threatened",NA
50031,NA,"Nitella anarthrodactylée",NA,"Characeae",NA,2,2025,2025,NA,"",NA
1030840,275400,"Onobrychis montana DC.",NA,"Fabaceae",NA,7,1982,2024,NA,"Least concern",NA
1030860,275600,"Onobrychis viciifolia Scop.",NA,"Fabaceae",NA,10,1998,2025,NA,"",NA
1031350,280900,"Orchis mascula (L.) L.",NA,"Orchidaceae",NA,45,1982,2024,NA,"Least concern",NA
1031360,280950,"Orchis mascula (L.) L. subsp. mascula",NA,"Orchidaceae",NA,22,1988,2024,NA,"",NA
1031370,280980,"Orchis mascula subsp. speciosa (Mutel) Hegi",NA,"Orchidaceae",NA,4,1988,2020,NA,"",NA
1031530,282300,"Oreochloa disticha (Wulfen) Link",NA,"Poaceae",NA,2,1923,2021,NA,"Least concern",NA
1031700,284000,"Orobanche alba Willd.",NA,"Orobanchaceae",NA,2,1982,2025,NA,"Least concern",NA
1031765,284630,"Orobanche beauverdii Uhlich & Rätzel",NA,"",NA,3,2003,2020,NA,"",NA
1031860,285600,"Orobanche lucorum F. W. Schultz",NA,"Orobanchaceae",NA,0,1966,1966,NA,"Endangered",NA
1031980,286600,"Orobanche teucrii Holandre",NA,"Orobanchaceae",NA,0,1982,1982,NA,"Near threatened",NA
1032000,286800,"Orthilia secunda (L.) House",NA,"Ericaceae",NA,1,1982,2023,NA,"Least concern",NA
1032070,287300,"Oxalis acetosella L.",NA,"Oxalidaceae",NA,10,1982,2025,NA,"Least concern",NA
1032190,288200,"Oxytropis campestris (L.) DC.",NA,"Fabaceae",NA,19,1905,2025,NA,"Least concern",NA
1032280,289400,"Oxytropis lapponica (Wahlenb.) J. Gay",NA,"Fabaceae",NA,2,1974,1985,NA,"Least concern",NA
1032460,291000,"Papaver croceum Ledeb.",NA,"Papaveraceae",NA,9,1982,2025,NA,"",NA
1032470,291095,"Papaver dubium L.",NA,"Papaveraceae",NA,0,1966,1966,NA,"Least concern",NA
1032480,291100,"Papaver dubium L. subsp. dubium",NA,"Papaveraceae",NA,0,1966,1966,NA,"Least concern",NA
1032590,292600,"Paris quadrifolia L.",NA,"Melanthiaceae",NA,1,1982,2025,NA,"Least concern",NA
1032600,292700,"Parnassia palustris L.",NA,"Celastraceae",NA,55,1981,2025,NA,"Least concern",NA
1032840,294600,"Pedicularis palustris L.",NA,"Orobanchaceae",NA,28,1982,2025,NA,"Near threatened",NA
1032850,294700,"Pedicularis recutita L.",NA,"Orobanchaceae",NA,1,1982,2000,NA,"Least concern",NA
1032930,295400,"Pedicularis tuberosa L.",NA,"Orobanchaceae",NA,9,1905,2014,NA,"Least concern",NA
1032940,295500,"Pedicularis verticillata L.",NA,"Orobanchaceae",NA,1,1982,2001,NA,"Least concern",NA
1033000,295700,"Petasites albus (L.) Gaertn.",NA,"Asteraceae",NA,3,1982,2025,NA,"Least concern",NA
1033020,296000,"Petasites paradoxus (Retz.) Baumg.",NA,"Asteraceae",NA,3,1982,2024,NA,"Least concern",NA
1033160,297200,"Peucedanum ostruthium (L.) W. D. J. Koch",NA,"Apiaceae",NA,32,1982,2025,NA,"Least concern",NA
1033230,297900,"Phalaris arundinacea L.",NA,"Poaceae",NA,15,1991,2025,NA,"Least concern",NA
1033260,298100,"Phalaris canariensis L.",NA,"Poaceae",NA,0,1966,1966,NA,"",NA
1033290,298400,"Phegopteris connectilis (Michx.) Watt",NA,"Thelypteridaceae",NA,0,1982,1982,NA,"Least concern",NA
1033340,298800,"Phleum alpinum L.",NA,"Poaceae",NA,2,1982,2021,NA,"Least concern",NA
1033330,298900,"Phleum alpinum aggr.",NA,"Poaceae",NA,71,1982,2025,NA,"Least concern",NA
1033370,299600,"Phleum hirsutum Honck.",NA,"Poaceae",NA,3,1982,2022,NA,"Least concern",NA
1033390,299900,"Phleum phleoides (L.) H. Karst.",NA,"Poaceae",NA,3,1982,2025,NA,"Least concern",NA
1033410,300000,"Phleum pratense L.",NA,"Poaceae",NA,6,1982,2025,NA,"Least concern",NA
1033400,300005,"Phleum pratense aggr.",NA,"Poaceae",NA,11,1982,2025,NA,"Least concern",NA
1033420,300200,"Phleum rhaeticum (Humphries) Rauschert",NA,"Poaceae",NA,60,1982,2025,NA,"Least concern",NA
1033570,300800,"Phyteuma betonicifolium Vill.",NA,"Campanulaceae",NA,43,1923,2025,NA,"Least concern",NA
1033620,301300,"Phyteuma hedraianthifolium Rich. Schulz",NA,"Campanulaceae",NA,3,1982,2023,NA,"Near threatened",NA
1033630,301400,"Phyteuma hemisphaericum L.",NA,"Campanulaceae",NA,16,1982,2025,NA,"Least concern",NA
1033670,301800,"Phyteuma orbiculare L.",NA,"Campanulaceae",NA,31,1982,2025,NA,"Least concern",NA
1033690,302000,"Phyteuma scheuchzeri All.",NA,"Campanulaceae",NA,1,1982,2024,NA,"Least concern",NA
1033740,302400,"Phyteuma spicatum L.",NA,"Campanulaceae",NA,1,1905,1905,NA,"Least concern",NA
1033800,302800,"Picea abies (L.) H. Karst.",NA,"Pinaceae",NA,20,1982,2024,NA,"Least concern",NA
1033920,303800,"Pimpinella major (L.) Huds.",NA,"Apiaceae",NA,9,1982,2025,NA,"Least concern",NA
1033970,304000,"Pimpinella saxifraga L.",NA,"Apiaceae",NA,4,2001,2020,NA,"Least concern",NA
1033950,304100,"Pimpinella saxifraga aggr.",NA,"Apiaceae",NA,5,1982,2024,NA,"Least concern",NA
1034050,304800,"Pinguicula vulgaris L.",NA,"Lentibulariaceae",NA,24,1982,2025,NA,"Near threatened",NA
1034060,304900,"Pinus cembra L.",NA,"Pinaceae",NA,83,1982,2025,NA,"Least concern",NA
1034080,305495,"Pinus mugo Turra",NA,"Pinaceae",NA,8,1980,2024,NA,"Least concern",NA
1034090,305500,"Pinus mugo Turra subsp. mugo",NA,"Pinaceae",NA,4,1982,2024,NA,"Least concern",NA
1034070,305800,"Pinus mugo subsp. uncinata (DC.) Domin",NA,"Pinaceae",NA,2,1982,2019,NA,"Least concern",NA
1034130,306100,"Pinus sylvestris L.",NA,"Pinaceae",NA,18,1982,2024,NA,"Least concern",NA
1034240,306970,"Plagiobothrys scouleri (Hook. & Arn.) I. M. Johnst.",NA,"Boraginaceae",NA,1,2020,2020,NA,"",NA
1034250,307000,"Plantago alpina L.",NA,"Plantaginaceae",NA,14,1923,2024,NA,"Least concern",NA
1034280,307250,"Plantago atrata Hoppe",NA,"Plantaginaceae",NA,9,2003,2024,NA,"Least concern",NA
1034330,307800,"Plantago lanceolata L.",NA,"Plantaginaceae",NA,5,1982,2024,NA,"Least concern",NA
1034350,307850,"Plantago major L.",NA,"Plantaginaceae",NA,16,1982,2025,NA,"Least concern",NA
1034360,307900,"Plantago major L. subsp. major",NA,"Plantaginaceae",NA,5,1982,2024,NA,"Least concern",NA
1034390,308100,"Plantago media L.",NA,"Plantaginaceae",NA,14,1981,2025,NA,"Least concern",NA
1034410,308300,"Plantago serpentina All.",NA,"Plantaginaceae",NA,28,1905,2025,NA,"Least concern",NA
1034405,308350,"Plantago serpentina aggr.",NA,"Plantaginaceae",NA,46,1905,2025,NA,"",NA
1034420,308400,"Platanthera bifolia (L.) Rich.",NA,"Orchidaceae",NA,17,1982,2025,NA,"Least concern",NA
1034470,309000,"Poa alpina L.",NA,"Poaceae",NA,32,1923,2025,NA,"Least concern",NA
1034480,309100,"Poa angustifolia L.",NA,"Poaceae",NA,5,2016,2025,NA,"Least concern",NA
1034490,309200,"Poa annua L.",NA,"Poaceae",NA,5,1982,2025,NA,"Least concern",NA
1034500,309400,"Poa badensis aggr.",NA,"Poaceae",NA,2,2023,2024,NA,"Near threatened",NA
1034550,309800,"Poa compressa L.",NA,"Poaceae",NA,2,2022,2023,NA,"Least concern",NA
1034610,310400,"Poa molinerii Balb.",NA,"Poaceae",NA,2,2023,2024,NA,"Near threatened",NA
1034620,310500,"Poa nemoralis L.",NA,"Poaceae",NA,9,1982,2025,NA,"Least concern",NA
1034630,310600,"Poa palustris L.",NA,"Poaceae",NA,5,2023,2023,NA,"Near threatened",NA
1034660,310800,"Poa pratensis L.",NA,"Poaceae",NA,31,2000,2025,NA,"Least concern",NA
1034650,310900,"Poa pratensis aggr.",NA,"Poaceae",NA,56,1982,2025,NA,"Least concern",NA
1034670,311000,"Poa remota Forselles",NA,"Poaceae",NA,1,1982,2004,NA,"Vulnerable",NA
1034680,311100,"Poa supina Schrad.",NA,"Poaceae",NA,6,2015,2022,NA,"Least concern",NA
1034690,311295,"Poa trivialis L.",NA,"Poaceae",NA,10,1982,2022,NA,"Least concern",NA
1034700,311300,"Poa trivialis L. subsp. trivialis",NA,"Poaceae",NA,1,1982,2015,NA,"Least concern",NA
1034720,311450,"Poa variegata Lam.",NA,"Poaceae",NA,27,1982,2022,NA,"Least concern",NA
1034730,311900,"Polemonium caeruleum L.",NA,"Polemoniaceae",NA,16,1982,2025,NA,"Near threatened",NA
1034770,312300,"Polygala alpestris Rchb.",NA,"Polygalaceae",NA,4,1982,2024,NA,"Least concern",NA
1034785,312490,"Polygala amara aggr.",NA,"Polygalaceae",NA,7,1982,2022,NA,"",NA
1034800,312500,"Polygala amarella Crantz",NA,"Polygalaceae",NA,7,1982,2022,NA,"Least concern",NA
1034830,312700,"Polygala chamaebuxus L.",NA,"Polygalaceae",NA,10,1982,2024,NA,"Least concern",NA
1034890,313195,"Polygala vulgaris L.",NA,"Polygalaceae",NA,3,1982,2018,NA,"Least concern",NA
1034900,313200,"Polygala vulgaris L. subsp. vulgaris",NA,"Polygalaceae",NA,0,1982,1982,NA,"Least concern",NA
1034930,313500,"Polygonatum odoratum (Mill.) Druce",NA,"Asparagaceae",NA,2,1982,2022,NA,"Least concern",NA
1034960,314000,"Polygonum amphibium L.",NA,"Polygonaceae",NA,0,1966,1966,NA,"Least concern",NA
1034990,314190,"Polygonum aviculare L.",NA,"Polygonaceae",NA,3,2022,2023,NA,"Least concern",NA
1034980,314300,"Polygonum aviculare aggr.",NA,"Polygonaceae",NA,5,1982,2024,NA,"Least concern",NA
1035010,314400,"Polygonum bistorta L.",NA,"Polygonaceae",NA,203,1982,2025,NA,"Least concern",NA
1035170,315800,"Polygonum viviparum L.",NA,"Polygonaceae",NA,136,1981,2025,NA,"Least concern",NA
1035200,316400,"Polypodium vulgare L.",NA,"Polypodiaceae",NA,2,1982,2023,NA,"Least concern",NA
1035360,317500,"Populus tremula L.",NA,"Salicaceae",NA,4,1982,2024,NA,"Least concern",NA
1035450,318100,"Potamogeton alpinus Balb.",NA,"Potamogetonaceae",NA,0,1982,1982,NA,"Near threatened",NA
1035460,318200,"Potamogeton berchtoldii Fieber",NA,"Potamogetonaceae",NA,2,1966,1991,NA,"Least concern",NA
1035490,318500,"Potamogeton crispus L.",NA,"Potamogetonaceae",NA,2,1966,1991,NA,"Least concern",NA
1035500,318700,"Potamogeton filiformis Pers.",NA,"Potamogetonaceae",NA,1,1982,2025,NA,"Vulnerable",NA
1035520,318900,"Potamogeton gramineus L.",NA,"Potamogetonaceae",NA,0,1966,1966,NA,"Vulnerable",NA
1035580,319700,"Potamogeton pectinatus L.",NA,"Potamogetonaceae",NA,2,1991,1991,NA,"Least concern",NA
1035575,319750,"Potamogeton pectinatus aggr.",NA,"Potamogetonaceae",NA,3,1982,2025,NA,"",NA
1035590,319800,"Potamogeton perfoliatus L.",NA,"Potamogetonaceae",NA,7,1966,2025,NA,"Least concern",NA
1035620,320200,"Potamogeton pusillus L.",NA,"Potamogetonaceae",NA,2,2025,2025,NA,"Vulnerable",NA
1035615,320350,"Potamogeton pusillus aggr.",NA,"Potamogetonaceae",NA,4,1966,2025,NA,"",NA
1035700,320900,"Potentilla anserina L.",NA,"Rosaceae",NA,19,1982,2025,NA,"Least concern",NA
1035710,321100,"Potentilla argentea L.",NA,"Rosaceae",NA,3,1982,2020,NA,"Least concern",NA
1035720,321300,"Potentilla aurea L.",NA,"Rosaceae",NA,45,1923,2025,NA,"Least concern",NA
1035790,322100,"Potentilla crantzii (Crantz) Fritsch",NA,"Rosaceae",NA,3,1982,2025,NA,"Least concern",NA
1035810,322400,"Potentilla erecta (L.) Raeusch.",NA,"Rosaceae",NA,142,1982,2025,NA,"Least concern",NA
1035850,322700,"Potentilla grandiflora L.",NA,"Rosaceae",NA,6,1982,2022,NA,"Least concern",NA
1035990,323800,"Potentilla palustris (L.) Scop.",NA,"Rosaceae",NA,136,1982,2025,NA,"Near threatened",NA
1036020,324300,"Potentilla pusilla Host",NA,"Rosaceae",NA,10,1982,2020,NA,"Least concern",NA
1036080,325000,"Potentilla thuringiaca Link",NA,"Rosaceae",NA,13,1982,2025,NA,"Near threatened",NA
1036090,325100,"Potentilla verna L.",NA,"Rosaceae",NA,10,1982,2025,NA,"Least concern",NA
1036200,325950,"Primula elatior (L.) L.",NA,"Primulaceae",NA,2,2023,2025,NA,"Least concern",NA
1036230,326200,"Primula farinosa L.",NA,"Primulaceae",NA,15,1982,2025,NA,"Least concern",NA
1036280,326605,"Primula hirsuta All.",NA,"Primulaceae",NA,5,1905,2024,NA,"Least concern",NA
1036290,326700,"Primula integrifolia L.",NA,"Primulaceae",NA,1,1923,1982,NA,"Least concern",NA
1036300,326900,"Primula latifolia Lapeyr.",NA,"Primulaceae",NA,13,1965,2025,NA,"Least concern",NA
1036330,327195,"Primula veris L.",NA,"Primulaceae",NA,1,2023,2023,NA,"Least concern",NA
1036430,327650,"Pritzelago alpina (L.) Kuntze",NA,"Brassicaceae",NA,2,1982,2023,NA,"Least concern",NA
1036440,327700,"Pritzelago alpina (L.) Kuntze subsp. alpina",NA,"Brassicaceae",NA,2,1982,2023,NA,"Least concern",NA
1036480,328100,"Prunella vulgaris L.",NA,"Lamiaceae",NA,16,1982,2025,NA,"Least concern",NA
1036500,328400,"Prunus avium L.",NA,"Rosaceae",NA,1,2021,2021,NA,"Least concern",NA
1036620,329600,"Prunus padus L.",NA,"Rosaceae",NA,22,1982,2025,NA,"Least concern",NA
1036630,329700,"Prunus padus L. subsp. padus",NA,"Rosaceae",NA,7,2015,2016,NA,"Least concern",NA
1036640,329900,"Prunus padus subsp. petraea (Tausch) Domin",NA,"Rosaceae",NA,1,2022,2022,NA,"Data deficient",NA
1036710,330400,"Pseudorchis albida (L.) Á. Löve & D. Löve",NA,"Orchidaceae",NA,93,1923,2025,NA,"Least concern",NA
1036820,331100,"Puccinellia distans (Jacq.) Parl.",NA,"Poaceae",NA,13,1966,2025,NA,"Least concern",NA
1036860,331500,"Pulmonaria australis (Murr) W. Sauer",NA,"Boraginaceae",NA,9,1982,2025,NA,"Least concern",NA
1036980,333195,"Pulsatilla alpina (L.) Delarbre",NA,"Ranunculaceae",NA,16,1923,2025,NA,"Least concern",NA
1036990,333200,"Pulsatilla alpina (L.) Delarbre subsp. alpina",NA,"Ranunculaceae",NA,0,1966,1966,NA,"Least concern",NA
1037010,333390,"Pulsatilla alpina subsp. apiifolia (Scop.) Nyman",NA,"Ranunculaceae",NA,11,1923,2025,NA,"Least concern",NA
1037090,334100,"Pulsatilla vernalis (L.) Mill.",NA,"Ranunculaceae",NA,13,1923,2024,NA,"Least concern",NA
1037160,334500,"Pyrola media Sw.",NA,"Ericaceae",NA,0,1982,1982,NA,"Least concern",NA
1037170,334600,"Pyrola minor L.",NA,"Ericaceae",NA,7,1982,2024,NA,"Least concern",NA
1037180,334700,"Pyrola rotundifolia L.",NA,"Ericaceae",NA,12,1982,2025,NA,"Least concern",NA
1037370,336595,"Ranunculus acris L.",NA,"Ranunculaceae",NA,65,1981,2025,NA,"Least concern",NA
1037380,336600,"Ranunculus acris L. subsp. acris",NA,"Ranunculaceae",NA,16,1981,2024,NA,"Least concern",NA
1037390,336700,"Ranunculus acris subsp. friesianus (Jord.) Syme",NA,"Ranunculaceae",NA,21,1982,2025,NA,"Least concern",NA
1037440,336900,"Ranunculus aquatilis L.",NA,"Ranunculaceae",NA,2,1994,2020,NA,"Vulnerable",NA
1037415,337000,"Ranunculus aquatilis aggr.",NA,"Ranunculaceae",NA,3,1994,2020,NA,"Vulnerable",NA
1037500,337600,"Ranunculus breyninus Crantz",NA,"Ranunculaceae",NA,1,1982,2012,NA,"Least concern",NA
1037510,337700,"Ranunculus bulbosus L.",NA,"Ranunculaceae",NA,3,1982,2025,NA,"Least concern",NA
1037540,338000,"Ranunculus circinatus Sibth.",NA,"Ranunculaceae",NA,0,1982,1982,NA,"Vulnerable",NA
1037590,338400,"Ranunculus flammula L.",NA,"Ranunculaceae",NA,2,1991,2006,NA,"Near threatened",NA
1037660,339200,"Ranunculus kuepferi Greuter & Burdet",NA,"Ranunculaceae",NA,3,1923,2020,NA,"Least concern",NA
1037710,339500,"Ranunculus montanus Willd.",NA,"Ranunculaceae",NA,5,1923,2025,NA,"Least concern",NA
1037700,339505,"Ranunculus montanus aggr.",NA,"Ranunculaceae",NA,34,1923,2025,NA,"Least concern",NA
1037780,340100,"Ranunculus penicillatus (Dumort.) Bab.",NA,"Ranunculaceae",NA,1,1994,1994,NA,"Vulnerable",NA
1037840,340900,"Ranunculus repens L.",NA,"Ranunculaceae",NA,37,1981,2025,NA,"Least concern",NA
1037850,341000,"Ranunculus reptans L.",NA,"Ranunculaceae",NA,59,1968,2023,NA,"Endangered",NA
1037890,341500,"Ranunculus sceleratus L.",NA,"Ranunculaceae",NA,1,2022,2022,NA,"Vulnerable",NA
1037940,341895,"Ranunculus trichophyllus Chaix",NA,"Ranunculaceae",NA,9,1982,2025,NA,"Least concern",NA
1037950,341900,"Ranunculus trichophyllus Chaix subsp. trichophyllus",NA,"Ranunculaceae",NA,5,1982,2023,NA,"Least concern",NA
1037970,342200,"Ranunculus tuberosus Lapeyr.",NA,"Ranunculaceae",NA,5,1982,2001,NA,"Least concern",NA
1037965,342210,"Ranunculus tuberosus aggr.",NA,"Ranunculaceae",NA,6,1982,2006,NA,"Least concern",NA
1038000,342400,"Ranunculus villarsii DC.",NA,"Ranunculaceae",NA,23,1982,2022,NA,"Least concern",NA
1038020,342500,"Raphanus raphanistrum L.",NA,"Brassicaceae",NA,0,1982,1982,NA,"Least concern",NA
1038080,342800,"Rapistrum rugosum (L.) All.",NA,"Brassicaceae",NA,0,1966,1966,NA,"",NA
1038110,342900,"Reseda lutea L.",NA,"Resedaceae",NA,4,1966,2024,NA,"Least concern",NA
1038200,343600,"Rhamnus pumila Turra",NA,"Rhamnaceae",NA,3,1982,2022,NA,"Least concern",NA
1038220,344000,"Rheum rhabarbarum L.",NA,"Polygonaceae",NA,1,2018,2018,NA,"",NA
1038230,344100,"Rhinanthus alectorolophus (Scop.) Pollich",NA,"Orobanchaceae",NA,9,1982,2025,NA,"Least concern",NA
1038280,344700,"Rhinanthus glacialis Personnat",NA,"Orobanchaceae",NA,4,1982,2022,NA,"Least concern",NA
1038290,344800,"Rhinanthus minor L.",NA,"Orobanchaceae",NA,58,1981,2025,NA,"Least concern",NA
1038330,345300,"Rhododendron ferrugineum L.",NA,"Ericaceae",NA,2,1982,2021,NA,"Least concern",NA
1038420,346000,"Ribes alpinum L.",NA,"Grossulariaceae",NA,3,1982,2025,NA,"Least concern",NA
1038440,346100,"Ribes nigrum L.",NA,"Grossulariaceae",NA,6,2016,2025,NA,"",NA
1038450,346200,"Ribes petraeum Wulfen",NA,"Grossulariaceae",NA,1,1982,2020,NA,"Least concern",NA
1038460,346300,"Ribes rubrum L.",NA,"Grossulariaceae",NA,2,2016,2022,NA,"",NA
1038550,346805,"Rorippa islandica aggr.",NA,"Brassicaceae",NA,15,1982,2023,NA,"Least concern",NA
1038560,346900,"Rorippa palustris (L.) Besser",NA,"Brassicaceae",NA,11,1982,2023,NA,"Least concern",NA
1038580,347200,"Rorippa sylvestris (L.) Besser",NA,"Brassicaceae",NA,1,1982,2017,NA,"Least concern",NA
1038645,347850,"Rosa canina aggr.",NA,"Rosaceae",NA,1,1966,2024,NA,"Least concern",NA
1038720,348700,"Rosa glauca Pourr.",NA,"Rosaceae",NA,0,1966,1966,NA,"Least concern",NA
1038770,348900,"Rosa majalis Herrm.",NA,"Rosaceae",NA,0,1966,1966,NA,"Vulnerable",NA
1038830,349500,"Rosa pendulina L.",NA,"Rosaceae",NA,2,1982,2025,NA,"Least concern",NA
1038940,350400,"Rosa subcanina (Christ) R. Keller",NA,"Rosaceae",NA,1,2024,2024,NA,"Least concern",NA
1038970,350650,"Rosa tomentosa aggr.",NA,"Rosaceae",NA,2,1982,2024,NA,"Least concern",NA
1039000,350800,"Rosa villosa L.",NA,"Rosaceae",NA,2,1982,2024,NA,"Near threatened",NA
1039550,354400,"Rubus idaeus L.",NA,"Rosaceae",NA,29,1982,2025,NA,"Least concern",NA
1039950,357400,"Rubus saxatilis L.",NA,"Rosaceae",NA,10,1982,2024,NA,"Least concern",NA
1040140,358900,"Rumex acetosa L.",NA,"Polygonaceae",NA,10,1982,2023,NA,"Least concern",NA
1040160,359000,"Rumex acetosella L.",NA,"Polygonaceae",NA,8,1982,2024,NA,"Least concern",NA
1040170,359100,"Rumex acetosella L. subsp. acetosella",NA,"Polygonaceae",NA,1,2013,2013,NA,"Least concern",NA
1040190,359300,"Rumex alpestris Jacq.",NA,"Polygonaceae",NA,9,1982,2025,NA,"Least concern",NA
1040200,359400,"Rumex alpinus L.",NA,"Polygonaceae",NA,5,1982,2025,NA,"Least concern",NA
1040220,359800,"Rumex conglomeratus Murray",NA,"Polygonaceae",NA,1,2016,2016,NA,"Least concern",NA
1040230,359900,"Rumex crispus L.",NA,"Polygonaceae",NA,3,1982,2025,NA,"Least concern",NA
1040250,360100,"Rumex longifolius DC.",NA,"Polygonaceae",NA,34,1999,2025,NA,"",NA
1040360,360900,"Rumex scutatus L.",NA,"Polygonaceae",NA,17,1982,2025,NA,"Least concern",NA
1040470,362200,"Sagina procumbens L.",NA,"Caryophyllaceae",NA,3,1982,2022,NA,"Least concern",NA
1040480,362300,"Sagina saginoides (L.) H. Karst.",NA,"Caryophyllaceae",NA,4,1982,2023,NA,"Least concern",NA
1040540,362800,"Salix alba L.",NA,"Salicaceae",NA,1,2022,2022,NA,"Least concern",NA
1040590,363100,"Salix appendiculata Vill.",NA,"Salicaceae",NA,4,1982,2024,NA,"Least concern",NA
1040660,363600,"Salix caesia Vill.",NA,"Salicaceae",NA,62,1881,2025,NA,"Vulnerable",NA
1040670,363700,"Salix caprea L.",NA,"Salicaceae",NA,4,1982,2025,NA,"Least concern",NA
1040680,363800,"Salix cinerea L.",NA,"Salicaceae",NA,8,2006,2016,NA,"Least concern",NA
1040690,363900,"Salix daphnoides Vill.",NA,"Salicaceae",NA,38,1982,2026,NA,"Least concern",NA
1040750,364200,"Salix foetida DC.",NA,"Salicaceae",NA,12,1982,2024,NA,"Least concern",NA
1040790,364600,"Salix hastata L.",NA,"Salicaceae",NA,3,1982,2000,NA,"Least concern",NA
1040810,364800,"Salix herbacea L.",NA,"Salicaceae",NA,1,1982,2021,NA,"Least concern",NA
1040860,365000,"Salix myrsinifolia Salisb.",NA,"Salicaceae",NA,73,1881,2025,NA,"Least concern",NA
1040900,365500,"Salix pentandra L.",NA,"Salicaceae",NA,120,1982,2025,NA,"Near threatened",NA
1040920,365800,"Salix purpurea L.",NA,"Salicaceae",NA,108,1981,2025,NA,"Least concern",NA
1041020,366400,"Salix triandra L.",NA,"Salicaceae",NA,4,2008,2025,NA,"Least concern",NA
1041040,366500,"Salix viminalis L.",NA,"Salicaceae",NA,3,2015,2022,NA,"Least concern",NA
1041200,367600,"Salvia pratensis L.",NA,"Lamiaceae",NA,1,1982,1994,NA,"Least concern",NA
1041300,368400,"Sambucus racemosa L.",NA,"Adoxaceae",NA,6,1982,2024,NA,"Least concern",NA
1041340,368650,"Sanguisorba minor Scop.",NA,"Rosaceae",NA,3,1982,2022,NA,"Least concern",NA
1041350,368700,"Sanguisorba minor Scop. subsp. minor",NA,"Rosaceae",NA,2,1982,2022,NA,"Least concern",NA
1041370,369000,"Sanguisorba officinalis L.",NA,"Rosaceae",NA,276,1981,2025,NA,"Near threatened",NA
1041410,369400,"Saponaria ocymoides L.",NA,"Caryophyllaceae",NA,9,1982,2024,NA,"Least concern",NA
1041510,371050,"Saussurea alpina (L.) DC.",NA,"Asteraceae",NA,22,1982,2025,NA,"Least concern",NA
1041520,371100,"Saussurea alpina (L.) DC. subsp. alpina",NA,"Asteraceae",NA,10,1982,2025,NA,"Least concern",NA
1041560,371600,"Saxifraga aizoides L.",NA,"Saxifragaceae",NA,4,1982,2023,NA,"Least concern",NA
1041570,371800,"Saxifraga androsacea L.",NA,"Saxifragaceae",NA,0,1982,1982,NA,"Least concern",NA
1041580,371900,"Saxifraga aphylla Sternb.",NA,"Saxifragaceae",NA,1,1982,2011,NA,"Least concern",NA
1041590,372000,"Saxifraga aspera L.",NA,"Saxifragaceae",NA,4,1923,2025,NA,"Least concern",NA
1041600,372250,"Saxifraga biflora aggr.",NA,"Saxifragaceae",NA,0,1994,1994,NA,"",NA
1041630,372300,"Saxifraga bryoides L.",NA,"Saxifragaceae",NA,6,1923,2024,NA,"Least concern",NA
1041730,373050,"Saxifraga exarata Vill.",NA,"Saxifragaceae",NA,0,1982,1982,NA,"Least concern",NA
1041740,373100,"Saxifraga exarata Vill. subsp. exarata",NA,"Saxifragaceae",NA,0,1982,1982,NA,"Least concern",NA
1041860,374450,"Saxifraga oppositifolia L.",NA,"Saxifragaceae",NA,0,1982,1982,NA,"Least concern",NA
1041870,374500,"Saxifraga oppositifolia L. subsp. oppositifolia",NA,"Saxifragaceae",NA,0,1982,1982,NA,"Least concern",NA
1041890,374600,"Saxifraga paniculata Mill.",NA,"Saxifragaceae",NA,3,1923,2022,NA,"Least concern",NA
1042010,375800,"Saxifraga stellaris L.",NA,"Saxifragaceae",NA,12,1982,2025,NA,"Least concern",NA
1041775,376350,"Saxifraga ×kochii Hornung",NA,"Saxifragaceae",NA,0,1994,1994,NA,"",NA
1042090,376500,"Scabiosa columbaria L.",NA,"Caprifoliaceae",NA,1,2023,2023,NA,"Least concern",NA
1042120,377100,"Scabiosa lucida Vill.",NA,"Caprifoliaceae",NA,5,1982,2025,NA,"Least concern",NA
1042190,377900,"Scandix pecten-veneris L.",NA,"Apiaceae",NA,0,1966,1966,NA,"Endangered",NA
1042300,379000,"Schoenus ferrugineus L.",NA,"Cyperaceae",NA,0,1982,1982,NA,"Near threatened",NA
1042430,379795,"Scleranthus annuus L.",NA,"Caryophyllaceae",NA,34,1982,2023,NA,"Near threatened",NA
1042440,379800,"Scleranthus annuus L. subsp. annuus",NA,"Caryophyllaceae",NA,16,1982,2023,NA,"Endangered",NA
1042450,379900,"Scleranthus annuus subsp. polycarpos (L.) Bonnier & Layens",NA,"Caryophyllaceae",NA,10,1982,2023,NA,"Near threatened",NA
1042470,380200,"Scleranthus perennis L.",NA,"Caryophyllaceae",NA,2,2011,2021,NA,"Near threatened",NA
1042730,383100,"Sedum acre L.",NA,"Crassulaceae",NA,4,1982,2025,NA,"Least concern",NA
1042760,383300,"Sedum alpestre Vill.",NA,"Crassulaceae",NA,4,1982,2025,NA,"Least concern",NA
1042780,383500,"Sedum annuum L.",NA,"Crassulaceae",NA,5,1982,2025,NA,"Least concern",NA
1042800,383700,"Sedum atratum L.",NA,"Crassulaceae",NA,3,1923,2021,NA,"Least concern",NA
1043000,385500,"Sedum sexangulare L.",NA,"Crassulaceae",NA,3,1966,2025,NA,"Least concern",NA
1043020,385600,"Sedum spurium M. Bieb.",NA,"Crassulaceae",NA,1,2025,2025,NA,"",NA
1043040,385695,"Sedum telephium L.",NA,"Crassulaceae",NA,0,1966,1966,NA,"Least concern",NA
1043050,385700,"Sedum telephium L. subsp. telephium",NA,"Crassulaceae",NA,0,1966,1966,NA,"Least concern",NA
1043070,385900,"Sedum telephium subsp. maximum (L.) Kirschl.",NA,"Crassulaceae",NA,0,1966,1966,NA,"Least concern",NA
1043090,386200,"Selaginella helvetica (L.) Link",NA,"Selaginellaceae",NA,0,1966,1966,NA,"Least concern",NA
1043100,386300,"Selaginella selaginoides (L.) Schrank & Mart.",NA,"Selaginellaceae",NA,14,1982,2023,NA,"Least concern",NA
1043120,386700,"Sempervivum arachnoideum L.",NA,"Crassulaceae",NA,9,1982,2025,NA,"Least concern",NA
1043160,387000,"Sempervivum montanum L.",NA,"Crassulaceae",NA,16,1923,2025,NA,"Least concern",NA
1043170,387100,"Sempervivum tectorum L.",NA,"Crassulaceae",NA,3,1923,2024,NA,"Least concern",NA
1043210,387400,"Sempervivum wulfenii Mert. & W. D. J. Koch",NA,"Crassulaceae",NA,19,1982,2025,NA,"Vulnerable",NA
1043230,387500,"Senecio abrotanifolius L.",NA,"Asteraceae",NA,1,1895,1982,NA,"Least concern",NA
1043280,388200,"Senecio doronicum (L.) L.",NA,"Asteraceae",NA,13,1923,2025,NA,"Least concern",NA
1043285,388250,"Senecio doronicum (L.) L. subsp. doronicum",NA,"Asteraceae",NA,1,2020,2020,NA,"",NA
1043350,388900,"Senecio hercynicus Herborg",NA,"Asteraceae",NA,3,1982,2024,NA,"Least concern",NA
1043370,389005,"Senecio incanus L.",NA,"Asteraceae",NA,20,1982,2025,NA,"Least concern",NA
1043390,389200,"Senecio incanus subsp. carniolicus (Willd.) Braun-Blanq.",NA,"Asteraceae",NA,13,1982,2024,NA,"Least concern",NA
1043410,389600,"Senecio jacobaea L.",NA,"Asteraceae",NA,1,1982,2025,NA,"Least concern",NA
1043425,389870,"Senecio ovatus aggr.",NA,"Asteraceae",NA,7,1982,2025,NA,"",NA
1043470,390000,"Senecio rupestris Waldst. & Kit.",NA,"Asteraceae",NA,40,1982,2025,NA,"Least concern",NA
1043520,390400,"Senecio viscosus L.",NA,"Asteraceae",NA,3,1982,2020,NA,"Least concern",NA
1043530,390500,"Senecio vulgaris L.",NA,"Asteraceae",NA,2,1982,2022,NA,"Least concern",NA
1043660,391700,"Seseli libanotis (L.) W. D. J. Koch",NA,"Apiaceae",NA,0,1966,1966,NA,"Least concern",NA
1043700,392200,"Sesleria caerulea (L.) Ard.",NA,"Poaceae",NA,9,1982,2024,NA,"Least concern",NA
1043840,393700,"Sibbaldia procumbens L.",NA,"Rosaceae",NA,2,1982,2023,NA,"Least concern",NA
1043910,394600,"Silene conica L.",NA,"Caryophyllaceae",NA,0,1966,1966,NA,"",NA
1043930,394800,"Silene dichotoma Ehrh.",NA,"Caryophyllaceae",NA,0,1982,1982,NA,"",NA
1043940,394900,"Silene dioica (L.) Clairv.",NA,"Caryophyllaceae",NA,26,1982,2025,NA,"Least concern",NA
1043960,395100,"Silene exscapa All.",NA,"Caryophyllaceae",NA,4,2002,2017,NA,"Least concern",NA
1043970,395200,"Silene flos-cuculi (L.) Clairv.",NA,"Caryophyllaceae",NA,21,1982,2025,NA,"Least concern",NA
1043980,395300,"Silene flos-jovis (L.) Clairv.",NA,"Caryophyllaceae",NA,10,1982,2025,NA,"Near threatened",NA
1044010,396000,"Silene noctiflora L.",NA,"Caryophyllaceae",NA,0,1982,1982,NA,"Vulnerable",NA
1044020,396050,"Silene nutans L.",NA,"Caryophyllaceae",NA,39,1982,2025,NA,"Least concern",NA
1044030,396100,"Silene nutans L. subsp. nutans",NA,"Caryophyllaceae",NA,10,1982,2025,NA,"Least concern",NA
1044080,396800,"Silene rupestris L.",NA,"Caryophyllaceae",NA,14,1982,2024,NA,"Least concern",NA
1044140,397295,"Silene vulgaris (Moench) Garcke",NA,"Caryophyllaceae",NA,20,1982,2025,NA,"Least concern",NA
1044160,397400,"Silene vulgaris subsp. glareosa (Jord.) Marsden-Jones & Turrill",NA,"Caryophyllaceae",NA,1,2023,2023,NA,"Least concern",NA
1044270,398300,"Sisymbrium austriacum Jacq.",NA,"Brassicaceae",NA,14,1994,2025,NA,"Near threatened",NA
1044300,398600,"Sisymbrium officinale (L.) Scop.",NA,"Brassicaceae",NA,1,1966,2020,NA,"Least concern",NA
1044320,398800,"Sisymbrium strictissimum L.",NA,"Brassicaceae",NA,0,1982,1982,NA,"Near threatened",NA
1044540,400600,"Soldanella alpina L.",NA,"Primulaceae",NA,4,1923,2024,NA,"Least concern",NA
1044560,400800,"Soldanella pusilla Baumg.",NA,"Primulaceae",NA,1,1923,1982,NA,"Least concern",NA
1044580,401000,"Solidago canadensis L.",NA,"Asteraceae",NA,1,2022,2022,NA,"",NA
1044575,401050,"Solidago canadensis aggr.",NA,"Asteraceae",NA,4,2018,2022,NA,"",NA
1044620,401395,"Solidago virgaurea L.",NA,"Asteraceae",NA,32,1982,2025,NA,"Least concern",NA
1044640,401500,"Solidago virgaurea subsp. minuta (L.) Arcang.",NA,"Asteraceae",NA,6,1982,2024,NA,"Least concern",NA
1044650,401595,"Sonchus arvensis L.",NA,"Asteraceae",NA,0,1966,1966,NA,"Least concern",NA
1044660,401600,"Sonchus arvensis L. subsp. arvensis",NA,"Asteraceae",NA,0,1966,1966,NA,"Least concern",NA
1044740,402300,"Sorbus aucuparia L.",NA,"Rosaceae",NA,28,1982,2025,NA,"Least concern",NA
1044870,402900,"Sparganium angustifolium Michx.",NA,"Typhaceae",NA,4,2023,2023,NA,"Near threatened",NA
1044950,403800,"Sparganium natans L.",NA,"Typhaceae",NA,0,1966,1966,NA,"Endangered",NA
1044970,404300,"Spergula arvensis L.",NA,"Caryophyllaceae",NA,0,1966,1966,NA,"Vulnerable",NA
1045000,404700,"Spergularia rubra (L.) J. Presl & C. Presl",NA,"Caryophyllaceae",NA,1,1982,1994,NA,"Least concern",NA
1045080,404960,"Spiraea japonica L. f.",NA,"Rosaceae",NA,1,2025,2025,NA,"",NA
1045085,404970,"Spiraea salicifolia aggr.",NA,"Rosaceae",NA,2,2025,2025,NA,"",NA
1045180,405400,"Stachys alpina L.",NA,"Lamiaceae",NA,1,2024,2024,NA,"Least concern",NA
1045350,407100,"Stellaria alsine Grimm",NA,"Caryophyllaceae",NA,2,1982,2025,NA,"Least concern",NA
1045360,407500,"Stellaria graminea L.",NA,"Caryophyllaceae",NA,14,1982,2025,NA,"Least concern",NA
1045380,407700,"Stellaria longifolia Willd.",NA,"Caryophyllaceae",NA,34,1873,2025,NA,"Endangered",NA
1045390,407800,"Stellaria media (L.) Vill.",NA,"Caryophyllaceae",NA,1,1982,2024,NA,"Least concern",NA
1045400,407805,"Stellaria media aggr.",NA,"Caryophyllaceae",NA,3,1982,2025,NA,"Least concern",NA
1045420,408095,"Stellaria nemorum L.",NA,"Caryophyllaceae",NA,7,2000,2025,NA,"Least concern",NA
1045470,408600,"Stemmacantha rhapontica (L.) Dittrich",NA,"Asteraceae",NA,10,1982,2025,NA,"Least concern",NA
1045480,408700,"Stemmacantha rhapontica (L.) Dittrich subsp. rhapontica",NA,"Asteraceae",NA,5,2001,2025,NA,"Least concern",NA
1045570,409515,"Stipa pennata aggr.",NA,"Poaceae",NA,2,2001,2001,NA,"Near threatened",NA
1045690,410100,"Succisa pratensis Moench",NA,"Caprifoliaceae",NA,1,2023,2023,NA,"Least concern",NA
1045790,410800,"Symphytum officinale L.",NA,"Boraginaceae",NA,2,2011,2011,NA,"Least concern",NA
1045785,410850,"Symphytum officinale aggr.",NA,"Boraginaceae",NA,3,2011,2025,NA,"",NA
1045980,411700,"Tanacetum parthenium (L.) Sch. Bip.",NA,"Asteraceae",NA,0,1966,1966,NA,"",NA
1045990,411800,"Tanacetum vulgare L.",NA,"Asteraceae",NA,13,1966,2025,NA,"Least concern",NA
1046080,413100,"Taraxacum officinale aggr.",NA,"Asteraceae",NA,64,1923,2025,NA,"Least concern",NA
1046110,413400,"Taraxacum palustre aggr.",NA,"Asteraceae",NA,4,1981,2021,NA,"Near threatened",NA
1046300,415100,"Teucrium montanum L.",NA,"Lamiaceae",NA,5,1982,2024,NA,"Least concern",NA
1046340,415500,"Thalictrum aquilegiifolium L.",NA,"Ranunculaceae",NA,2,1982,2024,NA,"Least concern",NA
1046370,415900,"Thalictrum foetidum L.",NA,"Ranunculaceae",NA,1,1982,2006,NA,"Least concern",NA
1046400,416195,"Thalictrum minus L.",NA,"Ranunculaceae",NA,20,1982,2025,NA,"Least concern",NA
1046410,416196,"Thalictrum minus L. subsp. minus",NA,"Ranunculaceae",NA,2,2020,2024,NA,"Least concern",NA
1046420,416300,"Thalictrum minus subsp. saxatile Ces.",NA,"Ranunculaceae",NA,1,2024,2024,NA,"Least concern",NA
1046450,417200,"Thesium alpinum L.",NA,"Santalaceae",NA,15,1982,2025,NA,"Least concern",NA
1046500,417700,"Thesium pyrenaicum Pourr.",NA,"Santalaceae",NA,3,1982,2025,NA,"Least concern",NA
1046560,417995,"Thlaspi alpestre aggr.",NA,"Brassicaceae",NA,10,1982,2025,NA,"Near threatened",NA
1046570,418200,"Thlaspi arvense L.",NA,"Brassicaceae",NA,3,1982,2025,NA,"Least concern",NA
1046580,418300,"Thlaspi brachypetalum Jord.",NA,"Brassicaceae",NA,2,1982,2025,NA,"Near threatened",NA
1046590,418400,"Thlaspi caerulescens J. Presl & C. Presl",NA,"Brassicaceae",NA,7,1994,2020,NA,"Near threatened",NA
1046740,419900,"Thymus alpestris (Čelak.) A. Kern.",NA,"Lamiaceae",NA,1,2018,2018,NA,"Least concern",NA
1046860,420940,"Thymus pulegioides L.",NA,"Lamiaceae",NA,2,2003,2003,NA,"",NA
1046890,421200,"Thymus serpyllum aggr.",NA,"Lamiaceae",NA,34,1905,2024,NA,"Least concern",NA
1046990,421600,"Tofieldia calyculata (L.) Wahlenb.",NA,"Tofieldiaceae",NA,7,1982,2023,NA,"Least concern",NA
1047000,421700,"Tofieldia pusilla (Michx.) Pers.",NA,"Tofieldiaceae",NA,0,1966,1966,NA,"Near threatened",NA
1047180,422950,"Tragopogon pratensis L.",NA,"Asteraceae",NA,13,1982,2025,NA,"Least concern",NA
1047220,423300,"Tragopogon pratensis subsp. orientalis (L.) Čelak.",NA,"Asteraceae",NA,8,2000,2025,NA,"Least concern",NA
1047250,423600,"Traunsteinera globosa (L.) Rchb.",NA,"Orchidaceae",NA,4,1911,2005,NA,"Least concern",NA
1047280,423800,"Trichophorum alpinum (L.) Pers.",NA,"Cyperaceae",NA,42,1881,2025,NA,"Near threatened",NA
1047290,423900,"Trichophorum cespitosum (L.) Hartm.",NA,"Cyperaceae",NA,50,1980,2025,NA,"Least concern",NA
1047370,424500,"Trifolium alpinum L.",NA,"Fabaceae",NA,35,1905,2025,NA,"Least concern",NA
1047400,424800,"Trifolium aureum Pollich",NA,"Fabaceae",NA,1,1982,2023,NA,"Near threatened",NA
1047410,424900,"Trifolium badium Schreb.",NA,"Fabaceae",NA,32,1923,2025,NA,"Least concern",NA
1047420,425000,"Trifolium campestre Schreb.",NA,"Fabaceae",NA,2,1966,2022,NA,"Least concern",NA
1047430,425100,"Trifolium dubium Sibth.",NA,"Fabaceae",NA,1,2003,2003,NA,"Least concern",NA
1047460,425595,"Trifolium hybridum L.",NA,"Fabaceae",NA,18,1966,2025,NA,"",NA
1047470,425600,"Trifolium hybridum L. subsp. hybridum",NA,"Fabaceae",NA,4,1982,2023,NA,"",NA
1047480,425700,"Trifolium hybridum subsp. elegans (Savi) Asch. & Graebn.",NA,"Fabaceae",NA,0,1966,1966,NA,"",NA
1047520,426000,"Trifolium medium L.",NA,"Fabaceae",NA,10,1982,2025,NA,"Least concern",NA
1047540,426300,"Trifolium montanum L.",NA,"Fabaceae",NA,29,1982,2025,NA,"Least concern",NA
1047570,426700,"Trifolium pallescens Schreb.",NA,"Fabaceae",NA,5,1982,2023,NA,"Least concern",NA
1047600,426895,"Trifolium pratense L.",NA,"Fabaceae",NA,64,1923,2024,NA,"Least concern",NA
1047610,426900,"Trifolium pratense L. subsp. pratense",NA,"Fabaceae",NA,10,1982,2024,NA,"Least concern",NA
1047620,427000,"Trifolium pratense subsp. nivale (W. D. J. Koch) Ces.",NA,"Fabaceae",NA,22,1923,2022,NA,"Least concern",NA
1047630,427100,"Trifolium repens L.",NA,"Fabaceae",NA,43,1981,2025,NA,"Least concern",NA
1047670,427500,"Trifolium rubens L.",NA,"Fabaceae",NA,0,1982,1982,NA,"Near threatened",NA
1047710,427800,"Trifolium spadiceum L.",NA,"Fabaceae",NA,11,1966,2025,NA,"Vulnerable",NA
1047760,428100,"Trifolium thalii Vill.",NA,"Fabaceae",NA,3,1982,2022,NA,"Least concern",NA
1047770,428200,"Triglochin palustris L.",NA,"Juncaginaceae",NA,22,1982,2025,NA,"Least concern",NA
1047840,428700,"Tripleurospermum inodorum (L.) Sch. Bip.",NA,"Asteraceae",NA,12,1982,2025,NA,"Least concern",NA
1047880,429300,"Trisetum distichophyllum (Vill.) P. Beauv.",NA,"Poaceae",NA,1,1982,2024,NA,"Least concern",NA
1047890,429400,"Trisetum flavescens (L.) P. Beauv.",NA,"Poaceae",NA,11,1982,2025,NA,"Least concern",NA
1048030,430600,"Trollius europaeus L.",NA,"Ranunculaceae",NA,53,1982,2025,NA,"Least concern",NA
1048220,432000,"Tussilago farfara L.",NA,"Asteraceae",NA,30,1981,2025,NA,"Least concern",NA
1048360,433400,"Urtica dioica L.",NA,"Urticaceae",NA,13,1982,2025,NA,"Least concern",NA
1048370,433500,"Urtica urens L.",NA,"Urticaceae",NA,0,1982,1982,NA,"Vulnerable",NA
1048410,433900,"Utricularia minor L.",NA,"Lentibulariaceae",NA,9,2000,2025,NA,"Vulnerable",NA
1048405,433950,"Utricularia minor aggr.",NA,"Lentibulariaceae",NA,9,2000,2025,NA,"",NA
1048460,434300,"Vaccaria hispanica (Mill.) Rauschert",NA,"Caryophyllaceae",NA,0,1966,1966,NA,"Critically endangered",NA
1048470,434500,"Vaccinium gaultherioides Bigelow",NA,"Ericaceae",NA,12,2000,2023,NA,"Least concern",NA
1048490,434700,"Vaccinium microcarpum (Rupr.) Schmalh.",NA,"Ericaceae",NA,51,1991,2025,NA,"Vulnerable",NA
1048500,434800,"Vaccinium myrtillus L.",NA,"Ericaceae",NA,41,1923,2025,NA,"Least concern",NA
1048510,434900,"Vaccinium oxycoccos L.",NA,"Ericaceae",NA,22,1980,2000,NA,"Near threatened",NA
1048530,435000,"Vaccinium uliginosum L.",NA,"Ericaceae",NA,16,2000,2022,NA,"Near threatened",NA
1048520,435100,"Vaccinium uliginosum aggr.",NA,"Ericaceae",NA,108,1980,2023,NA,"Least concern",NA
1048540,435300,"Vaccinium vitis-idaea L.",NA,"Ericaceae",NA,67,1905,2025,NA,"Least concern",NA
1048590,435700,"Valeriana montana L.",NA,"Caprifoliaceae",NA,2,1982,2024,NA,"Least concern",NA
1048610,435800,"Valeriana officinalis L.",NA,"Caprifoliaceae",NA,3,2016,2020,NA,"Least concern",NA
1048600,435900,"Valeriana officinalis aggr.",NA,"Caprifoliaceae",NA,6,1982,2024,NA,"Least concern",NA
1048690,436700,"Valeriana tripteris L.",NA,"Caprifoliaceae",NA,3,1982,2024,NA,"Least concern",NA
1048820,437800,"Veratrum album L.",NA,"Melanthiaceae",NA,9,1982,2025,NA,"Least concern",NA
1048840,438000,"Veratrum album subsp. lobelianum (Bernh.) Arcang.",NA,"Melanthiaceae",NA,3,2000,2024,NA,"Least concern",NA
1048930,438800,"Verbascum densiflorum Bertol.",NA,"Scrophulariaceae",NA,1,2025,2025,NA,"Least concern",NA
1048940,439000,"Verbascum lychnitis L.",NA,"Scrophulariaceae",NA,4,1982,2024,NA,"Least concern",NA
1049020,439650,"Verbascum thapsus L.",NA,"Scrophulariaceae",NA,8,1982,2025,NA,"Least concern",NA
1049040,439850,"Verbascum thapsus subsp. montanum (Schrad.) Bonnier & Layens",NA,"Scrophulariaceae",NA,4,1982,2025,NA,"Least concern",NA
1049100,440200,"Veronica agrestis L.",NA,"Plantaginaceae",NA,0,1966,1966,NA,"Least concern",NA
1049180,441000,"Veronica beccabunga L.",NA,"Plantaginaceae",NA,6,1981,2022,NA,"Least concern",NA
1049190,441100,"Veronica bellidioides L.",NA,"Plantaginaceae",NA,18,1905,2025,NA,"Least concern",NA
1049210,441400,"Veronica chamaedrys L.",NA,"Plantaginaceae",NA,19,1982,2024,NA,"Least concern",NA
1049250,441500,"Veronica dillenii Crantz",NA,"Plantaginaceae",NA,0,1966,1966,NA,"Vulnerable",NA
1049270,441700,"Veronica fruticans Jacq.",NA,"Plantaginaceae",NA,13,1982,2025,NA,"Least concern",NA
1049290,441900,"Veronica hederifolia L.",NA,"Plantaginaceae",NA,1,1984,1994,NA,"Least concern",NA
1049340,442400,"Veronica officinalis L.",NA,"Plantaginaceae",NA,5,1982,2024,NA,"Least concern",NA
1049380,442700,"Veronica persica Poir.",NA,"Plantaginaceae",NA,0,1982,1982,NA,"",NA
1049390,442800,"Veronica polita Fr.",NA,"Plantaginaceae",NA,0,1982,1982,NA,"Least concern",NA
1049460,443395,"Veronica serpyllifolia L.",NA,"Plantaginaceae",NA,4,1982,2024,NA,"Least concern",NA
1049470,443400,"Veronica serpyllifolia L. subsp. serpyllifolia",NA,"Plantaginaceae",NA,1,1982,2021,NA,"Least concern",NA
1049480,443500,"Veronica serpyllifolia subsp. humifusa (Dicks.) Syme",NA,"Plantaginaceae",NA,1,2013,2013,NA,"Least concern",NA
1049490,443900,"Veronica teucrium L.",NA,"Plantaginaceae",NA,5,1905,2025,NA,"Least concern",NA
1049620,444995,"Vicia cracca L.",NA,"Fabaceae",NA,170,1905,2025,NA,"Least concern",NA
1049630,445000,"Vicia cracca L. subsp. cracca",NA,"Fabaceae",NA,14,1905,2024,NA,"Least concern",NA
1049640,445100,"Vicia cracca subsp. incana (Gouan) Rouy",NA,"Fabaceae",NA,1,2016,2016,NA,"Least concern",NA
1049690,445600,"Vicia faba L.",NA,"Fabaceae",NA,0,1966,1966,NA,"",NA
1049710,445800,"Vicia hirsuta (L.) Gray",NA,"Fabaceae",NA,0,1966,1966,NA,"Least concern",NA
1049820,446995,"Vicia sativa L.",NA,"Fabaceae",NA,0,1966,1966,NA,"Least concern",NA
1049850,447200,"Vicia sativa subsp. nigra (L.) Ehrh.",NA,"Fabaceae",NA,0,1966,1966,NA,"Least concern",NA
1049860,447400,"Vicia sepium L.",NA,"Fabaceae",NA,10,1982,2025,NA,"Least concern",NA
1050010,449100,"Viola biflora L.",NA,"Violaceae",NA,4,1905,2024,NA,"Least concern",NA
1050020,449200,"Viola calcarata L.",NA,"Violaceae",NA,12,1905,2025,NA,"Least concern",NA
1050030,449220,"Viola calcarata L. subsp. calcarata",NA,"Violaceae",NA,1,2020,2020,NA,"",NA
1050060,449250,"Viola canina L.",NA,"Violaceae",NA,1,1982,2024,NA,"Near threatened",NA
1050050,449300,"Viola canina L. subsp. canina",NA,"Violaceae",NA,1,1982,2024,NA,"Vulnerable",NA
1050110,449800,"Viola collina Besser",NA,"Violaceae",NA,1,1982,1994,NA,"Least concern",NA
1050200,450600,"Viola mirabilis L.",NA,"Violaceae",NA,6,1932,2024,NA,"Near threatened",NA
1050220,451100,"Viola palustris L.",NA,"Violaceae",NA,93,1982,2025,NA,"Least concern",NA
1050240,451300,"Viola pinnata L.",NA,"Violaceae",NA,5,1982,2024,NA,"Near threatened",NA
1050290,451800,"Viola rupestris F. W. Schmidt",NA,"Violaceae",NA,3,1982,2024,NA,"Least concern",NA
1050340,452500,"Viola tricolor L.",NA,"Violaceae",NA,19,1982,2025,NA,"",NA
1050345,452501,"Viola tricolor L. subsp. tricolor",NA,"Violaceae",NA,7,2020,2020,NA,"Least concern",NA
1050330,452510,"Viola tricolor aggr.",NA,"Violaceae",NA,29,1982,2025,NA,"Least concern",NA
1050350,452505,"Viola tricolor subsp. subalpina Gaudin",NA,"Violaceae",NA,3,2023,2024,NA,"Least concern",NA
1050530,454200,"Willemetia stipitata (Jacq.) Dalla Torre",NA,"Asteraceae",NA,0,1966,1966,NA,"Near threatened",NA
1050560,454500,"Woodsia alpina (Bolton) Gray",NA,"Woodsiaceae",NA,0,1982,1982,NA,"Least concern",NA
1050570,454700,"Woodsia ilvensis (L.) R. Br.",NA,"Woodsiaceae",NA,0,1966,1966,NA,"Vulnerable",NA
1050680,455700,"Zannichellia palustris L.",NA,"Potamogetonaceae",NA,3,1991,2014,NA,"Vulnerable",NA
1000180,1000,"Achillea atrata L.",NA,"Asteraceae",NA,2,1982,2021,NA,"Least concern",NA
1000260,1350,"Achillea erba-rotta All.",NA,"Asteraceae",NA,2,1982,2019,NA,"Least concern",NA
1000290,1500,"Achillea erba-rotta subsp. moschata (Wulfen) Vacc.",NA,"Asteraceae",NA,2,1982,2019,NA,"Least concern",NA
1000360,1900,"Achillea nana L.",NA,"Asteraceae",NA,7,1982,2024,NA,"Least concern",NA
1000563,3540,"Aconitum napellus L.",NA,"Ranunculaceae",NA,0,1982,1982,NA,"Least concern",NA
1000770,5400,"Adenostyles alliariae (Gouan) A. Kern.",NA,"Asteraceae",NA,1,2022,2022,NA,"Least concern",NA
1000780,5450,"Adenostyles alpina (L.) Bluff & Fingerh.",NA,"Asteraceae",NA,1,2025,2025,NA,"Least concern",NA
1000800,5600,"Adenostyles leucophylla (Willd.) Rchb.",NA,"Asteraceae",NA,1,1982,2022,NA,"Least concern",NA
1001060,8400,"Agrostis alpina Scop.",NA,"Poaceae",NA,1,1982,2020,NA,"Least concern",NA
1001100,8900,"Agrostis rupestris All.",NA,"Poaceae",NA,7,1982,2024,NA,"Least concern",NA
1001120,9100,"Agrostis schraderiana Bech.",NA,"Poaceae",NA,4,1982,2020,NA,"Least concern",NA
1001330,11100,"Alchemilla alpina superaggr.",NA,"",NA,0,1966,1966,NA,"",NA
1002740,24200,"Allium schoenoprasum L.",NA,"Amaryllidaceae",NA,1,1982,2025,NA,"Least concern",NA
1002870,25400,"Alnus viridis (Chaix) DC.",NA,"Betulaceae",NA,0,1982,1982,NA,"Least concern",NA
1003500,31300,"Androsace alpina (L.) Lam.",NA,"Primulaceae",NA,10,2011,2024,NA,"Least concern",NA
1003570,32100,"Androsace helvetica (L.) All.",NA,"Primulaceae",NA,1,1982,1982,NA,"Least concern",NA
1003600,32400,"Androsace obtusifolia All.",NA,"Primulaceae",NA,7,1982,2024,NA,"Least concern",NA
1003850,34400,"Antennaria dioica (L.) Gaertn.",NA,"Asteraceae",NA,2,1982,2025,NA,"Least concern",NA
1003940,35300,"Anthoxanthum alpinum Á. Löve & D. Löve",NA,"Poaceae",NA,4,2019,2021,NA,"Least concern",NA
1003960,35500,"Anthoxanthum odoratum aggr.",NA,"Poaceae",NA,8,2005,2021,NA,"Least concern",NA
1004360,39350,"Arabis alpina L.",NA,"Brassicaceae",NA,7,1982,2023,NA,"Least concern",NA
1004370,39400,"Arabis alpina L. subsp. alpina",NA,"Brassicaceae",NA,3,1982,2019,NA,"",NA
1004400,39650,"Arabis bellidifolia Crantz",NA,"Brassicaceae",NA,1,2007,2007,NA,"Least concern",NA
1004420,39800,"Arabis bellidifolia subsp. stellulata (Bertol.) Greuter & Burdet",NA,"Brassicaceae",NA,1,2007,2007,NA,"Least concern",NA
1004430,40000,"Arabis caerulea All.",NA,"Brassicaceae",NA,5,1982,2023,NA,"Least concern",NA
1004570,42000,"Arabis subcoriacea Gren.",NA,"Brassicaceae",NA,1,1982,2016,NA,"Least concern",NA
1004690,43100,"Arctostaphylos uva-ursi (L.) Spreng.",NA,"Ericaceae",NA,1,1982,2021,NA,"Least concern",NA
1004720,43400,"Arenaria biflora L.",NA,"Caryophyllaceae",NA,6,1982,2022,NA,"Least concern",NA
1004740,43500,"Arenaria ciliata L.",NA,"Caryophyllaceae",NA,11,1966,2024,NA,"",NA
1004745,43530,"Arenaria ciliata L. subsp. ciliata",NA,"Caryophyllaceae",NA,3,2007,2007,NA,"Least concern",NA
1004730,43505,"Arenaria ciliata aggr.",NA,"Caryophyllaceae",NA,11,1966,2024,NA,"Least concern",NA
1004800,44305,"Arenaria serpyllifolia aggr.",NA,"Caryophyllaceae",NA,1,2014,2014,NA,"Least concern",NA
1005080,47000,"Artemisia genipi Weber",NA,"Asteraceae",NA,5,1982,2024,NA,"Least concern",NA
1005640,51800,"Aster alpinus L.",NA,"Asteraceae",NA,2,1982,2020,NA,"Least concern",NA
1005870,53900,"Astragalus frigidus (L.) A. Gray",NA,"Fabaceae",NA,2,1982,2016,NA,"Least concern",NA
1006050,55300,"Astrantia minor L.",NA,"Apiaceae",NA,0,1982,1982,NA,"Least concern",NA
1006090,55700,"Athyrium filix-femina (L.) Roth",NA,"Athyriaceae",NA,0,1982,1982,NA,"Least concern",NA
1006320,57400,"Avenella flexuosa (L.) Drejer",NA,"Poaceae",NA,1,1982,2022,NA,"Least concern",NA
1006460,58700,"Bartsia alpina L.",NA,"Orobanchaceae",NA,9,1982,2024,NA,"Least concern",NA
1006595,60450,"Betula pendula aggr.",NA,"Betulaceae",NA,1,2019,2019,NA,"",NA
1006610,60500,"Betula pubescens Ehrh.",NA,"Betulaceae",NA,1,2019,2019,NA,"Least concern",NA
1006990,63300,"Botrychium lunaria (L.) Sw.",NA,"Ophioglossaceae",NA,3,1982,2023,NA,"Least concern",NA
1008160,73600,"Calluna vulgaris (L.) Hull",NA,"Ericaceae",NA,1,1982,2025,NA,"Least concern",NA
1008300,74700,"Campanula barbata L.",NA,"Campanulaceae",NA,6,1982,2022,NA,"Least concern",NA
1008640,77100,"Campanula rotundifolia L.",NA,"Campanulaceae",NA,2,2015,2025,NA,"Least concern",NA
1008650,77200,"Campanula scheuchzeri Vill.",NA,"Campanulaceae",NA,5,1982,2022,NA,"Least concern",NA
1008780,78200,"Cardamine alpina Willd.",NA,"Brassicaceae",NA,3,1982,2022,NA,"Least concern",NA
1009020,80300,"Cardamine resedifolia L.",NA,"Brassicaceae",NA,12,1982,2022,NA,"Least concern",NA
1009110,81000,"Cardaminopsis halleri (L.) Hayek",NA,"Brassicaceae",NA,1,2008,2008,NA,"Least concern",NA
1009330,83350,"Carex atrata L.",NA,"Cyperaceae",NA,0,1982,1982,NA,"Least concern",NA
1009320,83405,"Carex atrata aggr.",NA,"Cyperaceae",NA,2,1982,2022,NA,"",NA
1009350,83500,"Carex atrata subsp. aterrima (Hoppe) Hartm.",NA,"Cyperaceae",NA,0,1982,1982,NA,"Least concern",NA
1009390,83900,"Carex bicolor All.",NA,"Cyperaceae",NA,1,2019,2019,NA,"Near threatened",NA
1009540,85395,"Carex curvula All.",NA,"Cyperaceae",NA,15,2005,2024,NA,"Least concern",NA
1009680,86700,"Carex echinata Murray",NA,"Cyperaceae",NA,2,2022,2025,NA,"Least concern",NA
1009770,87605,"Carex flava aggr.",NA,"Cyperaceae",NA,1,1982,2022,NA,"Least concern",NA
1009790,87700,"Carex foetida All.",NA,"Cyperaceae",NA,1,2019,2019,NA,"Least concern",NA
1009800,87800,"Carex frigida All.",NA,"Cyperaceae",NA,1,1982,2022,NA,"Least concern",NA
1009920,89100,"Carex lachenalii Schkuhr",NA,"Cyperaceae",NA,2,1982,2022,NA,"Least concern",NA
1009970,89500,"Carex leporina L.",NA,"Cyperaceae",NA,0,1982,1982,NA,"Least concern",NA
1010000,89900,"Carex maritima Gunnerus",NA,"Cyperaceae",NA,0,1982,1982,NA,"Vulnerable",NA
1010070,90700,"Carex nigra (L.) Reichard",NA,"Cyperaceae",NA,1,1982,2022,NA,"Least concern",NA
1010080,90900,"Carex norvegica Retz.",NA,"Cyperaceae",NA,2,1982,2021,NA,"Vulnerable",NA
1010140,91700,"Carex panicea L.",NA,"Cyperaceae",NA,1,1982,2025,NA,"Least concern",NA
1010160,92000,"Carex parviflora Host",NA,"Cyperaceae",NA,2,1982,2022,NA,"Least concern",NA
1010340,93900,"Carex sempervirens Vill.",NA,"Cyperaceae",NA,3,1982,2021,NA,"Least concern",NA
1010490,95800,"Carlina acaulis L.",NA,"Asteraceae",NA,2,2025,2025,NA,"Least concern",NA
1010510,96000,"Carlina acaulis subsp. caulescens (Lam.) Schübl. & G. Martens",NA,"Asteraceae",NA,2,2025,2025,NA,"",NA
1010980,99995,"Centaurea scabiosa L.",NA,"Asteraceae",NA,0,1966,1966,NA,"Least concern",NA
1011250,102200,"Cerastium alpinum L.",NA,"Caryophyllaceae",NA,1,1982,2019,NA,"Least concern",NA
1011370,103400,"Cerastium cerastoides (L.) Britton",NA,"Caryophyllaceae",NA,1,1982,2021,NA,"Least concern",NA
1011480,104600,"Cerastium pedunculatum Gaudin",NA,"Caryophyllaceae",NA,1,1982,2024,NA,"Least concern",NA
1011530,105400,"Cerastium uniflorum Clairv.",NA,"Caryophyllaceae",NA,8,1910,2024,NA,"Least concern",NA
1012450,115300,"Cirsium spinosissimum (L.) Scop.",NA,"Asteraceae",NA,8,1982,2025,NA,"Least concern",NA
1012750,117200,"Coeloglossum viride (L.) Hartm.",NA,"Orchidaceae",NA,6,1982,2024,NA,"Least concern",NA
1014000,126600,"Cryptogramma crispa (L.) Hook.",NA,"Pteridaceae",NA,2,2019,2025,NA,"Least concern",NA
1014520,130700,"Cystopteris fragilis (L.) Bernh.",NA,"Cystopteridaceae",NA,4,1982,2023,NA,"Least concern",NA
1014515,130750,"Cystopteris fragilis aggr.",NA,"Cystopteridaceae",NA,4,1982,2023,NA,"",NA
1014610,131800,"Dactylis glomerata L.",NA,"Poaceae",NA,0,1982,1982,NA,"Least concern",NA
1014800,132700,"Dactylorhiza majalis (Rchb.) P. F. Hunt & Summerh.",NA,"Orchidaceae",NA,1,1982,2024,NA,"Least concern",NA
1014910,133700,"Daphne striata Tratt.",NA,"Thymelaeaceae",NA,5,1982,2025,NA,"Least concern",NA
1015040,134800,"Deschampsia cespitosa (L.) P. Beauv.",NA,"Poaceae",NA,3,1982,2023,NA,"Least concern",NA
1015200,136000,"Dianthus glacialis Haenke",NA,"Caryophyllaceae",NA,28,1982,2019,NA,"Least concern",NA
1015560,139700,"Doronicum clusii (All.) Tausch",NA,"Asteraceae",NA,4,1982,2025,NA,"Least concern",NA
1015590,140000,"Doronicum grandiflorum Lam.",NA,"Asteraceae",NA,3,1982,2025,NA,"Least concern",NA
1015670,140500,"Draba aizoides L.",NA,"Brassicaceae",NA,5,1982,2023,NA,"Least concern",NA
1015690,140800,"Draba fladnizensis Wulfen",NA,"Brassicaceae",NA,5,1910,2021,NA,"Least concern",NA
1015780,141600,"Draba tomentosa Clairv.",NA,"Brassicaceae",NA,2,1982,2019,NA,"Least concern",NA
1016460,146600,"Elyna myosuroides (Vill.) Fritsch",NA,"Cyperaceae",NA,8,1982,2024,NA,"Least concern",NA
1016530,147600,"Epilobium anagallidifolium Lam.",NA,"Onagraceae",NA,2,2020,2025,NA,"Least concern",NA
1016590,148200,"Epilobium fleischeri Hochst.",NA,"Onagraceae",NA,1,1982,2022,NA,"Least concern",NA
1017490,153600,"Erigeron alpinus L.",NA,"Asteraceae",NA,1,1982,2018,NA,"Least concern",NA
1017485,153650,"Erigeron alpinus aggr.",NA,"Asteraceae",NA,3,1982,2023,NA,"",NA
1017640,155200,"Eriophorum angustifolium Honck.",NA,"Cyperaceae",NA,1,2022,2022,NA,"Least concern",NA
1017690,155700,"Eritrichium nanum (L.) Gaudin",NA,"Boraginaceae",NA,18,1982,2025,NA,"Least concern",NA
1018170,159800,"Euphorbia cyparissias L.",NA,"Euphorbiaceae",NA,0,1982,1982,NA,"Least concern",NA
1018600,162750,"Euphrasia minima Schleich.",NA,"Orobanchaceae",NA,14,1982,2025,NA,"Least concern",NA
1018685,163850,"Euphrasia rostkoviana aggr.",NA,"Orobanchaceae",NA,1,2022,2022,NA,"",NA
1018980,165700,"Festuca alpina Suter",NA,"Poaceae",NA,1,1982,2019,NA,"Least concern",NA
1019180,167600,"Festuca halleri All.",NA,"Poaceae",NA,4,1946,2024,NA,"Least concern",NA
1019160,167650,"Festuca halleri aggr.",NA,"Poaceae",NA,8,1946,2024,NA,"Least concern",NA
1019450,170000,"Festuca quadriflora Honck.",NA,"Poaceae",NA,1,1982,2025,NA,"Least concern",NA
1019670,172100,"Festuca violacea aggr.",NA,"Poaceae",NA,2,1982,2020,NA,"Least concern",NA
1020160,175620,"Gagea fragifera (Vill.) Ehr. Bayer & G. López",NA,"Liliaceae",NA,1,1982,2023,NA,"Least concern",NA
1020890,182200,"Gentiana acaulis L.",NA,"Gentianaceae",NA,5,1982,2022,NA,"Least concern",NA
1020970,182900,"Gentiana bavarica L.",NA,"Gentianaceae",NA,7,1982,2025,NA,"Least concern",NA
1020980,182960,"Gentiana bavarica subsp. subacaulis (Schleich.) G. Mull.",NA,"Gentianaceae",NA,2,2011,2014,NA,"Least concern",NA
1020990,183000,"Gentiana brachyphylla Vill.",NA,"Gentianaceae",NA,7,1982,2023,NA,"Least concern",NA
1021000,183100,"Gentiana campestris L.",NA,"Gentianaceae",NA,5,1982,2025,NA,"Least concern",NA
1021010,183200,"Gentiana campestris L. subsp. campestris",NA,"Gentianaceae",NA,2,2024,2025,NA,"Least concern",NA
1021120,184100,"Gentiana lutea L.",NA,"Gentianaceae",NA,1,2019,2019,NA,"Least concern",NA
1021140,184300,"Gentiana nivalis L.",NA,"Gentianaceae",NA,4,1982,2020,NA,"Least concern",NA
1021150,184400,"Gentiana orbicularis Schur",NA,"Gentianaceae",NA,4,1994,2025,NA,"Least concern",NA
1021190,184800,"Gentiana punctata L.",NA,"Gentianaceae",NA,11,1982,2025,NA,"Least concern",NA
1021230,185200,"Gentiana tenella Rottb.",NA,"Gentianaceae",NA,8,1982,2025,NA,"Least concern",NA
1021250,185400,"Gentiana verna L.",NA,"Gentianaceae",NA,3,1982,2021,NA,"Least concern",NA
1021530,189300,"Geranium sylvaticum L.",NA,"Geraniaceae",NA,2,1982,2022,NA,"Least concern",NA
1021540,189400,"Geum montanum L.",NA,"Rosaceae",NA,15,1982,2025,NA,"Least concern",NA
1021560,189500,"Geum reptans L.",NA,"Rosaceae",NA,9,1982,2025,NA,"Least concern",NA
1021870,192500,"Gnaphalium supinum L.",NA,"Asteraceae",NA,10,1982,2024,NA,"Least concern",NA
1021980,193400,"Gymnocarpium dryopteris (L.) Newman",NA,"Cystopteridaceae",NA,1,1982,2025,NA,"Least concern",NA
1022110,194100,"Hedysarum hedysaroides (L.) Schinz & Thell.",NA,"Fabaceae",NA,1,1982,2014,NA,"Least concern",NA
1022440,197100,"Helictotrichon versicolor (Vill.) Pilg.",NA,"Poaceae",NA,6,1982,2024,NA,"Least concern",NA
1022790,199900,"Hieracium alpinum L.",NA,"Asteraceae",NA,5,1982,2024,NA,"Least concern",NA
1022810,200100,"Hieracium angustifolium Hoppe",NA,"Asteraceae",NA,1,1982,2024,NA,"Least concern",NA
1023500,205800,"Hieracium villosum Jacq.",NA,"Asteraceae",NA,1,1966,2019,NA,"Least concern",NA
1023490,205900,"Hieracium villosum aggr.",NA,"Asteraceae",NA,3,1966,2019,NA,"Least concern",NA
1023680,207300,"Homogyne alpina (L.) Cass.",NA,"Asteraceae",NA,7,1982,2024,NA,"Least concern",NA
1023860,208900,"Huperzia selago (L.) Schrank & Mart.",NA,"Lycopodiaceae",NA,2,1982,2022,NA,"Least concern",NA
1024250,212200,"Hypochaeris uniflora Vill.",NA,"Asteraceae",NA,1,1982,2020,NA,"Least concern",NA
1024900,217700,"Juncus alpinoarticulatus Chaix",NA,"Juncaceae",NA,1,1982,2022,NA,"Least concern",NA
1024925,218150,"Juncus articulatus aggr.",NA,"Juncaceae",NA,1,1982,2022,NA,"",NA
1025040,219200,"Juncus jacquinii L.",NA,"Juncaceae",NA,5,1982,2025,NA,"Least concern",NA
1025120,220100,"Juncus trifidus L.",NA,"Juncaceae",NA,6,1982,2025,NA,"Least concern",NA
1025130,220300,"Juncus triglumis L.",NA,"Juncaceae",NA,2,1982,2023,NA,"Least concern",NA
1025140,220395,"Juniperus communis L.",NA,"Cupressaceae",NA,3,1982,2025,NA,"Least concern",NA
1025160,220500,"Juniperus communis subsp. alpina Čelak.",NA,"Cupressaceae",NA,2,1982,2025,NA,"Least concern",NA
1025190,221000,"Kernera saxatilis (L.) Sweet",NA,"Brassicaceae",NA,1,1982,2019,NA,"Least concern",NA
1025230,221400,"Knautia arvensis (L.) Coult.",NA,"Caprifoliaceae",NA,1,2025,2025,NA,"Least concern",NA
1026290,232700,"Leontodon autumnalis L.",NA,"Asteraceae",NA,0,1982,1982,NA,"Least concern",NA
1026310,232900,"Leontodon helveticus Mérat",NA,"Asteraceae",NA,11,1982,2022,NA,"Least concern",NA
1026330,233000,"Leontodon hispidus L.",NA,"Asteraceae",NA,0,1982,1982,NA,"Least concern",NA
1026430,234000,"Leontodon montanus Lam.",NA,"Asteraceae",NA,1,1982,2007,NA,"Least concern",NA
1026470,234600,"Leontopodium alpinum Cass.",NA,"Asteraceae",NA,9,1982,2025,NA,"Least concern",NA
1026600,236000,"Leucanthemopsis alpina (L.) Heywood",NA,"Asteraceae",NA,24,1910,2025,NA,"Least concern",NA
1026610,236020,"Leucanthemopsis alpina (L.) Heywood subsp. alpina",NA,"Asteraceae",NA,3,2019,2022,NA,"Least concern",NA
1026630,236030,"Leucanthemopsis alpina subsp. minima (Vill.) Holub",NA,"Asteraceae",NA,1,1999,1999,NA,"Least concern",NA
1026810,237800,"Ligusticum mutellina (L.) Crantz",NA,"Apiaceae",NA,7,1982,2023,NA,"Least concern",NA
1026820,237900,"Ligusticum mutellinoides Vill.",NA,"Apiaceae",NA,7,1982,2025,NA,"Least concern",NA
1026920,238800,"Linaria alpina (L.) Mill.",NA,"Plantaginaceae",NA,8,1982,2024,NA,"Least concern",NA
1026930,238900,"Linaria alpina (L.) Mill. subsp. alpina",NA,"Plantaginaceae",NA,2,1982,2021,NA,"Least concern",NA
1027250,242500,"Lloydia serotina (L.) Rchb.",NA,"Liliaceae",NA,6,1982,2024,NA,"Least concern",NA
1027290,242600,"Loiseleuria procumbens (L.) Desv.",NA,"Ericaceae",NA,4,1982,2022,NA,"Least concern",NA
1027500,244300,"Lotus alpinus (DC.) Ramond",NA,"Fabaceae",NA,3,2022,2025,NA,"Least concern",NA
1027510,244410,"Lotus corniculatus aggr.",NA,"Fabaceae",NA,3,2022,2025,NA,"Least concern",NA
1027670,246000,"Luzula alpinopilosa (Chaix) Breistr.",NA,"Juncaceae",NA,12,1982,2025,NA,"Least concern",NA
1027700,246100,"Luzula campestris (L.) DC.",NA,"Juncaceae",NA,1,1982,2022,NA,"Least concern",NA
1027740,246600,"Luzula lutea (All.) DC.",NA,"Juncaceae",NA,7,1982,2025,NA,"Least concern",NA
1027860,247800,"Luzula spicata (L.) DC.",NA,"Juncaceae",NA,8,1982,2025,NA,"Least concern",NA
1027920,248400,"Luzula sylvatica aggr.",NA,"Juncaceae",NA,0,1982,1982,NA,"Least concern",NA
1029080,260300,"Minuartia biflora (L.) Schinz & Thell.",NA,"Caryophyllaceae",NA,1,1982,2018,NA,"Least concern",NA
1029170,261400,"Minuartia recurva (All.) Schinz & Thell.",NA,"Caryophyllaceae",NA,2,1982,2024,NA,"Least concern",NA
1029230,261700,"Minuartia sedoides (L.) Hiern",NA,"Caryophyllaceae",NA,7,1982,2023,NA,"Least concern",NA
1029690,265800,"Myosotis alpestris F. W. Schmidt",NA,"Boraginaceae",NA,4,1982,2021,NA,"Least concern",NA
1030080,269700,"Nardus stricta L.",NA,"Poaceae",NA,2,1982,2022,NA,"Least concern",NA
1030390,271655,"Nigritella rhellicani Teppner & E. Klein",NA,"Orchidaceae",NA,9,2013,2024,NA,"Least concern",NA
1030380,271700,"Nigritella rhellicani aggr.",NA,"Orchidaceae",NA,9,2013,2024,NA,"Least concern",NA
1031530,282300,"Oreochloa disticha (Wulfen) Link",NA,"Poaceae",NA,13,1982,2025,NA,"Least concern",NA
1032180,288100,"Oxyria digyna (L.) Hill",NA,"Polygonaceae",NA,5,1982,2024,NA,"Least concern",NA
1032190,288200,"Oxytropis campestris (L.) DC.",NA,"Fabaceae",NA,9,1982,2025,NA,"Least concern",NA
1032240,288700,"Oxytropis halleri W. D. J. Koch",NA,"Fabaceae",NA,10,1932,2021,NA,"Near threatened",NA
1032250,288800,"Oxytropis halleri W. D. J. Koch subsp. halleri",NA,"Fabaceae",NA,10,1932,2021,NA,"Near threatened",NA
1032820,294400,"Pedicularis kerneri Dalla Torre",NA,"Orobanchaceae",NA,18,1982,2025,NA,"Least concern",NA
1032850,294700,"Pedicularis recutita L.",NA,"Orobanchaceae",NA,0,1982,1982,NA,"Least concern",NA
1033590,301000,"Phyteuma globulariifolium Sternb. & Hoppe",NA,"Campanulaceae",NA,15,1910,2024,NA,"Least concern",NA
1033600,301100,"Phyteuma globulariifolium Sternb. & Hoppe subsp. globulariifolium",NA,"Campanulaceae",NA,3,1991,2021,NA,"Least concern",NA
1033610,301200,"Phyteuma globulariifolium subsp. pedemontanum (Rich. Schulz) Bech.",NA,"Campanulaceae",NA,3,1910,2011,NA,"Least concern",NA
1033620,301300,"Phyteuma hedraianthifolium Rich. Schulz",NA,"Campanulaceae",NA,1,2020,2020,NA,"Near threatened",NA
1033630,301400,"Phyteuma hemisphaericum L.",NA,"Campanulaceae",NA,6,1982,2025,NA,"Least concern",NA
1033680,301900,"Phyteuma ovatum Honck.",NA,"Campanulaceae",NA,1,2025,2025,NA,"Least concern",NA
1034040,304700,"Pinguicula leptoceras Rchb.",NA,"Lentibulariaceae",NA,1,2016,2016,NA,"Least concern",NA
1034080,305495,"Pinus mugo Turra",NA,"Pinaceae",NA,0,1982,1982,NA,"Least concern",NA
1034090,305500,"Pinus mugo Turra subsp. mugo",NA,"Pinaceae",NA,0,1982,1982,NA,"Least concern",NA
1034250,307000,"Plantago alpina L.",NA,"Plantaginaceae",NA,2,1982,2022,NA,"Least concern",NA
1034405,308350,"Plantago serpentina aggr.",NA,"Plantaginaceae",NA,2,1982,2022,NA,"",NA
1034470,309000,"Poa alpina L.",NA,"Poaceae",NA,11,1982,2024,NA,"Least concern",NA
1034530,309600,"Poa cenisia All.",NA,"Poaceae",NA,1,1982,2007,NA,"Least concern",NA
1034590,310200,"Poa laxa Haenke",NA,"Poaceae",NA,12,1910,2024,NA,"Least concern",NA
1034600,310300,"Poa minor Gaudin",NA,"Poaceae",NA,1,1982,2005,NA,"Least concern",NA
1035170,315800,"Polygonum viviparum L.",NA,"Polygonaceae",NA,11,1982,2024,NA,"Least concern",NA
1035260,316800,"Polystichum lonchitis (L.) Roth",NA,"Dryopteridaceae",NA,1,1982,2019,NA,"Least concern",NA
1035720,321300,"Potentilla aurea L.",NA,"Rosaceae",NA,4,1982,2019,NA,"Least concern",NA
1035730,321400,"Potentilla brauneana Hoppe",NA,"Rosaceae",NA,2,1982,2019,NA,"Least concern",NA
1035790,322100,"Potentilla crantzii (Crantz) Fritsch",NA,"Rosaceae",NA,4,1982,2024,NA,"Least concern",NA
1035820,322500,"Potentilla frigida Vill.",NA,"Rosaceae",NA,2,1982,2023,NA,"Least concern",NA
1035970,323600,"Potentilla nivea L.",NA,"Rosaceae",NA,9,1994,2025,NA,"Vulnerable",NA
1036280,326605,"Primula hirsuta All.",NA,"Primulaceae",NA,2,1982,2025,NA,"Least concern",NA
1036290,326700,"Primula integrifolia L.",NA,"Primulaceae",NA,12,1982,2023,NA,"Least concern",NA
1036300,326900,"Primula latifolia Lapeyr.",NA,"Primulaceae",NA,7,1982,2021,NA,"Least concern",NA
1036430,327650,"Pritzelago alpina (L.) Kuntze",NA,"Brassicaceae",NA,4,1982,2023,NA,"Least concern",NA
1036710,330400,"Pseudorchis albida (L.) Á. Löve & D. Löve",NA,"Orchidaceae",NA,1,2018,2018,NA,"Least concern",NA
1036980,333195,"Pulsatilla alpina (L.) Delarbre",NA,"Ranunculaceae",NA,4,1982,2025,NA,"Least concern",NA
1037010,333390,"Pulsatilla alpina subsp. apiifolia (Scop.) Nyman",NA,"Ranunculaceae",NA,3,1982,2021,NA,"Least concern",NA
1037090,334100,"Pulsatilla vernalis (L.) Mill.",NA,"Ranunculaceae",NA,4,1982,2023,NA,"Least concern",NA
1037170,334600,"Pyrola minor L.",NA,"Ericaceae",NA,3,2016,2021,NA,"Least concern",NA
1037610,338700,"Ranunculus glacialis L.",NA,"Ranunculaceae",NA,20,1910,2025,NA,"Least concern",NA
1037660,339200,"Ranunculus kuepferi Greuter & Burdet",NA,"Ranunculaceae",NA,1,1982,2023,NA,"Least concern",NA
1037710,339500,"Ranunculus montanus Willd.",NA,"Ranunculaceae",NA,1,1982,2018,NA,"Least concern",NA
1037700,339505,"Ranunculus montanus aggr.",NA,"Ranunculaceae",NA,4,1982,2021,NA,"Least concern",NA
1038000,342400,"Ranunculus villarsii DC.",NA,"Ranunculaceae",NA,2,2019,2019,NA,"Least concern",NA
1040200,359400,"Rumex alpinus L.",NA,"Polygonaceae",NA,0,1982,1982,NA,"Least concern",NA
1040480,362300,"Sagina saginoides (L.) H. Karst.",NA,"Caryophyllaceae",NA,1,1982,2021,NA,"Least concern",NA
1040790,364600,"Salix hastata L.",NA,"Salicaceae",NA,1,2025,2025,NA,"Least concern",NA
1040810,364800,"Salix herbacea L.",NA,"Salicaceae",NA,11,1982,2023,NA,"Least concern",NA
1040980,366100,"Salix reticulata L.",NA,"Salicaceae",NA,2,1982,2022,NA,"Least concern",NA
1041010,366300,"Salix serpillifolia Scop.",NA,"Salicaceae",NA,5,1982,2021,NA,"Least concern",NA
1041510,371050,"Saussurea alpina (L.) DC.",NA,"Asteraceae",NA,13,1982,2025,NA,"Least concern",NA
1041520,371100,"Saussurea alpina (L.) DC. subsp. alpina",NA,"Asteraceae",NA,3,1982,2021,NA,"Least concern",NA
1041550,371500,"Saxifraga adscendens L.",NA,"Saxifragaceae",NA,1,1982,1997,NA,"Near threatened",NA
1041560,371600,"Saxifraga aizoides L.",NA,"Saxifragaceae",NA,3,1982,2025,NA,"Least concern",NA
1041570,371800,"Saxifraga androsacea L.",NA,"Saxifragaceae",NA,7,1982,2025,NA,"Least concern",NA
1041630,372300,"Saxifraga bryoides L.",NA,"Saxifragaceae",NA,10,1910,2025,NA,"Least concern",NA
1041730,373050,"Saxifraga exarata Vill.",NA,"Saxifragaceae",NA,11,1982,2025,NA,"Least concern",NA
1041740,373100,"Saxifraga exarata Vill. subsp. exarata",NA,"Saxifragaceae",NA,7,1982,2025,NA,"Least concern",NA
1041840,374300,"Saxifraga muscoides All.",NA,"Saxifragaceae",NA,6,1982,2025,NA,"Least concern",NA
1041860,374450,"Saxifraga oppositifolia L.",NA,"Saxifragaceae",NA,10,1910,2024,NA,"Least concern",NA
1041870,374500,"Saxifraga oppositifolia L. subsp. oppositifolia",NA,"Saxifragaceae",NA,3,1910,2021,NA,"Least concern",NA
1041890,374600,"Saxifraga paniculata Mill.",NA,"Saxifragaceae",NA,2,1982,2022,NA,"Least concern",NA
1042000,375700,"Saxifraga seguieri Spreng.",NA,"Saxifragaceae",NA,4,1982,2023,NA,"Least concern",NA
1042010,375800,"Saxifraga stellaris L.",NA,"Saxifragaceae",NA,6,1982,2022,NA,"Least concern",NA
1042120,377100,"Scabiosa lucida Vill.",NA,"Caprifoliaceae",NA,1,1982,2025,NA,"Least concern",NA
1042760,383300,"Sedum alpestre Vill.",NA,"Crassulaceae",NA,5,1982,2025,NA,"Least concern",NA
1042800,383700,"Sedum atratum L.",NA,"Crassulaceae",NA,4,1982,2025,NA,"Least concern",NA
1043080,386000,"Sedum villosum L.",NA,"Crassulaceae",NA,0,1982,1982,NA,"Vulnerable",NA
1043100,386300,"Selaginella selaginoides (L.) Schrank & Mart.",NA,"Selaginellaceae",NA,3,1982,2023,NA,"Least concern",NA
1043160,387000,"Sempervivum montanum L.",NA,"Crassulaceae",NA,7,1982,2025,NA,"Least concern",NA
1043280,388200,"Senecio doronicum (L.) L.",NA,"Asteraceae",NA,2,1994,2025,NA,"Least concern",NA
1043370,389005,"Senecio incanus L.",NA,"Asteraceae",NA,25,1982,2025,NA,"Least concern",NA
1043390,389200,"Senecio incanus subsp. carniolicus (Willd.) Braun-Blanq.",NA,"Asteraceae",NA,16,1982,2025,NA,"Least concern",NA
1043470,390000,"Senecio rupestris Waldst. & Kit.",NA,"Asteraceae",NA,1,2025,2025,NA,"Least concern",NA
1043700,392200,"Sesleria caerulea (L.) Ard.",NA,"Poaceae",NA,1,1982,2021,NA,"Least concern",NA
1043890,394300,"Silene acaulis (L.) Jacq.",NA,"Caryophyllaceae",NA,3,1982,2021,NA,"Least concern",NA
1043960,395100,"Silene exscapa All.",NA,"Caryophyllaceae",NA,15,1982,2025,NA,"Least concern",NA
1044080,396800,"Silene rupestris L.",NA,"Caryophyllaceae",NA,1,1982,2025,NA,"Least concern",NA
1044140,397295,"Silene vulgaris (Moench) Garcke",NA,"Caryophyllaceae",NA,1,1982,2022,NA,"Least concern",NA
1044540,400600,"Soldanella alpina L.",NA,"Primulaceae",NA,2,1982,2023,NA,"Least concern",NA
1044620,401395,"Solidago virgaurea L.",NA,"Asteraceae",NA,2,1982,2022,NA,"Least concern",NA
1046010,412000,"Taraxacum alpinum aggr.",NA,"Asteraceae",NA,3,1982,2024,NA,"Least concern",NA
1046030,412300,"Taraxacum ceratophorum aggr.",NA,"Asteraceae",NA,2,1982,2024,NA,"Endangered",NA
1047290,423900,"Trichophorum cespitosum (L.) Hartm.",NA,"Cyperaceae",NA,1,1982,2025,NA,"Least concern",NA
1047370,424500,"Trifolium alpinum L.",NA,"Fabaceae",NA,6,1982,2022,NA,"Least concern",NA
1047770,428200,"Triglochin palustris L.",NA,"Juncaginaceae",NA,1,1982,2021,NA,"Least concern",NA
1047920,429500,"Trisetum spicatum (L.) K. Richt.",NA,"Poaceae",NA,7,1982,2024,NA,"Least concern",NA
1048220,432000,"Tussilago farfara L.",NA,"Asteraceae",NA,2,1982,2023,NA,"Least concern",NA
1048470,434500,"Vaccinium gaultherioides Bigelow",NA,"Ericaceae",NA,2,2011,2025,NA,"Least concern",NA
1048500,434800,"Vaccinium myrtillus L.",NA,"Ericaceae",NA,2,1982,2022,NA,"Least concern",NA
1048520,435100,"Vaccinium uliginosum aggr.",NA,"Ericaceae",NA,4,1982,2025,NA,"Least concern",NA
1048600,435900,"Valeriana officinalis aggr.",NA,"Caprifoliaceae",NA,0,1982,1982,NA,"Least concern",NA
1049120,440400,"Veronica alpina L.",NA,"Plantaginaceae",NA,10,1982,2024,NA,"Least concern",NA
1049150,440700,"Veronica aphylla L.",NA,"Plantaginaceae",NA,1,1982,2019,NA,"Least concern",NA
1049190,441100,"Veronica bellidioides L.",NA,"Plantaginaceae",NA,2,1982,2025,NA,"Least concern",NA
1050020,449200,"Viola calcarata L.",NA,"Violaceae",NA,9,1982,2023,NA,"Least concern",NA
1000000,100,"Abies alba Mill.",NA,"Pinaceae",NA,1,2024,2024,NA,"Least concern",NA
1000260,1350,"Achillea erba-rotta All.",NA,"Asteraceae",NA,11,1982,2024,NA,"Least concern",NA
1000290,1500,"Achillea erba-rotta subsp. moschata (Wulfen) Vacc.",NA,"Asteraceae",NA,7,1982,2024,NA,"Least concern",NA
1000330,1700,"Achillea millefolium L.",NA,"Asteraceae",NA,25,1982,2025,NA,"Least concern",NA
1000340,1701,"Achillea millefolium L. subsp. millefolium",NA,"Asteraceae",NA,2,2024,2025,NA,"",NA
1000320,1706,"Achillea millefolium aggr.",NA,"Asteraceae",NA,60,1982,2025,NA,"Least concern",NA
1000460,2800,"Acinos alpinus (L.) Moench",NA,"Lamiaceae",NA,5,2019,2025,NA,"Least concern",NA
1000543,3510,"Aconitum lycoctonum L.",NA,"Ranunculaceae",NA,5,2011,2024,NA,"Least concern",NA
1000548,3520,"Aconitum lycoctonum subsp. neapolitanum (Ten.) Nyman",NA,"Ranunculaceae",NA,4,2011,2024,NA,"Least concern",NA
1000563,3540,"Aconitum napellus L.",NA,"Ranunculaceae",NA,4,1982,2018,NA,"Least concern",NA
1000567,3580,"Aconitum napellus subsp. vulgare Rouy & Foucaud",NA,"Ranunculaceae",NA,3,2013,2015,NA,"Least concern",NA
1000770,5400,"Adenostyles alliariae (Gouan) A. Kern.",NA,"Asteraceae",NA,1,2021,2021,NA,"Least concern",NA
1000780,5450,"Adenostyles alpina (L.) Bluff & Fingerh.",NA,"Asteraceae",NA,1,2023,2023,NA,"Least concern",NA
1000800,5600,"Adenostyles leucophylla (Willd.) Rchb.",NA,"Asteraceae",NA,2,1982,2021,NA,"Least concern",NA
1000880,6300,"Adoxa moschatellina L.",NA,"Adoxaceae",NA,2,2013,2015,NA,"Least concern",NA
1000930,6800,"Aegopodium podagraria L.",NA,"Apiaceae",NA,2,2025,2025,NA,"Least concern",NA
1001060,8400,"Agrostis alpina Scop.",NA,"Poaceae",NA,3,1969,2021,NA,"Least concern",NA
1001070,8500,"Agrostis canina L.",NA,"Poaceae",NA,2,2020,2021,NA,"Near threatened",NA
1001080,8600,"Agrostis capillaris L.",NA,"Poaceae",NA,25,1982,2025,NA,"Least concern",NA
1001100,8900,"Agrostis rupestris All.",NA,"Poaceae",NA,12,1982,2025,NA,"Least concern",NA
1001120,9100,"Agrostis schraderiana Bech.",NA,"Poaceae",NA,12,1982,2021,NA,"Least concern",NA
1001130,9300,"Agrostis stolonifera L.",NA,"Poaceae",NA,10,1982,2025,NA,"Least concern",NA
1001220,10300,"Ajuga pyramidalis L.",NA,"Lamiaceae",NA,5,1982,2025,NA,"Least concern",NA
1001480,12400,"Alchemilla coriacea Buser",NA,"Rosaceae",NA,3,2021,2021,NA,"Least concern",NA
1001470,12500,"Alchemilla coriacea aggr.",NA,"Rosaceae",NA,5,2018,2021,NA,"Least concern",NA
1001650,13890,"Alchemilla fissa Günther & Schummel",NA,"Rosaceae",NA,3,2021,2021,NA,"Least concern",NA
1001640,14000,"Alchemilla fissa aggr.",NA,"Rosaceae",NA,3,2021,2021,NA,"Least concern",NA
1001890,16000,"Alchemilla hybrida aggr.",NA,"Rosaceae",NA,6,1969,2021,NA,"Least concern",NA
1002110,18100,"Alchemilla pentaphyllea L.",NA,"Rosaceae",NA,5,1982,2022,NA,"Least concern",NA
1002440,21100,"Alchemilla vulgaris aggr.",NA,"Rosaceae",NA,47,2001,2025,NA,"Least concern",NA
1002520,22100,"Alliaria petiolata (M. Bieb.) Cavara & Grande",NA,"Brassicaceae",NA,1,2025,2025,NA,"Least concern",NA
1002560,22350,"Allium carinatum L.",NA,"Amaryllidaceae",NA,1,2023,2023,NA,"Near threatened",NA
1002630,23000,"Allium lineare L.",NA,"Amaryllidaceae",NA,3,2011,2011,NA,"Vulnerable",NA
1002640,23100,"Allium lusitanicum Lam.",NA,"Amaryllidaceae",NA,1,2001,2001,NA,"Least concern",NA
1002740,24200,"Allium schoenoprasum L.",NA,"Amaryllidaceae",NA,8,1982,2024,NA,"Least concern",NA
1002800,24900,"Allium victorialis L.",NA,"Amaryllidaceae",NA,3,2014,2018,NA,"Least concern",NA
1002920,26000,"Alopecurus pratensis L.",NA,"Poaceae",NA,12,2013,2025,NA,"Least concern",NA
1003480,30800,"Anchusa officinalis L.",NA,"Boraginaceae",NA,6,1997,2025,NA,"Near threatened",NA
1003500,31300,"Androsace alpina (L.) Lam.",NA,"Primulaceae",NA,17,2011,2025,NA,"Least concern",NA
1003540,31800,"Androsace chamaejasme Wulfen",NA,"Primulaceae",NA,2,1982,2021,NA,"Least concern",NA
1003570,32100,"Androsace helvetica (L.) All.",NA,"Primulaceae",NA,3,1982,2011,NA,"Least concern",NA
1003600,32400,"Androsace obtusifolia All.",NA,"Primulaceae",NA,13,1898,2024,NA,"Least concern",NA
1003820,34100,"Angelica sylvestris L.",NA,"Apiaceae",NA,1,1982,2025,NA,"Least concern",NA
1003840,34300,"Antennaria carpatica (Wahlenb.) Bluff & Fingerh.",NA,"Asteraceae",NA,8,1969,2025,NA,"Least concern",NA
1003850,34400,"Antennaria dioica (L.) Gaertn.",NA,"Asteraceae",NA,39,1883,2024,NA,"Least concern",NA
1003920,35100,"Anthericum liliago L.",NA,"Asparagaceae",NA,1,2023,2023,NA,"Least concern",NA
1003940,35300,"Anthoxanthum alpinum Á. Löve & D. Löve",NA,"Poaceae",NA,44,2019,2025,NA,"Least concern",NA
1003970,35400,"Anthoxanthum odoratum L.",NA,"Poaceae",NA,6,1982,2019,NA,"Least concern",NA
1003960,35500,"Anthoxanthum odoratum aggr.",NA,"Poaceae",NA,55,1982,2025,NA,"Least concern",NA
1004010,35900,"Anthriscus sylvestris (L.) Hoffm.",NA,"Apiaceae",NA,1,2013,2013,NA,"Least concern",NA
1004070,36790,"Anthyllis vulneraria L.",NA,"Fabaceae",NA,36,1969,2025,NA,"Least concern",NA
1004080,36800,"Anthyllis vulneraria L. subsp. vulneraria",NA,"Fabaceae",NA,1,2021,2021,NA,"",NA
1004090,36900,"Anthyllis vulneraria subsp. alpestris (Schult.) Asch. & Graebn.",NA,"Fabaceae",NA,16,1969,2025,NA,"Least concern",NA
1004150,37300,"Anthyllis vulneraria subsp. valesiaca (Beck) Guyot",NA,"Fabaceae",NA,12,2019,2021,NA,"Least concern",NA
1004200,37900,"Apera spica-venti (L.) P. Beauv.",NA,"Poaceae",NA,1,2015,2015,NA,"Least concern",NA
1004310,38900,"Aquilegia atrata W. D. J. Koch",NA,"Ranunculaceae",NA,1,2021,2021,NA,"Least concern",NA
1004360,39350,"Arabis alpina L.",NA,"Brassicaceae",NA,13,1969,2025,NA,"Least concern",NA
1004370,39400,"Arabis alpina L. subsp. alpina",NA,"Brassicaceae",NA,1,1969,1982,NA,"",NA
1004380,39500,"Arabis alpina subsp. caucasica (Willd.) Briq.",NA,"Brassicaceae",NA,1,2011,2011,NA,"",NA
1004400,39650,"Arabis bellidifolia Crantz",NA,"Brassicaceae",NA,1,1898,1982,NA,"Least concern",NA
1004430,40000,"Arabis caerulea All.",NA,"Brassicaceae",NA,6,1982,2025,NA,"Least concern",NA
1004440,40200,"Arabis ciliata Clairv.",NA,"Brassicaceae",NA,1,1969,1969,NA,"Least concern",NA
1004570,42000,"Arabis subcoriacea Gren.",NA,"Brassicaceae",NA,4,1982,2022,NA,"Least concern",NA
1004680,43000,"Arctostaphylos alpina (L.) Spreng.",NA,"Ericaceae",NA,2,1982,2025,NA,"Least concern",NA
1004690,43100,"Arctostaphylos uva-ursi (L.) Spreng.",NA,"Ericaceae",NA,2,1982,2024,NA,"Least concern",NA
1004720,43400,"Arenaria biflora L.",NA,"Caryophyllaceae",NA,1,1982,2021,NA,"Least concern",NA
1004740,43500,"Arenaria ciliata L.",NA,"Caryophyllaceae",NA,2,1966,2020,NA,"",NA
1004730,43505,"Arenaria ciliata aggr.",NA,"Caryophyllaceae",NA,2,1966,2020,NA,"Least concern",NA
1004780,44100,"Arenaria marschlinsii W. D. J. Koch",NA,"Caryophyllaceae",NA,8,1982,2025,NA,"Near threatened",NA
1004810,44300,"Arenaria serpyllifolia L.",NA,"Caryophyllaceae",NA,1,2019,2019,NA,"Least concern",NA
1004800,44305,"Arenaria serpyllifolia aggr.",NA,"Caryophyllaceae",NA,1,2019,2019,NA,"Least concern",NA
1004900,45600,"Armoracia rusticana G. Gaertn. & al.",NA,"Brassicaceae",NA,1,2022,2022,NA,"Least concern",NA
1004910,45700,"Arnica montana L.",NA,"Asteraceae",NA,60,1883,2025,NA,"Least concern",NA
1004930,45900,"Arrhenatherum elatius (L.) J. Presl & C. Presl",NA,"Poaceae",NA,1,2025,2025,NA,"Least concern",NA
1004950,46100,"Artemisia absinthium L.",NA,"Asteraceae",NA,4,2017,2017,NA,"Least concern",NA
1005080,47000,"Artemisia genipi Weber",NA,"Asteraceae",NA,13,1982,2025,NA,"Least concern",NA
1005130,47700,"Artemisia umbelliformis Lam.",NA,"Asteraceae",NA,3,1982,2025,NA,"Least concern",NA
1005160,48000,"Artemisia vulgaris L.",NA,"Asteraceae",NA,3,2022,2025,NA,"Least concern",NA
1005280,49100,"Asperugo procumbens L.",NA,"Boraginaceae",NA,3,2025,2025,NA,"Near threatened",NA
1005540,51200,"Asplenium septentrionale (L.) Hoffm.",NA,"Aspleniaceae",NA,1,1982,2025,NA,"Least concern",NA
1005610,51500,"Asplenium viride Huds.",NA,"Aspleniaceae",NA,2,1982,2023,NA,"Least concern",NA
1005640,51800,"Aster alpinus L.",NA,"Asteraceae",NA,22,1898,2025,NA,"Least concern",NA
1005660,52000,"Aster bellidiastrum (L.) Scop.",NA,"Asteraceae",NA,5,1982,2025,NA,"Least concern",NA
1005790,53200,"Astragalus alpinus L.",NA,"Fabaceae",NA,7,1982,2022,NA,"Least concern",NA
1005800,53300,"Astragalus australis (L.) Lam.",NA,"Fabaceae",NA,5,1982,2025,NA,"Least concern",NA
1005870,53900,"Astragalus frigidus (L.) A. Gray",NA,"Fabaceae",NA,1,1982,2025,NA,"Least concern",NA
1005940,54600,"Astragalus penduliflorus Lam.",NA,"Fabaceae",NA,6,1998,2024,NA,"Least concern",NA
1006050,55300,"Astrantia minor L.",NA,"Apiaceae",NA,1,1933,1982,NA,"Least concern",NA
1006090,55700,"Athyrium filix-femina (L.) Roth",NA,"Athyriaceae",NA,1,1982,2025,NA,"Least concern",NA
1006320,57400,"Avenella flexuosa (L.) Drejer",NA,"Poaceae",NA,9,1982,2025,NA,"Least concern",NA
1006420,58300,"Barbarea intermedia Boreau",NA,"Brassicaceae",NA,1,2015,2015,NA,"Least concern",NA
1006450,58600,"Barbarea vulgaris R. Br.",NA,"Brassicaceae",NA,5,2011,2025,NA,"Least concern",NA
1006460,58700,"Bartsia alpina L.",NA,"Orobanchaceae",NA,23,1888,2025,NA,"Least concern",NA
1006490,59100,"Bellis perennis L.",NA,"Asteraceae",NA,3,2025,2025,NA,"Least concern",NA
1006600,60400,"Betula pendula Roth",NA,"Betulaceae",NA,2,2025,2025,NA,"Least concern",NA
1006595,60450,"Betula pendula aggr.",NA,"Betulaceae",NA,3,2025,2025,NA,"",NA
1006610,60500,"Betula pubescens Ehrh.",NA,"Betulaceae",NA,1,2025,2025,NA,"Least concern",NA
1006780,62000,"Biscutella laevigata L.",NA,"Brassicaceae",NA,12,1969,2025,NA,"Least concern",NA
1006890,62700,"Blitum virgatum L.",NA,"Amaranthaceae",NA,20,2010,2024,NA,"Near threatened",NA
1006900,62800,"Blysmus compressus (L.) Link",NA,"Cyperaceae",NA,5,2018,2023,NA,"Least concern",NA
1006960,63000,"Borago officinalis L.",NA,"Boraginaceae",NA,1,1890,1890,NA,"",NA
1006990,63300,"Botrychium lunaria (L.) Sw.",NA,"Ophioglossaceae",NA,46,1888,2025,NA,"Least concern",NA
1007070,64000,"Brachypodium pinnatum aggr.",NA,"Poaceae",NA,6,2001,2023,NA,"Least concern",NA
1007080,64100,"Brachypodium rupestre (Host) Roem. & Schult.",NA,"Poaceae",NA,1,2022,2022,NA,"Least concern",NA
1007200,65200,"Briza media L.",NA,"Poaceae",NA,41,1982,2025,NA,"Least concern",NA
1007360,66100,"Bromus inermis Leyss.",NA,"Poaceae",NA,2,2025,2025,NA,"",NA
1007355,66130,"Bromus inermis aggr.",NA,"Poaceae",NA,2,2025,2025,NA,"",NA
1007540,67200,"Bromus sterilis L.",NA,"Poaceae",NA,1,2018,2018,NA,"Least concern",NA
1007660,68300,"Bunias orientalis L.",NA,"Brassicaceae",NA,10,1999,2024,NA,"",NA
1007950,71500,"Calamagrostis villosa (Chaix) J. F. Gmel.",NA,"Poaceae",NA,5,1982,2025,NA,"Least concern",NA
1008160,73600,"Calluna vulgaris (L.) Hull",NA,"Ericaceae",NA,12,1982,2025,NA,"Least concern",NA
1008180,73700,"Caltha palustris L.",NA,"Ranunculaceae",NA,5,1982,2021,NA,"Least concern",NA
1008230,74200,"Camelina microcarpa DC.",NA,"Brassicaceae",NA,1,2013,2013,NA,"Vulnerable",NA
1008300,74700,"Campanula barbata L.",NA,"Campanulaceae",NA,28,1982,2025,NA,"Least concern",NA
1008370,75000,"Campanula cenisia L.",NA,"Campanulaceae",NA,10,1982,2025,NA,"Least concern",NA
1008440,75700,"Campanula glomerata L.",NA,"Campanulaceae",NA,1,2025,2025,NA,"Least concern",NA
1008610,76800,"Campanula rapunculoides L.",NA,"Campanulaceae",NA,1,2019,2019,NA,"Least concern",NA
1008650,77200,"Campanula scheuchzeri Vill.",NA,"Campanulaceae",NA,62,1969,2025,NA,"Least concern",NA
1008680,77500,"Campanula thyrsoides L.",NA,"Campanulaceae",NA,6,1999,2014,NA,"Least concern",NA
1008690,77600,"Campanula trachelium L.",NA,"Campanulaceae",NA,1,2020,2020,NA,"Least concern",NA
1008720,77900,"Capsella bursa-pastoris (L.) Medik.",NA,"Brassicaceae",NA,4,2016,2025,NA,"Least concern",NA
1008740,78000,"Capsella rubella Reut.",NA,"Brassicaceae",NA,1,2019,2019,NA,"Least concern",NA
1008780,78200,"Cardamine alpina Willd.",NA,"Brassicaceae",NA,3,1887,2019,NA,"Least concern",NA
1008855,78700,"Cardamine flexuosa aggr.",NA,"Brassicaceae",NA,1,2002,2002,NA,"Least concern",NA
1008970,79900,"Cardamine pratensis aggr.",NA,"Brassicaceae",NA,1,2021,2021,NA,"Least concern",NA
1009020,80300,"Cardamine resedifolia L.",NA,"Brassicaceae",NA,5,1888,2025,NA,"Least concern",NA
1009110,81000,"Cardaminopsis halleri (L.) Hayek",NA,"Brassicaceae",NA,18,1873,2025,NA,"Least concern",NA
1009140,81500,"Carduus crispus L.",NA,"Asteraceae",NA,9,2001,2025,NA,"Least concern",NA
1009150,81530,"Carduus crispus L. subsp. crispus",NA,"Asteraceae",NA,1,2023,2023,NA,"Least concern",NA
1009160,81560,"Carduus crispus subsp. multiflorus (Gaudin) Franco",NA,"Asteraceae",NA,2,2021,2025,NA,"Data deficient",NA
1009170,81595,"Carduus defloratus L.",NA,"Asteraceae",NA,18,1969,2025,NA,"Least concern",NA
1009180,81600,"Carduus defloratus L. subsp. defloratus",NA,"Asteraceae",NA,3,1969,2021,NA,"Least concern",NA
1009190,81700,"Carduus defloratus subsp. crassifolius (Willd.) Hayek",NA,"Asteraceae",NA,1,2018,2018,NA,"Near threatened",NA
1009240,82400,"Carduus personata (L.) Jacq.",NA,"Asteraceae",NA,5,1881,2025,NA,"Least concern",NA
1009330,83350,"Carex atrata L.",NA,"Cyperaceae",NA,7,1969,2024,NA,"Least concern",NA
1009340,83400,"Carex atrata L. subsp. atrata",NA,"Cyperaceae",NA,5,1969,2023,NA,"Least concern",NA
1009320,83405,"Carex atrata aggr.",NA,"Cyperaceae",NA,12,1957,2024,NA,"",NA
1009470,84500,"Carex buxbaumii Wahlenb.",NA,"Cyperaceae",NA,3,1895,1895,NA,"Vulnerable",NA
1009480,84600,"Carex canescens L.",NA,"Cyperaceae",NA,1,2013,2013,NA,"Least concern",NA
1009490,84700,"Carex capillaris L.",NA,"Cyperaceae",NA,3,1969,2022,NA,"Least concern",NA
1009510,84900,"Carex caryophyllea Latourr.",NA,"Cyperaceae",NA,3,2021,2025,NA,"Least concern",NA
1009540,85395,"Carex curvula All.",NA,"Cyperaceae",NA,30,1966,2024,NA,"Least concern",NA
1009550,85400,"Carex curvula All. subsp. curvula",NA,"Cyperaceae",NA,8,1982,2021,NA,"Least concern",NA
1009560,85500,"Carex curvula subsp. rosae Gilomen",NA,"Cyperaceae",NA,1,1966,2023,NA,"Least concern",NA
1009570,85700,"Carex davalliana Sm.",NA,"Cyperaceae",NA,8,1982,2021,NA,"Least concern",NA
1009610,86100,"Carex digitata L.",NA,"Cyperaceae",NA,1,2021,2021,NA,"Least concern",NA
1009680,86700,"Carex echinata Murray",NA,"Cyperaceae",NA,2,2013,2024,NA,"Least concern",NA
1009690,86800,"Carex elata All.",NA,"Cyperaceae",NA,2,2013,2018,NA,"Least concern",NA
1009720,87100,"Carex ericetorum Pollich",NA,"Cyperaceae",NA,6,1969,2021,NA,"Near threatened",NA
1009730,87200,"Carex ferruginea Scop.",NA,"Cyperaceae",NA,6,1982,2023,NA,"Least concern",NA
1009760,87500,"Carex flacca Schreb.",NA,"Cyperaceae",NA,11,1982,2025,NA,"Least concern",NA
1009780,87600,"Carex flava L.",NA,"Cyperaceae",NA,3,1982,2019,NA,"Least concern",NA
1009770,87605,"Carex flava aggr.",NA,"Cyperaceae",NA,5,1982,2020,NA,"Least concern",NA
1009800,87800,"Carex frigida All.",NA,"Cyperaceae",NA,4,1982,2021,NA,"Least concern",NA
1009920,89100,"Carex lachenalii Schkuhr",NA,"Cyperaceae",NA,6,1957,2021,NA,"Least concern",NA
1009990,89700,"Carex liparocarpos Gaudin",NA,"Cyperaceae",NA,1,2024,2024,NA,"Least concern",NA
1010040,90300,"Carex montana L.",NA,"Cyperaceae",NA,19,1982,2025,NA,"Least concern",NA
1010070,90700,"Carex nigra (L.) Reichard",NA,"Cyperaceae",NA,12,1982,2021,NA,"Least concern",NA
1010080,90900,"Carex norvegica Retz.",NA,"Cyperaceae",NA,2,1900,1982,NA,"Vulnerable",NA
1010090,91200,"Carex ornithopoda Willd.",NA,"Cyperaceae",NA,8,1982,2024,NA,"Least concern",NA
1010130,91600,"Carex pallescens L.",NA,"Cyperaceae",NA,4,1982,2024,NA,"Least concern",NA
1010140,91700,"Carex panicea L.",NA,"Cyperaceae",NA,14,1982,2023,NA,"Least concern",NA
1010150,91800,"Carex paniculata L.",NA,"Cyperaceae",NA,1,2023,2023,NA,"Least concern",NA
1010160,92000,"Carex parviflora Host",NA,"Cyperaceae",NA,5,1957,2020,NA,"Least concern",NA
1010210,92500,"Carex pilulifera L.",NA,"Cyperaceae",NA,3,2021,2021,NA,"Least concern",NA
1010320,93700,"Carex rostrata Stokes",NA,"Cyperaceae",NA,8,1981,2020,NA,"Least concern",NA
1010330,93800,"Carex rupestris All.",NA,"Cyperaceae",NA,5,1969,2024,NA,"Least concern",NA
1010340,93900,"Carex sempervirens Vill.",NA,"Cyperaceae",NA,67,1969,2025,NA,"Least concern",NA
1010420,95100,"Carex vaginata Tausch",NA,"Cyperaceae",NA,29,1847,1989,NA,"Vulnerable",NA
1010490,95800,"Carlina acaulis L.",NA,"Asteraceae",NA,34,1982,2025,NA,"Least concern",NA
1010510,96000,"Carlina acaulis subsp. caulescens (Lam.) Schübl. & G. Martens",NA,"Asteraceae",NA,6,2013,2022,NA,"",NA
1010560,96500,"Carlina vulgaris L.",NA,"Asteraceae",NA,1,2023,2023,NA,"Least concern",NA
1010550,96600,"Carlina vulgaris aggr.",NA,"Asteraceae",NA,1,2023,2023,NA,"Least concern",NA
1010610,97100,"Carum carvi L.",NA,"Apiaceae",NA,12,2013,2022,NA,"Least concern",NA
1010820,98750,"Centaurea jacea L.",NA,"Asteraceae",NA,1,2018,2018,NA,"Least concern",NA
1010865,99030,"Centaurea jacea aggr.",NA,"Asteraceae",NA,1,2018,2018,NA,"",NA
1010890,99200,"Centaurea montana L.",NA,"Asteraceae",NA,7,1995,2025,NA,"Least concern",NA
1010910,99400,"Centaurea nervosa Willd.",NA,"Asteraceae",NA,16,1994,2025,NA,"Least concern",NA
1010940,99705,"Centaurea paniculata aggr.",NA,"Asteraceae",NA,1,2025,2025,NA,"",NA
1010980,99995,"Centaurea scabiosa L.",NA,"Asteraceae",NA,2,1966,2012,NA,"Least concern",NA
1011000,100100,"Centaurea scabiosa subsp. alpestris (Hegetschw.) Nyman",NA,"Asteraceae",NA,1,1966,2012,NA,"Least concern",NA
1011060,100650,"Centaurea stoebe L.",NA,"Asteraceae",NA,1,2025,2025,NA,"Vulnerable",NA
1011220,102100,"Cephalaria alpina (L.) Roem. & Schult.",NA,"Caprifoliaceae",NA,1,2001,2001,NA,"Near threatened",NA
1011230,102150,"Cephalaria gigantea (Ledeb.) Bobrov",NA,"Caprifoliaceae",NA,1,2013,2013,NA,"",NA
1011250,102200,"Cerastium alpinum L.",NA,"Caryophyllaceae",NA,5,1982,2023,NA,"Least concern",NA
1011270,102595,"Cerastium arvense L.",NA,"Caryophyllaceae",NA,12,1883,2025,NA,"Least concern",NA
1011300,102700,"Cerastium arvense subsp. strictum (W. D. J. Koch) Schinz & R. Keller",NA,"Caryophyllaceae",NA,8,1883,2024,NA,"Least concern",NA
1011370,103400,"Cerastium cerastoides (L.) Britton",NA,"Caryophyllaceae",NA,1,1982,2016,NA,"Least concern",NA
1011390,103595,"Cerastium fontanum Baumg.",NA,"Caryophyllaceae",NA,21,1982,2025,NA,"Least concern",NA
1011400,103600,"Cerastium fontanum Baumg. subsp. fontanum",NA,"Caryophyllaceae",NA,3,1982,2021,NA,"Least concern",NA
1011420,103800,"Cerastium fontanum subsp. vulgare (Hartm.) Greuter & Burdet",NA,"Caryophyllaceae",NA,11,2019,2021,NA,"Least concern",NA
1011450,104200,"Cerastium latifolium L.",NA,"Caryophyllaceae",NA,2,1982,2011,NA,"Least concern",NA
1011530,105400,"Cerastium uniflorum Clairv.",NA,"Caryophyllaceae",NA,9,1982,2025,NA,"Least concern",NA
1011590,105700,"Cerinthe glabra Mill.",NA,"Boraginaceae",NA,1,1895,1895,NA,"Least concern",NA
1011640,106100,"Chaenorrhinum minus (L.) Lange",NA,"Plantaginaceae",NA,3,2015,2025,NA,"Least concern",NA
1011650,106130,"Chaenorrhinum minus (L.) Lange subsp. minus",NA,"Plantaginaceae",NA,1,2015,2015,NA,"",NA
1011710,106700,"Chaerophyllum hirsutum L.",NA,"Apiaceae",NA,4,2021,2025,NA,"Least concern",NA
1011700,106705,"Chaerophyllum hirsutum aggr.",NA,"Apiaceae",NA,12,2018,2025,NA,"Least concern",NA
1011730,107100,"Chaerophyllum villarsii W. D. J. Koch",NA,"Apiaceae",NA,8,2018,2025,NA,"Least concern",NA
1011810,107700,"Chamorchis alpina (L.) Rich.",NA,"Orchidaceae",NA,16,1982,2025,NA,"Least concern",NA
50005,NA,"Chara contraria Kütz.",NA,"Characeae",NA,4,2022,2024,NA,"Least concern",NA
50009,NA,"Chara globularis Thuill.",NA,"Characeae",NA,126,2022,2024,NA,"Least concern",NA
50092,NA,"Chara globularis aggr.",NA,"Characeae",NA,126,2022,2024,NA,"",NA
50012,NA,"Chara hispida L.",NA,"Characeae",NA,36,2022,2024,NA,"Vulnerable",NA
50093,NA,"Chara hispida aggr.",NA,"Characeae",NA,36,2022,2024,NA,"",NA
50022,NA,"Chara strigosa A. Braun",NA,"Characeae",NA,67,2014,2025,NA,"Endangered",NA
50010,NA,"Chara vulgaris aggr.",NA,"Characeae",NA,71,2014,2025,NA,"",NA
1011845,108330,"Chenopodium album aggr.",NA,"Amaranthaceae",NA,2,2025,2025,NA,"",NA
1011880,108500,"Chenopodium bonus-henricus L.",NA,"Amaranthaceae",NA,14,1982,2025,NA,"Least concern",NA
1012160,112500,"Chrysosplenium alternifolium L.",NA,"Saxifragaceae",NA,1,2013,2013,NA,"Least concern",NA
1012200,112900,"Cicerbita macrophylla (Willd.) Wallr.",NA,"Asteraceae",NA,16,2001,2025,NA,"",NA
1012300,113700,"Cirsium acaule Scop.",NA,"Asteraceae",NA,26,1994,2024,NA,"Least concern",NA
1012310,113800,"Cirsium arvense (L.) Scop.",NA,"Asteraceae",NA,8,2016,2025,NA,"Least concern",NA
1012330,114000,"Cirsium eriophorum (L.) Scop.",NA,"Asteraceae",NA,6,1995,2025,NA,"Least concern",NA
1012340,114100,"Cirsium eriophorum (L.) Scop. subsp. eriophorum",NA,"Asteraceae",NA,1,1995,1995,NA,"",NA
1012370,114400,"Cirsium helenioides (L.) Hill",NA,"Asteraceae",NA,17,1881,2025,NA,"Least concern",NA
1012450,115300,"Cirsium spinosissimum (L.) Scop.",NA,"Asteraceae",NA,20,1982,2024,NA,"Least concern",NA
1012470,115500,"Cirsium vulgare (Savi) Ten.",NA,"Asteraceae",NA,1,2024,2024,NA,"Least concern",NA
1012570,116000,"Clematis alpina (L.) Mill.",NA,"Ranunculaceae",NA,4,1930,2021,NA,"Least concern",NA
1012750,117200,"Coeloglossum viride (L.) Hartm.",NA,"Orchidaceae",NA,231,1980,2025,NA,"Least concern",NA
1012810,117700,"Colchicum autumnale L.",NA,"Colchicaceae",NA,1,2001,2001,NA,"Least concern",NA
1013090,119400,"Corallorhiza trifida Châtel.",NA,"Orchidaceae",NA,1,2024,2024,NA,"Least concern",NA
1013210,120400,"Coronilla vaginalis Lam.",NA,"Fabaceae",NA,1,1994,2016,NA,"Least concern",NA
1013310,121500,"Corydalis solida (L.) Clairv.",NA,"Papaveraceae",NA,3,1932,1982,NA,"Least concern",NA
1013450,121800,"Cotoneaster integerrimus Medik.",NA,"Rosaceae",NA,6,1982,2024,NA,"Least concern",NA
1013630,123000,"Crepis aurea (L.) Cass.",NA,"Asteraceae",NA,19,1898,2024,NA,"Least concern",NA
1013670,123500,"Crepis conyzifolia (Gouan) A. Kern.",NA,"Asteraceae",NA,6,1982,2025,NA,"Least concern",NA
1013800,124800,"Crepis pyrenaica (L.) Greuter",NA,"Asteraceae",NA,1,2001,2001,NA,"Least concern",NA
1013880,125800,"Crocus albiflorus Kit.",NA,"Iridaceae",NA,1,1982,2021,NA,"Least concern",NA
1014000,126600,"Cryptogramma crispa (L.) Hook.",NA,"Pteridaceae",NA,4,2018,2023,NA,"Least concern",NA
1014520,130700,"Cystopteris fragilis (L.) Bernh.",NA,"Cystopteridaceae",NA,1,1982,2012,NA,"Least concern",NA
1014515,130750,"Cystopteris fragilis aggr.",NA,"Cystopteridaceae",NA,2,1982,2024,NA,"",NA
1014610,131800,"Dactylis glomerata L.",NA,"Poaceae",NA,5,1982,2025,NA,"Least concern",NA
1014660,132100,"Dactylorhiza cruenta (O. F. Müll.) Soó",NA,"Orchidaceae",NA,19,1977,2023,NA,"Vulnerable",NA
1014666,NA,"Dactylorhiza cruenta × majalis",NA,"Orchidaceae",NA,1,1995,1995,NA,"",NA
1014690,132300,"Dactylorhiza incarnata (L.) Soó",NA,"Orchidaceae",NA,4,2001,2023,NA,"Near threatened",NA
1014700,132350,"Dactylorhiza incarnata (L.) Soó subsp. incarnata",NA,"Orchidaceae",NA,2,2001,2013,NA,"Near threatened",NA
1014750,132500,"Dactylorhiza lapponica (Hartm.) Soó",NA,"Orchidaceae",NA,5,1999,2025,NA,"Near threatened",NA
1014760,132600,"Dactylorhiza maculata (L.) Soó",NA,"Orchidaceae",NA,38,2001,2025,NA,"Least concern",NA
1014775,132630,"Dactylorhiza maculata subsp. fuchsii (Druce) Hyl.",NA,"Orchidaceae",NA,32,2001,2025,NA,"Least concern",NA
1014800,132700,"Dactylorhiza majalis (Rchb.) P. F. Hunt & Summerh.",NA,"Orchidaceae",NA,104,1980,2025,NA,"Least concern",NA
1014820,132800,"Dactylorhiza sambucina (L.) Soó",NA,"Orchidaceae",NA,1,1901,1901,NA,"Near threatened",NA
1014900,133600,"Daphne mezereum L.",NA,"Thymelaeaceae",NA,2,2018,2025,NA,"Least concern",NA
1014910,133700,"Daphne striata Tratt.",NA,"Thymelaeaceae",NA,25,1969,2025,NA,"Least concern",NA
1014950,133900,"Daucus carota L.",NA,"Apiaceae",NA,2,2019,2019,NA,"Least concern",NA
1015040,134800,"Deschampsia cespitosa (L.) P. Beauv.",NA,"Poaceae",NA,41,1982,2025,NA,"Least concern",NA
1015070,135200,"Descurainia sophia (L.) Prantl",NA,"Brassicaceae",NA,3,2022,2025,NA,"Least concern",NA
1015120,135500,"Dianthus carthusianorum L.",NA,"Caryophyllaceae",NA,9,2013,2021,NA,"Least concern",NA
1015130,135600,"Dianthus carthusianorum L. subsp. carthusianorum",NA,"Caryophyllaceae",NA,3,2021,2021,NA,"Least concern",NA
1015150,135700,"Dianthus carthusianorum subsp. vaginatus (Chaix) Schinz & R. Keller",NA,"Caryophyllaceae",NA,1,2013,2013,NA,"Least concern",NA
1015170,135900,"Dianthus deltoides L.",NA,"Caryophyllaceae",NA,1,2022,2022,NA,"Vulnerable",NA
1015280,136800,"Dianthus superbus L.",NA,"Caryophyllaceae",NA,37,2001,2025,NA,"Least concern",NA
1015300,136860,"Dianthus superbus subsp. alpestris Čelak.",NA,"Caryophyllaceae",NA,2,2019,2020,NA,"Least concern",NA
1015310,136900,"Dianthus sylvestris Wulfen",NA,"Caryophyllaceae",NA,11,1883,2025,NA,"Least concern",NA
1015315,136920,"Dianthus sylvestris Wulfen subsp. sylvestris",NA,"Caryophyllaceae",NA,1,2021,2021,NA,"",NA
1015420,137800,"Diphasiastrum alpinum (L.) Holub",NA,"Lycopodiaceae",NA,3,1982,2021,NA,"Least concern",NA
1015560,139700,"Doronicum clusii (All.) Tausch",NA,"Asteraceae",NA,7,1982,2025,NA,"Least concern",NA
1015590,140000,"Doronicum grandiflorum Lam.",NA,"Asteraceae",NA,6,1969,2025,NA,"Least concern",NA
1015670,140500,"Draba aizoides L.",NA,"Brassicaceae",NA,7,1969,2025,NA,"Least concern",NA
1015680,140700,"Draba dubia Suter",NA,"Brassicaceae",NA,1,1969,1982,NA,"Least concern",NA
1015690,140800,"Draba fladnizensis Wulfen",NA,"Brassicaceae",NA,3,1982,2023,NA,"Least concern",NA
1015740,141300,"Draba nemorosa L.",NA,"Brassicaceae",NA,8,1999,2011,NA,"Near threatened",NA
1015750,141400,"Draba siliquosa M. Bieb.",NA,"Brassicaceae",NA,1,2018,2018,NA,"Least concern",NA
1015780,141600,"Draba tomentosa Clairv.",NA,"Brassicaceae",NA,2,1955,2011,NA,"Least concern",NA
1015800,141800,"Dracocephalum ruyschiana L.",NA,"Lamiaceae",NA,50,1840,2025,NA,"Near threatened",NA
1015860,142500,"Dryas octopetala L.",NA,"Rosaceae",NA,9,1969,2025,NA,"Least concern",NA
1015910,143100,"Dryopteris carthusiana (Vill.) H. P. Fuchs",NA,"Dryopteridaceae",NA,1,2025,2025,NA,"Least concern",NA
1015930,143300,"Dryopteris dilatata (Hoffm.) A. Gray",NA,"Dryopteridaceae",NA,1,2023,2023,NA,"Least concern",NA
1015925,143350,"Dryopteris dilatata aggr.",NA,"Dryopteridaceae",NA,3,2023,2025,NA,"",NA
1015940,143400,"Dryopteris expansa (C. Presl) Fraser-Jenk. & Jermy",NA,"Dryopteridaceae",NA,2,2025,2025,NA,"Least concern",NA
1015950,143500,"Dryopteris filix-mas (L.) Schott",NA,"Dryopteridaceae",NA,2,1982,2025,NA,"Least concern",NA
1016120,144500,"Echium vulgare L.",NA,"Boraginaceae",NA,7,1994,2025,NA,"Least concern",NA
1016320,145900,"Eleocharis quinqueflora (Hartmann) O. Schwarz",NA,"Cyperaceae",NA,1,1982,2018,NA,"Least concern",NA
1016360,146200,"Elodea canadensis Michx.",NA,"Hydrocharitaceae",NA,9,2006,2025,NA,"",NA
1016380,146400,"Elodea nuttallii (Planch.) H. St. John",NA,"Hydrocharitaceae",NA,60,2014,2024,NA,"",NA
1016400,146460,"Elymus caninus (L.) L.",NA,"Poaceae",NA,1,2025,2025,NA,"Least concern",NA
1016450,146560,"Elymus repens (L.) Gould",NA,"Poaceae",NA,3,2019,2025,NA,"Least concern",NA
1016460,146600,"Elyna myosuroides (Vill.) Fritsch",NA,"Cyperaceae",NA,6,1969,2023,NA,"Least concern",NA
1016470,146795,"Empetrum nigrum L.",NA,"Ericaceae",NA,3,1898,2024,NA,"Least concern",NA
1016490,146900,"Empetrum nigrum subsp. hermaphroditum (Hagerup) Böcher",NA,"Ericaceae",NA,3,1898,2024,NA,"Least concern",NA
1016530,147600,"Epilobium anagallidifolium Lam.",NA,"Onagraceae",NA,1,2021,2021,NA,"Least concern",NA
1016540,147700,"Epilobium angustifolium L.",NA,"Onagraceae",NA,25,2013,2025,NA,"Least concern",NA
1016590,148200,"Epilobium fleischeri Hochst.",NA,"Onagraceae",NA,1,1982,2019,NA,"Least concern",NA
1016620,148600,"Epilobium montanum L.",NA,"Onagraceae",NA,1,2025,2025,NA,"Least concern",NA
1016650,148900,"Epilobium palustre L.",NA,"Onagraceae",NA,1,2024,2024,NA,"Least concern",NA
1016920,150600,"Equisetum arvense L.",NA,"Equisetaceae",NA,2,2025,2025,NA,"Least concern",NA
1016950,151100,"Equisetum palustre L.",NA,"Equisetaceae",NA,5,2019,2021,NA,"Least concern",NA
1016960,151200,"Equisetum pratense Ehrh.",NA,"Equisetaceae",NA,1,2016,2016,NA,"Least concern",NA
1017000,151600,"Equisetum variegatum Schleich.",NA,"Equisetaceae",NA,5,1982,2019,NA,"Least concern",NA
1017440,153300,"Erigeron acris L.",NA,"Asteraceae",NA,2,1946,2022,NA,"Least concern",NA
1017450,153350,"Erigeron acris L. subsp. acris",NA,"Asteraceae",NA,1,2022,2022,NA,"Least concern",NA
1017460,153400,"Erigeron acris subsp. angulosus (Gaudin) Vacc.",NA,"Asteraceae",NA,1,1946,1946,NA,"Least concern",NA
1017490,153600,"Erigeron alpinus L.",NA,"Asteraceae",NA,6,1982,2024,NA,"Least concern",NA
1017485,153650,"Erigeron alpinus aggr.",NA,"Asteraceae",NA,18,1969,2024,NA,"",NA
1017510,153800,"Erigeron annuus (L.) Desf.",NA,"Asteraceae",NA,1,2020,2020,NA,"",NA
1017590,154700,"Erigeron neglectus A. Kern.",NA,"Asteraceae",NA,1,1969,1982,NA,"Least concern",NA
1017610,155000,"Erigeron uniflorus L.",NA,"Asteraceae",NA,11,1969,2024,NA,"Least concern",NA
1017640,155200,"Eriophorum angustifolium Honck.",NA,"Cyperaceae",NA,15,1999,2024,NA,"Least concern",NA
1017660,155400,"Eriophorum latifolium Hoppe",NA,"Cyperaceae",NA,2,2018,2024,NA,"Least concern",NA
1017670,155500,"Eriophorum scheuchzeri Hoppe",NA,"Cyperaceae",NA,1,1982,2021,NA,"Least concern",NA
1017680,155600,"Eriophorum vaginatum L.",NA,"Cyperaceae",NA,2,1905,1982,NA,"Near threatened",NA
1017690,155700,"Eritrichium nanum (L.) Gaudin",NA,"Boraginaceae",NA,20,1982,2025,NA,"Least concern",NA
1017840,157200,"Eryngium alpinum L.",NA,"Apiaceae",NA,2,1902,2021,NA,"Vulnerable",NA
1017890,157400,"Erysimum cheiranthoides L.",NA,"Brassicaceae",NA,9,2015,2025,NA,"Near threatened",NA
1018170,159800,"Euphorbia cyparissias L.",NA,"Euphorbiaceae",NA,9,1982,2025,NA,"Least concern",NA
1018520,162000,"Euphrasia alpina Lam.",NA,"Orobanchaceae",NA,2,1972,2018,NA,"Least concern",NA
1018600,162750,"Euphrasia minima Schleich.",NA,"Orobanchaceae",NA,17,1860,2024,NA,"Least concern",NA
1018700,163450,"Euphrasia rostkoviana Hayne",NA,"Orobanchaceae",NA,8,2001,2023,NA,"Least concern",NA
1018710,163500,"Euphrasia rostkoviana Hayne subsp. rostkoviana",NA,"Orobanchaceae",NA,1,2016,2016,NA,"Least concern",NA
1018685,163850,"Euphrasia rostkoviana aggr.",NA,"Orobanchaceae",NA,8,2001,2023,NA,"",NA
1018730,163800,"Euphrasia rostkoviana subsp. montana (Jord.) Wettst.",NA,"Orobanchaceae",NA,3,2019,2019,NA,"Least concern",NA
1018740,163900,"Euphrasia salisburgensis Hoppe",NA,"Orobanchaceae",NA,1,1969,1982,NA,"Least concern",NA
1018980,165700,"Festuca alpina Suter",NA,"Poaceae",NA,3,1982,2021,NA,"Least concern",NA
1019180,167600,"Festuca halleri All.",NA,"Poaceae",NA,19,1982,2023,NA,"Least concern",NA
1019160,167650,"Festuca halleri aggr.",NA,"Poaceae",NA,25,1982,2024,NA,"Least concern",NA
1019220,167900,"Festuca heterophylla Lam.",NA,"Poaceae",NA,1,2022,2022,NA,"Least concern",NA
1019290,168300,"Festuca nigrescens Lam.",NA,"Poaceae",NA,10,2001,2021,NA,"Least concern",NA
1019330,168500,"Festuca ovina L.",NA,"Poaceae",NA,6,2021,2021,NA,"Least concern",NA
1019310,168590,"Festuca ovina aggr.",NA,"Poaceae",NA,11,1966,2023,NA,"Least concern",NA
1019309,168580,"Festuca ovina superaggr.",NA,"",NA,12,1966,2023,NA,"",NA
1019380,169100,"Festuca pratensis Huds.",NA,"Poaceae",NA,1,2019,2019,NA,"Least concern",NA
1019450,170000,"Festuca quadriflora Honck.",NA,"Poaceae",NA,7,1969,2021,NA,"Least concern",NA
1019480,170100,"Festuca rubra L.",NA,"Poaceae",NA,36,2018,2025,NA,"Least concern",NA
1019490,170250,"Festuca rubra L. subsp. rubra",NA,"Poaceae",NA,1,2021,2021,NA,"",NA
1019470,170200,"Festuca rubra aggr.",NA,"Poaceae",NA,89,1982,2025,NA,"Least concern",NA
1019630,171690,"Festuca valesiaca aggr.",NA,"Poaceae",NA,1,2021,2021,NA,"Least concern",NA
1019650,171800,"Festuca varia aggr.",NA,"Poaceae",NA,6,2023,2025,NA,"Least concern",NA
1019680,172000,"Festuca violacea Gaudin",NA,"Poaceae",NA,8,1969,2025,NA,"Least concern",NA
1019670,172100,"Festuca violacea aggr.",NA,"Poaceae",NA,13,1969,2025,NA,"Least concern",NA
1019920,173800,"Fragaria vesca L.",NA,"Rosaceae",NA,1,2025,2025,NA,"Least concern",NA
1020100,174900,"Fumaria officinalis L.",NA,"Papaveraceae",NA,4,2016,2025,NA,"Least concern",NA
1020120,175100,"Fumaria officinalis subsp. wirtgenii (W. D. J. Koch) Arcang.",NA,"Papaveraceae",NA,2,2016,2023,NA,"Near threatened",NA
1020140,175300,"Fumaria schleicheri Soy.-Will.",NA,"Papaveraceae",NA,1,2018,2018,NA,"Vulnerable",NA
1020150,175400,"Fumaria vaillantii Loisel.",NA,"Papaveraceae",NA,2,2022,2022,NA,"Vulnerable",NA
1020310,176600,"Galeopsis ladanum L.",NA,"Lamiaceae",NA,1,2022,2022,NA,"Near threatened",NA
1020350,177100,"Galeopsis tetrahit L.",NA,"Lamiaceae",NA,5,2016,2025,NA,"Least concern",NA
1020390,177500,"Galium anisophyllon Vill.",NA,"Rubiaceae",NA,11,1982,2024,NA,"Least concern",NA
1020400,177600,"Galium aparine L.",NA,"Rubiaceae",NA,1,2025,2025,NA,"Least concern",NA
1020440,178000,"Galium boreale L.",NA,"Rubiaceae",NA,20,1888,2025,NA,"Least concern",NA
1020600,179700,"Galium pumilum Murray",NA,"Rubiaceae",NA,46,1969,2023,NA,"Least concern",NA
1020595,179650,"Galium pumilum aggr.",NA,"Rubiaceae",NA,59,1969,2025,NA,"",NA
1020890,182200,"Gentiana acaulis L.",NA,"Gentianaceae",NA,35,1962,2025,NA,"Least concern",NA
1020940,182700,"Gentiana asclepiadea L.",NA,"Gentianaceae",NA,7,2011,2025,NA,"Least concern",NA
1020970,182900,"Gentiana bavarica L.",NA,"Gentianaceae",NA,25,1883,2025,NA,"Least concern",NA
1020975,182930,"Gentiana bavarica L. subsp. bavarica",NA,"Gentianaceae",NA,1,2019,2019,NA,"Least concern",NA
1020980,182960,"Gentiana bavarica subsp. subacaulis (Schleich.) G. Mull.",NA,"Gentianaceae",NA,6,2011,2025,NA,"Least concern",NA
1020990,183000,"Gentiana brachyphylla Vill.",NA,"Gentianaceae",NA,5,1969,2023,NA,"Least concern",NA
1021000,183100,"Gentiana campestris L.",NA,"Gentianaceae",NA,38,1883,2024,NA,"Least concern",NA
1021010,183200,"Gentiana campestris L. subsp. campestris",NA,"Gentianaceae",NA,16,1929,2024,NA,"Least concern",NA
1021030,183400,"Gentiana ciliata L.",NA,"Gentianaceae",NA,16,1898,2023,NA,"Least concern",NA
1021040,183500,"Gentiana clusii E. P. Perrier & Songeon",NA,"Gentianaceae",NA,2,1982,2019,NA,"Least concern",NA
1021050,183600,"Gentiana cruciata L.",NA,"Gentianaceae",NA,8,1898,2025,NA,"Vulnerable",NA
1021090,183800,"Gentiana germanica Willd.",NA,"Gentianaceae",NA,1,2019,2019,NA,"Vulnerable",NA
1021070,183810,"Gentiana germanica subsp. rhaetica (A. Kern. & Jos. Kern.) Hayek",NA,"Gentianaceae",NA,1,2019,2019,NA,"",NA
1021120,184100,"Gentiana lutea L.",NA,"Gentianaceae",NA,4,2011,2024,NA,"Least concern",NA
1021125,184150,"Gentiana lutea L. subsp. lutea",NA,"Gentianaceae",NA,1,2024,2024,NA,"",NA
1021140,184300,"Gentiana nivalis L.",NA,"Gentianaceae",NA,19,1883,2024,NA,"Least concern",NA
1021150,184400,"Gentiana orbicularis Schur",NA,"Gentianaceae",NA,5,1994,2021,NA,"Least concern",NA
1021190,184800,"Gentiana punctata L.",NA,"Gentianaceae",NA,24,1888,2025,NA,"Least concern",NA
1021230,185200,"Gentiana tenella Rottb.",NA,"Gentianaceae",NA,2,1982,2019,NA,"Least concern",NA
1021240,185300,"Gentiana utriculosa L.",NA,"Gentianaceae",NA,1,1861,1861,NA,"Near threatened",NA
1021250,185400,"Gentiana verna L.",NA,"Gentianaceae",NA,13,1969,2025,NA,"Least concern",NA
1021430,188300,"Geranium pratense L.",NA,"Geraniaceae",NA,2,1967,2018,NA,"Near threatened",NA
1021460,188700,"Geranium rivulare Vill.",NA,"Geraniaceae",NA,9,1875,2021,NA,"Near threatened",NA
1021530,189300,"Geranium sylvaticum L.",NA,"Geraniaceae",NA,9,1982,2025,NA,"Least concern",NA
1021540,189400,"Geum montanum L.",NA,"Rosaceae",NA,60,1982,2025,NA,"Least concern",NA
1021560,189500,"Geum reptans L.",NA,"Rosaceae",NA,22,1940,2025,NA,"Least concern",NA
1021570,189600,"Geum rivale L.",NA,"Rosaceae",NA,2,2025,2025,NA,"Least concern",NA
1021740,191000,"Globularia cordifolia L.",NA,"Plantaginaceae",NA,3,1982,2023,NA,"Least concern",NA
1021750,191200,"Globularia nudicaulis L.",NA,"Plantaginaceae",NA,2,1982,2025,NA,"Least concern",NA
1021840,192200,"Gnaphalium hoppeanum W. D. J. Koch",NA,"Asteraceae",NA,1,1982,2019,NA,"Least concern",NA
1021860,192400,"Gnaphalium norvegicum Gunnerus",NA,"Asteraceae",NA,5,2013,2024,NA,"Least concern",NA
1021870,192500,"Gnaphalium supinum L.",NA,"Asteraceae",NA,7,1981,2024,NA,"Least concern",NA
1021880,192600,"Gnaphalium sylvaticum L.",NA,"Asteraceae",NA,3,2019,2021,NA,"Least concern",NA
1021890,192700,"Gnaphalium uliginosum L.",NA,"Asteraceae",NA,5,2015,2022,NA,"Near threatened",NA
1021930,193100,"Groenlandia densa (L.) Fourr.",NA,"Potamogetonaceae",NA,86,2006,2025,NA,"Near threatened",NA
1021950,193200,"Gymnadenia conopsea (L.) R. Br.",NA,"Orchidaceae",NA,317,1980,2025,NA,"Least concern",NA
1021957,NA,"Gymnadenia conopsea × Nigritella rhellicani",NA,"Orchidaceae",NA,37,2004,2023,NA,"",NA
1021970,193300,"Gymnadenia odoratissima (L.) Rich.",NA,"Orchidaceae",NA,79,1982,2025,NA,"Least concern",NA
1021975,NA,"Gymnadenia odoratissima × Nigritella rhellicani",NA,"Orchidaceae",NA,19,1991,2023,NA,"",NA
1021980,193400,"Gymnocarpium dryopteris (L.) Newman",NA,"Cystopteridaceae",NA,2,1982,2025,NA,"Least concern",NA
1022020,193800,"Gypsophila repens L.",NA,"Caryophyllaceae",NA,4,1898,2025,NA,"Least concern",NA
1022110,194100,"Hedysarum hedysaroides (L.) Schinz & Thell.",NA,"Fabaceae",NA,7,1982,2025,NA,"Least concern",NA
1022140,194300,"Helianthemum alpestre (Jacq.) DC.",NA,"Cistaceae",NA,2,1969,2025,NA,"Least concern",NA
1022180,194895,"Helianthemum nummularium (L.) Mill.",NA,"Cistaceae",NA,43,1969,2025,NA,"Least concern",NA
1022210,195100,"Helianthemum nummularium subsp. grandiflorum (Scop.) Schinz & Thell.",NA,"Cistaceae",NA,20,1969,2025,NA,"Least concern",NA
1022380,196690,"Helictotrichon pratense (L.) Besser",NA,"Poaceae",NA,3,2023,2025,NA,"",NA
1022379,196700,"Helictotrichon pratense aggr.",NA,"Poaceae",NA,10,2001,2025,NA,"Least concern",NA
1022390,196800,"Helictotrichon pubescens (Huds.) Pilg.",NA,"Poaceae",NA,1,1982,2023,NA,"Least concern",NA
1022440,197100,"Helictotrichon versicolor (Vill.) Pilg.",NA,"Poaceae",NA,37,1969,2024,NA,"Least concern",NA
1022580,198300,"Heracleum mantegazzianum Sommier & Levier",NA,"Apiaceae",NA,49,2010,2024,NA,"",NA
1022590,198595,"Heracleum sphondylium L.",NA,"Apiaceae",NA,10,2016,2025,NA,"Least concern",NA
1022600,198600,"Heracleum sphondylium L. subsp. sphondylium",NA,"Apiaceae",NA,5,2017,2025,NA,"Least concern",NA
1022620,198800,"Heracleum sphondylium subsp. elegans (Crantz) Schübl. & G. Martens",NA,"Apiaceae",NA,3,2016,2024,NA,"Least concern",NA
1022670,199300,"Herniaria glabra L.",NA,"Caryophyllaceae",NA,4,2015,2025,NA,"Least concern",NA
1022790,199900,"Hieracium alpinum L.",NA,"Asteraceae",NA,5,1982,2021,NA,"Least concern",NA
1022810,200100,"Hieracium angustifolium Hoppe",NA,"Asteraceae",NA,6,1982,2024,NA,"Least concern",NA
1022820,200200,"Hieracium aurantiacum L.",NA,"Asteraceae",NA,9,2013,2025,NA,"Least concern",NA
1022990,201700,"Hieracium hoppeanum Schult.",NA,"Asteraceae",NA,16,2001,2021,NA,"Least concern",NA
1023010,201900,"Hieracium intybaceum All.",NA,"Asteraceae",NA,13,1888,2025,NA,"Least concern",NA
1023030,202000,"Hieracium lachenalii C. C. Gmel.",NA,"Asteraceae",NA,1,1966,2025,NA,"Least concern",NA
1023040,202100,"Hieracium lactucella Wallr.",NA,"Asteraceae",NA,13,2019,2021,NA,"Least concern",NA
1023110,202700,"Hieracium murorum aggr.",NA,"Asteraceae",NA,8,2018,2025,NA,"Least concern",NA
1023190,203105,"Hieracium piliferum Hoppe",NA,"Asteraceae",NA,2,2021,2021,NA,"Least concern",NA
1023170,203200,"Hieracium piliferum aggr.",NA,"Asteraceae",NA,7,2011,2024,NA,"Least concern",NA
1023200,203400,"Hieracium pilosella L.",NA,"Asteraceae",NA,44,1982,2025,NA,"Least concern",NA
1023210,203500,"Hieracium piloselloides Vill.",NA,"Asteraceae",NA,2,2017,2025,NA,"Least concern",NA
1023220,203600,"Hieracium pilosum Froel.",NA,"Asteraceae",NA,3,1969,2025,NA,"Least concern",NA
1023270,203900,"Hieracium prenanthoides aggr.",NA,"Asteraceae",NA,2,1982,2019,NA,"Least concern",NA
1023400,205000,"Hieracium staticifolium All.",NA,"Asteraceae",NA,1,1881,1881,NA,"Least concern",NA
1023500,205800,"Hieracium villosum Jacq.",NA,"Asteraceae",NA,3,1966,2025,NA,"Least concern",NA
1023490,205900,"Hieracium villosum aggr.",NA,"Asteraceae",NA,10,1966,2025,NA,"Least concern",NA
1023580,206300,"Hippocrepis comosa L.",NA,"Fabaceae",NA,10,1969,2025,NA,"Least concern",NA
1023610,206600,"Hippuris vulgaris L.",NA,"Plantaginaceae",NA,3,1932,1934,NA,"Near threatened",NA
1023680,207300,"Homogyne alpina (L.) Cass.",NA,"Asteraceae",NA,34,1883,2025,NA,"Least concern",NA
1023710,207600,"Hordeum jubatum L.",NA,"Poaceae",NA,1,2025,2025,NA,"",NA
1023800,208400,"Horminum pyrenaicum L.",NA,"Lamiaceae",NA,4,1982,2025,NA,"Near threatened",NA
1023860,208900,"Huperzia selago (L.) Schrank & Mart.",NA,"Lycopodiaceae",NA,1,1883,1982,NA,"Least concern",NA
1024060,210695,"Hypericum maculatum Crantz",NA,"Hypericaceae",NA,5,2018,2025,NA,"Least concern",NA
1024250,212200,"Hypochaeris uniflora Vill.",NA,"Asteraceae",NA,16,1982,2025,NA,"Least concern",NA
1024900,217700,"Juncus alpinoarticulatus Chaix",NA,"Juncaceae",NA,5,1982,2024,NA,"Least concern",NA
1024920,218000,"Juncus arcticus Willd.",NA,"Juncaceae",NA,1,1982,1995,NA,"Near threatened",NA
1024930,218100,"Juncus articulatus L.",NA,"Juncaceae",NA,1,2019,2019,NA,"Least concern",NA
1024925,218150,"Juncus articulatus aggr.",NA,"Juncaceae",NA,6,1982,2024,NA,"",NA
1024940,218200,"Juncus bufonius L.",NA,"Juncaceae",NA,1,2018,2018,NA,"Least concern",NA
1025010,218900,"Juncus filiformis L.",NA,"Juncaceae",NA,3,2019,2019,NA,"Least concern",NA
1025040,219200,"Juncus jacquinii L.",NA,"Juncaceae",NA,9,1982,2025,NA,"Least concern",NA
1025120,220100,"Juncus trifidus L.",NA,"Juncaceae",NA,9,1982,2024,NA,"Least concern",NA
1025130,220300,"Juncus triglumis L.",NA,"Juncaceae",NA,3,1889,2024,NA,"Least concern",NA
1025140,220395,"Juniperus communis L.",NA,"Cupressaceae",NA,26,1982,2025,NA,"Least concern",NA
1025160,220500,"Juniperus communis subsp. alpina Čelak.",NA,"Cupressaceae",NA,20,1982,2025,NA,"Least concern",NA
1025190,221000,"Kernera saxatilis (L.) Sweet",NA,"Brassicaceae",NA,1,1981,1982,NA,"Least concern",NA
1025230,221400,"Knautia arvensis (L.) Coult.",NA,"Caprifoliaceae",NA,1,1994,1994,NA,"Least concern",NA
1025240,221450,"Knautia dipsacifolia Kreutzer",NA,"Caprifoliaceae",NA,4,2013,2024,NA,"Least concern",NA
1025250,221500,"Knautia dipsacifolia Kreutzer subsp. dipsacifolia",NA,"Caprifoliaceae",NA,1,2024,2024,NA,"Least concern",NA
1025420,222700,"Kobresia simpliciuscula (Wahlenb.) Mack.",NA,"Cyperaceae",NA,13,1982,2024,NA,"Near threatened",NA
1025450,223500,"Koeleria hirsuta Gaudin",NA,"Poaceae",NA,1,1982,2025,NA,"Least concern",NA
1025480,223900,"Koeleria pyramidata (Lam.) P. Beauv.",NA,"Poaceae",NA,7,2001,2025,NA,"Least concern",NA
1025490,223905,"Koeleria pyramidata aggr.",NA,"Poaceae",NA,7,1966,2025,NA,"Least concern",NA
1025650,225500,"Lamium album L.",NA,"Lamiaceae",NA,13,1863,2025,NA,"Least concern",NA
1025810,227200,"Larix decidua Mill.",NA,"Pinaceae",NA,7,1982,2025,NA,"Least concern",NA
1025840,227400,"Laserpitium gaudinii Moretti",NA,"Apiaceae",NA,7,1881,2025,NA,"Least concern",NA
1025850,227500,"Laserpitium halleri Crantz",NA,"Apiaceae",NA,36,1881,2025,NA,"Least concern",NA
1025860,227700,"Laserpitium latifolium L.",NA,"Apiaceae",NA,3,2020,2023,NA,"Least concern",NA
1026050,230400,"Lathyrus pratensis L.",NA,"Fabaceae",NA,2,2024,2025,NA,"Least concern",NA
1026290,232700,"Leontodon autumnalis L.",NA,"Asteraceae",NA,1,1982,2025,NA,"Least concern",NA
1026310,232900,"Leontodon helveticus Mérat",NA,"Asteraceae",NA,29,1982,2025,NA,"Least concern",NA
1026330,233000,"Leontodon hispidus L.",NA,"Asteraceae",NA,53,1966,2025,NA,"Least concern",NA
1026340,233100,"Leontodon hispidus L. subsp. hispidus",NA,"Asteraceae",NA,4,1969,2023,NA,"Least concern",NA
1026380,233600,"Leontodon hispidus subsp. pseudocrispus (Bisch.) Murr",NA,"Asteraceae",NA,1,1966,2019,NA,"Least concern",NA
1026400,233750,"Leontodon incanus (L.) Schrank",NA,"Asteraceae",NA,1,1819,1966,NA,"Least concern",NA
1026410,233800,"Leontodon incanus (L.) Schrank subsp. incanus",NA,"Asteraceae",NA,1,1819,1966,NA,"Least concern",NA
1026430,234000,"Leontodon montanus Lam.",NA,"Asteraceae",NA,1,1982,2019,NA,"Least concern",NA
1026470,234600,"Leontopodium alpinum Cass.",NA,"Asteraceae",NA,11,1880,2024,NA,"Least concern",NA
1026600,236000,"Leucanthemopsis alpina (L.) Heywood",NA,"Asteraceae",NA,38,1898,2025,NA,"Least concern",NA
1026610,236020,"Leucanthemopsis alpina (L.) Heywood subsp. alpina",NA,"Asteraceae",NA,18,2021,2021,NA,"Least concern",NA
1026650,236200,"Leucanthemum adustum (W. D. J. Koch) Gremli",NA,"Asteraceae",NA,41,1982,2025,NA,"Least concern",NA
1026655,236250,"Leucanthemum adustum (W. D. J. Koch) Gremli subsp. adustum",NA,"Asteraceae",NA,1,2021,2021,NA,"",NA
1026680,236500,"Leucanthemum halleri (Vitman) Ducommun",NA,"Asteraceae",NA,1,1982,2021,NA,"Least concern",NA
1026730,236800,"Leucanthemum vulgare Lam.",NA,"Asteraceae",NA,8,1982,2021,NA,"Least concern",NA
1026710,236905,"Leucanthemum vulgare aggr.",NA,"Asteraceae",NA,53,1982,2025,NA,"Least concern",NA
1026810,237800,"Ligusticum mutellina (L.) Crantz",NA,"Apiaceae",NA,13,1982,2023,NA,"Least concern",NA
1026820,237900,"Ligusticum mutellinoides Vill.",NA,"Apiaceae",NA,30,1881,2025,NA,"Least concern",NA
1026860,238195,"Lilium bulbiferum L.",NA,"Liliaceae",NA,1,2023,2023,NA,"Near threatened",NA
1026890,238500,"Lilium martagon L.",NA,"Liliaceae",NA,18,1982,2025,NA,"Least concern",NA
1026920,238800,"Linaria alpina (L.) Mill.",NA,"Plantaginaceae",NA,17,1898,2025,NA,"Least concern",NA
1026930,238900,"Linaria alpina (L.) Mill. subsp. alpina",NA,"Plantaginaceae",NA,6,1898,2024,NA,"Least concern",NA
1027060,240300,"Linaria vulgaris Mill.",NA,"Plantaginaceae",NA,1,2025,2025,NA,"Least concern",NA
1027090,240600,"Linnaea borealis L.",NA,"Caprifoliaceae",NA,20,1833,2025,NA,"Least concern",NA
1027130,241100,"Linum catharticum L.",NA,"Linaceae",NA,3,1982,2021,NA,"Least concern",NA
1027210,241900,"Listera cordata (L.) R. Br.",NA,"Orchidaceae",NA,1,1943,1943,NA,"Near threatened",NA
1027220,242000,"Listera ovata (L.) R. Br.",NA,"Orchidaceae",NA,7,1978,2014,NA,"Least concern",NA
1027250,242500,"Lloydia serotina (L.) Rchb.",NA,"Liliaceae",NA,3,1969,2021,NA,"Least concern",NA
1027290,242600,"Loiseleuria procumbens (L.) Desv.",NA,"Ericaceae",NA,15,1982,2024,NA,"Least concern",NA
1027310,242800,"Lolium perenne L.",NA,"Poaceae",NA,4,2019,2021,NA,"Least concern",NA
1027380,243500,"Lonicera caerulea L.",NA,"Caprifoliaceae",NA,19,1887,2025,NA,"Least concern",NA
1027440,243900,"Lonicera nigra L.",NA,"Caprifoliaceae",NA,2,1994,2016,NA,"Least concern",NA
1027500,244300,"Lotus alpinus (DC.) Ramond",NA,"Fabaceae",NA,41,2011,2025,NA,"Least concern",NA
1027520,244400,"Lotus corniculatus L.",NA,"Fabaceae",NA,23,1982,2021,NA,"Least concern",NA
1027510,244410,"Lotus corniculatus aggr.",NA,"Fabaceae",NA,66,1982,2025,NA,"Least concern",NA
1027640,245800,"Lupinus polyphyllus Lindl.",NA,"Fabaceae",NA,75,2014,2025,NA,"",NA
1027660,245900,"Luzula alpina Hoppe",NA,"Juncaceae",NA,6,2018,2025,NA,"Least concern",NA
1027670,246000,"Luzula alpinopilosa (Chaix) Breistr.",NA,"Juncaceae",NA,8,1982,2021,NA,"Least concern",NA
1027700,246100,"Luzula campestris (L.) DC.",NA,"Juncaceae",NA,9,1982,2025,NA,"Least concern",NA
1027740,246600,"Luzula lutea (All.) DC.",NA,"Juncaceae",NA,25,1982,2025,NA,"Least concern",NA
1027750,246700,"Luzula luzulina (Vill.) Dalla Torre & Sarnth.",NA,"Juncaceae",NA,1,2021,2021,NA,"Least concern",NA
1027760,246800,"Luzula luzuloides (Lam.) Dandy & Wilmott",NA,"Juncaceae",NA,7,2001,2025,NA,"Least concern",NA
1027770,246900,"Luzula luzuloides (Lam.) Dandy & Wilmott subsp. luzuloides",NA,"Juncaceae",NA,2,2001,2021,NA,"Least concern",NA
1027780,247050,"Luzula luzuloides subsp. rubella (Mert. & W. D. J. Koch) Holub",NA,"Juncaceae",NA,2,2020,2024,NA,"Data deficient",NA
1027790,247100,"Luzula multiflora (Ehrh.) Lej.",NA,"Juncaceae",NA,18,1982,2021,NA,"Least concern",NA
1027785,247150,"Luzula multiflora aggr.",NA,"Juncaceae",NA,51,1966,2025,NA,"Least concern",NA
1027820,247300,"Luzula nivea (L.) DC.",NA,"Juncaceae",NA,1,2020,2020,NA,"Least concern",NA
1027860,247800,"Luzula spicata (L.) DC.",NA,"Juncaceae",NA,12,1982,2025,NA,"Least concern",NA
1027890,248100,"Luzula sudetica (Willd.) Schult.",NA,"Juncaceae",NA,26,2019,2021,NA,"Least concern",NA
1027910,248300,"Luzula sylvatica (Huds.) Gaudin",NA,"Juncaceae",NA,2,2018,2021,NA,"Least concern",NA
1027920,248400,"Luzula sylvatica aggr.",NA,"Juncaceae",NA,2,1982,2021,NA,"Least concern",NA
1028210,252400,"Maianthemum bifolium (L.) F. W. Schmidt",NA,"Asparagaceae",NA,3,2015,2022,NA,"Least concern",NA
1028220,252600,"Malaxis monophyllos (L.) Sw.",NA,"Orchidaceae",NA,2,1828,1919,NA,"Vulnerable",NA
1028320,253300,"Malva moschata L.",NA,"Malvaceae",NA,2,2018,2018,NA,"Least concern",NA
1028420,254000,"Matricaria chamomilla L.",NA,"Asteraceae",NA,1,2021,2021,NA,"Least concern",NA
1028430,254100,"Matricaria discoidea DC.",NA,"Asteraceae",NA,13,2016,2025,NA,"",NA
1028510,255100,"Medicago falcata L.",NA,"Fabaceae",NA,3,1933,2024,NA,"Near threatened",NA
1028530,255300,"Medicago lupulina L.",NA,"Fabaceae",NA,3,2017,2025,NA,"Least concern",NA
1028640,256500,"Melampyrum pratense L.",NA,"Orobanchaceae",NA,3,2021,2023,NA,"Least concern",NA
1028660,256600,"Melampyrum sylvaticum L.",NA,"Orobanchaceae",NA,4,2020,2024,NA,"Least concern",NA
1028760,257600,"Melilotus officinalis Lam.",NA,"Fabaceae",NA,1,2020,2020,NA,"Least concern",NA
1029170,261400,"Minuartia recurva (All.) Schinz & Thell.",NA,"Caryophyllaceae",NA,6,1982,2024,NA,"Least concern",NA
1029230,261700,"Minuartia sedoides (L.) Hiern",NA,"Caryophyllaceae",NA,11,1982,2025,NA,"Least concern",NA
1029260,262000,"Minuartia verna (L.) Hiern",NA,"Caryophyllaceae",NA,14,1969,2021,NA,"Least concern",NA
1029265,262050,"Minuartia verna (L.) Hiern subsp. verna",NA,"Caryophyllaceae",NA,2,2021,2021,NA,"",NA
1029440,263400,"Molinia caerulea (L.) Moench",NA,"Poaceae",NA,8,1982,2020,NA,"Least concern",NA
1029470,263700,"Moneses uniflora (L.) A. Gray",NA,"Ericaceae",NA,2,1996,2021,NA,"Least concern",NA
1029690,265800,"Myosotis alpestris F. W. Schmidt",NA,"Boraginaceae",NA,39,1969,2025,NA,"Least concern",NA
1029795,266850,"Myosotis scorpioides aggr.",NA,"Boraginaceae",NA,2,2013,2025,NA,"",NA
1029820,267100,"Myosotis sylvatica Hoffm.",NA,"Boraginaceae",NA,1,2025,2025,NA,"Least concern",NA
1029815,267150,"Myosotis sylvatica aggr.",NA,"Boraginaceae",NA,1,2025,2025,NA,"",NA
1029910,267900,"Myriophyllum verticillatum L.",NA,"Haloragaceae",NA,1,1934,1934,NA,"Near threatened",NA
1030080,269700,"Nardus stricta L.",NA,"Poaceae",NA,70,1982,2025,NA,"Least concern",NA
1030390,271655,"Nigritella rhellicani Teppner & E. Klein",NA,"Orchidaceae",NA,442,1889,2025,NA,"Least concern",NA
1030393,271670,"Nigritella rhellicani Teppner & E. Klein var. rhellicani",NA,"Orchidaceae",NA,2,1898,2024,NA,"",NA
1030380,271700,"Nigritella rhellicani aggr.",NA,"Orchidaceae",NA,454,1883,2025,NA,"Least concern",NA
1030398,NA,"Nigritella rhellicani × rubra",NA,"Orchidaceae",NA,2,1998,2019,NA,"",NA
1030400,271800,"Nigritella rubra (Wettst.) K. Richt.",NA,"Orchidaceae",NA,96,1895,2025,NA,"Near threatened",NA
50031,NA,"Nitella anarthrodactylée",NA,"Characeae",NA,205,1904,2025,NA,"",NA
50034,NA,"Nitella flexilis (L.) C. Agardh",NA,"Characeae",NA,40,1904,2014,NA,"Critically endangered",NA
50038,NA,"Nitella opaca (Bruzelius) C. Agardh",NA,"Characeae",NA,152,1981,2024,NA,"Vulnerable",NA
1030840,275400,"Onobrychis montana DC.",NA,"Fabaceae",NA,7,2001,2023,NA,"Least concern",NA
1030860,275600,"Onobrychis viciifolia Scop.",NA,"Fabaceae",NA,3,2001,2018,NA,"",NA
1031350,280900,"Orchis mascula (L.) L.",NA,"Orchidaceae",NA,37,1980,2025,NA,"Least concern",NA
1031360,280950,"Orchis mascula (L.) L. subsp. mascula",NA,"Orchidaceae",NA,24,1995,2025,NA,"",NA
1031370,280980,"Orchis mascula subsp. speciosa (Mutel) Hegi",NA,"Orchidaceae",NA,3,2012,2024,NA,"",NA
1031500,282200,"Orchis ustulata L.",NA,"Orchidaceae",NA,1,1992,1992,NA,"Near threatened",NA
1031530,282300,"Oreochloa disticha (Wulfen) Link",NA,"Poaceae",NA,10,1982,2025,NA,"Least concern",NA
1031580,282700,"Orlaya grandiflora (L.) Hoffm.",NA,"Apiaceae",NA,4,1905,1928,NA,"Vulnerable",NA
1031820,285100,"Orobanche gracilis Sm.",NA,"Orobanchaceae",NA,1,1932,1932,NA,"Vulnerable",NA
1031840,285400,"Orobanche laserpitii-sileris Jord.",NA,"Orobanchaceae",NA,1,2023,2023,NA,"Near threatened",NA
1032000,286800,"Orthilia secunda (L.) House",NA,"Ericaceae",NA,1,1883,1883,NA,"Least concern",NA
1032070,287300,"Oxalis acetosella L.",NA,"Oxalidaceae",NA,5,2015,2025,NA,"Least concern",NA
1032180,288100,"Oxyria digyna (L.) Hill",NA,"Polygonaceae",NA,1,1982,2022,NA,"Least concern",NA
1032190,288200,"Oxytropis campestris (L.) DC.",NA,"Fabaceae",NA,25,1888,2025,NA,"Least concern",NA
1032270,289300,"Oxytropis jacquinii Bunge",NA,"Fabaceae",NA,1,1982,2025,NA,"Least concern",NA
1032420,290650,"Papaver alpinum aggr.",NA,"Papaveraceae",NA,1,1994,1994,NA,"Near threatened",NA
1032450,290900,"Papaver aurantiacum Loisel.",NA,"Papaveraceae",NA,1,1994,1994,NA,"Near threatened",NA
1032460,291000,"Papaver croceum Ledeb.",NA,"Papaveraceae",NA,1,2024,2024,NA,"",NA
1032520,291650,"Papaver orientale L.",NA,"Papaveraceae",NA,2,2017,2017,NA,"",NA
1032600,292700,"Parnassia palustris L.",NA,"Celastraceae",NA,18,2013,2024,NA,"Least concern",NA
1032820,294400,"Pedicularis kerneri Dalla Torre",NA,"Orobanchaceae",NA,6,1982,2025,NA,"Least concern",NA
1032850,294700,"Pedicularis recutita L.",NA,"Orobanchaceae",NA,2,1923,1982,NA,"Least concern",NA
1032930,295400,"Pedicularis tuberosa L.",NA,"Orobanchaceae",NA,18,1982,2025,NA,"Least concern",NA
1032940,295500,"Pedicularis verticillata L.",NA,"Orobanchaceae",NA,8,1898,2024,NA,"Least concern",NA
1033020,296000,"Petasites paradoxus (Retz.) Baumg.",NA,"Asteraceae",NA,2,1982,2025,NA,"Least concern",NA
1033060,296300,"Petrorhagia saxifraga (L.) Link",NA,"Caryophyllaceae",NA,1,2018,2018,NA,"Least concern",NA
1033160,297200,"Peucedanum ostruthium (L.) W. D. J. Koch",NA,"Apiaceae",NA,19,2004,2025,NA,"Least concern",NA
1033230,297900,"Phalaris arundinacea L.",NA,"Poaceae",NA,2,2025,2025,NA,"Least concern",NA
1033340,298800,"Phleum alpinum L.",NA,"Poaceae",NA,2,2019,2020,NA,"Least concern",NA
1033330,298900,"Phleum alpinum aggr.",NA,"Poaceae",NA,64,1982,2025,NA,"Least concern",NA
1033370,299600,"Phleum hirsutum Honck.",NA,"Poaceae",NA,2,1969,2019,NA,"Least concern",NA
1033410,300000,"Phleum pratense L.",NA,"Poaceae",NA,3,2019,2025,NA,"Least concern",NA
1033400,300005,"Phleum pratense aggr.",NA,"Poaceae",NA,3,2019,2025,NA,"Least concern",NA
1033420,300200,"Phleum rhaeticum (Humphries) Rauschert",NA,"Poaceae",NA,59,1982,2025,NA,"Least concern",NA
1033570,300800,"Phyteuma betonicifolium Vill.",NA,"Campanulaceae",NA,14,2001,2025,NA,"Least concern",NA
1033590,301000,"Phyteuma globulariifolium Sternb. & Hoppe",NA,"Campanulaceae",NA,8,1982,2025,NA,"Least concern",NA
1033600,301100,"Phyteuma globulariifolium Sternb. & Hoppe subsp. globulariifolium",NA,"Campanulaceae",NA,1,2025,2025,NA,"Least concern",NA
1033610,301200,"Phyteuma globulariifolium subsp. pedemontanum (Rich. Schulz) Bech.",NA,"Campanulaceae",NA,2,2019,2020,NA,"Least concern",NA
1033670,301800,"Phyteuma orbiculare L.",NA,"Campanulaceae",NA,18,1982,2025,NA,"Least concern",NA
1033690,302000,"Phyteuma scheuchzeri All.",NA,"Campanulaceae",NA,7,1881,2025,NA,"Least concern",NA
1033800,302800,"Picea abies (L.) H. Karst.",NA,"Pinaceae",NA,3,2025,2025,NA,"Least concern",NA
1033830,303100,"Picris hieracioides L.",NA,"Asteraceae",NA,1,2019,2019,NA,"Least concern",NA
1033865,303160,"Picris hieracioides subsp. umbellata (Schrank) Ces.",NA,"Asteraceae",NA,1,2019,2019,NA,"",NA
1033920,303800,"Pimpinella major (L.) Huds.",NA,"Apiaceae",NA,4,2001,2021,NA,"Least concern",NA
1033980,304300,"Pinguicula alpina L.",NA,"Lentibulariaceae",NA,1,1982,2019,NA,"Least concern",NA
1034040,304700,"Pinguicula leptoceras Rchb.",NA,"Lentibulariaceae",NA,2,2013,2016,NA,"Least concern",NA
1034060,304900,"Pinus cembra L.",NA,"Pinaceae",NA,21,1883,2025,NA,"Least concern",NA
1034080,305495,"Pinus mugo Turra",NA,"Pinaceae",NA,2,1982,2024,NA,"Least concern",NA
1034070,305800,"Pinus mugo subsp. uncinata (DC.) Domin",NA,"Pinaceae",NA,1,2024,2024,NA,"Least concern",NA
1034130,306100,"Pinus sylvestris L.",NA,"Pinaceae",NA,1,2025,2025,NA,"Least concern",NA
1034240,306970,"Plagiobothrys scouleri (Hook. & Arn.) I. M. Johnst.",NA,"Boraginaceae",NA,6,2019,2025,NA,"",NA
1034250,307000,"Plantago alpina L.",NA,"Plantaginaceae",NA,31,1982,2025,NA,"Least concern",NA
1034280,307250,"Plantago atrata Hoppe",NA,"Plantaginaceae",NA,50,1982,2025,NA,"Least concern",NA
1034290,307300,"Plantago atrata Hoppe subsp. atrata",NA,"Plantaginaceae",NA,1,1982,2021,NA,"",NA
1034350,307850,"Plantago major L.",NA,"Plantaginaceae",NA,12,2016,2025,NA,"Least concern",NA
1034360,307900,"Plantago major L. subsp. major",NA,"Plantaginaceae",NA,3,2021,2025,NA,"Least concern",NA
1034390,308100,"Plantago media L.",NA,"Plantaginaceae",NA,5,2001,2025,NA,"Least concern",NA
1034410,308300,"Plantago serpentina All.",NA,"Plantaginaceae",NA,51,2001,2025,NA,"Least concern",NA
1034405,308350,"Plantago serpentina aggr.",NA,"Plantaginaceae",NA,97,1982,2025,NA,"",NA
1034420,308400,"Platanthera bifolia (L.) Rich.",NA,"Orchidaceae",NA,151,1980,2025,NA,"Least concern",NA
1034470,309000,"Poa alpina L.",NA,"Poaceae",NA,86,1969,2025,NA,"Least concern",NA
1034490,309200,"Poa annua L.",NA,"Poaceae",NA,2,2023,2023,NA,"Least concern",NA
1034530,309600,"Poa cenisia All.",NA,"Poaceae",NA,1,1982,2019,NA,"Least concern",NA
1034540,309700,"Poa chaixii Vill.",NA,"Poaceae",NA,1,1982,2024,NA,"Least concern",NA
1034560,310000,"Poa glauca Vahl",NA,"Poaceae",NA,2,1982,2011,NA,"Least concern",NA
1034590,310200,"Poa laxa Haenke",NA,"Poaceae",NA,6,1982,2025,NA,"Least concern",NA
1034600,310300,"Poa minor Gaudin",NA,"Poaceae",NA,1,1969,1982,NA,"Least concern",NA
1034620,310500,"Poa nemoralis L.",NA,"Poaceae",NA,1,1982,2025,NA,"Least concern",NA
1034660,310800,"Poa pratensis L.",NA,"Poaceae",NA,3,2021,2023,NA,"Least concern",NA
1034650,310900,"Poa pratensis aggr.",NA,"Poaceae",NA,4,2018,2023,NA,"Least concern",NA
1034680,311100,"Poa supina Schrad.",NA,"Poaceae",NA,3,1982,2021,NA,"Least concern",NA
1034690,311295,"Poa trivialis L.",NA,"Poaceae",NA,1,2019,2019,NA,"Least concern",NA
1034770,312300,"Polygala alpestris Rchb.",NA,"Polygalaceae",NA,25,1969,2021,NA,"Least concern",NA
1034830,312700,"Polygala chamaebuxus L.",NA,"Polygalaceae",NA,9,1982,2025,NA,"Least concern",NA
1034890,313195,"Polygala vulgaris L.",NA,"Polygalaceae",NA,4,2001,2025,NA,"Least concern",NA
1034900,313200,"Polygala vulgaris L. subsp. vulgaris",NA,"Polygalaceae",NA,1,2021,2021,NA,"Least concern",NA
1034940,313700,"Polygonatum verticillatum (L.) All.",NA,"Asparagaceae",NA,1,2025,2025,NA,"Least concern",NA
1034990,314190,"Polygonum aviculare L.",NA,"Polygonaceae",NA,1,2021,2021,NA,"Least concern",NA
1034980,314300,"Polygonum aviculare aggr.",NA,"Polygonaceae",NA,3,2019,2025,NA,"Least concern",NA
1035010,314400,"Polygonum bistorta L.",NA,"Polygonaceae",NA,17,1982,2025,NA,"Least concern",NA
1035170,315800,"Polygonum viviparum L.",NA,"Polygonaceae",NA,62,1860,2025,NA,"Least concern",NA
1035360,317500,"Populus tremula L.",NA,"Salicaceae",NA,3,2012,2025,NA,"Least concern",NA
1035450,318100,"Potamogeton alpinus Balb.",NA,"Potamogetonaceae",NA,60,1981,2024,NA,"Near threatened",NA
1035460,318200,"Potamogeton berchtoldii Fieber",NA,"Potamogetonaceae",NA,2,2006,2006,NA,"Least concern",NA
1035490,318500,"Potamogeton crispus L.",NA,"Potamogetonaceae",NA,7,1981,1981,NA,"Least concern",NA
1035520,318900,"Potamogeton gramineus L.",NA,"Potamogetonaceae",NA,5,1981,1981,NA,"Vulnerable",NA
1035590,319800,"Potamogeton perfoliatus L.",NA,"Potamogetonaceae",NA,57,1981,2024,NA,"Least concern",NA
1035610,320100,"Potamogeton praelongus Wulfen",NA,"Potamogetonaceae",NA,7,1981,2006,NA,"Endangered",NA
1035620,320200,"Potamogeton pusillus L.",NA,"Potamogetonaceae",NA,88,1981,2025,NA,"Vulnerable",NA
1035615,320350,"Potamogeton pusillus aggr.",NA,"Potamogetonaceae",NA,97,1981,2025,NA,"",NA
1035700,320900,"Potentilla anserina L.",NA,"Rosaceae",NA,6,2021,2025,NA,"Least concern",NA
1035720,321300,"Potentilla aurea L.",NA,"Rosaceae",NA,69,1982,2025,NA,"Least concern",NA
1035740,321600,"Potentilla caulescens L.",NA,"Rosaceae",NA,1,1933,1982,NA,"Least concern",NA
1035790,322100,"Potentilla crantzii (Crantz) Fritsch",NA,"Rosaceae",NA,7,1969,2025,NA,"Least concern",NA
1035810,322400,"Potentilla erecta (L.) Raeusch.",NA,"Rosaceae",NA,44,2001,2025,NA,"Least concern",NA
1035820,322500,"Potentilla frigida Vill.",NA,"Rosaceae",NA,11,1982,2025,NA,"Least concern",NA
1035850,322700,"Potentilla grandiflora L.",NA,"Rosaceae",NA,18,1982,2025,NA,"Least concern",NA
1035980,323700,"Potentilla norvegica L.",NA,"Rosaceae",NA,1,2025,2025,NA,"",NA
1035990,323800,"Potentilla palustris (L.) Scop.",NA,"Rosaceae",NA,1,1888,1888,NA,"Near threatened",NA
1036020,324300,"Potentilla pusilla Host",NA,"Rosaceae",NA,3,2001,2001,NA,"Least concern",NA
1036080,325000,"Potentilla thuringiaca Link",NA,"Rosaceae",NA,5,1946,2021,NA,"Near threatened",NA
1036090,325100,"Potentilla verna L.",NA,"Rosaceae",NA,4,2017,2021,NA,"Least concern",NA
1036230,326200,"Primula farinosa L.",NA,"Primulaceae",NA,16,1982,2021,NA,"Least concern",NA
1036290,326700,"Primula integrifolia L.",NA,"Primulaceae",NA,16,1881,2025,NA,"Least concern",NA
1036300,326900,"Primula latifolia Lapeyr.",NA,"Primulaceae",NA,4,1982,2025,NA,"Least concern",NA
1036430,327650,"Pritzelago alpina (L.) Kuntze",NA,"Brassicaceae",NA,2,1982,2025,NA,"Least concern",NA
1036460,327900,"Prunella grandiflora (L.) Scholler",NA,"Lamiaceae",NA,3,2018,2024,NA,"Least concern",NA
1036480,328100,"Prunella vulgaris L.",NA,"Lamiaceae",NA,3,2021,2025,NA,"Least concern",NA
1036620,329600,"Prunus padus L.",NA,"Rosaceae",NA,3,2018,2025,NA,"Least concern",NA
1036640,329900,"Prunus padus subsp. petraea (Tausch) Domin",NA,"Rosaceae",NA,1,2025,2025,NA,"Data deficient",NA
1036710,330400,"Pseudorchis albida (L.) Á. Löve & D. Löve",NA,"Orchidaceae",NA,108,1980,2025,NA,"Least concern",NA
1036715,NA,"Pseudorchis albida × Nigritella rhellicani",NA,"Orchidaceae",NA,2,1993,2014,NA,"",NA
1036820,331100,"Puccinellia distans (Jacq.) Parl.",NA,"Poaceae",NA,4,2011,2022,NA,"Least concern",NA
1036860,331500,"Pulmonaria australis (Murr) W. Sauer",NA,"Boraginaceae",NA,15,1981,2025,NA,"Least concern",NA
1036980,333195,"Pulsatilla alpina (L.) Delarbre",NA,"Ranunculaceae",NA,54,1982,2025,NA,"Least concern",NA
1037010,333390,"Pulsatilla alpina subsp. apiifolia (Scop.) Nyman",NA,"Ranunculaceae",NA,54,1982,2025,NA,"Least concern",NA
1037090,334100,"Pulsatilla vernalis (L.) Mill.",NA,"Ranunculaceae",NA,20,1969,2025,NA,"Least concern",NA
1037170,334600,"Pyrola minor L.",NA,"Ericaceae",NA,3,2021,2024,NA,"Least concern",NA
1037180,334700,"Pyrola rotundifolia L.",NA,"Ericaceae",NA,6,2016,2025,NA,"Least concern",NA
1037370,336595,"Ranunculus acris L.",NA,"Ranunculaceae",NA,32,1982,2025,NA,"Least concern",NA
1037380,336600,"Ranunculus acris L. subsp. acris",NA,"Ranunculaceae",NA,19,1982,2021,NA,"Least concern",NA
1037390,336700,"Ranunculus acris subsp. friesianus (Jord.) Syme",NA,"Ranunculaceae",NA,5,2019,2025,NA,"Least concern",NA
1037440,336900,"Ranunculus aquatilis L.",NA,"Ranunculaceae",NA,1,1981,1981,NA,"Vulnerable",NA
1037415,337000,"Ranunculus aquatilis aggr.",NA,"Ranunculaceae",NA,1,1981,1981,NA,"Vulnerable",NA
1037610,338700,"Ranunculus glacialis L.",NA,"Ranunculaceae",NA,17,1982,2025,NA,"Least concern",NA
1037660,339200,"Ranunculus kuepferi Greuter & Burdet",NA,"Ranunculaceae",NA,5,1982,2022,NA,"Least concern",NA
1037710,339500,"Ranunculus montanus Willd.",NA,"Ranunculaceae",NA,12,1969,2024,NA,"Least concern",NA
1037700,339505,"Ranunculus montanus aggr.",NA,"Ranunculaceae",NA,44,1930,2024,NA,"Least concern",NA
1037790,340300,"Ranunculus platanifolius L.",NA,"Ranunculaceae",NA,2,2013,2025,NA,"Least concern",NA
1037840,340900,"Ranunculus repens L.",NA,"Ranunculaceae",NA,3,2021,2021,NA,"Least concern",NA
1037940,341895,"Ranunculus trichophyllus Chaix",NA,"Ranunculaceae",NA,3,2013,2023,NA,"Least concern",NA
1037950,341900,"Ranunculus trichophyllus Chaix subsp. trichophyllus",NA,"Ranunculaceae",NA,2,2013,2023,NA,"Least concern",NA
1037970,342200,"Ranunculus tuberosus Lapeyr.",NA,"Ranunculaceae",NA,1,2021,2021,NA,"Least concern",NA
1037965,342210,"Ranunculus tuberosus aggr.",NA,"Ranunculaceae",NA,1,2021,2021,NA,"Least concern",NA
1038000,342400,"Ranunculus villarsii DC.",NA,"Ranunculaceae",NA,14,2019,2024,NA,"Least concern",NA
1038110,342900,"Reseda lutea L.",NA,"Resedaceae",NA,1,2025,2025,NA,"Least concern",NA
1038200,343600,"Rhamnus pumila Turra",NA,"Rhamnaceae",NA,4,2011,2021,NA,"Least concern",NA
1038230,344100,"Rhinanthus alectorolophus (Scop.) Pollich",NA,"Orobanchaceae",NA,10,2021,2021,NA,"Least concern",NA
1038280,344700,"Rhinanthus glacialis Personnat",NA,"Orobanchaceae",NA,5,1966,2025,NA,"Least concern",NA
1038290,344800,"Rhinanthus minor L.",NA,"Orobanchaceae",NA,15,1982,2023,NA,"Least concern",NA
1038330,345300,"Rhododendron ferrugineum L.",NA,"Ericaceae",NA,2,1982,2022,NA,"Least concern",NA
1038450,346200,"Ribes petraeum Wulfen",NA,"Grossulariaceae",NA,1,2022,2022,NA,"Least concern",NA
1038550,346805,"Rorippa islandica aggr.",NA,"Brassicaceae",NA,1,2022,2022,NA,"Least concern",NA
1038560,346900,"Rorippa palustris (L.) Besser",NA,"Brassicaceae",NA,1,2022,2022,NA,"Least concern",NA
1038580,347200,"Rorippa sylvestris (L.) Besser",NA,"Brassicaceae",NA,1,2025,2025,NA,"Least concern",NA
1038830,349500,"Rosa pendulina L.",NA,"Rosaceae",NA,8,1888,2024,NA,"Least concern",NA
1039550,354400,"Rubus idaeus L.",NA,"Rosaceae",NA,11,2022,2025,NA,"Least concern",NA
1040140,358900,"Rumex acetosa L.",NA,"Polygonaceae",NA,1,1982,2013,NA,"Least concern",NA
1040160,359000,"Rumex acetosella L.",NA,"Polygonaceae",NA,5,1982,2021,NA,"Least concern",NA
1040170,359100,"Rumex acetosella L. subsp. acetosella",NA,"Polygonaceae",NA,2,2019,2021,NA,"Least concern",NA
1040190,359300,"Rumex alpestris Jacq.",NA,"Polygonaceae",NA,7,1982,2025,NA,"Least concern",NA
1040200,359400,"Rumex alpinus L.",NA,"Polygonaceae",NA,12,1982,2025,NA,"Least concern",NA
1040250,360100,"Rumex longifolius DC.",NA,"Polygonaceae",NA,3,2010,2022,NA,"",NA
1040360,360900,"Rumex scutatus L.",NA,"Polygonaceae",NA,3,2017,2025,NA,"Least concern",NA
1040480,362300,"Sagina saginoides (L.) H. Karst.",NA,"Caryophyllaceae",NA,10,1982,2024,NA,"Least concern",NA
1040540,362800,"Salix alba L.",NA,"Salicaceae",NA,1,2025,2025,NA,"Least concern",NA
1040590,363100,"Salix appendiculata Vill.",NA,"Salicaceae",NA,2,2021,2025,NA,"Least concern",NA
1040650,363500,"Salix breviserrata Flod.",NA,"Salicaceae",NA,3,1982,2019,NA,"Least concern",NA
1040660,363600,"Salix caesia Vill.",NA,"Salicaceae",NA,2,1886,1982,NA,"Vulnerable",NA
1040670,363700,"Salix caprea L.",NA,"Salicaceae",NA,1,2021,2021,NA,"Least concern",NA
1040690,363900,"Salix daphnoides Vill.",NA,"Salicaceae",NA,4,2001,2022,NA,"Least concern",NA
1040750,364200,"Salix foetida DC.",NA,"Salicaceae",NA,7,1958,2025,NA,"Least concern",NA
1040790,364600,"Salix hastata L.",NA,"Salicaceae",NA,1,1881,1881,NA,"Least concern",NA
1040800,364700,"Salix helvetica Vill.",NA,"Salicaceae",NA,1,1958,1982,NA,"Least concern",NA
1040810,364800,"Salix herbacea L.",NA,"Salicaceae",NA,9,1982,2025,NA,"Least concern",NA
1040820,364900,"Salix laggeri Wimm.",NA,"Salicaceae",NA,3,1991,2021,NA,"Vulnerable",NA
1040860,365000,"Salix myrsinifolia Salisb.",NA,"Salicaceae",NA,1,2022,2022,NA,"Least concern",NA
1040900,365500,"Salix pentandra L.",NA,"Salicaceae",NA,10,2020,2025,NA,"Near threatened",NA
1040920,365800,"Salix purpurea L.",NA,"Salicaceae",NA,2,2025,2025,NA,"Least concern",NA
1040990,366200,"Salix retusa L.",NA,"Salicaceae",NA,2,1982,2021,NA,"Least concern",NA
1041200,367600,"Salvia pratensis L.",NA,"Lamiaceae",NA,2,1999,2025,NA,"Least concern",NA
1041300,368400,"Sambucus racemosa L.",NA,"Adoxaceae",NA,2,2021,2025,NA,"Least concern",NA
1041370,369000,"Sanguisorba officinalis L.",NA,"Rosaceae",NA,46,1888,2025,NA,"Near threatened",NA
1041410,369400,"Saponaria ocymoides L.",NA,"Caryophyllaceae",NA,1,2021,2021,NA,"Least concern",NA
1041420,369500,"Saponaria officinalis L.",NA,"Caryophyllaceae",NA,1,1984,1984,NA,"Least concern",NA
1041510,371050,"Saussurea alpina (L.) DC.",NA,"Asteraceae",NA,12,1846,2022,NA,"Least concern",NA
1041520,371100,"Saussurea alpina (L.) DC. subsp. alpina",NA,"Asteraceae",NA,8,1846,2018,NA,"Least concern",NA
1041560,371600,"Saxifraga aizoides L.",NA,"Saxifragaceae",NA,5,1883,2020,NA,"Least concern",NA
1041570,371800,"Saxifraga androsacea L.",NA,"Saxifragaceae",NA,2,1982,2012,NA,"Least concern",NA
1041630,372300,"Saxifraga bryoides L.",NA,"Saxifragaceae",NA,10,1883,2023,NA,"Least concern",NA
1041650,372500,"Saxifraga caesia L.",NA,"Saxifragaceae",NA,2,1982,2020,NA,"Least concern",NA
1041730,373050,"Saxifraga exarata Vill.",NA,"Saxifragaceae",NA,16,1982,2025,NA,"Least concern",NA
1041740,373100,"Saxifraga exarata Vill. subsp. exarata",NA,"Saxifragaceae",NA,5,1982,2025,NA,"Least concern",NA
1041860,374450,"Saxifraga oppositifolia L.",NA,"Saxifragaceae",NA,10,1969,2025,NA,"Least concern",NA
1041870,374500,"Saxifraga oppositifolia L. subsp. oppositifolia",NA,"Saxifragaceae",NA,2,1969,2023,NA,"Least concern",NA
1041890,374600,"Saxifraga paniculata Mill.",NA,"Saxifragaceae",NA,7,1969,2024,NA,"Least concern",NA
1042000,375700,"Saxifraga seguieri Spreng.",NA,"Saxifragaceae",NA,2,1982,2020,NA,"Least concern",NA
1042010,375800,"Saxifraga stellaris L.",NA,"Saxifragaceae",NA,4,1923,2023,NA,"Least concern",NA
1042090,376500,"Scabiosa columbaria L.",NA,"Caprifoliaceae",NA,3,2018,2018,NA,"Least concern",NA
1042120,377100,"Scabiosa lucida Vill.",NA,"Caprifoliaceae",NA,7,1969,2025,NA,"Least concern",NA
1042720,383000,"Securigera varia (L.) Lassen",NA,"Fabaceae",NA,1,2001,2001,NA,"Least concern",NA
1042730,383100,"Sedum acre L.",NA,"Crassulaceae",NA,4,2016,2023,NA,"Least concern",NA
1042760,383300,"Sedum alpestre Vill.",NA,"Crassulaceae",NA,2,1982,2022,NA,"Least concern",NA
1042780,383500,"Sedum annuum L.",NA,"Crassulaceae",NA,2,1888,2016,NA,"Least concern",NA
1042800,383700,"Sedum atratum L.",NA,"Crassulaceae",NA,5,1969,2025,NA,"Least concern",NA
1042840,383900,"Sedum dasyphyllum L.",NA,"Crassulaceae",NA,3,2016,2023,NA,"Least concern",NA
1042870,384300,"Sedum hispanicum L.",NA,"Crassulaceae",NA,2,1999,2016,NA,"Least concern",NA
1042960,385210,"Sedum rupestre aggr.",NA,"Crassulaceae",NA,1,2019,2019,NA,"Least concern",NA
1043100,386300,"Selaginella selaginoides (L.) Schrank & Mart.",NA,"Selaginellaceae",NA,11,1969,2024,NA,"Least concern",NA
1043120,386700,"Sempervivum arachnoideum L.",NA,"Crassulaceae",NA,7,1883,2023,NA,"Least concern",NA
1043130,386730,"Sempervivum arachnoideum L. subsp. arachnoideum",NA,"Crassulaceae",NA,2,2021,2021,NA,"",NA
1043160,387000,"Sempervivum montanum L.",NA,"Crassulaceae",NA,20,1982,2024,NA,"Least concern",NA
1043165,387050,"Sempervivum montanum L. subsp. montanum",NA,"Crassulaceae",NA,1,2021,2021,NA,"",NA
1043170,387100,"Sempervivum tectorum L.",NA,"Crassulaceae",NA,6,1969,2024,NA,"Least concern",NA
1043210,387400,"Sempervivum wulfenii Mert. & W. D. J. Koch",NA,"Crassulaceae",NA,27,1982,2025,NA,"Vulnerable",NA
1043230,387500,"Senecio abrotanifolius L.",NA,"Asteraceae",NA,24,1888,2025,NA,"Least concern",NA
1043280,388200,"Senecio doronicum (L.) L.",NA,"Asteraceae",NA,39,1969,2025,NA,"Least concern",NA
1043285,388250,"Senecio doronicum (L.) L. subsp. doronicum",NA,"Asteraceae",NA,2,2021,2021,NA,"",NA
1043350,388900,"Senecio hercynicus Herborg",NA,"Asteraceae",NA,1,2025,2025,NA,"Least concern",NA
1043370,389005,"Senecio incanus L.",NA,"Asteraceae",NA,32,1881,2025,NA,"Least concern",NA
1043390,389200,"Senecio incanus subsp. carniolicus (Willd.) Braun-Blanq.",NA,"Asteraceae",NA,20,1881,2025,NA,"Least concern",NA
1043430,389800,"Senecio ovatus (G. Gaertn. & al.) Willd.",NA,"Asteraceae",NA,2,2020,2023,NA,"Least concern",NA
1043425,389870,"Senecio ovatus aggr.",NA,"Asteraceae",NA,7,2020,2025,NA,"",NA
1043470,390000,"Senecio rupestris Waldst. & Kit.",NA,"Asteraceae",NA,22,1889,2025,NA,"Least concern",NA
1043520,390400,"Senecio viscosus L.",NA,"Asteraceae",NA,3,2011,2022,NA,"Least concern",NA
1043530,390500,"Senecio vulgaris L.",NA,"Asteraceae",NA,1,2025,2025,NA,"Least concern",NA
1043660,391700,"Seseli libanotis (L.) W. D. J. Koch",NA,"Apiaceae",NA,1,2021,2021,NA,"Least concern",NA
1043700,392200,"Sesleria caerulea (L.) Ard.",NA,"Poaceae",NA,25,1969,2025,NA,"Least concern",NA
1043840,393700,"Sibbaldia procumbens L.",NA,"Rosaceae",NA,21,1982,2024,NA,"Least concern",NA
1043890,394300,"Silene acaulis (L.) Jacq.",NA,"Caryophyllaceae",NA,5,1969,2021,NA,"Least concern",NA
1043940,394900,"Silene dioica (L.) Clairv.",NA,"Caryophyllaceae",NA,22,1982,2025,NA,"Least concern",NA
1043960,395100,"Silene exscapa All.",NA,"Caryophyllaceae",NA,6,1969,2023,NA,"Least concern",NA
1043980,395300,"Silene flos-jovis (L.) Clairv.",NA,"Caryophyllaceae",NA,1,1998,1998,NA,"Near threatened",NA
1044020,396050,"Silene nutans L.",NA,"Caryophyllaceae",NA,21,1982,2025,NA,"Least concern",NA
1044030,396100,"Silene nutans L. subsp. nutans",NA,"Caryophyllaceae",NA,10,1982,2021,NA,"Least concern",NA
1044080,396800,"Silene rupestris L.",NA,"Caryophyllaceae",NA,18,1888,2025,NA,"Least concern",NA
1044140,397295,"Silene vulgaris (Moench) Garcke",NA,"Caryophyllaceae",NA,24,1969,2025,NA,"Least concern",NA
1044150,397300,"Silene vulgaris (Moench) Garcke subsp. vulgaris",NA,"Caryophyllaceae",NA,7,1969,2024,NA,"Least concern",NA
1044260,398200,"Sisymbrium altissimum L.",NA,"Brassicaceae",NA,1,2010,2010,NA,"",NA
1044270,398300,"Sisymbrium austriacum Jacq.",NA,"Brassicaceae",NA,11,1967,2025,NA,"Near threatened",NA
1044300,398600,"Sisymbrium officinale (L.) Scop.",NA,"Brassicaceae",NA,1,1905,1905,NA,"Least concern",NA
1044540,400600,"Soldanella alpina L.",NA,"Primulaceae",NA,1,1982,2021,NA,"Least concern",NA
1044560,400800,"Soldanella pusilla Baumg.",NA,"Primulaceae",NA,5,1982,2022,NA,"Least concern",NA
1044620,401395,"Solidago virgaurea L.",NA,"Asteraceae",NA,17,1982,2025,NA,"Least concern",NA
1044630,401400,"Solidago virgaurea L. subsp. virgaurea",NA,"Asteraceae",NA,1,1982,2016,NA,"Least concern",NA
1044640,401500,"Solidago virgaurea subsp. minuta (L.) Arcang.",NA,"Asteraceae",NA,11,2018,2024,NA,"Least concern",NA
1044680,401800,"Sonchus asper Hill",NA,"Asteraceae",NA,3,2023,2025,NA,"Least concern",NA
1044690,401900,"Sonchus oleraceus L.",NA,"Asteraceae",NA,2,2025,2025,NA,"Least concern",NA
1044740,402300,"Sorbus aucuparia L.",NA,"Rosaceae",NA,8,2018,2025,NA,"Least concern",NA
1045000,404700,"Spergularia rubra (L.) J. Presl & C. Presl",NA,"Caryophyllaceae",NA,1,1954,1954,NA,"Least concern",NA
1045360,407500,"Stellaria graminea L.",NA,"Caryophyllaceae",NA,1,2016,2016,NA,"Least concern",NA
1045380,407700,"Stellaria longifolia Willd.",NA,"Caryophyllaceae",NA,1,1918,1918,NA,"Endangered",NA
1045420,408095,"Stellaria nemorum L.",NA,"Caryophyllaceae",NA,4,1888,2023,NA,"Least concern",NA
1045430,408100,"Stellaria nemorum L. subsp. nemorum",NA,"Caryophyllaceae",NA,3,2021,2023,NA,"Least concern",NA
1045730,410400,"Symphoricarpos albus (L.) S. F. Blake",NA,"Caprifoliaceae",NA,1,2025,2025,NA,"",NA
1045990,411800,"Tanacetum vulgare L.",NA,"Asteraceae",NA,3,2025,2025,NA,"Least concern",NA
1046010,412000,"Taraxacum alpinum aggr.",NA,"Asteraceae",NA,3,1982,2021,NA,"Least concern",NA
1046020,412100,"Taraxacum aquilonare Hand.-Mazz.",NA,"Asteraceae",NA,1,1966,1969,NA,"Vulnerable",NA
1046040,412500,"Taraxacum cucullatum aggr.",NA,"Asteraceae",NA,2,1994,2019,NA,"Near threatened",NA
1046080,413100,"Taraxacum officinale aggr.",NA,"Asteraceae",NA,16,1999,2025,NA,"Least concern",NA
1046300,415100,"Teucrium montanum L.",NA,"Lamiaceae",NA,3,1994,2023,NA,"Least concern",NA
1046400,416195,"Thalictrum minus L.",NA,"Ranunculaceae",NA,10,1888,2025,NA,"Least concern",NA
1046410,416196,"Thalictrum minus L. subsp. minus",NA,"Ranunculaceae",NA,1,2019,2019,NA,"Least concern",NA
1046420,416300,"Thalictrum minus subsp. saxatile Ces.",NA,"Ranunculaceae",NA,1,1888,1888,NA,"Least concern",NA
1046450,417200,"Thesium alpinum L.",NA,"Santalaceae",NA,17,1969,2025,NA,"Least concern",NA
1046500,417700,"Thesium pyrenaicum Pourr.",NA,"Santalaceae",NA,4,2016,2021,NA,"Least concern",NA
1046570,418200,"Thlaspi arvense L.",NA,"Brassicaceae",NA,12,2011,2025,NA,"Least concern",NA
1046740,419900,"Thymus alpestris (Čelak.) A. Kern.",NA,"Lamiaceae",NA,3,2017,2019,NA,"Least concern",NA
1046830,420750,"Thymus praecox Opiz",NA,"Lamiaceae",NA,17,1982,2021,NA,"",NA
1046850,420900,"Thymus praecox subsp. polytrichus (Borbás) Jalas",NA,"Lamiaceae",NA,14,1982,2021,NA,"Least concern",NA
1046860,420940,"Thymus pulegioides L.",NA,"Lamiaceae",NA,1,2019,2019,NA,"",NA
1046890,421200,"Thymus serpyllum aggr.",NA,"Lamiaceae",NA,34,1969,2025,NA,"Least concern",NA
1046990,421600,"Tofieldia calyculata (L.) Wahlenb.",NA,"Tofieldiaceae",NA,9,1982,2019,NA,"Least concern",NA
1047000,421700,"Tofieldia pusilla (Michx.) Pers.",NA,"Tofieldiaceae",NA,11,1982,2014,NA,"Near threatened",NA
1047180,422950,"Tragopogon pratensis L.",NA,"Asteraceae",NA,2,2017,2025,NA,"Least concern",NA
1047220,423300,"Tragopogon pratensis subsp. orientalis (L.) Čelak.",NA,"Asteraceae",NA,1,2017,2017,NA,"Least concern",NA
1047250,423600,"Traunsteinera globosa (L.) Rchb.",NA,"Orchidaceae",NA,124,1900,2025,NA,"Least concern",NA
1047290,423900,"Trichophorum cespitosum (L.) Hartm.",NA,"Cyperaceae",NA,3,1982,2020,NA,"Least concern",NA
1047370,424500,"Trifolium alpinum L.",NA,"Fabaceae",NA,50,1883,2025,NA,"Least concern",NA
1047390,424700,"Trifolium arvense L.",NA,"Fabaceae",NA,1,2023,2023,NA,"Least concern",NA
1047410,424900,"Trifolium badium Schreb.",NA,"Fabaceae",NA,24,1982,2025,NA,"Least concern",NA
1047460,425595,"Trifolium hybridum L.",NA,"Fabaceae",NA,4,2017,2025,NA,"",NA
1047470,425600,"Trifolium hybridum L. subsp. hybridum",NA,"Fabaceae",NA,2,2017,2017,NA,"",NA
1047540,426300,"Trifolium montanum L.",NA,"Fabaceae",NA,22,2001,2025,NA,"Least concern",NA
1047570,426700,"Trifolium pallescens Schreb.",NA,"Fabaceae",NA,8,1982,2021,NA,"Least concern",NA
1047600,426895,"Trifolium pratense L.",NA,"Fabaceae",NA,59,1982,2025,NA,"Least concern",NA
1047610,426900,"Trifolium pratense L. subsp. pratense",NA,"Fabaceae",NA,10,1982,2025,NA,"Least concern",NA
1047620,427000,"Trifolium pratense subsp. nivale (W. D. J. Koch) Ces.",NA,"Fabaceae",NA,46,2016,2025,NA,"Least concern",NA
1047630,427100,"Trifolium repens L.",NA,"Fabaceae",NA,18,2016,2025,NA,"Least concern",NA
1047760,428100,"Trifolium thalii Vill.",NA,"Fabaceae",NA,18,1982,2025,NA,"Least concern",NA
1047770,428200,"Triglochin palustris L.",NA,"Juncaginaceae",NA,5,1982,2020,NA,"Least concern",NA
1047840,428700,"Tripleurospermum inodorum (L.) Sch. Bip.",NA,"Asteraceae",NA,7,2016,2025,NA,"Least concern",NA
1047880,429300,"Trisetum distichophyllum (Vill.) P. Beauv.",NA,"Poaceae",NA,5,1981,2021,NA,"Least concern",NA
1047890,429400,"Trisetum flavescens (L.) P. Beauv.",NA,"Poaceae",NA,1,1982,2025,NA,"Least concern",NA
1047920,429500,"Trisetum spicatum (L.) K. Richt.",NA,"Poaceae",NA,8,1982,2025,NA,"Least concern",NA
1048030,430600,"Trollius europaeus L.",NA,"Ranunculaceae",NA,30,1982,2025,NA,"Least concern",NA
1048220,432000,"Tussilago farfara L.",NA,"Asteraceae",NA,23,1913,2025,NA,"Least concern",NA
1048360,433400,"Urtica dioica L.",NA,"Urticaceae",NA,15,1982,2025,NA,"Least concern",NA
1048470,434500,"Vaccinium gaultherioides Bigelow",NA,"Ericaceae",NA,6,2019,2025,NA,"Least concern",NA
1048500,434800,"Vaccinium myrtillus L.",NA,"Ericaceae",NA,16,1982,2025,NA,"Least concern",NA
1048530,435000,"Vaccinium uliginosum L.",NA,"Ericaceae",NA,1,1923,1923,NA,"Near threatened",NA
1048520,435100,"Vaccinium uliginosum aggr.",NA,"Ericaceae",NA,10,1923,2025,NA,"Least concern",NA
1048540,435300,"Vaccinium vitis-idaea L.",NA,"Ericaceae",NA,26,1883,2025,NA,"Least concern",NA
1048590,435700,"Valeriana montana L.",NA,"Caprifoliaceae",NA,4,1969,2019,NA,"Least concern",NA
1048610,435800,"Valeriana officinalis L.",NA,"Caprifoliaceae",NA,1,2024,2024,NA,"Least concern",NA
1048600,435900,"Valeriana officinalis aggr.",NA,"Caprifoliaceae",NA,2,1982,2025,NA,"Least concern",NA
1048690,436700,"Valeriana tripteris L.",NA,"Caprifoliaceae",NA,4,2011,2015,NA,"Least concern",NA
1048830,437900,"Veratrum album L. subsp. album",NA,"Melanthiaceae",NA,1,2022,2022,NA,"Data deficient",NA
1048840,438000,"Veratrum album subsp. lobelianum (Bernh.) Arcang.",NA,"Melanthiaceae",NA,3,2011,2021,NA,"Least concern",NA
1048880,438400,"Verbascum blattaria L.",NA,"Scrophulariaceae",NA,1,1994,1994,NA,"Near threatened",NA
1048950,439100,"Verbascum nigrum L.",NA,"Scrophulariaceae",NA,1,2023,2023,NA,"Least concern",NA
1049020,439650,"Verbascum thapsus L.",NA,"Scrophulariaceae",NA,2,2017,2025,NA,"Least concern",NA
1049030,439700,"Verbascum thapsus L. subsp. thapsus",NA,"Scrophulariaceae",NA,2,2017,2025,NA,"Least concern",NA
1049120,440400,"Veronica alpina L.",NA,"Plantaginaceae",NA,16,1898,2024,NA,"Least concern",NA
1049150,440700,"Veronica aphylla L.",NA,"Plantaginaceae",NA,7,1898,2021,NA,"Least concern",NA
1049180,441000,"Veronica beccabunga L.",NA,"Plantaginaceae",NA,3,2021,2024,NA,"Least concern",NA
1049190,441100,"Veronica bellidioides L.",NA,"Plantaginaceae",NA,28,1982,2025,NA,"Least concern",NA
1049210,441400,"Veronica chamaedrys L.",NA,"Plantaginaceae",NA,3,2019,2023,NA,"Least concern",NA
1049270,441700,"Veronica fruticans Jacq.",NA,"Plantaginaceae",NA,11,1888,2024,NA,"Least concern",NA
1049340,442400,"Veronica officinalis L.",NA,"Plantaginaceae",NA,4,2018,2025,NA,"Least concern",NA
1049460,443395,"Veronica serpyllifolia L.",NA,"Plantaginaceae",NA,3,2016,2021,NA,"Least concern",NA
1049480,443500,"Veronica serpyllifolia subsp. humifusa (Dicks.) Syme",NA,"Plantaginaceae",NA,2,2020,2021,NA,"Least concern",NA
1049490,443900,"Veronica teucrium L.",NA,"Plantaginaceae",NA,3,2018,2025,NA,"Least concern",NA
1049530,444200,"Veronica verna L.",NA,"Plantaginaceae",NA,1,2019,2019,NA,"Near threatened",NA
1049620,444995,"Vicia cracca L.",NA,"Fabaceae",NA,14,2013,2025,NA,"Least concern",NA
1049630,445000,"Vicia cracca L. subsp. cracca",NA,"Fabaceae",NA,5,2013,2025,NA,"Least concern",NA
1049640,445100,"Vicia cracca subsp. incana (Gouan) Rouy",NA,"Fabaceae",NA,2,2022,2024,NA,"Least concern",NA
1049860,447400,"Vicia sepium L.",NA,"Fabaceae",NA,3,2025,2025,NA,"Least concern",NA
1049900,448050,"Vicia villosa Roth",NA,"Fabaceae",NA,1,2012,2012,NA,"",NA
1050010,449100,"Viola biflora L.",NA,"Violaceae",NA,5,1982,2025,NA,"Least concern",NA
1050020,449200,"Viola calcarata L.",NA,"Violaceae",NA,48,1898,2025,NA,"Least concern",NA
1050200,450600,"Viola mirabilis L.",NA,"Violaceae",NA,1,1932,1932,NA,"Near threatened",NA
1050270,451600,"Viola reichenbachiana Boreau",NA,"Violaceae",NA,3,2015,2015,NA,"Least concern",NA
1050280,451700,"Viola riviniana Rchb.",NA,"Violaceae",NA,2,2013,2023,NA,"Least concern",NA
1050290,451800,"Viola rupestris F. W. Schmidt",NA,"Violaceae",NA,1,1982,2013,NA,"Least concern",NA
1050320,452400,"Viola thomasiana Songeon & E. P. Perrier",NA,"Violaceae",NA,1,1982,2021,NA,"Least concern",NA
1050340,452500,"Viola tricolor L.",NA,"Violaceae",NA,2,1888,2019,NA,"",NA
1050330,452510,"Viola tricolor aggr.",NA,"Violaceae",NA,4,1888,2025,NA,"Least concern",NA
1050530,454200,"Willemetia stipitata (Jacq.) Dalla Torre",NA,"Asteraceae",NA,1,2018,2018,NA,"Near threatened",NA
1050570,454700,"Woodsia ilvensis (L.) R. Br.",NA,"Woodsiaceae",NA,2,1857,1932,NA,"Vulnerable",NA
1050680,455700,"Zannichellia palustris L.",NA,"Potamogetonaceae",NA,18,1981,2024,NA,"Vulnerable",NA
1000260,1350,"Achillea erba-rotta All.",NA,"Asteraceae",NA,4,1935,2023,NA,"Least concern",NA
1000290,1500,"Achillea erba-rotta subsp. moschata (Wulfen) Vacc.",NA,"Asteraceae",NA,4,1935,2023,NA,"Least concern",NA
1000310,1600,"Achillea macrophylla L.",NA,"Asteraceae",NA,11,1982,2023,NA,"Least concern",NA
1000330,1700,"Achillea millefolium L.",NA,"Asteraceae",NA,15,1982,2025,NA,"Least concern",NA
1000320,1706,"Achillea millefolium aggr.",NA,"Asteraceae",NA,175,1982,2025,NA,"Least concern",NA
1000360,1900,"Achillea nana L.",NA,"Asteraceae",NA,1,1890,1890,NA,"Least concern",NA
1000400,2200,"Achillea ptarmica L.",NA,"Asteraceae",NA,4,1982,2025,NA,"Vulnerable",NA
1000460,2800,"Acinos alpinus (L.) Moench",NA,"Lamiaceae",NA,3,1982,2023,NA,"Least concern",NA
1000543,3510,"Aconitum lycoctonum L.",NA,"Ranunculaceae",NA,8,1982,2025,NA,"Least concern",NA
1000548,3520,"Aconitum lycoctonum subsp. neapolitanum (Ten.) Nyman",NA,"Ranunculaceae",NA,3,2013,2022,NA,"Least concern",NA
1000545,3530,"Aconitum lycoctonum subsp. vulparia (Rchb.) Nyman",NA,"Ranunculaceae",NA,1,1982,2016,NA,"Least concern",NA
1000563,3540,"Aconitum napellus L.",NA,"Ranunculaceae",NA,40,1947,2025,NA,"Least concern",NA
1000565,3560,"Aconitum napellus subsp. lusitanicum Rouy",NA,"Ranunculaceae",NA,3,2000,2025,NA,"Least concern",NA
1000567,3580,"Aconitum napellus subsp. vulgare Rouy & Foucaud",NA,"Ranunculaceae",NA,17,2000,2023,NA,"Least concern",NA
1000620,4390,"Aconitum variegatum L.",NA,"Ranunculaceae",NA,5,1982,2024,NA,"Least concern",NA
1000660,4600,"Aconitum variegatum subsp. paniculatum (Arcang.) Negodi",NA,"Ranunculaceae",NA,2,2018,2024,NA,"Least concern",NA
1000770,5400,"Adenostyles alliariae (Gouan) A. Kern.",NA,"Asteraceae",NA,14,1982,2023,NA,"Least concern",NA
1000800,5600,"Adenostyles leucophylla (Willd.) Rchb.",NA,"Asteraceae",NA,1,2025,2025,NA,"Least concern",NA
1000880,6300,"Adoxa moschatellina L.",NA,"Adoxaceae",NA,2,1982,2013,NA,"Least concern",NA
1000930,6800,"Aegopodium podagraria L.",NA,"Apiaceae",NA,8,2000,2025,NA,"Least concern",NA
1001060,8400,"Agrostis alpina Scop.",NA,"Poaceae",NA,2,1982,2018,NA,"Least concern",NA
1001070,8500,"Agrostis canina L.",NA,"Poaceae",NA,32,1914,2025,NA,"Near threatened",NA
1001080,8600,"Agrostis capillaris L.",NA,"Poaceae",NA,124,1982,2025,NA,"Least concern",NA
1001090,8700,"Agrostis gigantea Roth",NA,"Poaceae",NA,7,2003,2023,NA,"Least concern",NA
1001100,8900,"Agrostis rupestris All.",NA,"Poaceae",NA,26,1982,2023,NA,"Least concern",NA
1001120,9100,"Agrostis schraderiana Bech.",NA,"Poaceae",NA,89,1982,2023,NA,"Least concern",NA
1001130,9300,"Agrostis stolonifera L.",NA,"Poaceae",NA,129,1981,2023,NA,"Least concern",NA
1001210,10200,"Ajuga genevensis L.",NA,"Lamiaceae",NA,0,1966,1966,NA,"Least concern",NA
1001220,10300,"Ajuga pyramidalis L.",NA,"Lamiaceae",NA,12,1982,2023,NA,"Least concern",NA
1001230,10400,"Ajuga reptans L.",NA,"Lamiaceae",NA,2,2000,2000,NA,"Least concern",NA
1001330,11100,"Alchemilla alpina superaggr.",NA,"",NA,0,1982,1982,NA,"",NA
1001470,12500,"Alchemilla coriacea aggr.",NA,"Rosaceae",NA,22,2000,2011,NA,"Least concern",NA
1001740,15000,"Alchemilla glabra aggr.",NA,"Rosaceae",NA,6,1982,2020,NA,"Least concern",NA
1002440,21100,"Alchemilla vulgaris aggr.",NA,"Rosaceae",NA,21,1981,2024,NA,"Least concern",NA
1002470,21300,"Alchemilla xanthochlora Rothm.",NA,"Rosaceae",NA,4,2018,2023,NA,"Least concern",NA
1002560,22350,"Allium carinatum L.",NA,"Amaryllidaceae",NA,2,2020,2023,NA,"Near threatened",NA
1002570,22400,"Allium carinatum L. subsp. carinatum",NA,"Amaryllidaceae",NA,1,2023,2023,NA,"Near threatened",NA
1002630,23000,"Allium lineare L.",NA,"Amaryllidaceae",NA,5,1890,2013,NA,"Vulnerable",NA
1002640,23100,"Allium lusitanicum Lam.",NA,"Amaryllidaceae",NA,5,1982,2020,NA,"Least concern",NA
1002680,23600,"Allium oleraceum L.",NA,"Amaryllidaceae",NA,6,1982,2025,NA,"Least concern",NA
1002740,24200,"Allium schoenoprasum L.",NA,"Amaryllidaceae",NA,5,1982,2023,NA,"Least concern",NA
1002760,24500,"Allium sphaerocephalon L.",NA,"Amaryllidaceae",NA,1,1914,1982,NA,"Least concern",NA
1002840,25200,"Alnus glutinosa (L.) Gaertn.",NA,"Betulaceae",NA,0,1966,1966,NA,"Least concern",NA
1002850,25300,"Alnus incana (L.) Moench",NA,"Betulaceae",NA,2,1982,2012,NA,"Least concern",NA
1002870,25400,"Alnus viridis (Chaix) DC.",NA,"Betulaceae",NA,20,1982,2025,NA,"Least concern",NA
1002900,25700,"Alopecurus geniculatus L.",NA,"Poaceae",NA,17,2022,2022,NA,"Vulnerable",NA
1002920,26000,"Alopecurus pratensis L.",NA,"Poaceae",NA,47,1966,2025,NA,"Least concern",NA
1003230,29000,"Ambrosia artemisiifolia L.",NA,"Asteraceae",NA,1,2008,2008,NA,"",NA
1003380,29700,"Anagallis arvensis L.",NA,"Primulaceae",NA,0,1966,1966,NA,"Least concern",NA
1003440,30300,"Anchusa arvensis (L.) M. Bieb.",NA,"Boraginaceae",NA,0,1966,1966,NA,"Near threatened",NA
1003480,30800,"Anchusa officinalis L.",NA,"Boraginaceae",NA,7,1966,2025,NA,"Near threatened",NA
1003490,31000,"Andromeda polifolia L.",NA,"Ericaceae",NA,12,1914,2023,NA,"Near threatened",NA
1003500,31300,"Androsace alpina (L.) Lam.",NA,"Primulaceae",NA,2,2023,2023,NA,"Least concern",NA
1003540,31800,"Androsace chamaejasme Wulfen",NA,"Primulaceae",NA,2,1982,2023,NA,"Least concern",NA
1003600,32400,"Androsace obtusifolia All.",NA,"Primulaceae",NA,12,1982,2023,NA,"Least concern",NA
1003640,32800,"Androsace septentrionalis L.",NA,"Primulaceae",NA,3,1874,1996,NA,"Endangered",NA
1003760,33400,"Anemone narcissiflora L.",NA,"Ranunculaceae",NA,1,1890,1890,NA,"Least concern",NA
1003820,34100,"Angelica sylvestris L.",NA,"Apiaceae",NA,57,1947,2024,NA,"Least concern",NA
1003840,34300,"Antennaria carpatica (Wahlenb.) Bluff & Fingerh.",NA,"Asteraceae",NA,2,2003,2019,NA,"Least concern",NA
1003850,34400,"Antennaria dioica (L.) Gaertn.",NA,"Asteraceae",NA,74,1908,2025,NA,"Least concern",NA
1003900,34900,"Anthemis tinctoria L.",NA,"Asteraceae",NA,0,1966,1966,NA,"Least concern",NA
1003940,35300,"Anthoxanthum alpinum Á. Löve & D. Löve",NA,"Poaceae",NA,6,1982,2025,NA,"Least concern",NA
1003970,35400,"Anthoxanthum odoratum L.",NA,"Poaceae",NA,50,1908,2025,NA,"Least concern",NA
1003960,35500,"Anthoxanthum odoratum aggr.",NA,"Poaceae",NA,171,1908,2025,NA,"Least concern",NA
1004010,35900,"Anthriscus sylvestris (L.) Hoffm.",NA,"Apiaceae",NA,9,1982,2025,NA,"Least concern",NA
1004070,36790,"Anthyllis vulneraria L.",NA,"Fabaceae",NA,27,1981,2023,NA,"Least concern",NA
1004090,36900,"Anthyllis vulneraria subsp. alpestris (Schult.) Asch. & Graebn.",NA,"Fabaceae",NA,13,1981,2018,NA,"Least concern",NA
1004300,38800,"Aquilegia alpina L.",NA,"Ranunculaceae",NA,2,1892,2017,NA,"Near threatened",NA
1004310,38900,"Aquilegia atrata W. D. J. Koch",NA,"Ranunculaceae",NA,1,1982,2018,NA,"Least concern",NA
1004330,39100,"Aquilegia vulgaris L.",NA,"Ranunculaceae",NA,2,2019,2020,NA,"Least concern",NA
1004340,39200,"Arabidopsis thaliana (L.) Heynh.",NA,"Brassicaceae",NA,2,2018,2020,NA,"Least concern",NA
1004360,39350,"Arabis alpina L.",NA,"Brassicaceae",NA,19,1982,2025,NA,"Least concern",NA
1004370,39400,"Arabis alpina L. subsp. alpina",NA,"Brassicaceae",NA,6,1982,2017,NA,"",NA
1004440,40200,"Arabis ciliata Clairv.",NA,"Brassicaceae",NA,7,1982,2023,NA,"Least concern",NA
1004570,42000,"Arabis subcoriacea Gren.",NA,"Brassicaceae",NA,1,1982,2021,NA,"Least concern",NA
1004620,42300,"Arctium minus Bernh.",NA,"Asteraceae",NA,0,1966,1966,NA,"Least concern",NA
1004680,43000,"Arctostaphylos alpina (L.) Spreng.",NA,"Ericaceae",NA,2,1982,2022,NA,"Least concern",NA
1004690,43100,"Arctostaphylos uva-ursi (L.) Spreng.",NA,"Ericaceae",NA,18,1908,2023,NA,"Least concern",NA
1004810,44300,"Arenaria serpyllifolia L.",NA,"Caryophyllaceae",NA,2,1982,1994,NA,"Least concern",NA
1004800,44305,"Arenaria serpyllifolia aggr.",NA,"Caryophyllaceae",NA,2,1982,1994,NA,"Least concern",NA
1004900,45600,"Armoracia rusticana G. Gaertn. & al.",NA,"Brassicaceae",NA,2,2018,2019,NA,"Least concern",NA
1004910,45700,"Arnica montana L.",NA,"Asteraceae",NA,129,1908,2025,NA,"Least concern",NA
1004930,45900,"Arrhenatherum elatius (L.) J. Presl & C. Presl",NA,"Poaceae",NA,10,2000,2023,NA,"Least concern",NA
1004950,46100,"Artemisia absinthium L.",NA,"Asteraceae",NA,2,1982,2021,NA,"Least concern",NA
1005130,47700,"Artemisia umbelliformis Lam.",NA,"Asteraceae",NA,1,1890,1982,NA,"Least concern",NA
1005160,48000,"Artemisia vulgaris L.",NA,"Asteraceae",NA,1,1982,2019,NA,"Least concern",NA
1005320,49400,"Asperula cynanchica L.",NA,"Rubiaceae",NA,0,1966,1966,NA,"Least concern",NA
1005315,49410,"Asperula cynanchica aggr.",NA,"Rubiaceae",NA,0,1966,1966,NA,"",NA
1005540,51200,"Asplenium septentrionale (L.) Hoffm.",NA,"Aspleniaceae",NA,1,1982,2024,NA,"Least concern",NA
1005640,51800,"Aster alpinus L.",NA,"Asteraceae",NA,17,1923,2025,NA,"Least concern",NA
1005660,52000,"Aster bellidiastrum (L.) Scop.",NA,"Asteraceae",NA,18,1982,2023,NA,"Least concern",NA
1005790,53200,"Astragalus alpinus L.",NA,"Fabaceae",NA,4,1892,2024,NA,"Least concern",NA
1005800,53300,"Astragalus australis (L.) Lam.",NA,"Fabaceae",NA,3,1982,2024,NA,"Least concern",NA
1005830,53500,"Astragalus cicer L.",NA,"Fabaceae",NA,0,1982,1982,NA,"Near threatened",NA
1005850,53700,"Astragalus depressus L.",NA,"Fabaceae",NA,1,1994,1994,NA,"Near threatened",NA
1005870,53900,"Astragalus frigidus (L.) A. Gray",NA,"Fabaceae",NA,15,1982,2023,NA,"Least concern",NA
1005940,54600,"Astragalus penduliflorus Lam.",NA,"Fabaceae",NA,12,1982,2022,NA,"Least concern",NA
1006050,55300,"Astrantia minor L.",NA,"Apiaceae",NA,12,1982,2022,NA,"Least concern",NA
1006080,55600,"Athyrium distentifolium Opiz",NA,"Athyriaceae",NA,4,1982,2023,NA,"Least concern",NA
1006090,55700,"Athyrium filix-femina (L.) Roth",NA,"Athyriaceae",NA,12,1982,2025,NA,"Least concern",NA
1006240,56900,"Avena fatua L.",NA,"Poaceae",NA,0,1966,1966,NA,"Least concern",NA
1006320,57400,"Avenella flexuosa (L.) Drejer",NA,"Poaceae",NA,331,1908,2025,NA,"Least concern",NA
1006420,58300,"Barbarea intermedia Boreau",NA,"Brassicaceae",NA,1,1966,2016,NA,"Least concern",NA
1006450,58600,"Barbarea vulgaris R. Br.",NA,"Brassicaceae",NA,8,1966,2025,NA,"Least concern",NA
1006460,58700,"Bartsia alpina L.",NA,"Orobanchaceae",NA,54,1923,2023,NA,"Least concern",NA
1006490,59100,"Bellis perennis L.",NA,"Asteraceae",NA,3,1982,2025,NA,"Least concern",NA
1006600,60400,"Betula pendula Roth",NA,"Betulaceae",NA,7,1966,2025,NA,"Least concern",NA
1006595,60450,"Betula pendula aggr.",NA,"Betulaceae",NA,13,1966,2025,NA,"",NA
1006610,60500,"Betula pubescens Ehrh.",NA,"Betulaceae",NA,5,1982,2025,NA,"Least concern",NA
1006780,62000,"Biscutella laevigata L.",NA,"Brassicaceae",NA,10,1935,2021,NA,"Least concern",NA
1006880,62600,"Blitum capitatum L.",NA,"Amaranthaceae",NA,1,2023,2023,NA,"",NA
1006890,62700,"Blitum virgatum L.",NA,"Amaranthaceae",NA,52,1982,2025,NA,"Near threatened",NA
1006900,62800,"Blysmus compressus (L.) Link",NA,"Cyperaceae",NA,12,1982,2025,NA,"Least concern",NA
1006980,63200,"Botrychium lanceolatum (S. G. Gmel.) Ångstr.",NA,"Ophioglossaceae",NA,2,1884,1884,NA,"Critically endangered",NA
1006990,63300,"Botrychium lunaria (L.) Sw.",NA,"Ophioglossaceae",NA,41,1892,2025,NA,"Least concern",NA
1007060,63900,"Brachypodium pinnatum (L.) P. Beauv.",NA,"Poaceae",NA,3,2020,2023,NA,"Least concern",NA
1007070,64000,"Brachypodium pinnatum aggr.",NA,"Poaceae",NA,10,1982,2023,NA,"Least concern",NA
1007200,65200,"Briza media L.",NA,"Poaceae",NA,156,1982,2025,NA,"Least concern",NA
1007210,65300,"Bromus arvensis L.",NA,"Poaceae",NA,0,1966,1966,NA,"Vulnerable",NA
1007290,65695,"Bromus erectus Huds.",NA,"Poaceae",NA,2,1966,2023,NA,"Least concern",NA
1007300,65700,"Bromus erectus Huds. subsp. erectus",NA,"Poaceae",NA,0,1966,1966,NA,"Least concern",NA
1007320,65900,"Bromus grossus DC.",NA,"Poaceae",NA,0,1966,1966,NA,"Critically endangered",NA
1007360,66100,"Bromus inermis Leyss.",NA,"Poaceae",NA,5,1966,2025,NA,"",NA
1007355,66130,"Bromus inermis aggr.",NA,"Poaceae",NA,5,1966,2025,NA,"",NA
1007390,66200,"Bromus japonicus Thunb.",NA,"Poaceae",NA,0,1966,1966,NA,"Vulnerable",NA
1007490,66930,"Bromus riparius Rehmann",NA,"Poaceae",NA,3,2017,2017,NA,"",NA
1007550,67300,"Bromus tectorum L.",NA,"Poaceae",NA,0,1982,1982,NA,"Least concern",NA
1007660,68300,"Bunias orientalis L.",NA,"Brassicaceae",NA,2,1966,2023,NA,"",NA
1007840,70300,"Bupleurum stellatum L.",NA,"Apiaceae",NA,19,1890,2025,NA,"Least concern",NA
1007940,71400,"Calamagrostis varia (Schrad.) Host",NA,"Poaceae",NA,12,1982,2023,NA,"Least concern",NA
1007950,71500,"Calamagrostis villosa (Chaix) J. F. Gmel.",NA,"Poaceae",NA,235,1908,2025,NA,"Least concern",NA
1008160,73600,"Calluna vulgaris (L.) Hull",NA,"Ericaceae",NA,503,1947,2025,NA,"Least concern",NA
1008180,73700,"Caltha palustris L.",NA,"Ranunculaceae",NA,73,1947,2025,NA,"Least concern",NA
1008220,74100,"Camelina alyssum (Mill.) Thell.",NA,"Brassicaceae",NA,0,1966,1966,NA,"Regionally extinct",NA
1008250,74400,"Camelina sativa (L.) Crantz",NA,"Brassicaceae",NA,0,1966,1966,NA,"",NA
1008255,74420,"Camelina sativa var. pilosa DC.",NA,"Brassicaceae",NA,0,1966,1966,NA,"",NA
1008300,74700,"Campanula barbata L.",NA,"Campanulaceae",NA,50,1935,2023,NA,"Least concern",NA
1008440,75700,"Campanula glomerata L.",NA,"Campanulaceae",NA,6,1991,2025,NA,"Least concern",NA
1008450,75800,"Campanula glomerata L. subsp. glomerata",NA,"Campanulaceae",NA,2,1991,2014,NA,"Least concern",NA
1008470,75900,"Campanula glomerata subsp. farinosa (Andrz.) Kirschl.",NA,"Campanulaceae",NA,1,2021,2021,NA,"Near threatened",NA
1008550,76500,"Campanula persicifolia L.",NA,"Campanulaceae",NA,2,2023,2024,NA,"Least concern",NA
1008610,76800,"Campanula rapunculoides L.",NA,"Campanulaceae",NA,7,1982,2025,NA,"Least concern",NA
1008640,77100,"Campanula rotundifolia L.",NA,"Campanulaceae",NA,22,1982,2024,NA,"Least concern",NA
1008650,77200,"Campanula scheuchzeri Vill.",NA,"Campanulaceae",NA,195,1982,2025,NA,"Least concern",NA
1008680,77500,"Campanula thyrsoides L.",NA,"Campanulaceae",NA,1,1982,2017,NA,"Least concern",NA
1008700,77700,"Cannabis sativa L.",NA,"Cannabaceae",NA,0,1966,1966,NA,"",NA
1008720,77900,"Capsella bursa-pastoris (L.) Medik.",NA,"Brassicaceae",NA,4,1982,2025,NA,"Least concern",NA
1008740,78000,"Capsella rubella Reut.",NA,"Brassicaceae",NA,1,2011,2011,NA,"Least concern",NA
1008770,78150,"Caragana arborescens Lam.",NA,"",NA,1,1998,1998,NA,"",NA
1008780,78200,"Cardamine alpina Willd.",NA,"Brassicaceae",NA,1,1982,2003,NA,"Least concern",NA
1008790,78300,"Cardamine amara L.",NA,"Brassicaceae",NA,13,1982,2025,NA,"Least concern",NA
1008890,78900,"Cardamine hirsuta L.",NA,"Brassicaceae",NA,3,2020,2025,NA,"Least concern",NA
1009020,80300,"Cardamine resedifolia L.",NA,"Brassicaceae",NA,27,1970,2023,NA,"Least concern",NA
1009110,81000,"Cardaminopsis halleri (L.) Hayek",NA,"Brassicaceae",NA,38,1982,2025,NA,"Least concern",NA
1009115,81050,"Cardaminopsis halleri (L.) Hayek subsp. halleri",NA,"Brassicaceae",NA,2,2021,2021,NA,"",NA
1009140,81500,"Carduus crispus L.",NA,"Asteraceae",NA,14,1966,2025,NA,"Least concern",NA
1009150,81530,"Carduus crispus L. subsp. crispus",NA,"Asteraceae",NA,1,2020,2020,NA,"Least concern",NA
1009160,81560,"Carduus crispus subsp. multiflorus (Gaudin) Franco",NA,"Asteraceae",NA,1,2019,2019,NA,"Data deficient",NA
1009170,81595,"Carduus defloratus L.",NA,"Asteraceae",NA,6,1935,2023,NA,"Least concern",NA
1009180,81600,"Carduus defloratus L. subsp. defloratus",NA,"Asteraceae",NA,1,1982,2019,NA,"Least concern",NA
1009190,81700,"Carduus defloratus subsp. crassifolius (Willd.) Hayek",NA,"Asteraceae",NA,1,1935,1994,NA,"Near threatened",NA
1009210,82100,"Carduus nutans L.",NA,"Asteraceae",NA,6,1966,2023,NA,"Least concern",NA
1009220,82200,"Carduus nutans L. subsp. nutans",NA,"Asteraceae",NA,2,2019,2023,NA,"Least concern",NA
1009230,82300,"Carduus nutans subsp. platylepis (Rchb. & Saut.) Nyman",NA,"Asteraceae",NA,3,2017,2021,NA,"Least concern",NA
1009240,82400,"Carduus personata (L.) Jacq.",NA,"Asteraceae",NA,9,1982,2025,NA,"Least concern",NA
1009300,83100,"Carex alba Scop.",NA,"Cyperaceae",NA,0,1966,1966,NA,"Least concern",NA
1009330,83350,"Carex atrata L.",NA,"Cyperaceae",NA,22,1982,2023,NA,"Least concern",NA
1009340,83400,"Carex atrata L. subsp. atrata",NA,"Cyperaceae",NA,3,1982,2022,NA,"Least concern",NA
1009320,83405,"Carex atrata aggr.",NA,"Cyperaceae",NA,27,1982,2023,NA,"",NA
1009350,83500,"Carex atrata subsp. aterrima (Hoppe) Hartm.",NA,"Cyperaceae",NA,5,1982,2021,NA,"Least concern",NA
1009440,84400,"Carex brunnescens (Pers.) Poir.",NA,"Cyperaceae",NA,1,1966,2013,NA,"Least concern",NA
1009470,84500,"Carex buxbaumii Wahlenb.",NA,"Cyperaceae",NA,17,1864,2025,NA,"Vulnerable",NA
1009480,84600,"Carex canescens L.",NA,"Cyperaceae",NA,48,1947,2025,NA,"Least concern",NA
1009490,84700,"Carex capillaris L.",NA,"Cyperaceae",NA,9,1982,2023,NA,"Least concern",NA
1009510,84900,"Carex caryophyllea Latourr.",NA,"Cyperaceae",NA,18,1982,2024,NA,"Least concern",NA
1009540,85395,"Carex curvula All.",NA,"Cyperaceae",NA,20,1982,2023,NA,"Least concern",NA
1009550,85400,"Carex curvula All. subsp. curvula",NA,"Cyperaceae",NA,2,1982,2023,NA,"Least concern",NA
1009570,85700,"Carex davalliana Sm.",NA,"Cyperaceae",NA,62,1947,2025,NA,"Least concern",NA
1009600,86000,"Carex diandra Schrank",NA,"Cyperaceae",NA,34,1947,2025,NA,"Vulnerable",NA
1009610,86100,"Carex digitata L.",NA,"Cyperaceae",NA,2,1982,2023,NA,"Least concern",NA
1009620,86200,"Carex dioica L.",NA,"Cyperaceae",NA,21,1947,2025,NA,"Vulnerable",NA
1009680,86700,"Carex echinata Murray",NA,"Cyperaceae",NA,100,1947,2025,NA,"Least concern",NA
1009690,86800,"Carex elata All.",NA,"Cyperaceae",NA,17,2006,2025,NA,"Least concern",NA
1009720,87100,"Carex ericetorum Pollich",NA,"Cyperaceae",NA,3,1982,2023,NA,"Near threatened",NA
1009730,87200,"Carex ferruginea Scop.",NA,"Cyperaceae",NA,11,1982,2023,NA,"Least concern",NA
1009760,87500,"Carex flacca Schreb.",NA,"Cyperaceae",NA,12,1982,2023,NA,"Least concern",NA
1009780,87600,"Carex flava L.",NA,"Cyperaceae",NA,15,1981,2025,NA,"Least concern",NA
1009770,87605,"Carex flava aggr.",NA,"Cyperaceae",NA,89,1947,2025,NA,"Least concern",NA
1009800,87800,"Carex frigida All.",NA,"Cyperaceae",NA,17,1859,2023,NA,"Least concern",NA
1009890,88700,"Carex hostiana DC.",NA,"Cyperaceae",NA,3,1982,2006,NA,"Least concern",NA
1009900,88800,"Carex humilis Leyss.",NA,"Cyperaceae",NA,0,1982,1982,NA,"Least concern",NA
1009910,88900,"Carex juncella (Fr.) Th. Fr.",NA,"Cyperaceae",NA,11,2000,2023,NA,"Vulnerable",NA
1009920,89100,"Carex lachenalii Schkuhr",NA,"Cyperaceae",NA,5,1966,2023,NA,"Least concern",NA
1009940,89200,"Carex lasiocarpa Ehrh.",NA,"Cyperaceae",NA,46,1947,2025,NA,"Vulnerable",NA
1009960,89400,"Carex lepidocarpa Tausch",NA,"Cyperaceae",NA,4,1947,2022,NA,"Least concern",NA
1009970,89500,"Carex leporina L.",NA,"Cyperaceae",NA,32,1982,2025,NA,"Least concern",NA
1009980,89600,"Carex limosa L.",NA,"Cyperaceae",NA,112,1947,2025,NA,"Near threatened",NA
1010000,89900,"Carex maritima Gunnerus",NA,"Cyperaceae",NA,53,1940,2022,NA,"Vulnerable",NA
1010040,90300,"Carex montana L.",NA,"Cyperaceae",NA,12,1982,2024,NA,"Least concern",NA
1010050,90400,"Carex mucronata All.",NA,"Cyperaceae",NA,0,1984,1984,NA,"Least concern",NA
1010060,90500,"Carex muricata aggr.",NA,"Cyperaceae",NA,1,1966,2008,NA,"Least concern",NA
1010070,90700,"Carex nigra (L.) Reichard",NA,"Cyperaceae",NA,511,1947,2025,NA,"Least concern",NA
1010080,90900,"Carex norvegica Retz.",NA,"Cyperaceae",NA,8,1982,2022,NA,"Vulnerable",NA
1010090,91200,"Carex ornithopoda Willd.",NA,"Cyperaceae",NA,11,1982,2023,NA,"Least concern",NA
1010130,91600,"Carex pallescens L.",NA,"Cyperaceae",NA,89,1982,2025,NA,"Least concern",NA
1010140,91700,"Carex panicea L.",NA,"Cyperaceae",NA,150,1947,2025,NA,"Least concern",NA
1010150,91800,"Carex paniculata L.",NA,"Cyperaceae",NA,6,1982,2025,NA,"Least concern",NA
1010160,92000,"Carex parviflora Host",NA,"Cyperaceae",NA,4,1982,2023,NA,"Least concern",NA
1010170,92100,"Carex pauciflora Lightf.",NA,"Cyperaceae",NA,99,1947,2025,NA,"Near threatened",NA
1010180,92200,"Carex paupercula Michx.",NA,"Cyperaceae",NA,66,1947,2025,NA,"Near threatened",NA
1010210,92500,"Carex pilulifera L.",NA,"Cyperaceae",NA,25,1947,2023,NA,"Least concern",NA
1010260,93100,"Carex pulicaris L.",NA,"Cyperaceae",NA,2,1914,2006,NA,"Near threatened",NA
1010320,93700,"Carex rostrata Stokes",NA,"Cyperaceae",NA,621,1947,2025,NA,"Least concern",NA
1010330,93800,"Carex rupestris All.",NA,"Cyperaceae",NA,1,1982,2008,NA,"Least concern",NA
1010340,93900,"Carex sempervirens Vill.",NA,"Cyperaceae",NA,21,1908,2023,NA,"Least concern",NA
1010390,94700,"Carex sylvatica Huds.",NA,"Cyperaceae",NA,13,2000,2000,NA,"Least concern",NA
1010420,95100,"Carex vaginata Tausch",NA,"Cyperaceae",NA,195,1928,2025,NA,"Vulnerable",NA
1010440,95400,"Carex viridula Michx.",NA,"Cyperaceae",NA,10,1982,2006,NA,"Near threatened",NA
1010490,95800,"Carlina acaulis L.",NA,"Asteraceae",NA,37,1982,2025,NA,"Least concern",NA
1010610,97100,"Carum carvi L.",NA,"Apiaceae",NA,39,1982,2025,NA,"Least concern",NA
1010650,97300,"Catabrosa aquatica (L.) P. Beauv.",NA,"Poaceae",NA,1,1982,1991,NA,"Vulnerable",NA
1010820,98750,"Centaurea jacea L.",NA,"Asteraceae",NA,1,2025,2025,NA,"Least concern",NA
1010865,99030,"Centaurea jacea aggr.",NA,"Asteraceae",NA,1,2025,2025,NA,"",NA
1010890,99200,"Centaurea montana L.",NA,"Asteraceae",NA,3,2019,2025,NA,"Least concern",NA
1010910,99400,"Centaurea nervosa Willd.",NA,"Asteraceae",NA,8,1982,2025,NA,"Least concern",NA
1010980,99995,"Centaurea scabiosa L.",NA,"Asteraceae",NA,29,1982,2024,NA,"Least concern",NA
1010990,100000,"Centaurea scabiosa L. subsp. scabiosa",NA,"Asteraceae",NA,1,2023,2023,NA,"Least concern",NA
1011000,100100,"Centaurea scabiosa subsp. alpestris (Hegetschw.) Nyman",NA,"Asteraceae",NA,9,1982,2020,NA,"Least concern",NA
1011250,102200,"Cerastium alpinum L.",NA,"Caryophyllaceae",NA,3,1892,2006,NA,"Least concern",NA
1011270,102595,"Cerastium arvense L.",NA,"Caryophyllaceae",NA,42,1967,2025,NA,"Least concern",NA
1011280,102600,"Cerastium arvense L. subsp. arvense",NA,"Caryophyllaceae",NA,1,1967,1967,NA,"Least concern",NA
1011300,102700,"Cerastium arvense subsp. strictum (W. D. J. Koch) Schinz & R. Keller",NA,"Caryophyllaceae",NA,20,1982,2023,NA,"Least concern",NA
1011370,103400,"Cerastium cerastoides (L.) Britton",NA,"Caryophyllaceae",NA,3,1982,2018,NA,"Least concern",NA
1011390,103595,"Cerastium fontanum Baumg.",NA,"Caryophyllaceae",NA,52,1982,2025,NA,"Least concern",NA
1011400,103600,"Cerastium fontanum Baumg. subsp. fontanum",NA,"Caryophyllaceae",NA,2,1982,2017,NA,"Least concern",NA
1011420,103800,"Cerastium fontanum subsp. vulgare (Hartm.) Greuter & Burdet",NA,"Caryophyllaceae",NA,17,1982,2017,NA,"Least concern",NA
1011430,103900,"Cerastium glomeratum Thuill.",NA,"Caryophyllaceae",NA,1,2019,2019,NA,"Least concern",NA
1011450,104200,"Cerastium latifolium L.",NA,"Caryophyllaceae",NA,1,1890,1890,NA,"Least concern",NA
1011530,105400,"Cerastium uniflorum Clairv.",NA,"Caryophyllaceae",NA,12,1994,2023,NA,"Least concern",NA
1011590,105700,"Cerinthe glabra Mill.",NA,"Boraginaceae",NA,1,1890,1982,NA,"Least concern",NA
1011640,106100,"Chaenorrhinum minus (L.) Lange",NA,"Plantaginaceae",NA,7,1994,2023,NA,"Least concern",NA
1011670,106200,"Chaerophyllum aureum L.",NA,"Apiaceae",NA,8,1966,2025,NA,"Least concern",NA
1011710,106700,"Chaerophyllum hirsutum L.",NA,"Apiaceae",NA,5,1982,2025,NA,"Least concern",NA
1011700,106705,"Chaerophyllum hirsutum aggr.",NA,"Apiaceae",NA,29,1982,2025,NA,"Least concern",NA
1011730,107100,"Chaerophyllum villarsii W. D. J. Koch",NA,"Apiaceae",NA,13,1982,2025,NA,"Least concern",NA
50009,NA,"Chara globularis Thuill.",NA,"Characeae",NA,1,2025,2025,NA,"Least concern",NA
50092,NA,"Chara globularis aggr.",NA,"Characeae",NA,1,2025,2025,NA,"",NA
50022,NA,"Chara strigosa A. Braun",NA,"Characeae",NA,31,2010,2025,NA,"Endangered",NA
50010,NA,"Chara vulgaris aggr.",NA,"Characeae",NA,31,2010,2025,NA,"",NA
1011850,108300,"Chenopodium album L.",NA,"Amaranthaceae",NA,3,1966,2023,NA,"Least concern",NA
1011845,108330,"Chenopodium album aggr.",NA,"Amaranthaceae",NA,4,1966,2023,NA,"",NA
1011880,108500,"Chenopodium bonus-henricus L.",NA,"Amaranthaceae",NA,17,1982,2025,NA,"Least concern",NA
1012000,109800,"Chenopodium rubrum L.",NA,"Amaranthaceae",NA,1,1982,1998,NA,"Vulnerable",NA
1012160,112500,"Chrysosplenium alternifolium L.",NA,"Saxifragaceae",NA,9,1982,2023,NA,"Least concern",NA
1012190,112800,"Cicerbita alpina (L.) Wallr.",NA,"Asteraceae",NA,5,1982,2025,NA,"Least concern",NA
1012200,112900,"Cicerbita macrophylla (Willd.) Wallr.",NA,"Asteraceae",NA,7,2017,2024,NA,"",NA
1012240,113300,"Cicuta virosa L.",NA,"Apiaceae",NA,0,1966,1966,NA,"Endangered",NA
1012300,113700,"Cirsium acaule Scop.",NA,"Asteraceae",NA,22,1982,2024,NA,"Least concern",NA
1012310,113800,"Cirsium arvense (L.) Scop.",NA,"Asteraceae",NA,7,1982,2024,NA,"Least concern",NA
1012330,114000,"Cirsium eriophorum (L.) Scop.",NA,"Asteraceae",NA,9,1982,2025,NA,"Least concern",NA
1012370,114400,"Cirsium helenioides (L.) Hill",NA,"Asteraceae",NA,278,1947,2025,NA,"Least concern",NA
1012420,114900,"Cirsium palustre (L.) Scop.",NA,"Asteraceae",NA,1,1982,2006,NA,"Least concern",NA
1012450,115300,"Cirsium spinosissimum (L.) Scop.",NA,"Asteraceae",NA,26,1982,2023,NA,"Least concern",NA
1012570,116000,"Clematis alpina (L.) Mill.",NA,"Ranunculaceae",NA,10,1890,2019,NA,"Least concern",NA
1012750,117200,"Coeloglossum viride (L.) Hartm.",NA,"Orchidaceae",NA,117,1982,2025,NA,"Least concern",NA
1012810,117700,"Colchicum autumnale L.",NA,"Colchicaceae",NA,10,1982,2024,NA,"Least concern",NA
1012970,118600,"Consolida ajacis (L.) Schur",NA,"Ranunculaceae",NA,0,1966,1966,NA,"",NA
1013030,118900,"Convolvulus arvensis L.",NA,"Convolvulaceae",NA,0,1966,1966,NA,"Least concern",NA
1013090,119400,"Corallorhiza trifida Châtel.",NA,"Orchidaceae",NA,4,1982,2023,NA,"Least concern",NA
1013170,119800,"Cornus sericea L.",NA,"Cornaceae",NA,1,2024,2024,NA,"",NA
1013210,120400,"Coronilla vaginalis Lam.",NA,"Fabaceae",NA,0,1966,1966,NA,"Least concern",NA
1013450,121800,"Cotoneaster integerrimus Medik.",NA,"Rosaceae",NA,16,1982,2025,NA,"Least concern",NA
1013510,122000,"Cotoneaster tomentosus Lindl.",NA,"Rosaceae",NA,0,1966,1966,NA,"Least concern",NA
1013620,122900,"Crepis alpestris (Jacq.) Tausch",NA,"Asteraceae",NA,2,1982,2019,NA,"Least concern",NA
1013630,123000,"Crepis aurea (L.) Cass.",NA,"Asteraceae",NA,10,1923,2023,NA,"Least concern",NA
1013640,123100,"Crepis biennis L.",NA,"Asteraceae",NA,1,2001,2001,NA,"Least concern",NA
1013650,123300,"Crepis bocconei P. D. Sell",NA,"Asteraceae",NA,3,1982,2017,NA,"Least concern",NA
1013670,123500,"Crepis conyzifolia (Gouan) A. Kern.",NA,"Asteraceae",NA,22,1946,2025,NA,"Least concern",NA
1013750,124200,"Crepis nicaeensis Pers.",NA,"Asteraceae",NA,0,1966,1966,NA,"",NA
1013760,124300,"Crepis paludosa (L.) Moench",NA,"Asteraceae",NA,23,1947,2023,NA,"Least concern",NA
1013800,124800,"Crepis pyrenaica (L.) Greuter",NA,"Asteraceae",NA,4,1982,2025,NA,"Least concern",NA
1013830,125400,"Crepis tectorum L.",NA,"Asteraceae",NA,2,1994,2011,NA,"Vulnerable",NA
1013880,125800,"Crocus albiflorus Kit.",NA,"Iridaceae",NA,13,1982,2024,NA,"Least concern",NA
1014000,126600,"Cryptogramma crispa (L.) Hook.",NA,"Pteridaceae",NA,16,1982,2024,NA,"Least concern",NA
1014130,127800,"Cuscuta epithymum (L.) L.",NA,"Convolvulaceae",NA,2,1982,2021,NA,"Least concern",NA
1014310,129300,"Cynoglossum officinale L.",NA,"Boraginaceae",NA,2,1993,1997,NA,"Near threatened",NA
1014320,129400,"Cynosurus cristatus L.",NA,"Poaceae",NA,1,1966,2023,NA,"Least concern",NA
1014510,130600,"Cystopteris dickieana R. Sim",NA,"Cystopteridaceae",NA,1,2018,2018,NA,"Data deficient",NA
1014520,130700,"Cystopteris fragilis (L.) Bernh.",NA,"Cystopteridaceae",NA,7,1982,2025,NA,"Least concern",NA
1014515,130750,"Cystopteris fragilis aggr.",NA,"Cystopteridaceae",NA,16,1982,2025,NA,"",NA
1014760,132600,"Dactylorhiza maculata (L.) Soó",NA,"Orchidaceae",NA,29,1982,2024,NA,"Least concern",NA
1014775,132630,"Dactylorhiza maculata subsp. fuchsii (Druce) Hyl.",NA,"Orchidaceae",NA,26,2012,2024,NA,"Least concern",NA
1014800,132700,"Dactylorhiza majalis (Rchb.) P. F. Hunt & Summerh.",NA,"Orchidaceae",NA,34,1982,2025,NA,"Least concern",NA
1014900,133600,"Daphne mezereum L.",NA,"Thymelaeaceae",NA,14,1982,2025,NA,"Least concern",NA
1014910,133700,"Daphne striata Tratt.",NA,"Thymelaeaceae",NA,8,1905,2024,NA,"Least concern",NA
1014950,133900,"Daucus carota L.",NA,"Apiaceae",NA,0,1966,1966,NA,"Least concern",NA
1015010,134300,"Delphinium elatum L.",NA,"Ranunculaceae",NA,2,2025,2025,NA,"Near threatened",NA
1015040,134800,"Deschampsia cespitosa (L.) P. Beauv.",NA,"Poaceae",NA,331,1981,2025,NA,"Least concern",NA
1015070,135200,"Descurainia sophia (L.) Prantl",NA,"Brassicaceae",NA,3,1966,2019,NA,"Least concern",NA
1015120,135500,"Dianthus carthusianorum L.",NA,"Caryophyllaceae",NA,17,1982,2025,NA,"Least concern",NA
1015150,135700,"Dianthus carthusianorum subsp. vaginatus (Chaix) Schinz & R. Keller",NA,"Caryophyllaceae",NA,16,2011,2017,NA,"Least concern",NA
1015170,135900,"Dianthus deltoides L.",NA,"Caryophyllaceae",NA,12,1982,2023,NA,"Vulnerable",NA
1015200,136000,"Dianthus glacialis Haenke",NA,"Caryophyllaceae",NA,0,1966,1966,NA,"Least concern",NA
1015280,136800,"Dianthus superbus L.",NA,"Caryophyllaceae",NA,63,1982,2025,NA,"Least concern",NA
1015300,136860,"Dianthus superbus subsp. alpestris Čelak.",NA,"Caryophyllaceae",NA,4,2017,2023,NA,"Least concern",NA
1015310,136900,"Dianthus sylvestris Wulfen",NA,"Caryophyllaceae",NA,13,1982,2025,NA,"Least concern",NA
1015340,137100,"Digitalis grandiflora Mill.",NA,"Plantaginaceae",NA,1,1995,1995,NA,"Least concern",NA
1015420,137800,"Diphasiastrum alpinum (L.) Holub",NA,"Lycopodiaceae",NA,6,1982,2022,NA,"Least concern",NA
1015430,137900,"Diphasiastrum complanatum (L.) Holub",NA,"Lycopodiaceae",NA,2,1860,1966,NA,"Endangered",NA
1015450,138100,"Diphasiastrum ×issleri (Rouy) Holub",NA,"Lycopodiaceae",NA,1,1950,1982,NA,"Endangered",NA
1015560,139700,"Doronicum clusii (All.) Tausch",NA,"Asteraceae",NA,14,2003,2023,NA,"Least concern",NA
1015590,140000,"Doronicum grandiflorum Lam.",NA,"Asteraceae",NA,1,2003,2003,NA,"Least concern",NA
1015740,141300,"Draba nemorosa L.",NA,"Brassicaceae",NA,20,1993,2022,NA,"Near threatened",NA
1015770,141550,"Draba thomasii W. D. J. Koch",NA,"Brassicaceae",NA,0,1966,1966,NA,"Near threatened",NA
1015800,141800,"Dracocephalum ruyschiana L.",NA,"Lamiaceae",NA,42,1879,2016,NA,"Near threatened",NA
1015820,142000,"Drosera anglica Huds.",NA,"Droseraceae",NA,30,1947,2025,NA,"Vulnerable",NA
1015840,142300,"Drosera rotundifolia L.",NA,"Droseraceae",NA,56,1914,2025,NA,"Near threatened",NA
1015870,142600,"Dryopteris affinis (Lowe) Fraser-Jenk.",NA,"Dryopteridaceae",NA,1,1966,2003,NA,"Least concern",NA
1015910,143100,"Dryopteris carthusiana (Vill.) H. P. Fuchs",NA,"Dryopteridaceae",NA,6,1982,2023,NA,"Least concern",NA
1015930,143300,"Dryopteris dilatata (Hoffm.) A. Gray",NA,"Dryopteridaceae",NA,7,1982,2025,NA,"Least concern",NA
1015925,143350,"Dryopteris dilatata aggr.",NA,"Dryopteridaceae",NA,10,1982,2025,NA,"",NA
1015940,143400,"Dryopteris expansa (C. Presl) Fraser-Jenk. & Jermy",NA,"Dryopteridaceae",NA,1,2025,2025,NA,"Least concern",NA
1015950,143500,"Dryopteris filix-mas (L.) Schott",NA,"Dryopteridaceae",NA,11,1982,2024,NA,"Least concern",NA
1015980,143900,"Dryopteris villarii (Bellardi) Schinz & Thell.",NA,"Dryopteridaceae",NA,2,1982,2023,NA,"Least concern",NA
1016120,144500,"Echium vulgare L.",NA,"Boraginaceae",NA,14,1982,2023,NA,"Least concern",NA
1016220,145000,"Eleocharis acicularis (L.) Roem. & Schult.",NA,"Cyperaceae",NA,1,1932,1994,NA,"Vulnerable",NA
1016310,145705,"Eleocharis palustris aggr.",NA,"Cyperaceae",NA,6,1994,2022,NA,"Near threatened",NA
1016320,145900,"Eleocharis quinqueflora (Hartmann) O. Schwarz",NA,"Cyperaceae",NA,18,1981,2025,NA,"Least concern",NA
1016330,146000,"Eleocharis uniglumis (Link) Schult.",NA,"Cyperaceae",NA,6,1994,2022,NA,"Vulnerable",NA
1016360,146200,"Elodea canadensis Michx.",NA,"Hydrocharitaceae",NA,2,1982,2025,NA,"",NA
1016380,146400,"Elodea nuttallii (Planch.) H. St. John",NA,"Hydrocharitaceae",NA,12,2014,2023,NA,"",NA
1016400,146460,"Elymus caninus (L.) L.",NA,"Poaceae",NA,4,1982,2025,NA,"Least concern",NA
1016450,146560,"Elymus repens (L.) Gould",NA,"Poaceae",NA,13,1982,2025,NA,"Least concern",NA
1016460,146600,"Elyna myosuroides (Vill.) Fritsch",NA,"Cyperaceae",NA,18,1982,2023,NA,"Least concern",NA
1016470,146795,"Empetrum nigrum L.",NA,"Ericaceae",NA,385,1947,2025,NA,"Least concern",NA
1016490,146900,"Empetrum nigrum subsp. hermaphroditum (Hagerup) Böcher",NA,"Ericaceae",NA,138,1982,2025,NA,"Least concern",NA
1016510,147300,"Epilobium alpestre (Jacq.) Krock.",NA,"Onagraceae",NA,1,1966,2023,NA,"Least concern",NA
1016520,147500,"Epilobium alsinifolium Vill.",NA,"Onagraceae",NA,1,1982,2006,NA,"Least concern",NA
1016530,147600,"Epilobium anagallidifolium Lam.",NA,"Onagraceae",NA,3,2018,2023,NA,"Least concern",NA
1016540,147700,"Epilobium angustifolium L.",NA,"Onagraceae",NA,58,1982,2025,NA,"Least concern",NA
1016560,147900,"Epilobium collinum C. C. Gmel.",NA,"Onagraceae",NA,3,1982,2025,NA,"Least concern",NA
1016570,148000,"Epilobium dodonaei Vill.",NA,"Onagraceae",NA,1,2025,2025,NA,"Near threatened",NA
1016590,148200,"Epilobium fleischeri Hochst.",NA,"Onagraceae",NA,7,1982,2023,NA,"Least concern",NA
1016620,148600,"Epilobium montanum L.",NA,"Onagraceae",NA,3,1982,2023,NA,"Least concern",NA
1016630,148700,"Epilobium nutans F. W. Schmidt",NA,"Onagraceae",NA,16,1982,2024,NA,"Least concern",NA
1016650,148900,"Epilobium palustre L.",NA,"Onagraceae",NA,37,1947,2025,NA,"Least concern",NA
1016740,149600,"Epipactis atrorubens Besser",NA,"Orchidaceae",NA,4,1982,2015,NA,"Least concern",NA
1016920,150600,"Equisetum arvense L.",NA,"Equisetaceae",NA,19,1982,2023,NA,"Least concern",NA
1016930,150700,"Equisetum fluviatile L.",NA,"Equisetaceae",NA,1,1982,2018,NA,"Least concern",NA
1016940,150800,"Equisetum hyemale L.",NA,"Equisetaceae",NA,1,1982,2025,NA,"Least concern",NA
1016950,151100,"Equisetum palustre L.",NA,"Equisetaceae",NA,113,1947,2025,NA,"Least concern",NA
1016960,151200,"Equisetum pratense Ehrh.",NA,"Equisetaceae",NA,4,2017,2021,NA,"Least concern",NA
1016980,151400,"Equisetum sylvaticum L.",NA,"Equisetaceae",NA,16,1982,2025,NA,"Least concern",NA
1017000,151600,"Equisetum variegatum Schleich.",NA,"Equisetaceae",NA,21,1948,2025,NA,"Least concern",NA
1017400,152400,"Erica carnea L.",NA,"Ericaceae",NA,2,1982,2022,NA,"Least concern",NA
1017440,153300,"Erigeron acris L.",NA,"Asteraceae",NA,6,1982,2023,NA,"Least concern",NA
1017450,153350,"Erigeron acris L. subsp. acris",NA,"Asteraceae",NA,1,2020,2020,NA,"Least concern",NA
1017460,153400,"Erigeron acris subsp. angulosus (Gaudin) Vacc.",NA,"Asteraceae",NA,4,2011,2023,NA,"Least concern",NA
1017490,153600,"Erigeron alpinus L.",NA,"Asteraceae",NA,4,1915,2006,NA,"Least concern",NA
1017485,153650,"Erigeron alpinus aggr.",NA,"Asteraceae",NA,14,1915,2023,NA,"",NA
1017510,153800,"Erigeron annuus (L.) Desf.",NA,"Asteraceae",NA,1,2000,2000,NA,"",NA
1017550,154200,"Erigeron atticus Vill.",NA,"Asteraceae",NA,1,1994,1994,NA,"Near threatened",NA
1017590,154700,"Erigeron neglectus A. Kern.",NA,"Asteraceae",NA,0,1982,1982,NA,"Least concern",NA
1017610,155000,"Erigeron uniflorus L.",NA,"Asteraceae",NA,9,2003,2023,NA,"Least concern",NA
1017640,155200,"Eriophorum angustifolium Honck.",NA,"Cyperaceae",NA,245,1947,2023,NA,"Least concern",NA
1017660,155400,"Eriophorum latifolium Hoppe",NA,"Cyperaceae",NA,22,1982,2023,NA,"Least concern",NA
1017680,155600,"Eriophorum vaginatum L.",NA,"Cyperaceae",NA,152,1905,2025,NA,"Near threatened",NA
1017830,157100,"Erucastrum nasturtiifolium (Poir.) O. E. Schulz",NA,"Brassicaceae",NA,0,1966,1966,NA,"Least concern",NA
1017840,157200,"Eryngium alpinum L.",NA,"Apiaceae",NA,3,2015,2024,NA,"Vulnerable",NA
1017890,157400,"Erysimum cheiranthoides L.",NA,"Brassicaceae",NA,6,1966,2025,NA,"Near threatened",NA
1017970,158400,"Erysimum repandum L.",NA,"Brassicaceae",NA,0,1966,1966,NA,"",NA
1017979,158500,"Erysimum rhaeticum aggr.",NA,"Brassicaceae",NA,1,1890,1982,NA,"Least concern",NA
1018010,158700,"Erysimum virgatum Roth",NA,"Brassicaceae",NA,4,1982,2019,NA,"Vulnerable",NA
1018170,159800,"Euphorbia cyparissias L.",NA,"Euphorbiaceae",NA,11,1982,2023,NA,"Least concern",NA
1018520,162000,"Euphrasia alpina Lam.",NA,"Orobanchaceae",NA,1,1982,2025,NA,"Least concern",NA
1018560,162500,"Euphrasia hirtella Reut.",NA,"Orobanchaceae",NA,3,1982,2020,NA,"Least concern",NA
1018600,162750,"Euphrasia minima Schleich.",NA,"Orobanchaceae",NA,28,1908,2023,NA,"Least concern",NA
1018660,163150,"Euphrasia picta Wimm.",NA,"Orobanchaceae",NA,0,1982,1982,NA,"Near threatened",NA
1018670,163200,"Euphrasia picta Wimm. subsp. picta",NA,"Orobanchaceae",NA,0,1982,1982,NA,"Data deficient",NA
1018700,163450,"Euphrasia rostkoviana Hayne",NA,"Orobanchaceae",NA,49,1981,2025,NA,"Least concern",NA
1018685,163850,"Euphrasia rostkoviana aggr.",NA,"Orobanchaceae",NA,52,1981,2025,NA,"",NA
1018730,163800,"Euphrasia rostkoviana subsp. montana (Jord.) Wettst.",NA,"Orobanchaceae",NA,5,1981,2024,NA,"Least concern",NA
1018750,164000,"Euphrasia stricta J. F. Lehm.",NA,"Orobanchaceae",NA,2,1982,2023,NA,"Near threatened",NA
1018810,164700,"Fagopyrum esculentum Moench",NA,"Polygonaceae",NA,0,1966,1966,NA,"",NA
1018870,165200,"Fallopia convolvulus (L.) Á. Löve",NA,"Polygonaceae",NA,1,1982,2019,NA,"Least concern",NA
1018980,165700,"Festuca alpina Suter",NA,"Poaceae",NA,0,1982,1982,NA,"Least concern",NA
1019020,166100,"Festuca arundinacea Schreb.",NA,"Poaceae",NA,2,2006,2023,NA,"Least concern",NA
1019070,166550,"Festuca brevipila R. Tracey",NA,"Poaceae",NA,0,1966,1966,NA,"Least concern",NA
1019180,167600,"Festuca halleri All.",NA,"Poaceae",NA,1,1982,2020,NA,"Least concern",NA
1019160,167650,"Festuca halleri aggr.",NA,"Poaceae",NA,7,1982,2023,NA,"Least concern",NA
1019200,167770,"Festuca heteromalla Pourr.",NA,"Poaceae",NA,2,2014,2014,NA,"Least concern",NA
1019240,168150,"Festuca laevigata Gaudin",NA,"Poaceae",NA,2,1982,2022,NA,"",NA
1019260,168170,"Festuca laevigata subsp. crassifolia (Gaudin) Kerguélen & Plonka",NA,"Poaceae",NA,2,2022,2022,NA,"Near threatened",NA
1019290,168300,"Festuca nigrescens Lam.",NA,"Poaceae",NA,10,2001,2019,NA,"Least concern",NA
1019330,168500,"Festuca ovina L.",NA,"Poaceae",NA,2,2024,2024,NA,"Least concern",NA
1019310,168590,"Festuca ovina aggr.",NA,"Poaceae",NA,28,1982,2025,NA,"Least concern",NA
1019309,168580,"Festuca ovina superaggr.",NA,"",NA,34,1966,2025,NA,"",NA
1019380,169100,"Festuca pratensis Huds.",NA,"Poaceae",NA,4,1982,2023,NA,"Least concern",NA
1019450,170000,"Festuca quadriflora Honck.",NA,"Poaceae",NA,9,1935,2023,NA,"Least concern",NA
1019480,170100,"Festuca rubra L.",NA,"Poaceae",NA,14,1908,2025,NA,"Least concern",NA
1019470,170200,"Festuca rubra aggr.",NA,"Poaceae",NA,430,1908,2025,NA,"Least concern",NA
1019630,171690,"Festuca valesiaca aggr.",NA,"Poaceae",NA,0,1966,1966,NA,"Least concern",NA
1019650,171800,"Festuca varia aggr.",NA,"Poaceae",NA,8,1982,2025,NA,"Least concern",NA
1019680,172000,"Festuca violacea Gaudin",NA,"Poaceae",NA,1,2022,2022,NA,"Least concern",NA
1019670,172100,"Festuca violacea aggr.",NA,"Poaceae",NA,32,1982,2025,NA,"Least concern",NA
1019770,173100,"Filipendula ulmaria (L.) Maxim.",NA,"Rosaceae",NA,4,1982,2025,NA,"Least concern",NA
1019920,173800,"Fragaria vesca L.",NA,"Rosaceae",NA,3,1982,2025,NA,"Least concern",NA
1020100,174900,"Fumaria officinalis L.",NA,"Papaveraceae",NA,2,1982,2023,NA,"Least concern",NA
1020140,175300,"Fumaria schleicheri Soy.-Will.",NA,"Papaveraceae",NA,7,1966,2023,NA,"Vulnerable",NA
1020150,175400,"Fumaria vaillantii Loisel.",NA,"Papaveraceae",NA,2,2011,2014,NA,"Vulnerable",NA
1020160,175620,"Gagea fragifera (Vill.) Ehr. Bayer & G. López",NA,"Liliaceae",NA,2,1982,2025,NA,"Least concern",NA
1020290,176400,"Galeopsis angustifolia Hoffm.",NA,"Lamiaceae",NA,1,2019,2019,NA,"Least concern",NA
1020310,176600,"Galeopsis ladanum L.",NA,"Lamiaceae",NA,2,1976,2015,NA,"Near threatened",NA
1020340,177000,"Galeopsis speciosa Mill.",NA,"Lamiaceae",NA,1,1994,1994,NA,"Vulnerable",NA
1020350,177100,"Galeopsis tetrahit L.",NA,"Lamiaceae",NA,5,1957,2023,NA,"Least concern",NA
1020390,177500,"Galium anisophyllon Vill.",NA,"Rubiaceae",NA,56,2000,2025,NA,"Least concern",NA
1020440,178000,"Galium boreale L.",NA,"Rubiaceae",NA,157,1982,2025,NA,"Least concern",NA
1020470,178300,"Galium glaucum L.",NA,"Rubiaceae",NA,1,1940,1940,NA,"Vulnerable",NA
1020520,178900,"Galium mollugo L.",NA,"Rubiaceae",NA,1,1935,1935,NA,"Least concern",NA
1020510,179000,"Galium mollugo aggr.",NA,"Rubiaceae",NA,7,1935,2023,NA,"Least concern",NA
1020570,179400,"Galium palustre L.",NA,"Rubiaceae",NA,6,1947,2019,NA,"Least concern",NA
1020565,179450,"Galium palustre aggr.",NA,"Rubiaceae",NA,7,1947,2019,NA,"",NA
1020600,179700,"Galium pumilum Murray",NA,"Rubiaceae",NA,90,1977,2025,NA,"Least concern",NA
1020595,179650,"Galium pumilum aggr.",NA,"Rubiaceae",NA,147,1977,2025,NA,"",NA
1020640,180100,"Galium rubrum aggr.",NA,"Rubiaceae",NA,1,1914,1914,NA,"",NA
1020710,180700,"Galium uliginosum L.",NA,"Rubiaceae",NA,195,1982,2025,NA,"Least concern",NA
1020730,180900,"Galium verum L.",NA,"Rubiaceae",NA,10,1982,2023,NA,"Least concern",NA
1020740,181000,"Galium verum L. subsp. verum",NA,"Rubiaceae",NA,2,2016,2021,NA,"Least concern",NA
1020890,182200,"Gentiana acaulis L.",NA,"Gentianaceae",NA,82,1982,2025,NA,"Least concern",NA
1020940,182700,"Gentiana asclepiadea L.",NA,"Gentianaceae",NA,1,1982,2013,NA,"Least concern",NA
1020970,182900,"Gentiana bavarica L.",NA,"Gentianaceae",NA,5,1982,2023,NA,"Least concern",NA
1020975,182930,"Gentiana bavarica L. subsp. bavarica",NA,"Gentianaceae",NA,1,2018,2018,NA,"Least concern",NA
1020990,183000,"Gentiana brachyphylla Vill.",NA,"Gentianaceae",NA,3,2013,2023,NA,"Least concern",NA
1021000,183100,"Gentiana campestris L.",NA,"Gentianaceae",NA,41,1982,2025,NA,"Least concern",NA
1021010,183200,"Gentiana campestris L. subsp. campestris",NA,"Gentianaceae",NA,7,2003,2023,NA,"Least concern",NA
1021020,183300,"Gentiana campestris subsp. baltica (Murb.) Vollm.",NA,"Gentianaceae",NA,3,2014,2017,NA,"Data deficient",NA
1021030,183400,"Gentiana ciliata L.",NA,"Gentianaceae",NA,1,1982,2018,NA,"Least concern",NA
1021050,183600,"Gentiana cruciata L.",NA,"Gentianaceae",NA,7,1982,2023,NA,"Vulnerable",NA
1021090,183800,"Gentiana germanica Willd.",NA,"Gentianaceae",NA,1,2020,2020,NA,"Vulnerable",NA
1021070,183810,"Gentiana germanica subsp. rhaetica (A. Kern. & Jos. Kern.) Hayek",NA,"Gentianaceae",NA,1,2020,2020,NA,"",NA
1021120,184100,"Gentiana lutea L.",NA,"Gentianaceae",NA,2,1982,2025,NA,"Least concern",NA
1021140,184300,"Gentiana nivalis L.",NA,"Gentianaceae",NA,13,1982,2025,NA,"Least concern",NA
1021150,184400,"Gentiana orbicularis Schur",NA,"Gentianaceae",NA,1,2008,2008,NA,"Least concern",NA
1021190,184800,"Gentiana punctata L.",NA,"Gentianaceae",NA,32,1982,2025,NA,"Least concern",NA
1021200,184900,"Gentiana purpurea L.",NA,"Gentianaceae",NA,15,2000,2018,NA,"Least concern",NA
1021210,185000,"Gentiana ramosa Hegetschw.",NA,"Gentianaceae",NA,1,1982,2020,NA,"Least concern",NA
1021240,185300,"Gentiana utriculosa L.",NA,"Gentianaceae",NA,1,1893,1982,NA,"Near threatened",NA
1021250,185400,"Gentiana verna L.",NA,"Gentianaceae",NA,9,1982,2023,NA,"Least concern",NA
1021430,188300,"Geranium pratense L.",NA,"Geraniaceae",NA,7,2016,2018,NA,"Near threatened",NA
1021440,188500,"Geranium pusillum L.",NA,"Geraniaceae",NA,0,1966,1966,NA,"Least concern",NA
1021450,188600,"Geranium pyrenaicum Burm. f.",NA,"Geraniaceae",NA,0,1966,1966,NA,"Least concern",NA
1021510,189100,"Geranium sanguineum L.",NA,"Geraniaceae",NA,1,2025,2025,NA,"Least concern",NA
1021530,189300,"Geranium sylvaticum L.",NA,"Geraniaceae",NA,42,1982,2025,NA,"Least concern",NA
1021540,189400,"Geum montanum L.",NA,"Rosaceae",NA,26,1982,2025,NA,"Least concern",NA
1021560,189500,"Geum reptans L.",NA,"Rosaceae",NA,3,2019,2023,NA,"Least concern",NA
1021570,189600,"Geum rivale L.",NA,"Rosaceae",NA,56,1982,2025,NA,"Least concern",NA
1021840,192200,"Gnaphalium hoppeanum W. D. J. Koch",NA,"Asteraceae",NA,1,1890,1982,NA,"Least concern",NA
1021860,192400,"Gnaphalium norvegicum Gunnerus",NA,"Asteraceae",NA,2,1982,2023,NA,"Least concern",NA
1021870,192500,"Gnaphalium supinum L.",NA,"Asteraceae",NA,8,1982,2024,NA,"Least concern",NA
1021900,192800,"Goodyera repens (L.) R. Br.",NA,"Orchidaceae",NA,4,2023,2023,NA,"Near threatened",NA
1021930,193100,"Groenlandia densa (L.) Fourr.",NA,"Potamogetonaceae",NA,12,1991,2025,NA,"Near threatened",NA
1021950,193200,"Gymnadenia conopsea (L.) R. Br.",NA,"Orchidaceae",NA,86,1982,2025,NA,"Least concern",NA
1021960,193220,"Gymnadenia conopsea var. densiflora (Wahlenb.) Aver.",NA,"Orchidaceae",NA,2,2024,2024,NA,"",NA
1021970,193300,"Gymnadenia odoratissima (L.) Rich.",NA,"Orchidaceae",NA,1,1982,2014,NA,"Least concern",NA
1021980,193400,"Gymnocarpium dryopteris (L.) Newman",NA,"Cystopteridaceae",NA,12,1982,2025,NA,"Least concern",NA
1021990,193500,"Gymnocarpium robertianum (Hoffm.) Newman",NA,"Cystopteridaceae",NA,2,1982,2018,NA,"Least concern",NA
1022020,193800,"Gypsophila repens L.",NA,"Caryophyllaceae",NA,3,1935,2021,NA,"Least concern",NA
1022110,194100,"Hedysarum hedysaroides (L.) Schinz & Thell.",NA,"Fabaceae",NA,20,1923,2025,NA,"Least concern",NA
1022180,194895,"Helianthemum nummularium (L.) Mill.",NA,"Cistaceae",NA,46,1915,2025,NA,"Least concern",NA
1022190,194900,"Helianthemum nummularium (L.) Mill. subsp. nummularium",NA,"Cistaceae",NA,1,1915,1915,NA,"Near threatened",NA
1022210,195100,"Helianthemum nummularium subsp. grandiflorum (Scop.) Schinz & Thell.",NA,"Cistaceae",NA,12,1982,2023,NA,"Least concern",NA
1022370,196600,"Helictotrichon praeustum (Rchb.) Tzvelev",NA,"Poaceae",NA,7,2021,2022,NA,"",NA
1022380,196690,"Helictotrichon pratense (L.) Besser",NA,"Poaceae",NA,7,2017,2025,NA,"",NA
1022379,196700,"Helictotrichon pratense aggr.",NA,"Poaceae",NA,38,1982,2025,NA,"Least concern",NA
1022390,196800,"Helictotrichon pubescens (Huds.) Pilg.",NA,"Poaceae",NA,12,1982,2025,NA,"Least concern",NA
1022410,196860,"Helictotrichon pubescens subsp. laevigatum (Schur) Soó",NA,"Poaceae",NA,1,2023,2023,NA,"Data deficient",NA
1022440,197100,"Helictotrichon versicolor (Vill.) Pilg.",NA,"Poaceae",NA,108,1908,2023,NA,"Least concern",NA
1022580,198300,"Heracleum mantegazzianum Sommier & Levier",NA,"Apiaceae",NA,5,2019,2025,NA,"",NA
1022590,198595,"Heracleum sphondylium L.",NA,"Apiaceae",NA,14,1966,2025,NA,"Least concern",NA
1022620,198800,"Heracleum sphondylium subsp. elegans (Crantz) Schübl. & G. Martens",NA,"Apiaceae",NA,3,1966,2020,NA,"Least concern",NA
1022640,199100,"Herminium monorchis (L.) R. Br.",NA,"Orchidaceae",NA,1,1918,1982,NA,"Vulnerable",NA
1022670,199300,"Herniaria glabra L.",NA,"Caryophyllaceae",NA,24,1982,2025,NA,"Least concern",NA
1022790,199900,"Hieracium alpinum L.",NA,"Asteraceae",NA,22,1982,2023,NA,"Least concern",NA
1022810,200100,"Hieracium angustifolium Hoppe",NA,"Asteraceae",NA,1,1982,2019,NA,"Least concern",NA
1022820,200200,"Hieracium aurantiacum L.",NA,"Asteraceae",NA,8,1982,2023,NA,"Least concern",NA
1022840,200600,"Hieracium bifidum aggr.",NA,"Asteraceae",NA,1,1982,2021,NA,"Least concern",NA
1022960,201600,"Hieracium glaucum All.",NA,"Asteraceae",NA,0,1982,1982,NA,"Least concern",NA
1022990,201700,"Hieracium hoppeanum Schult.",NA,"Asteraceae",NA,9,1982,2019,NA,"Least concern",NA
1023010,201900,"Hieracium intybaceum All.",NA,"Asteraceae",NA,9,1908,2025,NA,"Least concern",NA
1023040,202100,"Hieracium lactucella Wallr.",NA,"Asteraceae",NA,17,1982,2023,NA,"Least concern",NA
1023110,202700,"Hieracium murorum aggr.",NA,"Asteraceae",NA,47,1982,2025,NA,"Least concern",NA
1023190,203105,"Hieracium piliferum Hoppe",NA,"Asteraceae",NA,4,2018,2023,NA,"Least concern",NA
1023170,203200,"Hieracium piliferum aggr.",NA,"Asteraceae",NA,5,2018,2023,NA,"Least concern",NA
1023200,203400,"Hieracium pilosella L.",NA,"Asteraceae",NA,62,1927,2025,NA,"Least concern",NA
1023220,203600,"Hieracium pilosum Froel.",NA,"Asteraceae",NA,4,1982,2023,NA,"Least concern",NA
1023290,204100,"Hieracium racemosum aggr.",NA,"Asteraceae",NA,0,1982,1982,NA,"Near threatened",NA
1023320,204400,"Hieracium sabaudum aggr.",NA,"Asteraceae",NA,0,1994,1994,NA,"Least concern",NA
1023400,205000,"Hieracium staticifolium All.",NA,"Asteraceae",NA,1,2001,2001,NA,"Least concern",NA
1023490,205900,"Hieracium villosum aggr.",NA,"Asteraceae",NA,4,1982,2023,NA,"Least concern",NA
1023580,206300,"Hippocrepis comosa L.",NA,"Fabaceae",NA,9,1982,2023,NA,"Least concern",NA
1023630,206800,"Holcus lanatus L.",NA,"Poaceae",NA,0,1982,1982,NA,"Least concern",NA
1023680,207300,"Homogyne alpina (L.) Cass.",NA,"Asteraceae",NA,220,1908,2025,NA,"Least concern",NA
1023860,208900,"Huperzia selago (L.) Schrank & Mart.",NA,"Lycopodiaceae",NA,45,1982,2025,NA,"Least concern",NA
1024060,210695,"Hypericum maculatum Crantz",NA,"Hypericaceae",NA,2,2013,2017,NA,"Least concern",NA
1024130,211050,"Hypericum perforatum L.",NA,"Hypericaceae",NA,1,2023,2023,NA,"Least concern",NA
1024250,212200,"Hypochaeris uniflora Vill.",NA,"Asteraceae",NA,16,1908,2023,NA,"Least concern",NA
1024330,212900,"Iberis pinnata L.",NA,"Brassicaceae",NA,0,1966,1966,NA,"Regionally extinct",NA
1024730,216200,"Isatis tinctoria L.",NA,"Brassicaceae",NA,0,1966,1966,NA,"Least concern",NA
1024900,217700,"Juncus alpinoarticulatus Chaix",NA,"Juncaceae",NA,28,1981,2023,NA,"Least concern",NA
1024920,218000,"Juncus arcticus Willd.",NA,"Juncaceae",NA,6,1981,2025,NA,"Near threatened",NA
1024930,218100,"Juncus articulatus L.",NA,"Juncaceae",NA,6,1982,2023,NA,"Least concern",NA
1024925,218150,"Juncus articulatus aggr.",NA,"Juncaceae",NA,34,1981,2023,NA,"",NA
1024940,218200,"Juncus bufonius L.",NA,"Juncaceae",NA,7,2006,2022,NA,"Least concern",NA
1025010,218900,"Juncus filiformis L.",NA,"Juncaceae",NA,56,1947,2025,NA,"Least concern",NA
1025040,219200,"Juncus jacquinii L.",NA,"Juncaceae",NA,3,1982,2023,NA,"Least concern",NA
1025120,220100,"Juncus trifidus L.",NA,"Juncaceae",NA,12,1923,2023,NA,"Least concern",NA
1025130,220300,"Juncus triglumis L.",NA,"Juncaceae",NA,9,1982,2023,NA,"Least concern",NA
1025140,220395,"Juniperus communis L.",NA,"Cupressaceae",NA,413,1908,2025,NA,"Least concern",NA
1025150,220400,"Juniperus communis L. subsp. communis",NA,"Cupressaceae",NA,57,1984,2025,NA,"Least concern",NA
1025160,220500,"Juniperus communis subsp. alpina Čelak.",NA,"Cupressaceae",NA,183,1908,2025,NA,"Least concern",NA
1025170,220800,"Juniperus sabina L.",NA,"Cupressaceae",NA,2,1935,2020,NA,"Least concern",NA
1025230,221400,"Knautia arvensis (L.) Coult.",NA,"Caprifoliaceae",NA,4,1994,2019,NA,"Least concern",NA
1025240,221450,"Knautia dipsacifolia Kreutzer",NA,"Caprifoliaceae",NA,35,1982,2025,NA,"Least concern",NA
1025250,221500,"Knautia dipsacifolia Kreutzer subsp. dipsacifolia",NA,"Caprifoliaceae",NA,13,1982,2025,NA,"Least concern",NA
1025440,223300,"Koeleria eriostachya Pančić",NA,"Poaceae",NA,0,1982,1982,NA,"Near threatened",NA
1025470,223700,"Koeleria macrantha (Ledeb.) Schult.",NA,"Poaceae",NA,0,1982,1982,NA,"Least concern",NA
1025480,223900,"Koeleria pyramidata (Lam.) P. Beauv.",NA,"Poaceae",NA,14,1982,2023,NA,"Least concern",NA
1025490,223905,"Koeleria pyramidata aggr.",NA,"Poaceae",NA,16,1982,2023,NA,"Least concern",NA
1025650,225500,"Lamium album L.",NA,"Lamiaceae",NA,16,1982,2025,NA,"Least concern",NA
1025760,226600,"Lappula deflexa (Wahlenb.) Garcke",NA,"Boraginaceae",NA,7,1917,2025,NA,"Vulnerable",NA
1025810,227200,"Larix decidua Mill.",NA,"Pinaceae",NA,194,1982,2025,NA,"Least concern",NA
1025840,227400,"Laserpitium gaudinii Moretti",NA,"Apiaceae",NA,5,1982,2020,NA,"Least concern",NA
1025850,227500,"Laserpitium halleri Crantz",NA,"Apiaceae",NA,48,1898,2025,NA,"Least concern",NA
1025860,227700,"Laserpitium latifolium L.",NA,"Apiaceae",NA,7,1982,2020,NA,"Least concern",NA
1026050,230400,"Lathyrus pratensis L.",NA,"Fabaceae",NA,22,1982,2025,NA,"Least concern",NA
1026090,230800,"Lathyrus sylvestris L.",NA,"Fabaceae",NA,0,1966,1966,NA,"Least concern",NA
1026240,232300,"Lemna minor L.",NA,"Araceae",NA,0,1966,1966,NA,"Least concern",NA
1026235,232350,"Lemna minor aggr.",NA,"Araceae",NA,0,1966,1966,NA,"",NA
1026290,232700,"Leontodon autumnalis L.",NA,"Asteraceae",NA,28,1982,2025,NA,"Least concern",NA
1026310,232900,"Leontodon helveticus Mérat",NA,"Asteraceae",NA,134,1908,2025,NA,"Least concern",NA
1026330,233000,"Leontodon hispidus L.",NA,"Asteraceae",NA,60,1982,2025,NA,"Least concern",NA
1026340,233100,"Leontodon hispidus L. subsp. hispidus",NA,"Asteraceae",NA,4,2000,2025,NA,"Least concern",NA
1026380,233600,"Leontodon hispidus subsp. pseudocrispus (Bisch.) Murr",NA,"Asteraceae",NA,2,1982,2000,NA,"Least concern",NA
1026430,234000,"Leontodon montanus Lam.",NA,"Asteraceae",NA,0,1982,1982,NA,"Least concern",NA
1026470,234600,"Leontopodium alpinum Cass.",NA,"Asteraceae",NA,3,1937,2018,NA,"Least concern",NA
1026510,235000,"Lepidium densiflorum Schrad.",NA,"Brassicaceae",NA,4,1966,2019,NA,"",NA
1026505,235050,"Lepidium densiflorum aggr.",NA,"Brassicaceae",NA,4,1966,2019,NA,"",NA
1026540,235400,"Lepidium neglectum Thell.",NA,"Brassicaceae",NA,0,1966,1966,NA,"",NA
1026550,235500,"Lepidium perfoliatum L.",NA,"Brassicaceae",NA,0,1966,1966,NA,"",NA
1026570,235700,"Lepidium sativum L.",NA,"Brassicaceae",NA,0,1966,1966,NA,"",NA
1026580,235800,"Lepidium virginicum L.",NA,"Brassicaceae",NA,0,1966,1966,NA,"",NA
1026600,236000,"Leucanthemopsis alpina (L.) Heywood",NA,"Asteraceae",NA,23,1982,2023,NA,"Least concern",NA
1026650,236200,"Leucanthemum adustum (W. D. J. Koch) Gremli",NA,"Asteraceae",NA,4,1982,2025,NA,"Least concern",NA
1026680,236500,"Leucanthemum halleri (Vitman) Ducommun",NA,"Asteraceae",NA,0,1982,1982,NA,"Least concern",NA
1026730,236800,"Leucanthemum vulgare Lam.",NA,"Asteraceae",NA,19,1982,2025,NA,"Least concern",NA
1026710,236905,"Leucanthemum vulgare aggr.",NA,"Asteraceae",NA,94,1982,2025,NA,"Least concern",NA
1026810,237800,"Ligusticum mutellina (L.) Crantz",NA,"Apiaceae",NA,174,1982,2025,NA,"Least concern",NA
1026820,237900,"Ligusticum mutellinoides Vill.",NA,"Apiaceae",NA,10,2003,2023,NA,"Least concern",NA
1026860,238195,"Lilium bulbiferum L.",NA,"Liliaceae",NA,34,1982,2025,NA,"Near threatened",NA
1026870,238200,"Lilium bulbiferum L. subsp. bulbiferum",NA,"Liliaceae",NA,1,2014,2014,NA,"Vulnerable",NA
1026880,238300,"Lilium bulbiferum subsp. croceum (Chaix) Baker",NA,"Liliaceae",NA,23,1982,2024,NA,"Near threatened",NA
1026890,238500,"Lilium martagon L.",NA,"Liliaceae",NA,30,1982,2025,NA,"Least concern",NA
1026910,238700,"Limosella aquatica L.",NA,"Scrophulariaceae",NA,2,1934,1934,NA,"Critically endangered",NA
1026920,238800,"Linaria alpina (L.) Mill.",NA,"Plantaginaceae",NA,5,1890,2025,NA,"Least concern",NA
1026930,238900,"Linaria alpina (L.) Mill. subsp. alpina",NA,"Plantaginaceae",NA,2,1890,2018,NA,"Least concern",NA
1027060,240300,"Linaria vulgaris Mill.",NA,"Plantaginaceae",NA,3,1966,2024,NA,"Least concern",NA
1027090,240600,"Linnaea borealis L.",NA,"Caprifoliaceae",NA,99,1982,2025,NA,"Least concern",NA
1027130,241100,"Linum catharticum L.",NA,"Linaceae",NA,3,1982,2023,NA,"Least concern",NA
1027210,241900,"Listera cordata (L.) R. Br.",NA,"Orchidaceae",NA,9,1943,2025,NA,"Near threatened",NA
1027220,242000,"Listera ovata (L.) R. Br.",NA,"Orchidaceae",NA,4,1982,2024,NA,"Least concern",NA
1027250,242500,"Lloydia serotina (L.) Rchb.",NA,"Liliaceae",NA,13,1923,2023,NA,"Least concern",NA
1027290,242600,"Loiseleuria procumbens (L.) Desv.",NA,"Ericaceae",NA,56,1890,2024,NA,"Least concern",NA
1027310,242800,"Lolium perenne L.",NA,"Poaceae",NA,4,1966,2023,NA,"Least concern",NA
1027330,243000,"Lolium rigidum Gaudin",NA,"Poaceae",NA,0,1966,1966,NA,"Vulnerable",NA
1027380,243500,"Lonicera caerulea L.",NA,"Caprifoliaceae",NA,143,1982,2025,NA,"Least concern",NA
1027440,243900,"Lonicera nigra L.",NA,"Caprifoliaceae",NA,13,1982,2025,NA,"Least concern",NA
1027500,244300,"Lotus alpinus (DC.) Ramond",NA,"Fabaceae",NA,36,1982,2023,NA,"Least concern",NA
1027520,244400,"Lotus corniculatus L.",NA,"Fabaceae",NA,39,1982,2025,NA,"Least concern",NA
1027510,244410,"Lotus corniculatus aggr.",NA,"Fabaceae",NA,127,1982,2025,NA,"Least concern",NA
1027640,245800,"Lupinus polyphyllus Lindl.",NA,"Fabaceae",NA,73,2003,2025,NA,"",NA
1027670,246000,"Luzula alpinopilosa (Chaix) Breistr.",NA,"Juncaceae",NA,35,1982,2023,NA,"Least concern",NA
1027700,246100,"Luzula campestris (L.) DC.",NA,"Juncaceae",NA,3,1982,2020,NA,"Least concern",NA
1027740,246600,"Luzula lutea (All.) DC.",NA,"Juncaceae",NA,13,1908,2023,NA,"Least concern",NA
1027750,246700,"Luzula luzulina (Vill.) Dalla Torre & Sarnth.",NA,"Juncaceae",NA,33,1982,2025,NA,"Least concern",NA
1027760,246800,"Luzula luzuloides (Lam.) Dandy & Wilmott",NA,"Juncaceae",NA,73,1982,2025,NA,"Least concern",NA
1027770,246900,"Luzula luzuloides (Lam.) Dandy & Wilmott subsp. luzuloides",NA,"Juncaceae",NA,3,2002,2017,NA,"Least concern",NA
1027780,247050,"Luzula luzuloides subsp. rubella (Mert. & W. D. J. Koch) Holub",NA,"Juncaceae",NA,7,2017,2023,NA,"Data deficient",NA
1027790,247100,"Luzula multiflora (Ehrh.) Lej.",NA,"Juncaceae",NA,219,1982,2025,NA,"Least concern",NA
1027785,247150,"Luzula multiflora aggr.",NA,"Juncaceae",NA,382,1947,2025,NA,"Least concern",NA
1027820,247300,"Luzula nivea (L.) DC.",NA,"Juncaceae",NA,3,1982,2017,NA,"Least concern",NA
1027840,247500,"Luzula pilosa (L.) Willd.",NA,"Juncaceae",NA,2,2000,2001,NA,"Least concern",NA
1027850,247600,"Luzula sieberi Tausch",NA,"Juncaceae",NA,3,2008,2023,NA,"Least concern",NA
1027860,247800,"Luzula spicata (L.) DC.",NA,"Juncaceae",NA,4,1982,2018,NA,"Least concern",NA
1027890,248100,"Luzula sudetica (Willd.) Schult.",NA,"Juncaceae",NA,15,1999,2023,NA,"Least concern",NA
1027910,248300,"Luzula sylvatica (Huds.) Gaudin",NA,"Juncaceae",NA,26,2000,2025,NA,"Least concern",NA
1027920,248400,"Luzula sylvatica aggr.",NA,"Juncaceae",NA,72,1982,2025,NA,"Least concern",NA
1027980,249700,"Lycopodium annotinum L.",NA,"Lycopodiaceae",NA,7,1982,2025,NA,"Least concern",NA
1028210,252400,"Maianthemum bifolium (L.) F. W. Schmidt",NA,"Asparagaceae",NA,14,1982,2025,NA,"Least concern",NA
1028400,253800,"Marrubium vulgare L.",NA,"Lamiaceae",NA,1,2020,2020,NA,"Endangered",NA
1028420,254000,"Matricaria chamomilla L.",NA,"Asteraceae",NA,3,1966,2025,NA,"Least concern",NA
1028430,254100,"Matricaria discoidea DC.",NA,"Asteraceae",NA,12,1982,2025,NA,"",NA
1028510,255100,"Medicago falcata L.",NA,"Fabaceae",NA,3,1982,2021,NA,"Near threatened",NA
1028530,255300,"Medicago lupulina L.",NA,"Fabaceae",NA,6,1982,2025,NA,"Least concern",NA
1028590,256000,"Medicago sativa L.",NA,"Fabaceae",NA,1,2019,2019,NA,"Least concern",NA
1028640,256500,"Melampyrum pratense L.",NA,"Orobanchaceae",NA,128,1979,2025,NA,"Least concern",NA
1028660,256600,"Melampyrum sylvaticum L.",NA,"Orobanchaceae",NA,116,1982,2025,NA,"Least concern",NA
1028690,256900,"Melica nutans L.",NA,"Poaceae",NA,1,1982,2023,NA,"Least concern",NA
1028720,257200,"Melilotus albus Medik.",NA,"Fabaceae",NA,1,2019,2019,NA,"Least concern",NA
1028760,257600,"Melilotus officinalis Lam.",NA,"Fabaceae",NA,1,1982,2019,NA,"Least concern",NA
1028910,258800,"Menyanthes trifoliata L.",NA,"Menyanthaceae",NA,107,1888,2025,NA,"Least concern",NA
1029020,259800,"Milium effusum L.",NA,"Poaceae",NA,23,1982,2025,NA,"Least concern",NA
1029035,259830,"Milium effusum L. subsp. effusum",NA,"Poaceae",NA,2,2019,2023,NA,"Least concern",NA
1029030,259860,"Milium effusum subsp. alpicola Chrtek",NA,"Poaceae",NA,3,2025,2025,NA,"Least concern",NA
1029080,260300,"Minuartia biflora (L.) Schinz & Thell.",NA,"Caryophyllaceae",NA,0,1982,1982,NA,"Least concern",NA
1029150,261200,"Minuartia laricifolia (L.) Schinz & Thell.",NA,"Caryophyllaceae",NA,1,1982,2012,NA,"Least concern",NA
1029170,261400,"Minuartia recurva (All.) Schinz & Thell.",NA,"Caryophyllaceae",NA,2,2008,2021,NA,"Least concern",NA
1029230,261700,"Minuartia sedoides (L.) Hiern",NA,"Caryophyllaceae",NA,2,2013,2018,NA,"Least concern",NA
1029260,262000,"Minuartia verna (L.) Hiern",NA,"Caryophyllaceae",NA,6,1982,2023,NA,"Least concern",NA
1029440,263400,"Molinia caerulea (L.) Moench",NA,"Poaceae",NA,274,1947,2025,NA,"Least concern",NA
1029470,263700,"Moneses uniflora (L.) A. Gray",NA,"Ericaceae",NA,12,1982,2025,NA,"Least concern",NA
1029510,264095,"Montia fontana L.",NA,"Montiaceae",NA,2,1966,2012,NA,"Vulnerable",NA
1029520,264099,"Montia fontana L. subsp. fontana",NA,"Montiaceae",NA,2,2001,2012,NA,"Vulnerable",NA
1029620,265200,"Muscari botryoides (L.) Mill.",NA,"Asparagaceae",NA,0,1982,1982,NA,"Vulnerable",NA
1029690,265800,"Myosotis alpestris F. W. Schmidt",NA,"Boraginaceae",NA,24,1935,2025,NA,"Least concern",NA
1029700,265900,"Myosotis arvensis Hill",NA,"Boraginaceae",NA,2,2015,2024,NA,"Least concern",NA
1029720,266000,"Myosotis cespitosa Schultz",NA,"Boraginaceae",NA,1,1979,1994,NA,"Vulnerable",NA
1029730,266100,"Myosotis decumbens Host",NA,"Boraginaceae",NA,1,2016,2016,NA,"Least concern",NA
1029770,266400,"Myosotis nemorosa Besser",NA,"Boraginaceae",NA,4,1966,2024,NA,"Least concern",NA
1029800,266800,"Myosotis scorpioides L.",NA,"Boraginaceae",NA,4,2019,2025,NA,"Least concern",NA
1029795,266850,"Myosotis scorpioides aggr.",NA,"Boraginaceae",NA,29,1966,2025,NA,"",NA
1029820,267100,"Myosotis sylvatica Hoffm.",NA,"Boraginaceae",NA,6,2003,2023,NA,"Least concern",NA
1029815,267150,"Myosotis sylvatica aggr.",NA,"Boraginaceae",NA,12,1982,2023,NA,"",NA
1029860,267500,"Myricaria germanica (L.) Desv.",NA,"Tamaricaceae",NA,31,1982,2025,NA,"Vulnerable",NA
1029900,267800,"Myriophyllum spicatum L.",NA,"Haloragaceae",NA,3,1982,2025,NA,"Near threatened",NA
1029920,268000,"Myrrhis odorata (L.) Scop.",NA,"Apiaceae",NA,0,1966,1966,NA,"Least concern",NA
1030080,269700,"Nardus stricta L.",NA,"Poaceae",NA,357,1947,2025,NA,"Least concern",NA
1030220,270695,"Neslia paniculata (L.) Desv.",NA,"Brassicaceae",NA,1,2014,2014,NA,"Endangered",NA
1030390,271655,"Nigritella rhellicani Teppner & E. Klein",NA,"Orchidaceae",NA,198,1984,2025,NA,"Least concern",NA
1030393,271670,"Nigritella rhellicani Teppner & E. Klein var. rhellicani",NA,"Orchidaceae",NA,2,2000,2023,NA,"",NA
1030380,271700,"Nigritella rhellicani aggr.",NA,"Orchidaceae",NA,208,1982,2025,NA,"Least concern",NA
50031,NA,"Nitella anarthrodactylée",NA,"Characeae",NA,45,1834,2025,NA,"",NA
50034,NA,"Nitella flexilis (L.) C. Agardh",NA,"Characeae",NA,2,2010,2014,NA,"Critically endangered",NA
50038,NA,"Nitella opaca (Bruzelius) C. Agardh",NA,"Characeae",NA,39,1915,2022,NA,"Vulnerable",NA
1030840,275400,"Onobrychis montana DC.",NA,"Fabaceae",NA,5,1982,2020,NA,"Least concern",NA
1030860,275600,"Onobrychis viciifolia Scop.",NA,"Fabaceae",NA,8,2016,2025,NA,"",NA
1031350,280900,"Orchis mascula (L.) L.",NA,"Orchidaceae",NA,114,1923,2025,NA,"Least concern",NA
1031360,280950,"Orchis mascula (L.) L. subsp. mascula",NA,"Orchidaceae",NA,86,2012,2025,NA,"",NA
1031370,280980,"Orchis mascula subsp. speciosa (Mutel) Hegi",NA,"Orchidaceae",NA,1,1999,1999,NA,"",NA
1031530,282300,"Oreochloa disticha (Wulfen) Link",NA,"Poaceae",NA,28,1898,2023,NA,"Least concern",NA
1031765,284630,"Orobanche beauverdii Uhlich & Rätzel",NA,"",NA,5,2012,2020,NA,"",NA
1031915,286150,"Orobanche purpurea aggr.",NA,"Orobanchaceae",NA,1,1995,1995,NA,"",NA
1031960,286400,"Orobanche reticulata Wallr.",NA,"Orobanchaceae",NA,0,1966,1966,NA,"Least concern",NA
1031970,286500,"Orobanche salviae F. W. Schultz",NA,"Orobanchaceae",NA,0,1966,1966,NA,"Endangered",NA
1032000,286800,"Orthilia secunda (L.) House",NA,"Ericaceae",NA,12,1982,2025,NA,"Least concern",NA
1032070,287300,"Oxalis acetosella L.",NA,"Oxalidaceae",NA,59,1982,2025,NA,"Least concern",NA
1032150,287750,"Oxalis stricta L.",NA,"Oxalidaceae",NA,0,1966,1966,NA,"",NA
1032180,288100,"Oxyria digyna (L.) Hill",NA,"Polygonaceae",NA,13,1982,2023,NA,"Least concern",NA
1032190,288200,"Oxytropis campestris (L.) DC.",NA,"Fabaceae",NA,24,1982,2025,NA,"Least concern",NA
1032420,290650,"Papaver alpinum aggr.",NA,"Papaveraceae",NA,1,1890,1890,NA,"Near threatened",NA
1032450,290900,"Papaver aurantiacum Loisel.",NA,"Papaveraceae",NA,1,1890,1890,NA,"Near threatened",NA
1032460,291000,"Papaver croceum Ledeb.",NA,"Papaveraceae",NA,5,1994,2024,NA,"",NA
1032560,292100,"Paradisea liliastrum (L.) Bertol.",NA,"Asparagaceae",NA,4,1982,2014,NA,"Least concern",NA
1032590,292600,"Paris quadrifolia L.",NA,"Melanthiaceae",NA,5,1982,2023,NA,"Least concern",NA
1032600,292700,"Parnassia palustris L.",NA,"Celastraceae",NA,110,1947,2025,NA,"Least concern",NA
1032800,294200,"Pedicularis foliosa L.",NA,"Orobanchaceae",NA,2,1982,2021,NA,"Least concern",NA
1032820,294400,"Pedicularis kerneri Dalla Torre",NA,"Orobanchaceae",NA,14,1982,2023,NA,"Least concern",NA
1032840,294600,"Pedicularis palustris L.",NA,"Orobanchaceae",NA,119,1947,2025,NA,"Near threatened",NA
1032850,294700,"Pedicularis recutita L.",NA,"Orobanchaceae",NA,18,1982,2025,NA,"Least concern",NA
1032900,295100,"Pedicularis rostratospicata Crantz",NA,"Orobanchaceae",NA,8,1982,2025,NA,"Least concern",NA
1032910,295200,"Pedicularis rostratospicata subsp. helvetica (Steininger) O. Schwarz",NA,"Orobanchaceae",NA,4,1982,2021,NA,"",NA
1032930,295400,"Pedicularis tuberosa L.",NA,"Orobanchaceae",NA,5,1982,2025,NA,"Least concern",NA
1032940,295500,"Pedicularis verticillata L.",NA,"Orobanchaceae",NA,3,1982,2021,NA,"Least concern",NA
1033020,296000,"Petasites paradoxus (Retz.) Baumg.",NA,"Asteraceae",NA,2,1982,2021,NA,"Least concern",NA
1033160,297200,"Peucedanum ostruthium (L.) W. D. J. Koch",NA,"Apiaceae",NA,100,1982,2025,NA,"Least concern",NA
1033260,298100,"Phalaris canariensis L.",NA,"Poaceae",NA,0,1982,1982,NA,"",NA
1033290,298400,"Phegopteris connectilis (Michx.) Watt",NA,"Thelypteridaceae",NA,7,1982,2023,NA,"Least concern",NA
1033340,298800,"Phleum alpinum L.",NA,"Poaceae",NA,13,1982,2025,NA,"Least concern",NA
1033330,298900,"Phleum alpinum aggr.",NA,"Poaceae",NA,145,1982,2025,NA,"Least concern",NA
1033370,299600,"Phleum hirsutum Honck.",NA,"Poaceae",NA,5,1982,2018,NA,"Least concern",NA
1033410,300000,"Phleum pratense L.",NA,"Poaceae",NA,27,1982,2025,NA,"Least concern",NA
1033400,300005,"Phleum pratense aggr.",NA,"Poaceae",NA,46,1982,2025,NA,"Least concern",NA
1033420,300200,"Phleum rhaeticum (Humphries) Rauschert",NA,"Poaceae",NA,77,1982,2023,NA,"Least concern",NA
1033440,300260,"Phlox subulata L.",NA,"Polemoniaceae",NA,2,2017,2017,NA,"",NA
1033450,300300,"Phragmites australis (Cav.) Steud.",NA,"Poaceae",NA,20,1947,2025,NA,"Least concern",NA
1033570,300800,"Phyteuma betonicifolium Vill.",NA,"Campanulaceae",NA,142,1982,2025,NA,"Least concern",NA
1033590,301000,"Phyteuma globulariifolium Sternb. & Hoppe",NA,"Campanulaceae",NA,3,2013,2023,NA,"Least concern",NA
1033610,301200,"Phyteuma globulariifolium subsp. pedemontanum (Rich. Schulz) Bech.",NA,"Campanulaceae",NA,1,2023,2023,NA,"Least concern",NA
1033620,301300,"Phyteuma hedraianthifolium Rich. Schulz",NA,"Campanulaceae",NA,2,1966,2025,NA,"Near threatened",NA
1033630,301400,"Phyteuma hemisphaericum L.",NA,"Campanulaceae",NA,39,1908,2023,NA,"Least concern",NA
1033670,301800,"Phyteuma orbiculare L.",NA,"Campanulaceae",NA,42,1982,2024,NA,"Least concern",NA
1033680,301900,"Phyteuma ovatum Honck.",NA,"Campanulaceae",NA,2,1982,2025,NA,"Least concern",NA
1033690,302000,"Phyteuma scheuchzeri All.",NA,"Campanulaceae",NA,7,1982,2022,NA,"Least concern",NA
1033710,302100,"Phyteuma scheuchzeri subsp. columnae (Gaudin) Bech.",NA,"Campanulaceae",NA,3,2017,2017,NA,"",NA
1033800,302800,"Picea abies (L.) H. Karst.",NA,"Pinaceae",NA,38,1982,2025,NA,"Least concern",NA
1033830,303100,"Picris hieracioides L.",NA,"Asteraceae",NA,1,1966,2025,NA,"Least concern",NA
1033920,303800,"Pimpinella major (L.) Huds.",NA,"Apiaceae",NA,11,1982,2025,NA,"Least concern",NA
1033930,303900,"Pimpinella nigra Mill.",NA,"Apiaceae",NA,0,1982,1982,NA,"Near threatened",NA
1033970,304000,"Pimpinella saxifraga L.",NA,"Apiaceae",NA,3,2001,2023,NA,"Least concern",NA
1033950,304100,"Pimpinella saxifraga aggr.",NA,"Apiaceae",NA,6,1982,2023,NA,"Least concern",NA
1033980,304300,"Pinguicula alpina L.",NA,"Lentibulariaceae",NA,13,1982,2023,NA,"Least concern",NA
1034040,304700,"Pinguicula leptoceras Rchb.",NA,"Lentibulariaceae",NA,6,1958,2023,NA,"Least concern",NA
1034050,304800,"Pinguicula vulgaris L.",NA,"Lentibulariaceae",NA,77,1947,2024,NA,"Near threatened",NA
1034060,304900,"Pinus cembra L.",NA,"Pinaceae",NA,785,1908,2025,NA,"Least concern",NA
1034080,305495,"Pinus mugo Turra",NA,"Pinaceae",NA,307,1947,2025,NA,"Least concern",NA
1034090,305500,"Pinus mugo Turra subsp. mugo",NA,"Pinaceae",NA,7,1982,2025,NA,"Least concern",NA
1034070,305800,"Pinus mugo subsp. uncinata (DC.) Domin",NA,"Pinaceae",NA,215,1947,2023,NA,"Least concern",NA
1034130,306100,"Pinus sylvestris L.",NA,"Pinaceae",NA,107,1947,2025,NA,"Least concern",NA
1034250,307000,"Plantago alpina L.",NA,"Plantaginaceae",NA,62,1982,2025,NA,"Least concern",NA
1034280,307250,"Plantago atrata Hoppe",NA,"Plantaginaceae",NA,15,1982,2023,NA,"Least concern",NA
1034290,307300,"Plantago atrata Hoppe subsp. atrata",NA,"Plantaginaceae",NA,2,1982,2005,NA,"",NA
1034330,307800,"Plantago lanceolata L.",NA,"Plantaginaceae",NA,10,1982,2025,NA,"Least concern",NA
1034350,307850,"Plantago major L.",NA,"Plantaginaceae",NA,31,1982,2024,NA,"Least concern",NA
1034360,307900,"Plantago major L. subsp. major",NA,"Plantaginaceae",NA,5,1982,2000,NA,"Least concern",NA
1034390,308100,"Plantago media L.",NA,"Plantaginaceae",NA,13,1982,2025,NA,"Least concern",NA
1034410,308300,"Plantago serpentina All.",NA,"Plantaginaceae",NA,68,1915,2025,NA,"Least concern",NA
1034405,308350,"Plantago serpentina aggr.",NA,"Plantaginaceae",NA,134,1915,2025,NA,"",NA
1034420,308400,"Platanthera bifolia (L.) Rich.",NA,"Orchidaceae",NA,23,1982,2025,NA,"Least concern",NA
1034470,309000,"Poa alpina L.",NA,"Poaceae",NA,34,1982,2025,NA,"Least concern",NA
1034480,309100,"Poa angustifolia L.",NA,"Poaceae",NA,3,2000,2000,NA,"Least concern",NA
1034490,309200,"Poa annua L.",NA,"Poaceae",NA,14,1982,2023,NA,"Least concern",NA
1034500,309400,"Poa badensis aggr.",NA,"Poaceae",NA,0,1982,1982,NA,"Near threatened",NA
1034530,309600,"Poa cenisia All.",NA,"Poaceae",NA,0,1982,1982,NA,"Least concern",NA
1034540,309700,"Poa chaixii Vill.",NA,"Poaceae",NA,16,1982,2025,NA,"Least concern",NA
1034550,309800,"Poa compressa L.",NA,"Poaceae",NA,3,1966,2025,NA,"Least concern",NA
1034580,310100,"Poa hybrida Gaudin",NA,"Poaceae",NA,1,1966,2003,NA,"Least concern",NA
1034590,310200,"Poa laxa Haenke",NA,"Poaceae",NA,22,2003,2023,NA,"Least concern",NA
1034620,310500,"Poa nemoralis L.",NA,"Poaceae",NA,14,1982,2025,NA,"Least concern",NA
1034660,310800,"Poa pratensis L.",NA,"Poaceae",NA,30,2000,2025,NA,"Least concern",NA
1034650,310900,"Poa pratensis aggr.",NA,"Poaceae",NA,81,1982,2025,NA,"Least concern",NA
1034680,311100,"Poa supina Schrad.",NA,"Poaceae",NA,5,2003,2018,NA,"Least concern",NA
1034690,311295,"Poa trivialis L.",NA,"Poaceae",NA,4,1982,2025,NA,"Least concern",NA
1034700,311300,"Poa trivialis L. subsp. trivialis",NA,"Poaceae",NA,2,1982,2012,NA,"Least concern",NA
1034720,311450,"Poa variegata Lam.",NA,"Poaceae",NA,32,1982,2023,NA,"Least concern",NA
1034730,311900,"Polemonium caeruleum L.",NA,"Polemoniaceae",NA,5,1890,2024,NA,"Near threatened",NA
1034770,312300,"Polygala alpestris Rchb.",NA,"Polygalaceae",NA,9,1982,2023,NA,"Least concern",NA
1034780,312400,"Polygala alpina (DC.) Steud.",NA,"Polygalaceae",NA,1,1957,1982,NA,"Least concern",NA
1034830,312700,"Polygala chamaebuxus L.",NA,"Polygalaceae",NA,8,1982,2023,NA,"Least concern",NA
1034890,313195,"Polygala vulgaris L.",NA,"Polygalaceae",NA,1,2023,2023,NA,"Least concern",NA
1034990,314190,"Polygonum aviculare L.",NA,"Polygonaceae",NA,1,2023,2023,NA,"Least concern",NA
1034980,314300,"Polygonum aviculare aggr.",NA,"Polygonaceae",NA,5,1982,2023,NA,"Least concern",NA
1035010,314400,"Polygonum bistorta L.",NA,"Polygonaceae",NA,139,1982,2025,NA,"Least concern",NA
1035050,314950,"Polygonum lapathifolium L.",NA,"Polygonaceae",NA,0,1966,1966,NA,"Least concern",NA
1035060,315000,"Polygonum lapathifolium L. subsp. lapathifolium",NA,"Polygonaceae",NA,0,1966,1966,NA,"Least concern",NA
1035140,315600,"Polygonum persicaria L.",NA,"Polygonaceae",NA,0,1966,1966,NA,"Least concern",NA
1035170,315800,"Polygonum viviparum L.",NA,"Polygonaceae",NA,378,1982,2025,NA,"Least concern",NA
1035200,316400,"Polypodium vulgare L.",NA,"Polypodiaceae",NA,9,1982,2024,NA,"Least concern",NA
1035240,316500,"Polystichum aculeatum (L.) Roth",NA,"Dryopteridaceae",NA,1,2003,2003,NA,"Least concern",NA
1035260,316800,"Polystichum lonchitis (L.) Roth",NA,"Dryopteridaceae",NA,3,1982,2024,NA,"Least concern",NA
1035360,317500,"Populus tremula L.",NA,"Salicaceae",NA,7,1982,2025,NA,"Least concern",NA
1035450,318100,"Potamogeton alpinus Balb.",NA,"Potamogetonaceae",NA,9,1982,2022,NA,"Near threatened",NA
1035540,319100,"Potamogeton lucens L.",NA,"Potamogetonaceae",NA,0,1966,1966,NA,"Least concern",NA
1035590,319800,"Potamogeton perfoliatus L.",NA,"Potamogetonaceae",NA,3,1982,2025,NA,"Least concern",NA
1035610,320100,"Potamogeton praelongus Wulfen",NA,"Potamogetonaceae",NA,2,1982,2025,NA,"Endangered",NA
1035620,320200,"Potamogeton pusillus L.",NA,"Potamogetonaceae",NA,5,2022,2025,NA,"Vulnerable",NA
1035615,320350,"Potamogeton pusillus aggr.",NA,"Potamogetonaceae",NA,5,2022,2025,NA,"",NA
1035710,321100,"Potentilla argentea L.",NA,"Rosaceae",NA,2,1982,2025,NA,"Least concern",NA
1035720,321300,"Potentilla aurea L.",NA,"Rosaceae",NA,176,1908,2025,NA,"Least concern",NA
1035790,322100,"Potentilla crantzii (Crantz) Fritsch",NA,"Rosaceae",NA,17,1982,2024,NA,"Least concern",NA
1035810,322400,"Potentilla erecta (L.) Raeusch.",NA,"Rosaceae",NA,579,1947,2025,NA,"Least concern",NA
1035850,322700,"Potentilla grandiflora L.",NA,"Rosaceae",NA,15,1888,2025,NA,"Least concern",NA
1035990,323800,"Potentilla palustris (L.) Scop.",NA,"Rosaceae",NA,228,1923,2025,NA,"Near threatened",NA
1036020,324300,"Potentilla pusilla Host",NA,"Rosaceae",NA,8,1982,2001,NA,"Least concern",NA
1036080,325000,"Potentilla thuringiaca Link",NA,"Rosaceae",NA,27,1892,2025,NA,"Near threatened",NA
1036090,325100,"Potentilla verna L.",NA,"Rosaceae",NA,11,1994,2024,NA,"Least concern",NA
1036200,325950,"Primula elatior (L.) L.",NA,"Primulaceae",NA,4,1982,2025,NA,"Least concern",NA
1036210,326000,"Primula elatior (L.) L. subsp. elatior",NA,"Primulaceae",NA,0,1982,1982,NA,"",NA
1036230,326200,"Primula farinosa L.",NA,"Primulaceae",NA,78,1908,2024,NA,"Least concern",NA
1036280,326605,"Primula hirsuta All.",NA,"Primulaceae",NA,11,1923,2023,NA,"Least concern",NA
1036290,326700,"Primula integrifolia L.",NA,"Primulaceae",NA,21,1982,2024,NA,"Least concern",NA
1036300,326900,"Primula latifolia Lapeyr.",NA,"Primulaceae",NA,25,1890,2025,NA,"Least concern",NA
1036330,327195,"Primula veris L.",NA,"Primulaceae",NA,2,1982,2019,NA,"Least concern",NA
1036340,327200,"Primula veris L. subsp. veris",NA,"Primulaceae",NA,0,1982,1982,NA,"Least concern",NA
1036430,327650,"Pritzelago alpina (L.) Kuntze",NA,"Brassicaceae",NA,1,1982,2020,NA,"Least concern",NA
1036440,327700,"Pritzelago alpina (L.) Kuntze subsp. alpina",NA,"Brassicaceae",NA,0,1982,1982,NA,"Least concern",NA
1036480,328100,"Prunella vulgaris L.",NA,"Lamiaceae",NA,2,1982,2023,NA,"Least concern",NA
1036620,329600,"Prunus padus L.",NA,"Rosaceae",NA,6,1982,2025,NA,"Least concern",NA
1036700,330360,"Pseudolysimachion spicatum (L.) Opiz",NA,"Plantaginaceae",NA,0,1966,1966,NA,"Least concern",NA
1036710,330400,"Pseudorchis albida (L.) Á. Löve & D. Löve",NA,"Orchidaceae",NA,124,1982,2025,NA,"Least concern",NA
1036760,330800,"Pteridium aquilinum (L.) Kuhn",NA,"Dennstaedtiaceae",NA,0,1982,1982,NA,"Least concern",NA
1036820,331100,"Puccinellia distans (Jacq.) Parl.",NA,"Poaceae",NA,6,2011,2022,NA,"Least concern",NA
1036860,331500,"Pulmonaria australis (Murr) W. Sauer",NA,"Boraginaceae",NA,21,1923,2025,NA,"Least concern",NA
1036980,333195,"Pulsatilla alpina (L.) Delarbre",NA,"Ranunculaceae",NA,40,1982,2025,NA,"Least concern",NA
1037010,333390,"Pulsatilla alpina subsp. apiifolia (Scop.) Nyman",NA,"Ranunculaceae",NA,31,1982,2025,NA,"Least concern",NA
1037090,334100,"Pulsatilla vernalis (L.) Mill.",NA,"Ranunculaceae",NA,18,1982,2023,NA,"Least concern",NA
1037150,334400,"Pyrola chlorantha Sw.",NA,"Ericaceae",NA,2,2000,2014,NA,"Vulnerable",NA
1037160,334500,"Pyrola media Sw.",NA,"Ericaceae",NA,1,1966,2018,NA,"Least concern",NA
1037170,334600,"Pyrola minor L.",NA,"Ericaceae",NA,38,1982,2025,NA,"Least concern",NA
1037180,334700,"Pyrola rotundifolia L.",NA,"Ericaceae",NA,13,1982,2025,NA,"Least concern",NA
1037370,336595,"Ranunculus acris L.",NA,"Ranunculaceae",NA,167,1982,2025,NA,"Least concern",NA
1037380,336600,"Ranunculus acris L. subsp. acris",NA,"Ranunculaceae",NA,14,1982,2019,NA,"Least concern",NA
1037390,336700,"Ranunculus acris subsp. friesianus (Jord.) Syme",NA,"Ranunculaceae",NA,6,2020,2025,NA,"Least concern",NA
1037440,336900,"Ranunculus aquatilis L.",NA,"Ranunculaceae",NA,1,1991,1991,NA,"Vulnerable",NA
1037415,337000,"Ranunculus aquatilis aggr.",NA,"Ranunculaceae",NA,1,1991,1991,NA,"Vulnerable",NA
1037460,337300,"Ranunculus auricomus aggr.",NA,"Ranunculaceae",NA,15,1982,2024,NA,"Least concern",NA
1037510,337700,"Ranunculus bulbosus L.",NA,"Ranunculaceae",NA,6,1994,2020,NA,"Least concern",NA
1037610,338700,"Ranunculus glacialis L.",NA,"Ranunculaceae",NA,2,2022,2023,NA,"Least concern",NA
1037660,339200,"Ranunculus kuepferi Greuter & Burdet",NA,"Ranunculaceae",NA,1,1908,1982,NA,"Least concern",NA
1037670,339300,"Ranunculus lanuginosus L.",NA,"Ranunculaceae",NA,0,1966,1966,NA,"Least concern",NA
1037710,339500,"Ranunculus montanus Willd.",NA,"Ranunculaceae",NA,7,1982,2024,NA,"Least concern",NA
1037700,339505,"Ranunculus montanus aggr.",NA,"Ranunculaceae",NA,68,1982,2025,NA,"Least concern",NA
1037750,339900,"Ranunculus parnassiifolius L.",NA,"Ranunculaceae",NA,1,1890,1890,NA,"Least concern",NA
1037790,340300,"Ranunculus platanifolius L.",NA,"Ranunculaceae",NA,2,1982,2024,NA,"Least concern",NA
1037840,340900,"Ranunculus repens L.",NA,"Ranunculaceae",NA,10,1982,2025,NA,"Least concern",NA
1037850,341000,"Ranunculus reptans L.",NA,"Ranunculaceae",NA,84,1982,2022,NA,"Endangered",NA
1037940,341895,"Ranunculus trichophyllus Chaix",NA,"Ranunculaceae",NA,2,2022,2022,NA,"Least concern",NA
1037970,342200,"Ranunculus tuberosus Lapeyr.",NA,"Ranunculaceae",NA,9,1982,2020,NA,"Least concern",NA
1037965,342210,"Ranunculus tuberosus aggr.",NA,"Ranunculaceae",NA,38,1982,2020,NA,"Least concern",NA
1038000,342400,"Ranunculus villarsii DC.",NA,"Ranunculaceae",NA,30,2000,2021,NA,"Least concern",NA
1038020,342500,"Raphanus raphanistrum L.",NA,"Brassicaceae",NA,0,1966,1966,NA,"Least concern",NA
1038050,342600,"Raphanus sativus L.",NA,"Brassicaceae",NA,0,1966,1966,NA,"",NA
1038070,342700,"Rapistrum perenne (L.) All.",NA,"Brassicaceae",NA,0,1966,1966,NA,"",NA
1038200,343600,"Rhamnus pumila Turra",NA,"Rhamnaceae",NA,1,1982,2021,NA,"Least concern",NA
1038220,344000,"Rheum rhabarbarum L.",NA,"Polygonaceae",NA,2,2019,2019,NA,"",NA
1038230,344100,"Rhinanthus alectorolophus (Scop.) Pollich",NA,"Orobanchaceae",NA,10,1958,2025,NA,"Least concern",NA
1038280,344700,"Rhinanthus glacialis Personnat",NA,"Orobanchaceae",NA,4,1958,2019,NA,"Least concern",NA
1038290,344800,"Rhinanthus minor L.",NA,"Orobanchaceae",NA,118,1981,2025,NA,"Least concern",NA
1038330,345300,"Rhododendron ferrugineum L.",NA,"Ericaceae",NA,45,1982,2025,NA,"Least concern",NA
1038340,345400,"Rhododendron hirsutum L.",NA,"Ericaceae",NA,2,1982,2023,NA,"Least concern",NA
1038420,346000,"Ribes alpinum L.",NA,"Grossulariaceae",NA,2,1982,2011,NA,"Least concern",NA
1038430,346050,"Ribes aureum Pursh",NA,"Grossulariaceae",NA,1,2025,2025,NA,"",NA
1038440,346100,"Ribes nigrum L.",NA,"Grossulariaceae",NA,8,2017,2025,NA,"",NA
1038450,346200,"Ribes petraeum Wulfen",NA,"Grossulariaceae",NA,9,1954,2024,NA,"Least concern",NA
1038460,346300,"Ribes rubrum L.",NA,"Grossulariaceae",NA,4,2000,2025,NA,"",NA
1038540,346800,"Rorippa islandica (Gunnerus) Borbás",NA,"Brassicaceae",NA,4,2023,2023,NA,"Near threatened",NA
1038550,346805,"Rorippa islandica aggr.",NA,"Brassicaceae",NA,10,1966,2025,NA,"Least concern",NA
1038560,346900,"Rorippa palustris (L.) Besser",NA,"Brassicaceae",NA,6,1966,2025,NA,"Least concern",NA
1038580,347200,"Rorippa sylvestris (L.) Besser",NA,"Brassicaceae",NA,2,1966,2025,NA,"Least concern",NA
1038720,348700,"Rosa glauca Pourr.",NA,"Rosaceae",NA,1,1966,2024,NA,"Least concern",NA
1038830,349500,"Rosa pendulina L.",NA,"Rosaceae",NA,12,1893,2024,NA,"Least concern",NA
1038910,350200,"Rosa spinosissima L.",NA,"Rosaceae",NA,2,2022,2022,NA,"Least concern",NA
1038970,350650,"Rosa tomentosa aggr.",NA,"Rosaceae",NA,2,1994,2019,NA,"Least concern",NA
1039000,350800,"Rosa villosa L.",NA,"Rosaceae",NA,2,1994,2019,NA,"Near threatened",NA
1039550,354400,"Rubus idaeus L.",NA,"Rosaceae",NA,33,1982,2026,NA,"Least concern",NA
1039950,357400,"Rubus saxatilis L.",NA,"Rosaceae",NA,8,1982,2023,NA,"Least concern",NA
1040140,358900,"Rumex acetosa L.",NA,"Polygonaceae",NA,12,1982,2023,NA,"Least concern",NA
1040160,359000,"Rumex acetosella L.",NA,"Polygonaceae",NA,6,1982,2023,NA,"Least concern",NA
1040170,359100,"Rumex acetosella L. subsp. acetosella",NA,"Polygonaceae",NA,2,2002,2023,NA,"Least concern",NA
1040190,359300,"Rumex alpestris Jacq.",NA,"Polygonaceae",NA,33,1982,2025,NA,"Least concern",NA
1040200,359400,"Rumex alpinus L.",NA,"Polygonaceae",NA,19,1982,2025,NA,"Least concern",NA
1040230,359900,"Rumex crispus L.",NA,"Polygonaceae",NA,6,1982,2023,NA,"Least concern",NA
1040250,360100,"Rumex longifolius DC.",NA,"Polygonaceae",NA,18,1994,2025,NA,"",NA
1040360,360900,"Rumex scutatus L.",NA,"Polygonaceae",NA,12,1982,2025,NA,"Least concern",NA
1040470,362200,"Sagina procumbens L.",NA,"Caryophyllaceae",NA,5,1982,2025,NA,"Least concern",NA
1040480,362300,"Sagina saginoides (L.) H. Karst.",NA,"Caryophyllaceae",NA,5,1982,2023,NA,"Least concern",NA
1040590,363100,"Salix appendiculata Vill.",NA,"Salicaceae",NA,16,1982,2025,NA,"Least concern",NA
1040650,363500,"Salix breviserrata Flod.",NA,"Salicaceae",NA,2,1982,2019,NA,"Least concern",NA
1040660,363600,"Salix caesia Vill.",NA,"Salicaceae",NA,29,1982,2025,NA,"Vulnerable",NA
1040670,363700,"Salix caprea L.",NA,"Salicaceae",NA,9,2008,2024,NA,"Least concern",NA
1040690,363900,"Salix daphnoides Vill.",NA,"Salicaceae",NA,31,1982,2025,NA,"Least concern",NA
1040750,364200,"Salix foetida DC.",NA,"Salicaceae",NA,83,1947,2025,NA,"Least concern",NA
1040780,364500,"Salix glaucosericea Flod.",NA,"Salicaceae",NA,9,1982,2023,NA,"Least concern",NA
1040790,364600,"Salix hastata L.",NA,"Salicaceae",NA,11,1982,2024,NA,"Least concern",NA
1040800,364700,"Salix helvetica Vill.",NA,"Salicaceae",NA,30,1982,2023,NA,"Least concern",NA
1040810,364800,"Salix herbacea L.",NA,"Salicaceae",NA,27,1892,2023,NA,"Least concern",NA
1040820,364900,"Salix laggeri Wimm.",NA,"Salicaceae",NA,9,1958,2024,NA,"Vulnerable",NA
1040860,365000,"Salix myrsinifolia Salisb.",NA,"Salicaceae",NA,93,1982,2025,NA,"Least concern",NA
1040900,365500,"Salix pentandra L.",NA,"Salicaceae",NA,267,1982,2025,NA,"Near threatened",NA
1040920,365800,"Salix purpurea L.",NA,"Salicaceae",NA,23,1982,2025,NA,"Least concern",NA
1040980,366100,"Salix reticulata L.",NA,"Salicaceae",NA,13,1982,2023,NA,"Least concern",NA
1040990,366200,"Salix retusa L.",NA,"Salicaceae",NA,11,1982,2023,NA,"Least concern",NA
1041020,366400,"Salix triandra L.",NA,"Salicaceae",NA,2,2000,2000,NA,"Least concern",NA
1041050,366600,"Salix waldsteiniana Willd.",NA,"Salicaceae",NA,5,2018,2023,NA,"Least concern",NA
1041100,366650,"Salix ×fragilis L.",NA,"Salicaceae",NA,1,2017,2017,NA,"",NA
1041060,366700,"Salix ×hegetschweileri Heer",NA,"Salicaceae",NA,0,1966,1966,NA,"Endangered",NA
1041200,367600,"Salvia pratensis L.",NA,"Lamiaceae",NA,4,1982,2023,NA,"Least concern",NA
1041240,368000,"Salvia verticillata L.",NA,"Lamiaceae",NA,0,1966,1966,NA,"",NA
1041300,368400,"Sambucus racemosa L.",NA,"Adoxaceae",NA,6,1982,2025,NA,"Least concern",NA
1041340,368650,"Sanguisorba minor Scop.",NA,"Rosaceae",NA,0,1982,1982,NA,"Least concern",NA
1041350,368700,"Sanguisorba minor Scop. subsp. minor",NA,"Rosaceae",NA,0,1982,1982,NA,"Least concern",NA
1041370,369000,"Sanguisorba officinalis L.",NA,"Rosaceae",NA,467,1923,2025,NA,"Near threatened",NA
1041410,369400,"Saponaria ocymoides L.",NA,"Caryophyllaceae",NA,1,1982,2020,NA,"Least concern",NA
1041510,371050,"Saussurea alpina (L.) DC.",NA,"Asteraceae",NA,69,1951,2023,NA,"Least concern",NA
1041520,371100,"Saussurea alpina (L.) DC. subsp. alpina",NA,"Asteraceae",NA,32,1982,2023,NA,"Least concern",NA
1041560,371600,"Saxifraga aizoides L.",NA,"Saxifragaceae",NA,11,1982,2025,NA,"Least concern",NA
1041570,371800,"Saxifraga androsacea L.",NA,"Saxifragaceae",NA,1,1982,2013,NA,"Least concern",NA
1041590,372000,"Saxifraga aspera L.",NA,"Saxifragaceae",NA,9,1888,2023,NA,"Least concern",NA
1041630,372300,"Saxifraga bryoides L.",NA,"Saxifragaceae",NA,19,2003,2023,NA,"Least concern",NA
1041730,373050,"Saxifraga exarata Vill.",NA,"Saxifragaceae",NA,5,1915,2018,NA,"Least concern",NA
1041710,373200,"Saxifraga exarata subsp. moschata (Wulfen) Cavill.",NA,"Saxifragaceae",NA,2,1915,2014,NA,"Least concern",NA
1041840,374300,"Saxifraga muscoides All.",NA,"Saxifragaceae",NA,1,2003,2003,NA,"Least concern",NA
1041860,374450,"Saxifraga oppositifolia L.",NA,"Saxifragaceae",NA,4,1982,2018,NA,"Least concern",NA
1041870,374500,"Saxifraga oppositifolia L. subsp. oppositifolia",NA,"Saxifragaceae",NA,3,1982,2013,NA,"Least concern",NA
1041890,374600,"Saxifraga paniculata Mill.",NA,"Saxifragaceae",NA,11,1908,2025,NA,"Least concern",NA
1041980,375400,"Saxifraga rotundifolia L.",NA,"Saxifragaceae",NA,5,1982,2023,NA,"Least concern",NA
1042000,375700,"Saxifraga seguieri Spreng.",NA,"Saxifragaceae",NA,4,2003,2018,NA,"Least concern",NA
1042010,375800,"Saxifraga stellaris L.",NA,"Saxifragaceae",NA,38,1982,2025,NA,"Least concern",NA
1042090,376500,"Scabiosa columbaria L.",NA,"Caprifoliaceae",NA,9,2006,2020,NA,"Least concern",NA
1042120,377100,"Scabiosa lucida Vill.",NA,"Caprifoliaceae",NA,14,1982,2023,NA,"Least concern",NA
1042220,378000,"Scheuchzeria palustris L.",NA,"Scheuchzeriaceae",NA,1,1948,1966,NA,"Vulnerable",NA
1042300,379000,"Schoenus ferrugineus L.",NA,"Cyperaceae",NA,0,1966,1966,NA,"Near threatened",NA
1042430,379795,"Scleranthus annuus L.",NA,"Caryophyllaceae",NA,2,1982,2023,NA,"Near threatened",NA
1042440,379800,"Scleranthus annuus L. subsp. annuus",NA,"Caryophyllaceae",NA,0,1982,1982,NA,"Endangered",NA
1042450,379900,"Scleranthus annuus subsp. polycarpos (L.) Bonnier & Layens",NA,"Caryophyllaceae",NA,2,1982,2023,NA,"Near threatened",NA
1042470,380200,"Scleranthus perennis L.",NA,"Caryophyllaceae",NA,4,1997,2011,NA,"Near threatened",NA
1042650,382300,"Scrophularia vernalis L.",NA,"Scrophulariaceae",NA,2,2019,2019,NA,"",NA
1042730,383100,"Sedum acre L.",NA,"Crassulaceae",NA,3,1982,2025,NA,"Least concern",NA
1042750,383200,"Sedum album L.",NA,"Crassulaceae",NA,2,1982,2023,NA,"Least concern",NA
1042760,383300,"Sedum alpestre Vill.",NA,"Crassulaceae",NA,18,1982,2023,NA,"Least concern",NA
1042780,383500,"Sedum annuum L.",NA,"Crassulaceae",NA,3,1982,2025,NA,"Least concern",NA
1042870,384300,"Sedum hispanicum L.",NA,"Crassulaceae",NA,1,2017,2017,NA,"Least concern",NA
1043080,386000,"Sedum villosum L.",NA,"Crassulaceae",NA,2,1914,1994,NA,"Vulnerable",NA
1043100,386300,"Selaginella selaginoides (L.) Schrank & Mart.",NA,"Selaginellaceae",NA,112,1947,2025,NA,"Least concern",NA
1043120,386700,"Sempervivum arachnoideum L.",NA,"Crassulaceae",NA,13,1982,2025,NA,"Least concern",NA
1043160,387000,"Sempervivum montanum L.",NA,"Crassulaceae",NA,15,1982,2025,NA,"Least concern",NA
1043170,387100,"Sempervivum tectorum L.",NA,"Crassulaceae",NA,6,1982,2021,NA,"Least concern",NA
1043210,387400,"Sempervivum wulfenii Mert. & W. D. J. Koch",NA,"Crassulaceae",NA,14,1982,2025,NA,"Vulnerable",NA
1043230,387500,"Senecio abrotanifolius L.",NA,"Asteraceae",NA,2,1890,1982,NA,"Least concern",NA
1043250,387600,"Senecio alpinus (L.) Scop.",NA,"Asteraceae",NA,1,1982,2011,NA,"Least concern",NA
1043280,388200,"Senecio doronicum (L.) L.",NA,"Asteraceae",NA,11,1889,2024,NA,"Least concern",NA
1043350,388900,"Senecio hercynicus Herborg",NA,"Asteraceae",NA,6,1982,2023,NA,"Least concern",NA
1043370,389005,"Senecio incanus L.",NA,"Asteraceae",NA,28,1893,2024,NA,"Least concern",NA
1043390,389200,"Senecio incanus subsp. carniolicus (Willd.) Braun-Blanq.",NA,"Asteraceae",NA,16,1893,2024,NA,"Least concern",NA
1043410,389600,"Senecio jacobaea L.",NA,"Asteraceae",NA,2,2019,2021,NA,"Least concern",NA
1043430,389800,"Senecio ovatus (G. Gaertn. & al.) Willd.",NA,"Asteraceae",NA,6,1966,2023,NA,"Least concern",NA
1043425,389870,"Senecio ovatus aggr.",NA,"Asteraceae",NA,14,1966,2025,NA,"",NA
1043520,390400,"Senecio viscosus L.",NA,"Asteraceae",NA,1,1982,2019,NA,"Least concern",NA
1043530,390500,"Senecio vulgaris L.",NA,"Asteraceae",NA,3,1982,2025,NA,"Least concern",NA
1043700,392200,"Sesleria caerulea (L.) Ard.",NA,"Poaceae",NA,68,1982,2023,NA,"Least concern",NA
1043830,393600,"Sherardia arvensis L.",NA,"Rubiaceae",NA,0,1966,1966,NA,"Least concern",NA
1043840,393700,"Sibbaldia procumbens L.",NA,"Rosaceae",NA,8,2003,2023,NA,"Least concern",NA
1043890,394300,"Silene acaulis (L.) Jacq.",NA,"Caryophyllaceae",NA,9,1935,2023,NA,"Least concern",NA
1043930,394800,"Silene dichotoma Ehrh.",NA,"Caryophyllaceae",NA,0,1966,1966,NA,"",NA
1043940,394900,"Silene dioica (L.) Clairv.",NA,"Caryophyllaceae",NA,16,1982,2025,NA,"Least concern",NA
1043960,395100,"Silene exscapa All.",NA,"Caryophyllaceae",NA,16,1966,2023,NA,"Least concern",NA
1043970,395200,"Silene flos-cuculi (L.) Clairv.",NA,"Caryophyllaceae",NA,4,1982,2019,NA,"Least concern",NA
1044020,396050,"Silene nutans L.",NA,"Caryophyllaceae",NA,43,1982,2025,NA,"Least concern",NA
1044030,396100,"Silene nutans L. subsp. nutans",NA,"Caryophyllaceae",NA,16,1982,2025,NA,"Least concern",NA
1044080,396800,"Silene rupestris L.",NA,"Caryophyllaceae",NA,27,1982,2023,NA,"Least concern",NA
1044140,397295,"Silene vulgaris (Moench) Garcke",NA,"Caryophyllaceae",NA,27,1982,2025,NA,"Least concern",NA
1044150,397300,"Silene vulgaris (Moench) Garcke subsp. vulgaris",NA,"Caryophyllaceae",NA,5,1982,2025,NA,"Least concern",NA
1044270,398300,"Sisymbrium austriacum Jacq.",NA,"Brassicaceae",NA,5,1980,2018,NA,"Near threatened",NA
1044300,398600,"Sisymbrium officinale (L.) Scop.",NA,"Brassicaceae",NA,0,1966,1966,NA,"Least concern",NA
1044320,398800,"Sisymbrium strictissimum L.",NA,"Brassicaceae",NA,1,2018,2018,NA,"Near threatened",NA
1044350,399200,"Sisyrinchium montanum Greene",NA,"Iridaceae",NA,1,2020,2020,NA,"",NA
1044540,400600,"Soldanella alpina L.",NA,"Primulaceae",NA,13,1982,2023,NA,"Least concern",NA
1044560,400800,"Soldanella pusilla Baumg.",NA,"Primulaceae",NA,17,1982,2023,NA,"Least concern",NA
1044565,400830,"Soldanella pusilla subsp. alpicola (F. K. Mey.) Chrtek",NA,"Primulaceae",NA,1,2003,2003,NA,"",NA
1044620,401395,"Solidago virgaurea L.",NA,"Asteraceae",NA,73,1908,2025,NA,"Least concern",NA
1044640,401500,"Solidago virgaurea subsp. minuta (L.) Arcang.",NA,"Asteraceae",NA,26,1935,2025,NA,"Least concern",NA
1044680,401800,"Sonchus asper Hill",NA,"Asteraceae",NA,3,1966,2023,NA,"Least concern",NA
1044690,401900,"Sonchus oleraceus L.",NA,"Asteraceae",NA,1,2023,2023,NA,"Least concern",NA
1044740,402300,"Sorbus aucuparia L.",NA,"Rosaceae",NA,72,1982,2025,NA,"Least concern",NA
1044870,402900,"Sparganium angustifolium Michx.",NA,"Typhaceae",NA,0,1966,1966,NA,"Near threatened",NA
1044890,403100,"Sparganium erectum L.",NA,"Typhaceae",NA,0,1966,1966,NA,"Near threatened",NA
1044910,403300,"Sparganium erectum subsp. microcarpum (Neuman) Domin",NA,"Typhaceae",NA,0,1966,1966,NA,"Endangered",NA
1044970,404300,"Spergula arvensis L.",NA,"Caryophyllaceae",NA,0,1982,1982,NA,"Vulnerable",NA
1045000,404700,"Spergularia rubra (L.) J. Presl & C. Presl",NA,"Caryophyllaceae",NA,5,1977,2025,NA,"Least concern",NA
1045180,405400,"Stachys alpina L.",NA,"Lamiaceae",NA,0,1982,1982,NA,"Least concern",NA
1045280,406595,"Stachys recta L.",NA,"Lamiaceae",NA,0,1966,1966,NA,"Least concern",NA
1045290,406600,"Stachys recta L. subsp. recta",NA,"Lamiaceae",NA,0,1966,1966,NA,"Least concern",NA
1045350,407100,"Stellaria alsine Grimm",NA,"Caryophyllaceae",NA,1,1982,2025,NA,"Least concern",NA
1045360,407500,"Stellaria graminea L.",NA,"Caryophyllaceae",NA,31,1982,2025,NA,"Least concern",NA
1045380,407700,"Stellaria longifolia Willd.",NA,"Caryophyllaceae",NA,14,1932,2024,NA,"Endangered",NA
1045390,407800,"Stellaria media (L.) Vill.",NA,"Caryophyllaceae",NA,3,1982,2021,NA,"Least concern",NA
1045400,407805,"Stellaria media aggr.",NA,"Caryophyllaceae",NA,3,1982,2021,NA,"Least concern",NA
1045420,408095,"Stellaria nemorum L.",NA,"Caryophyllaceae",NA,21,1982,2025,NA,"Least concern",NA
1045430,408100,"Stellaria nemorum L. subsp. nemorum",NA,"Caryophyllaceae",NA,8,1982,2019,NA,"Least concern",NA
1045520,409050,"Stipa eriocaulis Borbás",NA,"Poaceae",NA,0,1982,1982,NA,"Near threatened",NA
1045590,409500,"Stipa pennata L.",NA,"Poaceae",NA,1,1966,2021,NA,"Near threatened",NA
1045570,409515,"Stipa pennata aggr.",NA,"Poaceae",NA,1,1966,2021,NA,"Near threatened",NA
1045690,410100,"Succisa pratensis Moench",NA,"Caprifoliaceae",NA,3,2017,2025,NA,"Least concern",NA
1045730,410400,"Symphoricarpos albus (L.) S. F. Blake",NA,"Caprifoliaceae",NA,1,2024,2024,NA,"",NA
1045990,411800,"Tanacetum vulgare L.",NA,"Asteraceae",NA,2,1966,2024,NA,"Least concern",NA
1046040,412500,"Taraxacum cucullatum aggr.",NA,"Asteraceae",NA,1,1966,1994,NA,"Near threatened",NA
1046070,412900,"Taraxacum laevigatum aggr.",NA,"Asteraceae",NA,0,1982,1982,NA,"Least concern",NA
1046080,413100,"Taraxacum officinale aggr.",NA,"Asteraceae",NA,93,1982,2025,NA,"Least concern",NA
1046110,413400,"Taraxacum palustre aggr.",NA,"Asteraceae",NA,1,1981,1982,NA,"Near threatened",NA
1046220,414200,"Tephroseris helenitis (L.) B. Nord.",NA,"Asteraceae",NA,0,1966,1966,NA,"Endangered",NA
1046300,415100,"Teucrium montanum L.",NA,"Lamiaceae",NA,1,1982,2023,NA,"Least concern",NA
1046370,415900,"Thalictrum foetidum L.",NA,"Ranunculaceae",NA,3,1982,2023,NA,"Least concern",NA
1046400,416195,"Thalictrum minus L.",NA,"Ranunculaceae",NA,23,1923,2025,NA,"Least concern",NA
1046420,416300,"Thalictrum minus subsp. saxatile Ces.",NA,"Ranunculaceae",NA,1,2017,2017,NA,"Least concern",NA
1046450,417200,"Thesium alpinum L.",NA,"Santalaceae",NA,47,1908,2025,NA,"Least concern",NA
1046500,417700,"Thesium pyrenaicum Pourr.",NA,"Santalaceae",NA,3,1982,2023,NA,"Least concern",NA
1046560,417995,"Thlaspi alpestre aggr.",NA,"Brassicaceae",NA,20,1967,2023,NA,"Near threatened",NA
1046570,418200,"Thlaspi arvense L.",NA,"Brassicaceae",NA,24,1982,2025,NA,"Least concern",NA
1046580,418300,"Thlaspi brachypetalum Jord.",NA,"Brassicaceae",NA,6,1982,2019,NA,"Near threatened",NA
1046590,418400,"Thlaspi caerulescens J. Presl & C. Presl",NA,"Brassicaceae",NA,13,1967,2023,NA,"Near threatened",NA
1046610,418800,"Thlaspi perfoliatum L.",NA,"Brassicaceae",NA,8,1998,2023,NA,"Least concern",NA
1046730,419800,"Thymelaea passerina (L.) Coss. & Germ.",NA,"Thymelaeaceae",NA,0,1966,1966,NA,"Critically endangered",NA
1046740,419900,"Thymus alpestris (Čelak.) A. Kern.",NA,"Lamiaceae",NA,3,2018,2023,NA,"Least concern",NA
1046830,420750,"Thymus praecox Opiz",NA,"Lamiaceae",NA,7,1982,2023,NA,"",NA
1046850,420900,"Thymus praecox subsp. polytrichus (Borbás) Jalas",NA,"Lamiaceae",NA,4,1982,2020,NA,"Least concern",NA
1046860,420940,"Thymus pulegioides L.",NA,"Lamiaceae",NA,1,2023,2023,NA,"",NA
1046870,420990,"Thymus pulegioides L. subsp. pulegioides",NA,"Lamiaceae",NA,1,2023,2023,NA,"Least concern",NA
1046890,421200,"Thymus serpyllum aggr.",NA,"Lamiaceae",NA,51,1982,2025,NA,"Least concern",NA
1046990,421600,"Tofieldia calyculata (L.) Wahlenb.",NA,"Tofieldiaceae",NA,15,1947,2006,NA,"Least concern",NA
1047160,422600,"Tragopogon dubius Scop.",NA,"Asteraceae",NA,3,2000,2017,NA,"Least concern",NA
1047180,422950,"Tragopogon pratensis L.",NA,"Asteraceae",NA,15,1982,2025,NA,"Least concern",NA
1047220,423300,"Tragopogon pratensis subsp. orientalis (L.) Čelak.",NA,"Asteraceae",NA,1,2005,2005,NA,"Least concern",NA
1047250,423600,"Traunsteinera globosa (L.) Rchb.",NA,"Orchidaceae",NA,7,1880,2020,NA,"Least concern",NA
1047280,423800,"Trichophorum alpinum (L.) Pers.",NA,"Cyperaceae",NA,123,1888,2025,NA,"Near threatened",NA
1047290,423900,"Trichophorum cespitosum (L.) Hartm.",NA,"Cyperaceae",NA,261,1947,2025,NA,"Least concern",NA
1047300,423930,"Trichophorum cespitosum (L.) Hartm. subsp. cespitosum",NA,"Cyperaceae",NA,3,2018,2023,NA,"",NA
1047340,424200,"Trientalis europaea L.",NA,"Primulaceae",NA,4,1948,1959,NA,"Vulnerable",NA
1047370,424500,"Trifolium alpinum L.",NA,"Fabaceae",NA,103,1908,2025,NA,"Least concern",NA
1047390,424700,"Trifolium arvense L.",NA,"Fabaceae",NA,0,1966,1966,NA,"Least concern",NA
1047400,424800,"Trifolium aureum Pollich",NA,"Fabaceae",NA,1,1982,2002,NA,"Near threatened",NA
1047410,424900,"Trifolium badium Schreb.",NA,"Fabaceae",NA,74,1981,2025,NA,"Least concern",NA
1047420,425000,"Trifolium campestre Schreb.",NA,"Fabaceae",NA,0,1966,1966,NA,"Least concern",NA
1047460,425595,"Trifolium hybridum L.",NA,"Fabaceae",NA,15,1966,2025,NA,"",NA
1047470,425600,"Trifolium hybridum L. subsp. hybridum",NA,"Fabaceae",NA,3,1966,2025,NA,"",NA
1047520,426000,"Trifolium medium L.",NA,"Fabaceae",NA,7,1982,2025,NA,"Least concern",NA
1047540,426300,"Trifolium montanum L.",NA,"Fabaceae",NA,37,1982,2025,NA,"Least concern",NA
1047600,426895,"Trifolium pratense L.",NA,"Fabaceae",NA,147,1982,2025,NA,"Least concern",NA
1047610,426900,"Trifolium pratense L. subsp. pratense",NA,"Fabaceae",NA,11,1982,2025,NA,"Least concern",NA
1047620,427000,"Trifolium pratense subsp. nivale (W. D. J. Koch) Ces.",NA,"Fabaceae",NA,33,1982,2025,NA,"Least concern",NA
1047630,427100,"Trifolium repens L.",NA,"Fabaceae",NA,72,1981,2025,NA,"Least concern",NA
1047640,427200,"Trifolium repens L. subsp. repens",NA,"Fabaceae",NA,2,2006,2019,NA,"Least concern",NA
1047670,427500,"Trifolium rubens L.",NA,"Fabaceae",NA,1,1914,1914,NA,"Near threatened",NA
1047710,427800,"Trifolium spadiceum L.",NA,"Fabaceae",NA,21,1966,2023,NA,"Vulnerable",NA
1047760,428100,"Trifolium thalii Vill.",NA,"Fabaceae",NA,13,1982,2024,NA,"Least concern",NA
1047770,428200,"Triglochin palustris L.",NA,"Juncaginaceae",NA,29,1982,2025,NA,"Least concern",NA
1047840,428700,"Tripleurospermum inodorum (L.) Sch. Bip.",NA,"Asteraceae",NA,10,1966,2025,NA,"Least concern",NA
1047880,429300,"Trisetum distichophyllum (Vill.) P. Beauv.",NA,"Poaceae",NA,0,1982,1982,NA,"Least concern",NA
1047890,429400,"Trisetum flavescens (L.) P. Beauv.",NA,"Poaceae",NA,8,1982,2025,NA,"Least concern",NA
1048030,430600,"Trollius europaeus L.",NA,"Ranunculaceae",NA,123,1982,2025,NA,"Least concern",NA
1048200,431800,"Turgenia latifolia (L.) Hoffm.",NA,"Apiaceae",NA,0,1966,1966,NA,"Regionally extinct",NA
1048220,432000,"Tussilago farfara L.",NA,"Asteraceae",NA,29,1906,2025,NA,"Least concern",NA
1048360,433400,"Urtica dioica L.",NA,"Urticaceae",NA,11,1982,2025,NA,"Least concern",NA
1048410,433900,"Utricularia minor L.",NA,"Lentibulariaceae",NA,4,1948,2020,NA,"Vulnerable",NA
1048405,433950,"Utricularia minor aggr.",NA,"Lentibulariaceae",NA,5,1948,2020,NA,"",NA
1048450,434200,"Utricularia vulgaris L.",NA,"Lentibulariaceae",NA,1,1981,1981,NA,"Endangered",NA
1048440,434250,"Utricularia vulgaris aggr.",NA,"Lentibulariaceae",NA,2,1981,1981,NA,"Near threatened",NA
1048470,434500,"Vaccinium gaultherioides Bigelow",NA,"Ericaceae",NA,61,2000,2023,NA,"Least concern",NA
1048490,434700,"Vaccinium microcarpum (Rupr.) Schmalh.",NA,"Ericaceae",NA,255,1931,2025,NA,"Vulnerable",NA
1048500,434800,"Vaccinium myrtillus L.",NA,"Ericaceae",NA,353,1979,2025,NA,"Least concern",NA
1048510,434900,"Vaccinium oxycoccos L.",NA,"Ericaceae",NA,64,1979,2024,NA,"Near threatened",NA
1048530,435000,"Vaccinium uliginosum L.",NA,"Ericaceae",NA,102,2000,2025,NA,"Near threatened",NA
1048520,435100,"Vaccinium uliginosum aggr.",NA,"Ericaceae",NA,639,1947,2025,NA,"Least concern",NA
1048540,435300,"Vaccinium vitis-idaea L.",NA,"Ericaceae",NA,389,1908,2025,NA,"Least concern",NA
1048580,435600,"Valeriana dioica L.",NA,"Caprifoliaceae",NA,1,2025,2025,NA,"Least concern",NA
1048590,435700,"Valeriana montana L.",NA,"Caprifoliaceae",NA,3,1982,2023,NA,"Least concern",NA
1048600,435900,"Valeriana officinalis aggr.",NA,"Caprifoliaceae",NA,7,1982,2023,NA,"Least concern",NA
1048690,436700,"Valeriana tripteris L.",NA,"Caprifoliaceae",NA,3,1982,2019,NA,"Least concern",NA
1048710,436900,"Valeriana versifolia Brügger",NA,"Caprifoliaceae",NA,4,2011,2023,NA,"Least concern",NA
1048750,437300,"Valerianella dentata (L.) Pollich",NA,"Caprifoliaceae",NA,0,1966,1966,NA,"Vulnerable",NA
1048820,437800,"Veratrum album L.",NA,"Melanthiaceae",NA,47,1982,2025,NA,"Least concern",NA
1048840,438000,"Veratrum album subsp. lobelianum (Bernh.) Arcang.",NA,"Melanthiaceae",NA,12,2000,2025,NA,"Least concern",NA
1048940,439000,"Verbascum lychnitis L.",NA,"Scrophulariaceae",NA,2,1982,2020,NA,"Least concern",NA
1049020,439650,"Verbascum thapsus L.",NA,"Scrophulariaceae",NA,1,1982,2025,NA,"Least concern",NA
1049040,439850,"Verbascum thapsus subsp. montanum (Schrad.) Bonnier & Layens",NA,"Scrophulariaceae",NA,1,1982,2025,NA,"Least concern",NA
1049120,440400,"Veronica alpina L.",NA,"Plantaginaceae",NA,17,1994,2023,NA,"Least concern",NA
1049160,440800,"Veronica arvensis L.",NA,"Plantaginaceae",NA,0,1966,1966,NA,"Least concern",NA
1049180,441000,"Veronica beccabunga L.",NA,"Plantaginaceae",NA,5,1982,2023,NA,"Least concern",NA
1049190,441100,"Veronica bellidioides L.",NA,"Plantaginaceae",NA,19,1935,2023,NA,"Least concern",NA
1049210,441400,"Veronica chamaedrys L.",NA,"Plantaginaceae",NA,28,1982,2024,NA,"Least concern",NA
1049250,441500,"Veronica dillenii Crantz",NA,"Plantaginaceae",NA,1,1994,1994,NA,"Vulnerable",NA
1049270,441700,"Veronica fruticans Jacq.",NA,"Plantaginaceae",NA,13,1935,2025,NA,"Least concern",NA
1049290,441900,"Veronica hederifolia L.",NA,"Plantaginaceae",NA,0,1966,1966,NA,"Least concern",NA
1049340,442400,"Veronica officinalis L.",NA,"Plantaginaceae",NA,19,1982,2025,NA,"Least concern",NA
1049390,442800,"Veronica polita Fr.",NA,"Plantaginaceae",NA,0,1966,1966,NA,"Least concern",NA
1049460,443395,"Veronica serpyllifolia L.",NA,"Plantaginaceae",NA,9,1982,2023,NA,"Least concern",NA
1049470,443400,"Veronica serpyllifolia L. subsp. serpyllifolia",NA,"Plantaginaceae",NA,1,1982,2001,NA,"Least concern",NA
1049490,443900,"Veronica teucrium L.",NA,"Plantaginaceae",NA,3,1982,2025,NA,"Least concern",NA
1049530,444200,"Veronica verna L.",NA,"Plantaginaceae",NA,1,1982,2011,NA,"Near threatened",NA
1049620,444995,"Vicia cracca L.",NA,"Fabaceae",NA,97,1982,2025,NA,"Least concern",NA
1049630,445000,"Vicia cracca L. subsp. cracca",NA,"Fabaceae",NA,4,1982,2025,NA,"Least concern",NA
1049860,447400,"Vicia sepium L.",NA,"Fabaceae",NA,11,1982,2025,NA,"Least concern",NA
1049880,447700,"Vicia sylvatica L.",NA,"Fabaceae",NA,0,1966,1966,NA,"Least concern",NA
1049890,448000,"Vicia tetrasperma (L.) Schreb.",NA,"Fabaceae",NA,0,1966,1966,NA,"Near threatened",NA
1049900,448050,"Vicia villosa Roth",NA,"Fabaceae",NA,0,1966,1966,NA,"",NA
1049910,448100,"Vicia villosa Roth subsp. villosa",NA,"Fabaceae",NA,0,1966,1966,NA,"",NA
1050010,449100,"Viola biflora L.",NA,"Violaceae",NA,72,1982,2025,NA,"Least concern",NA
1050020,449200,"Viola calcarata L.",NA,"Violaceae",NA,2,1923,2023,NA,"Least concern",NA
1050060,449250,"Viola canina L.",NA,"Violaceae",NA,12,1982,2025,NA,"Near threatened",NA
1050050,449300,"Viola canina L. subsp. canina",NA,"Violaceae",NA,1,1982,2000,NA,"Vulnerable",NA
1050110,449800,"Viola collina Besser",NA,"Violaceae",NA,3,1966,2019,NA,"Least concern",NA
1050170,450300,"Viola hirta L.",NA,"Violaceae",NA,1,1982,2023,NA,"Least concern",NA
1050220,451100,"Viola palustris L.",NA,"Violaceae",NA,188,1947,2025,NA,"Least concern",NA
1050240,451300,"Viola pinnata L.",NA,"Violaceae",NA,1,1932,1982,NA,"Near threatened",NA
1050260,451500,"Viola pyrenaica DC.",NA,"Violaceae",NA,0,1982,1982,NA,"Near threatened",NA
1050270,451600,"Viola reichenbachiana Boreau",NA,"Violaceae",NA,1,1984,1994,NA,"Least concern",NA
1050280,451700,"Viola riviniana Rchb.",NA,"Violaceae",NA,2,1982,2023,NA,"Least concern",NA
1050290,451800,"Viola rupestris F. W. Schmidt",NA,"Violaceae",NA,1,1982,2023,NA,"Least concern",NA
1050320,452400,"Viola thomasiana Songeon & E. P. Perrier",NA,"Violaceae",NA,1,1982,2019,NA,"Least concern",NA
1050340,452500,"Viola tricolor L.",NA,"Violaceae",NA,3,1935,2021,NA,"",NA
1050330,452510,"Viola tricolor aggr.",NA,"Violaceae",NA,9,1935,2025,NA,"Least concern",NA
1050680,455700,"Zannichellia palustris L.",NA,"Potamogetonaceae",NA,2,1991,1997,NA,"Vulnerable",NA
