"TaxonID","SIFS","Scientific.name","Vernacular.name","Family","Introduced","Nb..Obs.","Years..min.","Years..max.","Doubtful....","IUCN.status","WS.Code"
1000000,100,"Abies alba Mill.",NA,"Pinaceae",NA,64,1975,2022,NA,"Least concern",NA
1000070,300,"Acer campestre L.",NA,"Sapindaceae",NA,21,1982,2022,NA,"Least concern",NA
1000120,700,"Acer platanoides L.",NA,"Sapindaceae",NA,27,1982,2022,NA,"Least concern",NA
1000130,800,"Acer pseudoplatanus L.",NA,"Sapindaceae",NA,35,2016,2022,NA,"Least concern",NA
1000330,1700,"Achillea millefolium L.",NA,"Asteraceae",NA,4,1964,2022,NA,"Least concern",NA
1000320,1706,"Achillea millefolium aggr.",NA,"Asteraceae",NA,6,1964,2025,NA,"Least concern",NA
1000450,2700,"Achnatherum calamagrostis (L.) P. Beauv.",NA,"Poaceae",NA,1,1982,2025,NA,"Least concern",NA
1000543,3510,"Aconitum lycoctonum L.",NA,"Ranunculaceae",NA,1,1948,1982,NA,"Least concern",NA
1000548,3520,"Aconitum lycoctonum subsp. neapolitanum (Ten.) Nyman",NA,"Ranunculaceae",NA,1,1948,1982,NA,"Least concern",NA
1000620,4390,"Aconitum variegatum L.",NA,"Ranunculaceae",NA,0,1982,1982,NA,"Least concern",NA
1000730,5200,"Actaea spicata L.",NA,"Ranunculaceae",NA,1,1982,2023,NA,"Least concern",NA
1000770,5400,"Adenostyles alliariae (Gouan) A. Kern.",NA,"Asteraceae",NA,4,1982,2022,NA,"Least concern",NA
1000780,5450,"Adenostyles alpina (L.) Bluff & Fingerh.",NA,"Asteraceae",NA,1,1975,1982,NA,"Least concern",NA
1000880,6300,"Adoxa moschatellina L.",NA,"Adoxaceae",NA,0,1982,1982,NA,"Least concern",NA
1000930,6800,"Aegopodium podagraria L.",NA,"Apiaceae",NA,5,1982,2025,NA,"Least concern",NA
1001010,7400,"Agrimonia eupatoria L.",NA,"Rosaceae",NA,2,1941,2025,NA,"Least concern",NA
1001080,8600,"Agrostis capillaris L.",NA,"Poaceae",NA,10,1982,2024,NA,"Least concern",NA
1001090,8700,"Agrostis gigantea Roth",NA,"Poaceae",NA,14,1982,2025,NA,"Least concern",NA
1001110,9000,"Agrostis schleicheri Jord. & Verl.",NA,"Poaceae",NA,0,1982,1982,NA,"Least concern",NA
1001130,9300,"Agrostis stolonifera L.",NA,"Poaceae",NA,1,1982,2012,NA,"Least concern",NA
1001220,10300,"Ajuga pyramidalis L.",NA,"Lamiaceae",NA,1,1982,2005,NA,"Least concern",NA
1001230,10400,"Ajuga reptans L.",NA,"Lamiaceae",NA,27,1982,2025,NA,"Least concern",NA
1001410,12100,"Alchemilla conjuncta superaggr.",NA,"",NA,2,1982,2022,NA,"",NA
1001640,14000,"Alchemilla fissa aggr.",NA,"Rosaceae",NA,0,1982,1982,NA,"Least concern",NA
1002150,18500,"Alchemilla plicatula aggr.",NA,"Rosaceae",NA,1,2022,2022,NA,"Least concern",NA
1002300,19900,"Alchemilla splendens aggr.",NA,"Rosaceae",NA,0,1982,1982,NA,"Least concern",NA
1002440,21100,"Alchemilla vulgaris aggr.",NA,"Rosaceae",NA,9,2002,2002,NA,"Least concern",NA
1002500,21800,"Alisma lanceolatum With.",NA,"Alismataceae",NA,0,1982,1982,NA,"Endangered",NA
1002510,21900,"Alisma plantago-aquatica L.",NA,"Alismataceae",NA,1,1982,1984,NA,"Least concern",NA
1002520,22100,"Alliaria petiolata (M. Bieb.) Cavara & Grande",NA,"Brassicaceae",NA,2,1982,2025,NA,"Least concern",NA
1002560,22350,"Allium carinatum L.",NA,"Amaryllidaceae",NA,25,1966,2024,NA,"Near threatened",NA
1002570,22400,"Allium carinatum L. subsp. carinatum",NA,"Amaryllidaceae",NA,20,1966,2024,NA,"Near threatened",NA
1002790,24800,"Allium ursinum L.",NA,"Amaryllidaceae",NA,7,1982,2022,NA,"Least concern",NA
1002810,25000,"Allium vineale L.",NA,"Amaryllidaceae",NA,2,2022,2025,NA,"Least concern",NA
1002840,25200,"Alnus glutinosa (L.) Gaertn.",NA,"Betulaceae",NA,2,2020,2022,NA,"Least concern",NA
1002850,25300,"Alnus incana (L.) Moench",NA,"Betulaceae",NA,23,1982,2022,NA,"Least concern",NA
1002900,25700,"Alopecurus geniculatus L.",NA,"Poaceae",NA,3,2025,2025,NA,"Vulnerable",NA
1002920,26000,"Alopecurus pratensis L.",NA,"Poaceae",NA,8,1974,2025,NA,"Least concern",NA
1003085,27600,"Amaranthus blitum aggr.",NA,"Amaranthaceae",NA,1,1947,1947,NA,"",NA
1003220,28900,"Amaranthus retroflexus L.",NA,"Amaranthaceae",NA,1,1998,1998,NA,"",NA
1003290,29300,"Amelanchier ovalis Medik.",NA,"Rosaceae",NA,1,1970,1982,NA,"Least concern",NA
1003380,29700,"Anagallis arvensis L.",NA,"Primulaceae",NA,1,2018,2018,NA,"Least concern",NA
1003480,30800,"Anchusa officinalis L.",NA,"Boraginaceae",NA,1,2021,2021,NA,"Near threatened",NA
1003750,33370,"Anemone hupehensis (Lemoine) Lemoine",NA,"Ranunculaceae",NA,1,2020,2020,NA,"",NA
1003760,33400,"Anemone narcissiflora L.",NA,"Ranunculaceae",NA,1,1982,2002,NA,"Least concern",NA
1003770,33600,"Anemone nemorosa L.",NA,"Ranunculaceae",NA,11,1982,2022,NA,"Least concern",NA
1003820,34100,"Angelica sylvestris L.",NA,"Apiaceae",NA,26,1982,2025,NA,"Least concern",NA
1003850,34400,"Antennaria dioica (L.) Gaertn.",NA,"Asteraceae",NA,1,1982,2002,NA,"Least concern",NA
1003900,34900,"Anthemis tinctoria L.",NA,"Asteraceae",NA,1,2022,2022,NA,"Least concern",NA
1003930,35200,"Anthericum ramosum L.",NA,"Asparagaceae",NA,2,1969,1982,NA,"Least concern",NA
1003940,35300,"Anthoxanthum alpinum Á. Löve & D. Löve",NA,"Poaceae",NA,0,1982,1982,NA,"Least concern",NA
1003970,35400,"Anthoxanthum odoratum L.",NA,"Poaceae",NA,9,1974,2025,NA,"Least concern",NA
1003960,35500,"Anthoxanthum odoratum aggr.",NA,"Poaceae",NA,25,1974,2025,NA,"Least concern",NA
1004010,35900,"Anthriscus sylvestris (L.) Hoffm.",NA,"Apiaceae",NA,4,1974,2019,NA,"Least concern",NA
1004070,36790,"Anthyllis vulneraria L.",NA,"Fabaceae",NA,11,1921,2024,NA,"Least concern",NA
1004080,36800,"Anthyllis vulneraria L. subsp. vulneraria",NA,"Fabaceae",NA,1,1921,1982,NA,"",NA
1004310,38900,"Aquilegia atrata W. D. J. Koch",NA,"Ranunculaceae",NA,3,1982,2025,NA,"Least concern",NA
1004330,39100,"Aquilegia vulgaris L.",NA,"Ranunculaceae",NA,2,2015,2021,NA,"Least concern",NA
1004440,40200,"Arabis ciliata Clairv.",NA,"Brassicaceae",NA,3,1982,2002,NA,"Least concern",NA
1004470,40605,"Arabis hirsuta aggr.",NA,"Brassicaceae",NA,1,2019,2019,NA,"Least concern",NA
1004580,42100,"Arabis turrita L.",NA,"Brassicaceae",NA,3,1966,2019,NA,"Least concern",NA
1004620,42300,"Arctium minus Bernh.",NA,"Asteraceae",NA,1,1969,1969,NA,"Least concern",NA
1004630,42400,"Arctium minus Bernh. subsp. minus",NA,"Asteraceae",NA,1,1969,1969,NA,"Least concern",NA
1004910,45700,"Arnica montana L.",NA,"Asteraceae",NA,6,1982,2002,NA,"Least concern",NA
1004930,45900,"Arrhenatherum elatius (L.) J. Presl & C. Presl",NA,"Poaceae",NA,10,1974,2025,NA,"Least concern",NA
1005160,48000,"Artemisia vulgaris L.",NA,"Asteraceae",NA,0,1982,1982,NA,"Least concern",NA
1005180,48200,"Arum maculatum L.",NA,"Araceae",NA,3,1970,2025,NA,"Least concern",NA
1005190,48300,"Aruncus dioicus (Walter) Fernald",NA,"Rosaceae",NA,7,1948,2022,NA,"Least concern",NA
1005340,49600,"Asperula taurina L.",NA,"Rubiaceae",NA,4,1982,2025,NA,"Least concern",NA
1005500,50900,"Asplenium ruta-muraria L.",NA,"Aspleniaceae",NA,3,1982,2024,NA,"Least concern",NA
1005540,51200,"Asplenium septentrionale (L.) Hoffm.",NA,"Aspleniaceae",NA,1,1927,1966,NA,"Least concern",NA
1005550,51400,"Asplenium trichomanes L.",NA,"Aspleniaceae",NA,7,1978,2024,NA,"Least concern",NA
1005600,51480,"Asplenium trichomanes subsp. quadrivalens D. E. Mey.",NA,"Aspleniaceae",NA,1,2022,2022,NA,"",NA
1005610,51500,"Asplenium viride Huds.",NA,"Aspleniaceae",NA,2,1982,2022,NA,"Least concern",NA
1005660,52000,"Aster bellidiastrum (L.) Scop.",NA,"Asteraceae",NA,5,1982,2019,NA,"Least concern",NA
1005720,52400,"Aster novi-belgii L.",NA,"Asteraceae",NA,1,1985,1985,NA,"",NA
1005710,52500,"Aster novi-belgii aggr.",NA,"Asteraceae",NA,3,1982,2025,NA,"",NA
1005800,53300,"Astragalus australis (L.) Lam.",NA,"Fabaceae",NA,0,1982,1982,NA,"Least concern",NA
1006020,55200,"Astrantia major L.",NA,"Apiaceae",NA,1,1982,2019,NA,"Least concern",NA
1006060,55400,"Athamanta cretensis L.",NA,"Apiaceae",NA,0,1982,1982,NA,"Least concern",NA
1006090,55700,"Athyrium filix-femina (L.) Roth",NA,"Athyriaceae",NA,9,1982,2023,NA,"Least concern",NA
1006140,56300,"Atriplex patula L.",NA,"Amaranthaceae",NA,0,1982,1982,NA,"Least concern",NA
1006190,56500,"Atropa bella-donna L.",NA,"Solanaceae",NA,3,1976,2022,NA,"Least concern",NA
1006260,57050,"Avena sativa L.",NA,"Poaceae",NA,0,1982,1982,NA,"",NA
1006420,58300,"Barbarea intermedia Boreau",NA,"Brassicaceae",NA,1,1971,1971,NA,"Least concern",NA
1006450,58600,"Barbarea vulgaris R. Br.",NA,"Brassicaceae",NA,2,2021,2024,NA,"Least concern",NA
1006490,59100,"Bellis perennis L.",NA,"Asteraceae",NA,9,1974,2025,NA,"Least concern",NA
1006530,59200,"Berberis vulgaris L.",NA,"Berberidaceae",NA,7,1982,2022,NA,"Least concern",NA
1006550,59400,"Berteroa incana (L.) DC.",NA,"Brassicaceae",NA,1,1980,1980,NA,"",NA
1006600,60400,"Betula pendula Roth",NA,"Betulaceae",NA,1,1982,2020,NA,"Least concern",NA
1006595,60450,"Betula pendula aggr.",NA,"Betulaceae",NA,2,1982,2025,NA,"",NA
1006900,62800,"Blysmus compressus (L.) Link",NA,"Cyperaceae",NA,3,1972,2019,NA,"Least concern",NA
1007060,63900,"Brachypodium pinnatum (L.) P. Beauv.",NA,"Poaceae",NA,2,2019,2024,NA,"Least concern",NA
1007070,64000,"Brachypodium pinnatum aggr.",NA,"Poaceae",NA,14,1982,2024,NA,"Least concern",NA
1007090,64200,"Brachypodium sylvaticum (Huds.) P. Beauv.",NA,"Poaceae",NA,16,1982,2023,NA,"Least concern",NA
1007160,64700,"Brassica rapa L.",NA,"Brassicaceae",NA,1,1962,1962,NA,"",NA
1007200,65200,"Briza media L.",NA,"Poaceae",NA,33,1974,2025,NA,"Least concern",NA
1007230,65400,"Bromus benekenii (Lange) Trimen",NA,"Poaceae",NA,3,1982,2022,NA,"Least concern",NA
1007290,65695,"Bromus erectus Huds.",NA,"Poaceae",NA,14,1965,2024,NA,"Least concern",NA
1007300,65700,"Bromus erectus Huds. subsp. erectus",NA,"Poaceae",NA,11,1965,2002,NA,"Least concern",NA
1007330,66000,"Bromus hordeaceus L.",NA,"Poaceae",NA,2,1972,1982,NA,"Least concern",NA
1007470,66800,"Bromus ramosus Huds.",NA,"Poaceae",NA,1,1982,2022,NA,"Least concern",NA
1007590,67600,"Bryonia dioica Jacq.",NA,"Cucurbitaceae",NA,0,1966,1966,NA,"Least concern",NA
1007600,67700,"Buddleja davidii Franch.",NA,"Scrophulariaceae",NA,442,2010,2026,NA,"",NA
1007660,68300,"Bunias orientalis L.",NA,"Brassicaceae",NA,1,1972,1972,NA,"",NA
1007690,68600,"Buphthalmum salicifolium L.",NA,"Asteraceae",NA,1,1982,2015,NA,"Least concern",NA
1007800,69900,"Bupleurum ranunculoides L.",NA,"Apiaceae",NA,0,1982,1982,NA,"Least concern",NA
1007830,70200,"Bupleurum rotundifolium L.",NA,"Apiaceae",NA,1,1987,1987,NA,"Endangered",NA
1007900,70800,"Calamagrostis epigejos (L.) Roth",NA,"Poaceae",NA,2,1970,2002,NA,"Least concern",NA
1007940,71400,"Calamagrostis varia (Schrad.) Host",NA,"Poaceae",NA,6,1982,2022,NA,"Least concern",NA
1007980,71900,"Calamintha menthifolia Host",NA,"Lamiaceae",NA,1,1993,1993,NA,"Least concern",NA
1008000,72000,"Calamintha nepeta aggr.",NA,"Lamiaceae",NA,1,1993,1993,NA,"Least concern",NA
1008160,73600,"Calluna vulgaris (L.) Hull",NA,"Ericaceae",NA,5,1982,2021,NA,"Least concern",NA
1008180,73700,"Caltha palustris L.",NA,"Ranunculaceae",NA,18,1982,2025,NA,"Least concern",NA
1008200,73900,"Calystegia sepium (L.) R. Br.",NA,"Convolvulaceae",NA,14,1982,2025,NA,"Least concern",NA
1008390,75200,"Campanula cochleariifolia Lam.",NA,"Campanulaceae",NA,2,1955,1982,NA,"Least concern",NA
1008640,77100,"Campanula rotundifolia L.",NA,"Campanulaceae",NA,3,1982,2024,NA,"Least concern",NA
1008650,77200,"Campanula scheuchzeri Vill.",NA,"Campanulaceae",NA,3,1982,2019,NA,"Least concern",NA
1008690,77600,"Campanula trachelium L.",NA,"Campanulaceae",NA,2,1982,2022,NA,"Least concern",NA
1008855,78700,"Cardamine flexuosa aggr.",NA,"Brassicaceae",NA,1,1982,2022,NA,"Least concern",NA
1008890,78900,"Cardamine hirsuta L.",NA,"Brassicaceae",NA,4,1969,2025,NA,"Least concern",NA
1008900,79000,"Cardamine impatiens L.",NA,"Brassicaceae",NA,2,1971,2024,NA,"Least concern",NA
1008950,79600,"Cardamine pentaphyllos (L.) Crantz",NA,"Brassicaceae",NA,3,1967,2024,NA,"Least concern",NA
1008990,79790,"Cardamine pratensis L.",NA,"Brassicaceae",NA,1,1974,1974,NA,"Least concern",NA
1008970,79900,"Cardamine pratensis aggr.",NA,"Brassicaceae",NA,2,1974,2024,NA,"Least concern",NA
1009030,80400,"Cardamine rivularis auct.",NA,"Brassicaceae",NA,0,1982,1982,NA,"Near threatened",NA
1009170,81595,"Carduus defloratus L.",NA,"Asteraceae",NA,4,2002,2002,NA,"Least concern",NA
1009290,83000,"Carex acutiformis Ehrh.",NA,"Cyperaceae",NA,23,1982,2025,NA,"Least concern",NA
1009300,83100,"Carex alba Scop.",NA,"Cyperaceae",NA,20,1970,2025,NA,"Least concern",NA
1009410,84100,"Carex brachystachys Schrank",NA,"Cyperaceae",NA,4,1975,2023,NA,"Least concern",NA
1009440,84400,"Carex brunnescens (Pers.) Poir.",NA,"Cyperaceae",NA,0,1966,1966,NA,"Least concern",NA
1009480,84600,"Carex canescens L.",NA,"Cyperaceae",NA,0,1982,1982,NA,"Least concern",NA
1009510,84900,"Carex caryophyllea Latourr.",NA,"Cyperaceae",NA,5,1982,2025,NA,"Least concern",NA
1009570,85700,"Carex davalliana Sm.",NA,"Cyperaceae",NA,24,1971,2025,NA,"Least concern",NA
1009610,86100,"Carex digitata L.",NA,"Cyperaceae",NA,5,1982,2025,NA,"Least concern",NA
1009620,86200,"Carex dioica L.",NA,"Cyperaceae",NA,0,1982,1982,NA,"Vulnerable",NA
1009630,86300,"Carex distans L.",NA,"Cyperaceae",NA,11,1982,2025,NA,"Near threatened",NA
1009680,86700,"Carex echinata Murray",NA,"Cyperaceae",NA,2,1982,2025,NA,"Least concern",NA
1009690,86800,"Carex elata All.",NA,"Cyperaceae",NA,20,1983,2025,NA,"Least concern",NA
1009730,87200,"Carex ferruginea Scop.",NA,"Cyperaceae",NA,3,1982,2023,NA,"Least concern",NA
1009760,87500,"Carex flacca Schreb.",NA,"Cyperaceae",NA,49,1982,2025,NA,"Least concern",NA
1009780,87600,"Carex flava L.",NA,"Cyperaceae",NA,6,1982,2025,NA,"Least concern",NA
1009770,87605,"Carex flava aggr.",NA,"Cyperaceae",NA,13,1969,2025,NA,"Least concern",NA
1009880,88600,"Carex hirta L.",NA,"Cyperaceae",NA,5,1945,2025,NA,"Least concern",NA
1009890,88700,"Carex hostiana DC.",NA,"Cyperaceae",NA,29,1966,2025,NA,"Least concern",NA
1009900,88800,"Carex humilis Leyss.",NA,"Cyperaceae",NA,1,1970,1982,NA,"Least concern",NA
1009960,89400,"Carex lepidocarpa Tausch",NA,"Cyperaceae",NA,2,1969,2024,NA,"Least concern",NA
1009970,89500,"Carex leporina L.",NA,"Cyperaceae",NA,1,1982,2025,NA,"Least concern",NA
1010040,90300,"Carex montana L.",NA,"Cyperaceae",NA,21,1982,2024,NA,"Least concern",NA
1010060,90500,"Carex muricata aggr.",NA,"Cyperaceae",NA,3,1982,2025,NA,"Least concern",NA
1010070,90700,"Carex nigra (L.) Reichard",NA,"Cyperaceae",NA,12,1982,2025,NA,"Least concern",NA
1010090,91200,"Carex ornithopoda Willd.",NA,"Cyperaceae",NA,1,1982,2025,NA,"Least concern",NA
1010110,91400,"Carex otrubae Podp.",NA,"Cyperaceae",NA,11,1982,2025,NA,"Near threatened",NA
1010130,91600,"Carex pallescens L.",NA,"Cyperaceae",NA,2,1982,2025,NA,"Least concern",NA
1010140,91700,"Carex panicea L.",NA,"Cyperaceae",NA,30,1982,2025,NA,"Least concern",NA
1010150,91800,"Carex paniculata L.",NA,"Cyperaceae",NA,1,1982,2025,NA,"Least concern",NA
1010190,92300,"Carex pendula Huds.",NA,"Cyperaceae",NA,5,1982,2025,NA,"Least concern",NA
1010260,93100,"Carex pulicaris L.",NA,"Cyperaceae",NA,14,1968,2025,NA,"Near threatened",NA
1010320,93700,"Carex rostrata Stokes",NA,"Cyperaceae",NA,3,1974,2024,NA,"Least concern",NA
1010340,93900,"Carex sempervirens Vill.",NA,"Cyperaceae",NA,3,1982,2019,NA,"Least concern",NA
1010350,94200,"Carex spicata Huds.",NA,"Cyperaceae",NA,0,1982,1982,NA,"Least concern",NA
1010390,94700,"Carex sylvatica Huds.",NA,"Cyperaceae",NA,13,1982,2025,NA,"Least concern",NA
1010400,94800,"Carex tomentosa L.",NA,"Cyperaceae",NA,10,1966,2025,NA,"Near threatened",NA
1010430,95300,"Carex vesicaria L.",NA,"Cyperaceae",NA,1,2012,2012,NA,"Least concern",NA
1010440,95400,"Carex viridula Michx.",NA,"Cyperaceae",NA,1,1969,1982,NA,"Near threatened",NA
1010490,95800,"Carlina acaulis L.",NA,"Asteraceae",NA,14,1982,2022,NA,"Least concern",NA
1010510,96000,"Carlina acaulis subsp. caulescens (Lam.) Schübl. & G. Martens",NA,"Asteraceae",NA,1,2022,2022,NA,"",NA
1010550,96600,"Carlina vulgaris aggr.",NA,"Asteraceae",NA,4,2020,2025,NA,"Least concern",NA
1010580,96900,"Carpinus betulus L.",NA,"Betulaceae",NA,1,2022,2022,NA,"Least concern",NA
1010610,97100,"Carum carvi L.",NA,"Apiaceae",NA,3,1982,2022,NA,"Least concern",NA
1010790,98500,"Centaurea cyanus L.",NA,"Asteraceae",NA,1,1964,1966,NA,"Near threatened",NA
1010820,98750,"Centaurea jacea L.",NA,"Asteraceae",NA,40,1962,2025,NA,"Least concern",NA
1010830,98800,"Centaurea jacea L. subsp. jacea",NA,"Asteraceae",NA,14,1962,2019,NA,"Least concern",NA
1010865,99030,"Centaurea jacea aggr.",NA,"Asteraceae",NA,50,1962,2025,NA,"",NA
1010840,98900,"Centaurea jacea subsp. angustifolia Gremli",NA,"Asteraceae",NA,19,1982,2025,NA,"Near threatened",NA
1010930,99600,"Centaurea nigrescens Willd.",NA,"Asteraceae",NA,1,1974,1974,NA,"Least concern",NA
1010980,99995,"Centaurea scabiosa L.",NA,"Asteraceae",NA,8,1964,2025,NA,"Least concern",NA
1010990,100000,"Centaurea scabiosa L. subsp. scabiosa",NA,"Asteraceae",NA,1,1964,1982,NA,"Least concern",NA
1011140,101200,"Centaurium erythraea Rafn",NA,"Gentianaceae",NA,10,1970,2025,NA,"Least concern",NA
1011150,101300,"Centaurium pulchellum (Sw.) Druce",NA,"Gentianaceae",NA,1,1966,1982,NA,"Vulnerable",NA
1011180,101600,"Centranthus ruber (L.) DC.",NA,"Caprifoliaceae",NA,1,2024,2024,NA,"",NA
1011190,101800,"Cephalanthera damasonium (Mill.) Druce",NA,"Orchidaceae",NA,6,1982,2020,NA,"Least concern",NA
1011200,101900,"Cephalanthera longifolia (L.) Fritsch",NA,"Orchidaceae",NA,35,1981,2025,NA,"Least concern",NA
1011210,102000,"Cephalanthera rubra (L.) Rich.",NA,"Orchidaceae",NA,4,1994,2022,NA,"Least concern",NA
1011270,102595,"Cerastium arvense L.",NA,"Caryophyllaceae",NA,0,1982,1982,NA,"Least concern",NA
1011300,102700,"Cerastium arvense subsp. strictum (W. D. J. Koch) Schinz & R. Keller",NA,"Caryophyllaceae",NA,0,1982,1982,NA,"Least concern",NA
1011330,102950,"Cerastium brachypetalum Pers.",NA,"Caryophyllaceae",NA,2,1973,1983,NA,"Least concern",NA
1011340,103000,"Cerastium brachypetalum Pers. subsp. brachypetalum",NA,"Caryophyllaceae",NA,2,1973,1983,NA,"Least concern",NA
1011390,103595,"Cerastium fontanum Baumg.",NA,"Caryophyllaceae",NA,6,1974,2025,NA,"Least concern",NA
1011420,103800,"Cerastium fontanum subsp. vulgare (Hartm.) Greuter & Burdet",NA,"Caryophyllaceae",NA,2,1974,1982,NA,"Least concern",NA
1011510,104800,"Cerastium semidecandrum L.",NA,"Caryophyllaceae",NA,0,1982,1982,NA,"Least concern",NA
1011710,106700,"Chaerophyllum hirsutum L.",NA,"Apiaceae",NA,2,1982,2021,NA,"Least concern",NA
1011700,106705,"Chaerophyllum hirsutum aggr.",NA,"Apiaceae",NA,3,1982,2021,NA,"Least concern",NA
50005,NA,"Chara contraria Kütz.",NA,"Characeae",NA,53,1983,2020,NA,"Least concern",NA
50008,NA,"Chara denudata A. Braun",NA,"Characeae",NA,2,1983,1983,NA,"Data deficient",NA
50028,NA,"Chara filiformis H. Hertzsch",NA,"Characeae",NA,31,2008,2025,NA,"Data deficient",NA
50009,NA,"Chara globularis Thuill.",NA,"Characeae",NA,29,1983,2020,NA,"Least concern",NA
50092,NA,"Chara globularis aggr.",NA,"Characeae",NA,29,1983,2020,NA,"",NA
50020,NA,"Chara tomentosa L.",NA,"Characeae",NA,18,1983,2020,NA,"Vulnerable",NA
50021,NA,"Chara vulgaris L.",NA,"Characeae",NA,4,1983,2007,NA,"Vulnerable",NA
50010,NA,"Chara vulgaris aggr.",NA,"Characeae",NA,57,1983,2020,NA,"",NA
1011840,108200,"Chelidonium majus L.",NA,"Papaveraceae",NA,5,1982,2025,NA,"Least concern",NA
1011850,108300,"Chenopodium album L.",NA,"Amaranthaceae",NA,0,1982,1982,NA,"Least concern",NA
1011845,108330,"Chenopodium album aggr.",NA,"Amaranthaceae",NA,0,1982,1982,NA,"",NA
1011920,109100,"Chenopodium glaucum L.",NA,"Amaranthaceae",NA,0,1966,1966,NA,"Near threatened",NA
1011970,109600,"Chenopodium polyspermum L.",NA,"Amaranthaceae",NA,0,1982,1982,NA,"Least concern",NA
1012160,112500,"Chrysosplenium alternifolium L.",NA,"Saxifragaceae",NA,3,1972,2021,NA,"Least concern",NA
1012230,113200,"Cichorium intybus L.",NA,"Asteraceae",NA,5,1982,2025,NA,"Least concern",NA
1012270,113400,"Circaea alpina L.",NA,"Onagraceae",NA,2,1967,2019,NA,"Least concern",NA
1012280,113500,"Circaea lutetiana L.",NA,"Onagraceae",NA,3,1969,2022,NA,"Least concern",NA
1012300,113700,"Cirsium acaule Scop.",NA,"Asteraceae",NA,7,1982,2015,NA,"Least concern",NA
1012310,113800,"Cirsium arvense (L.) Scop.",NA,"Asteraceae",NA,1,1982,2025,NA,"Least concern",NA
1012400,114800,"Cirsium oleraceum (L.) Scop.",NA,"Asteraceae",NA,19,1974,2025,NA,"Least concern",NA
1012420,114900,"Cirsium palustre (L.) Scop.",NA,"Asteraceae",NA,21,1982,2025,NA,"Least concern",NA
1012470,115500,"Cirsium vulgare (Savi) Ten.",NA,"Asteraceae",NA,1,1982,2022,NA,"Least concern",NA
1012620,116400,"Clematis vitalba L.",NA,"Ranunculaceae",NA,26,1967,2025,NA,"Least concern",NA
1012660,116600,"Clinopodium vulgare L.",NA,"Lamiaceae",NA,5,1982,2022,NA,"Least concern",NA
1012810,117700,"Colchicum autumnale L.",NA,"Colchicaceae",NA,14,1982,2025,NA,"Least concern",NA
1012940,118400,"Conium maculatum L.",NA,"Apiaceae",NA,0,1966,1966,NA,"Near threatened",NA
1012970,118600,"Consolida ajacis (L.) Schur",NA,"Ranunculaceae",NA,0,1966,1966,NA,"",NA
1013020,118800,"Convallaria majalis L.",NA,"Asparagaceae",NA,2,1982,2021,NA,"Least concern",NA
1013070,119300,"Conyza canadensis (L.) Cronquist",NA,"Asteraceae",NA,1,1982,2022,NA,"",NA
1013160,119700,"Cornus sanguinea L.",NA,"Cornaceae",NA,31,1982,2025,NA,"Least concern",NA
1013163,119730,"Cornus sanguinea L. subsp. sanguinea",NA,"Cornaceae",NA,13,2022,2022,NA,"",NA
1013320,121600,"Corylus avellana L.",NA,"Betulaceae",NA,68,1982,2025,NA,"Least concern",NA
1013450,121800,"Cotoneaster integerrimus Medik.",NA,"Rosaceae",NA,0,1982,1982,NA,"Least concern",NA
1013510,122000,"Cotoneaster tomentosus Lindl.",NA,"Rosaceae",NA,0,1982,1982,NA,"Least concern",NA
1013560,122200,"Crataegus laevigata (Poir.) DC.",NA,"Rosaceae",NA,2,1973,2020,NA,"Least concern",NA
1013590,122400,"Crataegus monogyna Jacq.",NA,"Rosaceae",NA,9,1962,2022,NA,"Least concern",NA
1013580,122500,"Crataegus monogyna aggr.",NA,"Rosaceae",NA,23,1962,2025,NA,"Least concern",NA
1013620,122900,"Crepis alpestris (Jacq.) Tausch",NA,"Asteraceae",NA,0,1966,1966,NA,"Least concern",NA
1013640,123100,"Crepis biennis L.",NA,"Asteraceae",NA,7,1955,2022,NA,"Least concern",NA
1013660,123400,"Crepis capillaris Wallr.",NA,"Asteraceae",NA,1,1982,2022,NA,"Least concern",NA
1013760,124300,"Crepis paludosa (L.) Moench",NA,"Asteraceae",NA,2,1982,2019,NA,"Least concern",NA
1013880,125800,"Crocus albiflorus Kit.",NA,"Iridaceae",NA,2,1982,2002,NA,"Least concern",NA
1013970,126300,"Cruciata laevipes Opiz",NA,"Rubiaceae",NA,3,1982,2025,NA,"Least concern",NA
1014160,127900,"Cuscuta europaea L.",NA,"Convolvulaceae",NA,0,1966,1966,NA,"Near threatened",NA
1014320,129400,"Cynosurus cristatus L.",NA,"Poaceae",NA,4,1974,2021,NA,"Least concern",NA
1014380,129700,"Cyperus flavescens L.",NA,"Cyperaceae",NA,5,1966,2022,NA,"Vulnerable",NA
1014390,129800,"Cyperus fuscus L.",NA,"Cyperaceae",NA,0,1982,1982,NA,"Vulnerable",NA
1014460,130400,"Cypripedium calceolus L.",NA,"Orchidaceae",NA,0,1982,1982,NA,"Vulnerable",NA
1014515,130750,"Cystopteris fragilis aggr.",NA,"Cystopteridaceae",NA,1,2020,2020,NA,"",NA
1014530,130800,"Cystopteris montana (Lam.) Desv.",NA,"Cystopteridaceae",NA,0,1994,1994,NA,"Least concern",NA
1014610,131800,"Dactylis glomerata L.",NA,"Poaceae",NA,29,1974,2022,NA,"Least concern",NA
1014620,131850,"Dactylis glomerata L. subsp. glomerata",NA,"Poaceae",NA,2,2020,2022,NA,"",NA
1014690,132300,"Dactylorhiza incarnata (L.) Soó",NA,"Orchidaceae",NA,123,1970,2025,NA,"Near threatened",NA
1014700,132350,"Dactylorhiza incarnata (L.) Soó subsp. incarnata",NA,"Orchidaceae",NA,48,1970,2025,NA,"Near threatened",NA
1014742,NA,"Dactylorhiza incarnata × maculata",NA,"Orchidaceae",NA,2,1983,2013,NA,"",NA
1014744,NA,"Dactylorhiza incarnata × majalis",NA,"Orchidaceae",NA,1,2001,2001,NA,"",NA
1014746,NA,"Dactylorhiza incarnata × traunsteineri",NA,"Orchidaceae",NA,3,1980,2006,NA,"",NA
1014750,132500,"Dactylorhiza lapponica (Hartm.) Soó",NA,"Orchidaceae",NA,1,2013,2013,NA,"Near threatened",NA
1014760,132600,"Dactylorhiza maculata (L.) Soó",NA,"Orchidaceae",NA,50,1973,2022,NA,"Least concern",NA
1014775,132630,"Dactylorhiza maculata subsp. fuchsii (Druce) Hyl.",NA,"Orchidaceae",NA,27,1977,2022,NA,"Least concern",NA
1014798,NA,"Dactylorhiza maculata × traunsteineri",NA,"Orchidaceae",NA,4,1983,2002,NA,"",NA
1014800,132700,"Dactylorhiza majalis (Rchb.) P. F. Hunt & Summerh.",NA,"Orchidaceae",NA,16,1976,2022,NA,"Least concern",NA
1014840,132900,"Dactylorhiza traunsteineri (Rchb.) Soó",NA,"Orchidaceae",NA,71,1966,2025,NA,"Near threatened",NA
1014860,133100,"Danthonia decumbens (L.) DC.",NA,"Poaceae",NA,4,1967,2024,NA,"Least concern",NA
1014870,133300,"Daphne alpina L.",NA,"Thymelaeaceae",NA,0,1982,1982,NA,"Near threatened",NA
1014900,133600,"Daphne mezereum L.",NA,"Thymelaeaceae",NA,5,1982,2025,NA,"Least concern",NA
1014940,133800,"Datura stramonium L.",NA,"Solanaceae",NA,1,2015,2015,NA,"",NA
1014950,133900,"Daucus carota L.",NA,"Apiaceae",NA,15,1974,2022,NA,"Least concern",NA
1015040,134800,"Deschampsia cespitosa (L.) P. Beauv.",NA,"Poaceae",NA,10,1982,2022,NA,"Least concern",NA
1015110,135400,"Dianthus barbatus L.",NA,"Caryophyllaceae",NA,1,1971,1971,NA,"",NA
1015120,135500,"Dianthus carthusianorum L.",NA,"Caryophyllaceae",NA,4,1979,2025,NA,"Least concern",NA
1015130,135600,"Dianthus carthusianorum L. subsp. carthusianorum",NA,"Caryophyllaceae",NA,2,1979,2025,NA,"Least concern",NA
1015360,137300,"Digitalis lutea L.",NA,"Plantaginaceae",NA,5,1982,2022,NA,"Least concern",NA
1015385,137600,"Digitaria sanguinalis aggr.",NA,"Poaceae",NA,2,1966,2022,NA,"Least concern",NA
1015520,139200,"Dipsacus fullonum L.",NA,"Caprifoliaceae",NA,2,1966,2024,NA,"Least concern",NA
1015530,139300,"Dipsacus laciniatus L.",NA,"Caprifoliaceae",NA,4,2024,2025,NA,"Least concern",NA
1015810,141900,"Dracunculus vulgaris Schott",NA,"Araceae",NA,1,1987,1987,NA,"",NA
1015820,142000,"Drosera anglica Huds.",NA,"Droseraceae",NA,34,1965,2024,NA,"Vulnerable",NA
1015870,142600,"Dryopteris affinis (Lowe) Fraser-Jenk.",NA,"Dryopteridaceae",NA,6,1982,2023,NA,"Least concern",NA
1015925,143350,"Dryopteris dilatata aggr.",NA,"Dryopteridaceae",NA,1,1982,2022,NA,"",NA
1015940,143400,"Dryopteris expansa (C. Presl) Fraser-Jenk. & Jermy",NA,"Dryopteridaceae",NA,0,1982,1982,NA,"Least concern",NA
1015950,143500,"Dryopteris filix-mas (L.) Schott",NA,"Dryopteridaceae",NA,5,1982,2018,NA,"Least concern",NA
1016000,144000,"Duchesnea indica (Andrews) Focke",NA,"Rosaceae",NA,1,2024,2024,NA,"",NA
1016030,144100,"Echinochloa crus-galli (L.) P. Beauv.",NA,"Poaceae",NA,1,1982,2022,NA,"Least concern",NA
1016120,144500,"Echium vulgare L.",NA,"Boraginaceae",NA,5,1982,2023,NA,"Least concern",NA
1016220,145000,"Eleocharis acicularis (L.) Roem. & Schult.",NA,"Cyperaceae",NA,6,1982,2020,NA,"Vulnerable",NA
1016240,145200,"Eleocharis austriaca Hayek",NA,"Cyperaceae",NA,0,1982,1982,NA,"Near threatened",NA
1016300,145700,"Eleocharis palustris (L.) Roem. & Schult.",NA,"Cyperaceae",NA,2,1973,2025,NA,"Near threatened",NA
1016310,145705,"Eleocharis palustris aggr.",NA,"Cyperaceae",NA,8,1973,2025,NA,"Near threatened",NA
1016330,146000,"Eleocharis uniglumis (Link) Schult.",NA,"Cyperaceae",NA,5,2025,2025,NA,"Vulnerable",NA
1016360,146200,"Elodea canadensis Michx.",NA,"Hydrocharitaceae",NA,19,1983,2025,NA,"",NA
1016380,146400,"Elodea nuttallii (Planch.) H. St. John",NA,"Hydrocharitaceae",NA,4,2015,2020,NA,"",NA
1016400,146460,"Elymus caninus (L.) L.",NA,"Poaceae",NA,1,1969,1982,NA,"Least concern",NA
1016540,147700,"Epilobium angustifolium L.",NA,"Onagraceae",NA,1,1982,2022,NA,"Least concern",NA
1016650,148900,"Epilobium palustre L.",NA,"Onagraceae",NA,1,2016,2016,NA,"Least concern",NA
1016660,149000,"Epilobium parviflorum Schreb.",NA,"Onagraceae",NA,1,1982,2025,NA,"Least concern",NA
1016680,149195,"Epilobium tetragonum L.",NA,"Onagraceae",NA,1,1983,1983,NA,"Least concern",NA
1016700,149300,"Epilobium tetragonum subsp. lamyi (F. W. Schultz) Nyman",NA,"Onagraceae",NA,1,1983,1983,NA,"Least concern",NA
1016740,149600,"Epipactis atrorubens Besser",NA,"Orchidaceae",NA,4,1971,2020,NA,"Least concern",NA
1016770,149660,"Epipactis helleborine (L.) Crantz",NA,"Orchidaceae",NA,11,1975,2020,NA,"Least concern",NA
1016780,149800,"Epipactis helleborine aggr.",NA,"Orchidaceae",NA,26,1975,2022,NA,"Least concern",NA
1016800,150000,"Epipactis leptochila (Godfery) Godfery",NA,"Orchidaceae",NA,9,1999,2020,NA,"Least concern",NA
1016807,150020,"Epipactis leptochila var. neglecta (Kümpel) Gévaudan",NA,"Orchidaceae",NA,9,1999,2020,NA,"",NA
1016810,150100,"Epipactis microphylla (Ehrh.) Sw.",NA,"Orchidaceae",NA,8,1965,2020,NA,"Near threatened",NA
1016830,150150,"Epipactis muelleri Godfery",NA,"Orchidaceae",NA,1,2020,2020,NA,"Near threatened",NA
1016840,150300,"Epipactis palustris (L.) Crantz",NA,"Orchidaceae",NA,61,1976,2025,NA,"Near threatened",NA
1016920,150600,"Equisetum arvense L.",NA,"Equisetaceae",NA,2,1982,2022,NA,"Least concern",NA
1016930,150700,"Equisetum fluviatile L.",NA,"Equisetaceae",NA,0,1982,1982,NA,"Least concern",NA
1016940,150800,"Equisetum hyemale L.",NA,"Equisetaceae",NA,5,2018,2023,NA,"Least concern",NA
1016950,151100,"Equisetum palustre L.",NA,"Equisetaceae",NA,39,1982,2025,NA,"Least concern",NA
1016980,151400,"Equisetum sylvaticum L.",NA,"Equisetaceae",NA,1,1982,2020,NA,"Least concern",NA
1016990,151500,"Equisetum telmateia Ehrh.",NA,"Equisetaceae",NA,8,1982,2023,NA,"Least concern",NA
1017000,151600,"Equisetum variegatum Schleich.",NA,"Equisetaceae",NA,0,1982,1982,NA,"Least concern",NA
1017270,152000,"Eragrostis minor Host",NA,"Poaceae",NA,2,2022,2025,NA,"Least concern",NA
1017400,152400,"Erica carnea L.",NA,"Ericaceae",NA,2,1982,2021,NA,"Least concern",NA
1017485,153650,"Erigeron alpinus aggr.",NA,"Asteraceae",NA,0,1982,1982,NA,"",NA
1017510,153800,"Erigeron annuus (L.) Desf.",NA,"Asteraceae",NA,301,1971,2025,NA,"",NA
1017520,153900,"Erigeron annuus (L.) Desf. subsp. annuus",NA,"Asteraceae",NA,1,1973,1973,NA,"",NA
1017530,153950,"Erigeron annuus subsp. septentrionalis (Fernald & Wiegand) Wagenitz",NA,"Asteraceae",NA,1,1971,1971,NA,"",NA
1017570,154500,"Erigeron glabratus Bluff & Fingerh.",NA,"Asteraceae",NA,0,1982,1982,NA,"Least concern",NA
1017620,155100,"Erinus alpinus L.",NA,"Plantaginaceae",NA,3,1982,2021,NA,"Least concern",NA
1017640,155200,"Eriophorum angustifolium Honck.",NA,"Cyperaceae",NA,5,2018,2025,NA,"Least concern",NA
1017660,155400,"Eriophorum latifolium Hoppe",NA,"Cyperaceae",NA,15,1971,2025,NA,"Least concern",NA
1017820,157000,"Erucastrum gallicum (Willd.) O. E. Schulz",NA,"Brassicaceae",NA,1,1964,1964,NA,"Least concern",NA
1018060,159000,"Euonymus europaeus L.",NA,"Celastraceae",NA,4,1982,2022,NA,"Least concern",NA
1018110,159300,"Eupatorium cannabinum L.",NA,"Asteraceae",NA,9,1975,2025,NA,"Least concern",NA
1018170,159800,"Euphorbia cyparissias L.",NA,"Euphorbiaceae",NA,1,1982,2025,NA,"Least concern",NA
1018190,159900,"Euphorbia dulcis L.",NA,"Euphorbiaceae",NA,3,1971,2025,NA,"Least concern",NA
1018350,160900,"Euphorbia peplus L.",NA,"Euphorbiaceae",NA,2,1982,2025,NA,"Least concern",NA
1018480,161600,"Euphorbia stricta L.",NA,"Euphorbiaceae",NA,1,2022,2022,NA,"Least concern",NA
1018700,163450,"Euphrasia rostkoviana Hayne",NA,"Orobanchaceae",NA,5,1982,2022,NA,"Least concern",NA
1018710,163500,"Euphrasia rostkoviana Hayne subsp. rostkoviana",NA,"Orobanchaceae",NA,3,2005,2019,NA,"Least concern",NA
1018685,163850,"Euphrasia rostkoviana aggr.",NA,"Orobanchaceae",NA,8,1982,2025,NA,"",NA
1018740,163900,"Euphrasia salisburgensis Hoppe",NA,"Orobanchaceae",NA,1,1971,1982,NA,"Least concern",NA
1018840,165000,"Fagus sylvatica L.",NA,"Fagaceae",NA,52,1982,2023,NA,"Least concern",NA
1018980,165700,"Festuca alpina Suter",NA,"Poaceae",NA,0,1982,1982,NA,"Least concern",NA
1019000,165800,"Festuca altissima All.",NA,"Poaceae",NA,1,1978,1982,NA,"Least concern",NA
1019010,165900,"Festuca amethystina L.",NA,"Poaceae",NA,3,1975,2003,NA,"Least concern",NA
1019020,166100,"Festuca arundinacea Schreb.",NA,"Poaceae",NA,1,1973,1973,NA,"Least concern",NA
1019030,166200,"Festuca arundinacea Schreb. subsp. arundinacea",NA,"Poaceae",NA,1,1973,1973,NA,"",NA
1019130,167400,"Festuca gigantea (L.) Vill.",NA,"Poaceae",NA,1,1955,1982,NA,"Least concern",NA
1019240,168150,"Festuca laevigata Gaudin",NA,"Poaceae",NA,0,1984,1984,NA,"",NA
1019310,168590,"Festuca ovina aggr.",NA,"Poaceae",NA,14,1984,2022,NA,"Least concern",NA
1019309,168580,"Festuca ovina superaggr.",NA,"",NA,14,1984,2022,NA,"",NA
1019380,169100,"Festuca pratensis Huds.",NA,"Poaceae",NA,10,1973,2025,NA,"Least concern",NA
1019390,169200,"Festuca pratensis Huds. subsp. pratensis",NA,"Poaceae",NA,1,1973,1973,NA,"Least concern",NA
1019420,169600,"Festuca pulchella Schrad.",NA,"Poaceae",NA,0,1982,1982,NA,"Least concern",NA
1019480,170100,"Festuca rubra L.",NA,"Poaceae",NA,4,2021,2024,NA,"Least concern",NA
1019470,170200,"Festuca rubra aggr.",NA,"Poaceae",NA,18,1982,2024,NA,"Least concern",NA
1019670,172100,"Festuca violacea aggr.",NA,"Poaceae",NA,0,1982,1982,NA,"Least concern",NA
1019770,173100,"Filipendula ulmaria (L.) Maxim.",NA,"Rosaceae",NA,47,1982,2025,NA,"Least concern",NA
1019920,173800,"Fragaria vesca L.",NA,"Rosaceae",NA,13,1982,2022,NA,"Least concern",NA
1019950,174000,"Frangula alnus Mill.",NA,"Rhamnaceae",NA,19,1982,2025,NA,"Least concern",NA
1019970,174200,"Fraxinus excelsior L.",NA,"Oleaceae",NA,55,1982,2025,NA,"Least concern",NA
1020170,175700,"Gagea lutea (L.) Ker Gawl.",NA,"Liliaceae",NA,1,1966,1977,NA,"Near threatened",NA
1020310,176600,"Galeopsis ladanum L.",NA,"Lamiaceae",NA,0,1966,1966,NA,"Near threatened",NA
1020350,177100,"Galeopsis tetrahit L.",NA,"Lamiaceae",NA,1,1982,2016,NA,"Least concern",NA
1020360,177350,"Galinsoga quadriradiata Ruiz & Pav.",NA,"Asteraceae",NA,1,1966,1970,NA,"",NA
1020380,177400,"Galium album Mill.",NA,"Rubiaceae",NA,10,1967,2022,NA,"Least concern",NA
1020385,177450,"Galium album Mill. subsp. album",NA,"Rubiaceae",NA,2,2019,2022,NA,"",NA
1020400,177600,"Galium aparine L.",NA,"Rubiaceae",NA,0,1982,1982,NA,"Least concern",NA
1020460,178200,"Galium elongatum C. Presl",NA,"Rubiaceae",NA,1,2020,2020,NA,"Near threatened",NA
1020490,178700,"Galium lucidum All.",NA,"Rubiaceae",NA,0,1982,1982,NA,"Least concern",NA
1020520,178900,"Galium mollugo L.",NA,"Rubiaceae",NA,1,2025,2025,NA,"Least concern",NA
1020510,179000,"Galium mollugo aggr.",NA,"Rubiaceae",NA,19,1967,2025,NA,"Least concern",NA
1020560,179300,"Galium odoratum (L.) Scop.",NA,"Rubiaceae",NA,12,1967,2023,NA,"Least concern",NA
1020570,179400,"Galium palustre L.",NA,"Rubiaceae",NA,20,1982,2025,NA,"Least concern",NA
1020565,179450,"Galium palustre aggr.",NA,"Rubiaceae",NA,34,1982,2025,NA,"",NA
1020600,179700,"Galium pumilum Murray",NA,"Rubiaceae",NA,18,1982,2015,NA,"Least concern",NA
1020595,179650,"Galium pumilum aggr.",NA,"Rubiaceae",NA,18,1982,2015,NA,"",NA
1020620,179900,"Galium rotundifolium L.",NA,"Rubiaceae",NA,1,1982,2020,NA,"Least concern",NA
1020660,180300,"Galium spurium L.",NA,"Rubiaceae",NA,0,1982,1982,NA,"Vulnerable",NA
1020710,180700,"Galium uliginosum L.",NA,"Rubiaceae",NA,18,1982,2025,NA,"Least concern",NA
1020730,180900,"Galium verum L.",NA,"Rubiaceae",NA,9,1982,2025,NA,"Least concern",NA
1020940,182700,"Gentiana asclepiadea L.",NA,"Gentianaceae",NA,8,1982,2025,NA,"Least concern",NA
1021030,183400,"Gentiana ciliata L.",NA,"Gentianaceae",NA,1,2022,2022,NA,"Least concern",NA
1021050,183600,"Gentiana cruciata L.",NA,"Gentianaceae",NA,0,1966,1966,NA,"Vulnerable",NA
1021090,183800,"Gentiana germanica Willd.",NA,"Gentianaceae",NA,0,1966,1966,NA,"Vulnerable",NA
1021170,184600,"Gentiana pneumonanthe L.",NA,"Gentianaceae",NA,179,1962,2025,NA,"Vulnerable",NA
1021250,185400,"Gentiana verna L.",NA,"Gentianaceae",NA,5,1982,2025,NA,"Least concern",NA
1021300,187000,"Geranium bohemicum L.",NA,"Geraniaceae",NA,2,1948,1981,NA,"Critically endangered",NA
1021310,187100,"Geranium columbinum L.",NA,"Geraniaceae",NA,1,2021,2021,NA,"Least concern",NA
1021370,187700,"Geranium molle L.",NA,"Geraniaceae",NA,1,1988,1988,NA,"Least concern",NA
1021390,187900,"Geranium palustre L.",NA,"Geraniaceae",NA,4,2023,2025,NA,"Near threatened",NA
1021470,188795,"Geranium robertianum L.",NA,"Geraniaceae",NA,4,1978,2022,NA,"Least concern",NA
1021480,188800,"Geranium robertianum L. subsp. robertianum",NA,"Geraniaceae",NA,2,1978,2022,NA,"Least concern",NA
1021490,188900,"Geranium robertianum subsp. purpureum (Vill.) Nyman",NA,"Geraniaceae",NA,1,2022,2022,NA,"Least concern",NA
1021510,189100,"Geranium sanguineum L.",NA,"Geraniaceae",NA,1,2020,2020,NA,"Least concern",NA
1021530,189300,"Geranium sylvaticum L.",NA,"Geraniaceae",NA,7,1982,2025,NA,"Least concern",NA
1021580,189700,"Geum urbanum L.",NA,"Rosaceae",NA,3,1970,2021,NA,"Least concern",NA
1021690,190500,"Glechoma hederacea L.",NA,"Lamiaceae",NA,4,1982,2025,NA,"Least concern",NA
1021740,191000,"Globularia cordifolia L.",NA,"Plantaginaceae",NA,2,1970,2022,NA,"Least concern",NA
1021750,191200,"Globularia nudicaulis L.",NA,"Plantaginaceae",NA,9,1982,2023,NA,"Least concern",NA
1021770,191500,"Glyceria fluitans (L.) R. Br.",NA,"Poaceae",NA,0,1966,1966,NA,"Least concern",NA
1021765,191550,"Glyceria fluitans aggr.",NA,"Poaceae",NA,2,1966,2022,NA,"",NA
1021860,192400,"Gnaphalium norvegicum Gunnerus",NA,"Asteraceae",NA,0,1966,1966,NA,"Least concern",NA
1021950,193200,"Gymnadenia conopsea (L.) R. Br.",NA,"Orchidaceae",NA,37,1977,2025,NA,"Least concern",NA
1021958,NA,"Gymnadenia conopsea × odoratissima",NA,"Orchidaceae",NA,2,1999,2000,NA,"",NA
1021970,193300,"Gymnadenia odoratissima (L.) Rich.",NA,"Orchidaceae",NA,25,1977,2022,NA,"Least concern",NA
1021990,193500,"Gymnocarpium robertianum (Hoffm.) Newman",NA,"Cystopteridaceae",NA,2,1978,2022,NA,"Least concern",NA
1022100,194000,"Hedera helix L.",NA,"Araliaceae",NA,41,1982,2025,NA,"Least concern",NA
1022140,194300,"Helianthemum alpestre (Jacq.) DC.",NA,"Cistaceae",NA,0,1982,1982,NA,"Least concern",NA
1022180,194895,"Helianthemum nummularium (L.) Mill.",NA,"Cistaceae",NA,11,1982,2023,NA,"Least concern",NA
1022210,195100,"Helianthemum nummularium subsp. grandiflorum (Scop.) Schinz & Thell.",NA,"Cistaceae",NA,0,1982,1982,NA,"Least concern",NA
1022390,196800,"Helictotrichon pubescens (Huds.) Pilg.",NA,"Poaceae",NA,17,1966,2022,NA,"Least concern",NA
1022540,197700,"Hemerocallis fulva (L.) L.",NA,"Asphodelaceae",NA,1,2025,2025,NA,"",NA
1022560,197900,"Hepatica nobilis Schreb.",NA,"Ranunculaceae",NA,7,1982,2024,NA,"Least concern",NA
1022580,198300,"Heracleum mantegazzianum Sommier & Levier",NA,"Apiaceae",NA,9,2010,2016,NA,"",NA
1022590,198595,"Heracleum sphondylium L.",NA,"Apiaceae",NA,11,1969,2022,NA,"Least concern",NA
1022600,198600,"Heracleum sphondylium L. subsp. sphondylium",NA,"Apiaceae",NA,5,1969,2002,NA,"Least concern",NA
1022620,198800,"Heracleum sphondylium subsp. elegans (Crantz) Schübl. & G. Martens",NA,"Apiaceae",NA,1,1975,1982,NA,"Least concern",NA
1022640,199100,"Herminium monorchis (L.) R. Br.",NA,"Orchidaceae",NA,34,1964,2022,NA,"Vulnerable",NA
1022760,199740,"Hibiscus syriacus L.",NA,"Malvaceae",NA,1,2020,2020,NA,"",NA
1022800,200000,"Hieracium amplexicaule L.",NA,"Asteraceae",NA,1,1971,1982,NA,"Least concern",NA
1022820,200200,"Hieracium aurantiacum L.",NA,"Asteraceae",NA,1,1966,1972,NA,"Least concern",NA
1022840,200600,"Hieracium bifidum aggr.",NA,"Asteraceae",NA,2,1970,1982,NA,"Least concern",NA
1022940,201500,"Hieracium glaucinum aggr.",NA,"Asteraceae",NA,1,1971,1971,NA,"Least concern",NA
1023030,202000,"Hieracium lachenalii C. C. Gmel.",NA,"Asteraceae",NA,15,1970,2022,NA,"Least concern",NA
1023040,202100,"Hieracium lactucella Wallr.",NA,"Asteraceae",NA,5,1982,2002,NA,"Least concern",NA
1023050,202300,"Hieracium laevigatum aggr.",NA,"Asteraceae",NA,0,1994,1994,NA,"Least concern",NA
1023110,202700,"Hieracium murorum aggr.",NA,"Asteraceae",NA,14,1971,2022,NA,"Least concern",NA
1023200,203400,"Hieracium pilosella L.",NA,"Asteraceae",NA,9,1971,2023,NA,"Least concern",NA
1023210,203500,"Hieracium piloselloides Vill.",NA,"Asteraceae",NA,3,1967,2022,NA,"Least concern",NA
1023460,205600,"Hieracium umbellatum aggr.",NA,"Asteraceae",NA,1,1970,1982,NA,"Least concern",NA
1023490,205900,"Hieracium villosum aggr.",NA,"Asteraceae",NA,1,2022,2022,NA,"Least concern",NA
1023580,206300,"Hippocrepis comosa L.",NA,"Fabaceae",NA,15,1982,2022,NA,"Least concern",NA
1023590,206400,"Hippocrepis emerus (L.) Lassen",NA,"Fabaceae",NA,6,1970,2022,NA,"Least concern",NA
1023600,206500,"Hippophaë rhamnoides L.",NA,"Elaeagnaceae",NA,1,2021,2021,NA,"Least concern",NA
1023630,206800,"Holcus lanatus L.",NA,"Poaceae",NA,31,1966,2025,NA,"Least concern",NA
1023690,207400,"Hordelymus europaeus (L.) Harz",NA,"Poaceae",NA,12,1969,2025,NA,"Least concern",NA
1023770,208195,"Hordeum vulgare L.",NA,"Poaceae",NA,0,1982,1982,NA,"",NA
1023760,208205,"Hordeum vulgare aggr.",NA,"Poaceae",NA,0,1982,1982,NA,"",NA
1023980,209700,"Hyoscyamus niger L.",NA,"Solanaceae",NA,1,1988,1988,NA,"Vulnerable",NA
1024040,210500,"Hypericum hirsutum L.",NA,"Hypericaceae",NA,1,1966,1967,NA,"Least concern",NA
1024100,210900,"Hypericum montanum L.",NA,"Hypericaceae",NA,5,1982,2025,NA,"Least concern",NA
1024130,211050,"Hypericum perforatum L.",NA,"Hypericaceae",NA,6,1966,2025,NA,"Least concern",NA
1024140,211100,"Hypericum perforatum L. subsp. perforatum",NA,"Hypericaceae",NA,1,1966,1982,NA,"Least concern",NA
1024180,211500,"Hypericum tetrapterum Fr.",NA,"Hypericaceae",NA,7,1982,2025,NA,"Least concern",NA
1024190,211700,"Hypericum ×desetangsii Lamotte",NA,"Hypericaceae",NA,1,1966,1983,NA,"Least concern",NA
1024230,212100,"Hypochaeris radicata L.",NA,"Asteraceae",NA,5,1974,2024,NA,"Least concern",NA
1024370,213300,"Ilex aquifolium L.",NA,"Aquifoliaceae",NA,6,1982,2025,NA,"Least concern",NA
1024410,213600,"Impatiens glandulifera Royle",NA,"Balsaminaceae",NA,3,2010,2010,NA,"",NA
1024420,213700,"Impatiens noli-tangere L.",NA,"Balsaminaceae",NA,4,1969,2022,NA,"Least concern",NA
1024430,213800,"Impatiens parviflora DC.",NA,"Balsaminaceae",NA,1,1971,1971,NA,"",NA
1024470,214100,"Inula conyzae (Griess.) Meikle",NA,"Asteraceae",NA,1,1967,1967,NA,"Least concern",NA
1024510,214500,"Inula helvetica Weber",NA,"Asteraceae",NA,101,1938,2025,NA,"Vulnerable",NA
1024540,214800,"Inula salicina L.",NA,"Asteraceae",NA,1,2025,2025,NA,"Near threatened",NA
1024650,215500,"Iris pseudacorus L.",NA,"Iridaceae",NA,5,1962,2025,NA,"Least concern",NA
1024670,215600,"Iris sibirica L.",NA,"Iridaceae",NA,2,2018,2022,NA,"Vulnerable",NA
1024880,217500,"Juglans regia L.",NA,"Juglandaceae",NA,21,1982,2022,NA,"Least concern",NA
1024930,218100,"Juncus articulatus L.",NA,"Juncaceae",NA,10,1982,2025,NA,"Least concern",NA
1024925,218150,"Juncus articulatus aggr.",NA,"Juncaceae",NA,14,1982,2025,NA,"",NA
1024980,218600,"Juncus compressus Jacq.",NA,"Juncaceae",NA,1,1966,1985,NA,"Least concern",NA
1025000,218800,"Juncus effusus L.",NA,"Juncaceae",NA,14,1982,2025,NA,"Least concern",NA
1025030,219100,"Juncus inflexus L.",NA,"Juncaceae",NA,13,1982,2025,NA,"Least concern",NA
1025090,219800,"Juncus subnodulosus Schrank",NA,"Juncaceae",NA,97,1982,2025,NA,"Near threatened",NA
1025110,220000,"Juncus tenuis Willd.",NA,"Juncaceae",NA,1,1982,2025,NA,"",NA
1025130,220300,"Juncus triglumis L.",NA,"Juncaceae",NA,0,1982,1982,NA,"Least concern",NA
1025140,220395,"Juniperus communis L.",NA,"Cupressaceae",NA,2,1970,2022,NA,"Least concern",NA
1025150,220400,"Juniperus communis L. subsp. communis",NA,"Cupressaceae",NA,1,1970,1982,NA,"Least concern",NA
1025160,220500,"Juniperus communis subsp. alpina Čelak.",NA,"Cupressaceae",NA,0,1982,1982,NA,"Least concern",NA
1025190,221000,"Kernera saxatilis (L.) Sweet",NA,"Brassicaceae",NA,1,1957,1982,NA,"Least concern",NA
1025230,221400,"Knautia arvensis (L.) Coult.",NA,"Caprifoliaceae",NA,14,1982,2025,NA,"Least concern",NA
1025240,221450,"Knautia dipsacifolia Kreutzer",NA,"Caprifoliaceae",NA,1,2022,2022,NA,"Least concern",NA
1025480,223900,"Koeleria pyramidata (Lam.) P. Beauv.",NA,"Poaceae",NA,4,1976,2024,NA,"Least concern",NA
1025490,223905,"Koeleria pyramidata aggr.",NA,"Poaceae",NA,4,1976,2024,NA,"Least concern",NA
1025580,224700,"Lactuca serriola L.",NA,"Asteraceae",NA,2,2025,2025,NA,"Least concern",NA
1025670,225750,"Lamium galeobdolon (L.) L.",NA,"Lamiaceae",NA,13,1982,2025,NA,"Least concern",NA
1025710,226000,"Lamium galeobdolon subsp. montanum (Pers.) Hayek",NA,"Lamiaceae",NA,3,1982,2022,NA,"Least concern",NA
1025750,226500,"Lamium purpureum L.",NA,"Lamiaceae",NA,1,1982,2025,NA,"Least concern",NA
1025780,226900,"Lapsana communis L.",NA,"Asteraceae",NA,1,1982,2025,NA,"Least concern",NA
1025920,228700,"Lathraea squamaria L.",NA,"Orobanchaceae",NA,0,1966,1966,NA,"Least concern",NA
1026050,230400,"Lathyrus pratensis L.",NA,"Fabaceae",NA,29,1974,2025,NA,"Least concern",NA
1026120,231195,"Lathyrus vernus (L.) Bernh.",NA,"Fabaceae",NA,2,1982,2005,NA,"Least concern",NA
1026130,231200,"Lathyrus vernus (L.) Bernh. subsp. vernus",NA,"Fabaceae",NA,2,1982,2005,NA,"Least concern",NA
1026290,232700,"Leontodon autumnalis L.",NA,"Asteraceae",NA,4,1974,2025,NA,"Least concern",NA
1026330,233000,"Leontodon hispidus L.",NA,"Asteraceae",NA,29,1974,2025,NA,"Least concern",NA
1026340,233100,"Leontodon hispidus L. subsp. hispidus",NA,"Asteraceae",NA,1,1978,1978,NA,"Least concern",NA
1026350,233200,"Leontodon hispidus subsp. danubialis (Jacq.) Simonk.",NA,"Asteraceae",NA,8,2025,2025,NA,"Least concern",NA
1026500,234900,"Lepidium campestre (L.) R. Br.",NA,"Brassicaceae",NA,0,1966,1966,NA,"Least concern",NA
1026580,235800,"Lepidium virginicum L.",NA,"Brassicaceae",NA,0,1966,1966,NA,"",NA
1026730,236800,"Leucanthemum vulgare Lam.",NA,"Asteraceae",NA,5,1974,2024,NA,"Least concern",NA
1026710,236905,"Leucanthemum vulgare aggr.",NA,"Asteraceae",NA,19,1974,2025,NA,"Least concern",NA
1026760,237100,"Leucojum vernum L.",NA,"Amaryllidaceae",NA,17,1982,2014,NA,"Least concern",NA
1026850,238100,"Ligustrum vulgare L.",NA,"Oleaceae",NA,37,1982,2022,NA,"Least concern",NA
1026860,238195,"Lilium bulbiferum L.",NA,"Liliaceae",NA,0,1966,1966,NA,"Near threatened",NA
1026880,238300,"Lilium bulbiferum subsp. croceum (Chaix) Baker",NA,"Liliaceae",NA,0,1966,1966,NA,"Near threatened",NA
1026890,238500,"Lilium martagon L.",NA,"Liliaceae",NA,2,1982,2022,NA,"Least concern",NA
1027130,241100,"Linum catharticum L.",NA,"Linaceae",NA,36,1982,2025,NA,"Least concern",NA
1027131,241110,"Linum catharticum L. var. catharticum",NA,"Linaceae",NA,1,2022,2022,NA,"",NA
1027180,241800,"Liparis loeselii (L.) Rich.",NA,"Orchidaceae",NA,31,1965,2025,NA,"Vulnerable",NA
1027220,242000,"Listera ovata (L.) R. Br.",NA,"Orchidaceae",NA,44,1971,2025,NA,"Least concern",NA
1027230,242200,"Lithospermum officinale L.",NA,"Boraginaceae",NA,1,1971,1971,NA,"Near threatened",NA
1027250,242500,"Lloydia serotina (L.) Rchb.",NA,"Liliaceae",NA,0,1982,1982,NA,"Least concern",NA
1027300,242700,"Lolium multiflorum Lam.",NA,"Poaceae",NA,9,1974,2025,NA,"",NA
1027310,242800,"Lolium perenne L.",NA,"Poaceae",NA,12,1971,2022,NA,"Least concern",NA
1027370,243400,"Lonicera alpigena L.",NA,"Caprifoliaceae",NA,1,1982,2022,NA,"Least concern",NA
1027440,243900,"Lonicera nigra L.",NA,"Caprifoliaceae",NA,2,1982,2022,NA,"Least concern",NA
1027490,244200,"Lonicera xylosteum L.",NA,"Caprifoliaceae",NA,26,1982,2022,NA,"Least concern",NA
1027500,244300,"Lotus alpinus (DC.) Ramond",NA,"Fabaceae",NA,0,1982,1982,NA,"Least concern",NA
1027520,244400,"Lotus corniculatus L.",NA,"Fabaceae",NA,21,1974,2024,NA,"Least concern",NA
1027510,244410,"Lotus corniculatus aggr.",NA,"Fabaceae",NA,43,1974,2025,NA,"Least concern",NA
1027540,244800,"Lotus maritimus L.",NA,"Fabaceae",NA,31,1971,2025,NA,"Near threatened",NA
1027550,244900,"Lotus pedunculatus Cav.",NA,"Fabaceae",NA,29,1982,2025,NA,"Least concern",NA
1027560,245100,"Lotus tenuis Willd.",NA,"Fabaceae",NA,1,1982,2022,NA,"Near threatened",NA
1027610,245500,"Lunaria rediviva L.",NA,"Brassicaceae",NA,3,1978,2025,NA,"Least concern",NA
1027700,246100,"Luzula campestris (L.) DC.",NA,"Juncaceae",NA,9,2002,2024,NA,"Least concern",NA
1027790,247100,"Luzula multiflora (Ehrh.) Lej.",NA,"Juncaceae",NA,1,1982,2002,NA,"Least concern",NA
1027785,247150,"Luzula multiflora aggr.",NA,"Juncaceae",NA,1,1982,2002,NA,"Least concern",NA
1027840,247500,"Luzula pilosa (L.) Willd.",NA,"Juncaceae",NA,1,1982,2025,NA,"Least concern",NA
1027920,248400,"Luzula sylvatica aggr.",NA,"Juncaceae",NA,1,1982,2002,NA,"Least concern",NA
1027980,249700,"Lycopodium annotinum L.",NA,"Lycopodiaceae",NA,1,1981,1982,NA,"Least concern",NA
1028030,250900,"Lycopus europaeus L.",NA,"Lamiaceae",NA,8,1947,2025,NA,"Least concern",NA
1028080,251400,"Lysimachia nemorum L.",NA,"Primulaceae",NA,8,1982,2025,NA,"Least concern",NA
1028090,251500,"Lysimachia nummularia L.",NA,"Primulaceae",NA,18,1982,2025,NA,"Least concern",NA
1028100,251600,"Lysimachia punctata L.",NA,"Primulaceae",NA,2,1972,2013,NA,"",NA
1028120,251800,"Lysimachia vulgaris L.",NA,"Primulaceae",NA,37,1982,2025,NA,"Least concern",NA
1028150,252100,"Lythrum salicaria L.",NA,"Lythraceae",NA,33,1973,2025,NA,"Least concern",NA
1028210,252400,"Maianthemum bifolium (L.) F. W. Schmidt",NA,"Asparagaceae",NA,4,1982,2016,NA,"Least concern",NA
1028260,252850,"Malus pumila Mill.",NA,"Rosaceae",NA,1,2020,2020,NA,"",NA
1028280,253000,"Malus sylvestris aggr.",NA,"Rosaceae",NA,1,2020,2020,NA,"",NA
1028290,253100,"Malva alcea L.",NA,"Malvaceae",NA,1,1981,1981,NA,"Least concern",NA
1028370,253500,"Malva sylvestris L.",NA,"Malvaceae",NA,1,1962,1962,NA,"Least concern",NA
1028430,254100,"Matricaria discoidea DC.",NA,"Asteraceae",NA,1,1972,1982,NA,"",NA
1028530,255300,"Medicago lupulina L.",NA,"Fabaceae",NA,13,1974,2025,NA,"Least concern",NA
1028590,256000,"Medicago sativa L.",NA,"Fabaceae",NA,1,2025,2025,NA,"Least concern",NA
1028690,256900,"Melica nutans L.",NA,"Poaceae",NA,3,1970,2022,NA,"Least concern",NA
1028720,257200,"Melilotus albus Medik.",NA,"Fabaceae",NA,2,1982,2022,NA,"Least concern",NA
1028730,257300,"Melilotus altissimus Thuill.",NA,"Fabaceae",NA,0,1982,1982,NA,"Least concern",NA
1028760,257600,"Melilotus officinalis Lam.",NA,"Fabaceae",NA,2,2016,2022,NA,"Least concern",NA
1028800,258000,"Mentha aquatica L.",NA,"Lamiaceae",NA,64,1982,2025,NA,"Least concern",NA
1028830,258200,"Mentha longifolia (L.) Huds.",NA,"Lamiaceae",NA,2,1982,2025,NA,"Least concern",NA
1028910,258800,"Menyanthes trifoliata L.",NA,"Menyanthaceae",NA,17,1974,2025,NA,"Least concern",NA
1028940,259100,"Mercurialis perennis L.",NA,"Euphorbiaceae",NA,22,1982,2025,NA,"Least concern",NA
1029390,262900,"Moehringia muscosa L.",NA,"Caryophyllaceae",NA,2,1971,2020,NA,"Least concern",NA
1029430,263300,"Molinia arundinacea Schrank",NA,"Poaceae",NA,7,1982,2024,NA,"Least concern",NA
1029440,263400,"Molinia caerulea (L.) Moench",NA,"Poaceae",NA,44,1982,2025,NA,"Least concern",NA
1029680,265700,"Mycelis muralis (L.) Dumort.",NA,"Asteraceae",NA,4,1978,2022,NA,"Least concern",NA
1029700,265900,"Myosotis arvensis Hill",NA,"Boraginaceae",NA,2,1973,1982,NA,"Least concern",NA
1029800,266800,"Myosotis scorpioides L.",NA,"Boraginaceae",NA,2,2025,2025,NA,"Least concern",NA
1029795,266850,"Myosotis scorpioides aggr.",NA,"Boraginaceae",NA,11,1982,2025,NA,"",NA
1029820,267100,"Myosotis sylvatica Hoffm.",NA,"Boraginaceae",NA,2,1971,1976,NA,"Least concern",NA
1029815,267150,"Myosotis sylvatica aggr.",NA,"Boraginaceae",NA,2,1971,1976,NA,"",NA
1029840,267300,"Myosoton aquaticum (L.) Moench",NA,"Caryophyllaceae",NA,1,1944,1944,NA,"Least concern",NA
1029900,267800,"Myriophyllum spicatum L.",NA,"Haloragaceae",NA,62,2007,2020,NA,"Near threatened",NA
1029910,267900,"Myriophyllum verticillatum L.",NA,"Haloragaceae",NA,23,1940,2025,NA,"Near threatened",NA
1029960,268400,"Najas marina L.",NA,"Hydrocharitaceae",NA,166,1951,2025,NA,"Near threatened",NA
1029950,268460,"Najas marina subsp. intermedia (Gorski) Casper",NA,"Hydrocharitaceae",NA,50,2020,2020,NA,"",NA
1030010,268700,"Narcissus poëticus L.",NA,"Amaryllidaceae",NA,1,1975,1982,NA,"Data deficient",NA
1030015,268850,"Narcissus poëticus aggr.",NA,"Amaryllidaceae",NA,1,1975,1982,NA,"Near threatened",NA
1030080,269700,"Nardus stricta L.",NA,"Poaceae",NA,5,1967,2024,NA,"Least concern",NA
1030110,269900,"Nasturtium officinale R. Br.",NA,"Brassicaceae",NA,4,1966,2021,NA,"Least concern",NA
1030140,270100,"Neottia nidus-avis (L.) Rich.",NA,"Orchidaceae",NA,14,1982,2022,NA,"Least concern",NA
50031,NA,"Nitella anarthrodactylée",NA,"Characeae",NA,100,1983,2025,NA,"",NA
50038,NA,"Nitella opaca (Bruzelius) C. Agardh",NA,"Characeae",NA,1,2017,2017,NA,"Vulnerable",NA
50040,NA,"Nitella syncarpa (Thuill.) Chevall.",NA,"Characeae",NA,97,1983,2025,NA,"Endangered",NA
50051,NA,"Nitellopsis obtusa (Desv.) J. Groves",NA,"Characeae",NA,11,2015,2020,NA,"Near threatened",NA
1030440,272300,"Nuphar lutea (L.) Sm.",NA,"Nymphaeaceae",NA,149,1966,2024,NA,"Least concern",NA
1030460,272500,"Nymphaea alba L.",NA,"Nymphaeaceae",NA,9,1983,2020,NA,"Near threatened",NA
1030550,273350,"Odontites vernus aggr.",NA,"Orobanchaceae",NA,0,1966,1966,NA,"Vulnerable",NA
1030570,273500,"Odontites vulgaris Moench",NA,"Orobanchaceae",NA,0,1966,1966,NA,"Vulnerable",NA
1030630,274102,"Oenothera biennis aggr.",NA,"Onagraceae",NA,1,1982,2022,NA,"",NA
1030940,276300,"Ononis repens L.",NA,"Fabaceae",NA,5,1982,2025,NA,"Least concern",NA
1030960,276600,"Ononis spinosa L.",NA,"Fabaceae",NA,2,1982,2016,NA,"Least concern",NA
1030970,276700,"Ononis spinosa L. subsp. spinosa",NA,"Fabaceae",NA,2,1982,2016,NA,"Least concern",NA
1030955,276850,"Ononis spinosa aggr.",NA,"Fabaceae",NA,7,1982,2025,NA,"",NA
1031050,277900,"Ophioglossum vulgatum L.",NA,"Ophioglossaceae",NA,6,1966,2025,NA,"Vulnerable",NA
1031070,277950,"Ophrys apifera Huds.",NA,"Orchidaceae",NA,14,1968,2013,NA,"Vulnerable",NA
1031105,NA,"Ophrys apifera × holosericea",NA,"Orchidaceae",NA,2,1978,1982,NA,"",NA
1031130,278850,"Ophrys holosericea (Burm. f.) Greuter",NA,"Orchidaceae",NA,11,1949,2006,NA,"Vulnerable",NA
1031140,278900,"Ophrys holosericea (Burm. f.) Greuter subsp. holosericea",NA,"Orchidaceae",NA,11,1949,2006,NA,"Vulnerable",NA
1031160,279100,"Ophrys insectifera L.",NA,"Orchidaceae",NA,2,1943,1982,NA,"Vulnerable",NA
1031350,280900,"Orchis mascula (L.) L.",NA,"Orchidaceae",NA,24,1981,2025,NA,"Least concern",NA
1031360,280950,"Orchis mascula (L.) L. subsp. mascula",NA,"Orchidaceae",NA,3,1999,2014,NA,"",NA
1031380,281000,"Orchis militaris L.",NA,"Orchidaceae",NA,14,1977,2022,NA,"Near threatened",NA
1031390,281100,"Orchis morio L.",NA,"Orchidaceae",NA,36,1967,2025,NA,"Vulnerable",NA
1031430,281300,"Orchis palustris Jacq.",NA,"Orchidaceae",NA,3,1978,2016,NA,"Vulnerable",NA
1031500,282200,"Orchis ustulata L.",NA,"Orchidaceae",NA,7,1976,2022,NA,"Near threatened",NA
1031540,282400,"Oreopteris limbosperma (All.) Holub",NA,"Thelypteridaceae",NA,1,1982,2022,NA,"Least concern",NA
1031560,282600,"Origanum vulgare L.",NA,"Lamiaceae",NA,8,1982,2025,NA,"Least concern",NA
1031805,285000,"Orobanche flava aggr.",NA,"Orobanchaceae",NA,1,1948,1994,NA,"",NA
1031960,286400,"Orobanche reticulata Wallr.",NA,"Orobanchaceae",NA,1,1969,1969,NA,"Least concern",NA
1031970,286500,"Orobanche salviae F. W. Schultz",NA,"Orobanchaceae",NA,0,1966,1966,NA,"Endangered",NA
1032000,286800,"Orthilia secunda (L.) House",NA,"Ericaceae",NA,1,1978,1982,NA,"Least concern",NA
1032070,287300,"Oxalis acetosella L.",NA,"Oxalidaceae",NA,8,1982,2023,NA,"Least concern",NA
1032090,287400,"Oxalis corniculata L.",NA,"Oxalidaceae",NA,0,1982,1982,NA,"Least concern",NA
1032150,287750,"Oxalis stricta L.",NA,"Oxalidaceae",NA,1,2022,2022,NA,"",NA
1032410,290280,"Panicum barbipulvinatum Nash",NA,"Poaceae",NA,1,2022,2022,NA,"",NA
1032355,290300,"Panicum capillare aggr.",NA,"Poaceae",NA,1,2022,2022,NA,"",NA
1032470,291095,"Papaver dubium L.",NA,"Papaveraceae",NA,2,1981,2024,NA,"Least concern",NA
1032480,291100,"Papaver dubium L. subsp. dubium",NA,"Papaveraceae",NA,1,1981,1981,NA,"Least concern",NA
1032590,292600,"Paris quadrifolia L.",NA,"Melanthiaceae",NA,9,1970,2025,NA,"Least concern",NA
1032600,292700,"Parnassia palustris L.",NA,"Celastraceae",NA,26,1978,2025,NA,"Least concern",NA
1032690,293295,"Pastinaca sativa L.",NA,"Apiaceae",NA,1,1967,1982,NA,"Least concern",NA
1032700,293300,"Pastinaca sativa L. subsp. sativa",NA,"Apiaceae",NA,1,1967,1967,NA,"Least concern",NA
1032800,294200,"Pedicularis foliosa L.",NA,"Orobanchaceae",NA,1,1982,2002,NA,"Least concern",NA
1032840,294600,"Pedicularis palustris L.",NA,"Orobanchaceae",NA,53,1970,2025,NA,"Near threatened",NA
1032920,295300,"Pedicularis sylvatica L.",NA,"Orobanchaceae",NA,1,2003,2003,NA,"Vulnerable",NA
1033000,295700,"Petasites albus (L.) Gaertn.",NA,"Asteraceae",NA,7,1982,2023,NA,"Least concern",NA
1033060,296300,"Petrorhagia saxifraga (L.) Link",NA,"Caryophyllaceae",NA,1,2022,2022,NA,"Least concern",NA
1033230,297900,"Phalaris arundinacea L.",NA,"Poaceae",NA,3,1982,2017,NA,"Least concern",NA
1033260,298100,"Phalaris canariensis L.",NA,"Poaceae",NA,0,1966,1966,NA,"",NA
1033290,298400,"Phegopteris connectilis (Michx.) Watt",NA,"Thelypteridaceae",NA,1,1982,2024,NA,"Least concern",NA
1033330,298900,"Phleum alpinum aggr.",NA,"Poaceae",NA,1,1982,2002,NA,"Least concern",NA
1033370,299600,"Phleum hirsutum Honck.",NA,"Poaceae",NA,1,1982,2002,NA,"Least concern",NA
1033410,300000,"Phleum pratense L.",NA,"Poaceae",NA,4,1974,2025,NA,"Least concern",NA
1033400,300005,"Phleum pratense aggr.",NA,"Poaceae",NA,4,1974,2025,NA,"Least concern",NA
1033420,300200,"Phleum rhaeticum (Humphries) Rauschert",NA,"Poaceae",NA,0,1982,1982,NA,"Least concern",NA
1033450,300300,"Phragmites australis (Cav.) Steud.",NA,"Poaceae",NA,175,1974,2025,NA,"Least concern",NA
1033480,300500,"Phyllitis scolopendrium (L.) Newman",NA,"Aspleniaceae",NA,6,1982,2025,NA,"Least concern",NA
1033670,301800,"Phyteuma orbiculare L.",NA,"Campanulaceae",NA,14,1982,2023,NA,"Least concern",NA
1033740,302400,"Phyteuma spicatum L.",NA,"Campanulaceae",NA,2,1982,2022,NA,"Least concern",NA
1033800,302800,"Picea abies (L.) H. Karst.",NA,"Pinaceae",NA,33,1982,2022,NA,"Least concern",NA
1033830,303100,"Picris hieracioides L.",NA,"Asteraceae",NA,5,1955,2002,NA,"Least concern",NA
1033920,303800,"Pimpinella major (L.) Huds.",NA,"Apiaceae",NA,9,1974,2022,NA,"Least concern",NA
1033970,304000,"Pimpinella saxifraga L.",NA,"Apiaceae",NA,11,1960,2022,NA,"Least concern",NA
1033950,304100,"Pimpinella saxifraga aggr.",NA,"Apiaceae",NA,12,1960,2022,NA,"Least concern",NA
1034050,304800,"Pinguicula vulgaris L.",NA,"Lentibulariaceae",NA,15,1982,2025,NA,"Near threatened",NA
1034060,304900,"Pinus cembra L.",NA,"Pinaceae",NA,0,1982,1982,NA,"Least concern",NA
1034250,307000,"Plantago alpina L.",NA,"Plantaginaceae",NA,1,1982,2002,NA,"Least concern",NA
1034330,307800,"Plantago lanceolata L.",NA,"Plantaginaceae",NA,41,1974,2025,NA,"Least concern",NA
1034350,307850,"Plantago major L.",NA,"Plantaginaceae",NA,6,1974,2025,NA,"Least concern",NA
1034360,307900,"Plantago major L. subsp. major",NA,"Plantaginaceae",NA,1,1982,2002,NA,"Least concern",NA
1034390,308100,"Plantago media L.",NA,"Plantaginaceae",NA,21,1982,2024,NA,"Least concern",NA
1034405,308350,"Plantago serpentina aggr.",NA,"Plantaginaceae",NA,1,1982,2002,NA,"",NA
1034420,308400,"Platanthera bifolia (L.) Rich.",NA,"Orchidaceae",NA,16,1976,2019,NA,"Least concern",NA
1034430,308500,"Platanthera chlorantha (Custer) Rchb.",NA,"Orchidaceae",NA,10,1976,2018,NA,"Least concern",NA
1034470,309000,"Poa alpina L.",NA,"Poaceae",NA,1,1973,1982,NA,"Least concern",NA
1034490,309200,"Poa annua L.",NA,"Poaceae",NA,3,1974,2022,NA,"Least concern",NA
1034520,309500,"Poa bulbosa L.",NA,"Poaceae",NA,0,1982,1982,NA,"Least concern",NA
1034620,310500,"Poa nemoralis L.",NA,"Poaceae",NA,1,1978,1982,NA,"Least concern",NA
1034630,310600,"Poa palustris L.",NA,"Poaceae",NA,12,2025,2025,NA,"Near threatened",NA
1034660,310800,"Poa pratensis L.",NA,"Poaceae",NA,4,1974,2021,NA,"Least concern",NA
1034650,310900,"Poa pratensis aggr.",NA,"Poaceae",NA,4,1974,2021,NA,"Least concern",NA
1034690,311295,"Poa trivialis L.",NA,"Poaceae",NA,5,1973,2025,NA,"Least concern",NA
1034700,311300,"Poa trivialis L. subsp. trivialis",NA,"Poaceae",NA,1,1973,1982,NA,"Least concern",NA
1034730,311900,"Polemonium caeruleum L.",NA,"Polemoniaceae",NA,0,1982,1982,NA,"Near threatened",NA
1034785,312490,"Polygala amara aggr.",NA,"Polygalaceae",NA,6,1982,2024,NA,"",NA
1034800,312500,"Polygala amarella Crantz",NA,"Polygalaceae",NA,6,1982,2024,NA,"Least concern",NA
1034830,312700,"Polygala chamaebuxus L.",NA,"Polygalaceae",NA,12,1920,2022,NA,"Least concern",NA
1034890,313195,"Polygala vulgaris L.",NA,"Polygalaceae",NA,17,2002,2025,NA,"Least concern",NA
1034920,313400,"Polygonatum multiflorum (L.) All.",NA,"Asparagaceae",NA,6,1982,2025,NA,"Least concern",NA
1034930,313500,"Polygonatum odoratum (Mill.) Druce",NA,"Asparagaceae",NA,2,1982,2001,NA,"Least concern",NA
1034940,313700,"Polygonatum verticillatum (L.) All.",NA,"Asparagaceae",NA,7,1982,2022,NA,"Least concern",NA
1034960,314000,"Polygonum amphibium L.",NA,"Polygonaceae",NA,1,1970,1982,NA,"Least concern",NA
1034980,314300,"Polygonum aviculare aggr.",NA,"Polygonaceae",NA,1,1982,2025,NA,"Least concern",NA
1035010,314400,"Polygonum bistorta L.",NA,"Polygonaceae",NA,1,1982,2023,NA,"Least concern",NA
1035050,314950,"Polygonum lapathifolium L.",NA,"Polygonaceae",NA,1,1962,1982,NA,"Least concern",NA
1035060,315000,"Polygonum lapathifolium L. subsp. lapathifolium",NA,"Polygonaceae",NA,1,1962,1982,NA,"Least concern",NA
1035170,315800,"Polygonum viviparum L.",NA,"Polygonaceae",NA,2,1977,2002,NA,"Least concern",NA
1035200,316400,"Polypodium vulgare L.",NA,"Polypodiaceae",NA,2,1982,2020,NA,"Least concern",NA
1035240,316500,"Polystichum aculeatum (L.) Roth",NA,"Dryopteridaceae",NA,8,1982,2023,NA,"Least concern",NA
1035260,316800,"Polystichum lonchitis (L.) Roth",NA,"Dryopteridaceae",NA,3,1982,2022,NA,"Least concern",NA
1035330,317250,"Populus nigra L.",NA,"Salicaceae",NA,5,2016,2022,NA,"Least concern",NA
1035340,317300,"Populus nigra L. subsp. nigra",NA,"Salicaceae",NA,1,2022,2022,NA,"",NA
1035325,317450,"Populus nigra aggr.",NA,"Salicaceae",NA,5,2016,2022,NA,"",NA
1035410,317650,"Portulaca oleracea L.",NA,"Portulacaceae",NA,1,2025,2025,NA,"Least concern",NA
1035460,318200,"Potamogeton berchtoldii Fieber",NA,"Potamogetonaceae",NA,1,2007,2007,NA,"Least concern",NA
1035470,318300,"Potamogeton coloratus Hornem.",NA,"Potamogetonaceae",NA,5,1966,2025,NA,"Endangered",NA
1035490,318500,"Potamogeton crispus L.",NA,"Potamogetonaceae",NA,1,2007,2007,NA,"Least concern",NA
1035530,319000,"Potamogeton helveticus (G. Fisch.) W. Koch",NA,"Potamogetonaceae",NA,1,1983,1983,NA,"Endangered",NA
1035550,319200,"Potamogeton natans L.",NA,"Potamogetonaceae",NA,0,1966,1966,NA,"Least concern",NA
1035580,319700,"Potamogeton pectinatus L.",NA,"Potamogetonaceae",NA,151,1966,2020,NA,"Least concern",NA
1035575,319750,"Potamogeton pectinatus aggr.",NA,"Potamogetonaceae",NA,152,1966,2020,NA,"",NA
1035590,319800,"Potamogeton perfoliatus L.",NA,"Potamogetonaceae",NA,99,1966,2025,NA,"Least concern",NA
1035620,320200,"Potamogeton pusillus L.",NA,"Potamogetonaceae",NA,63,2008,2020,NA,"Vulnerable",NA
1035615,320350,"Potamogeton pusillus aggr.",NA,"Potamogetonaceae",NA,72,1983,2020,NA,"",NA
1035700,320900,"Potentilla anserina L.",NA,"Rosaceae",NA,1,1982,1985,NA,"Least concern",NA
1035720,321300,"Potentilla aurea L.",NA,"Rosaceae",NA,2,1982,2002,NA,"Least concern",NA
1035810,322400,"Potentilla erecta (L.) Raeusch.",NA,"Rosaceae",NA,73,1982,2025,NA,"Least concern",NA
1036030,324400,"Potentilla recta L.",NA,"Rosaceae",NA,1,1965,1965,NA,"Least concern",NA
1036040,324500,"Potentilla reptans L.",NA,"Rosaceae",NA,9,1982,2025,NA,"Least concern",NA
1036060,324700,"Potentilla sterilis (L.) Garcke",NA,"Rosaceae",NA,6,1982,2002,NA,"Least concern",NA
1036090,325100,"Potentilla verna L.",NA,"Rosaceae",NA,2,2002,2002,NA,"Least concern",NA
1036120,325200,"Prenanthes purpurea L.",NA,"Asteraceae",NA,2,1955,2022,NA,"Least concern",NA
1036150,325500,"Primula acaulis (L.) L.",NA,"Primulaceae",NA,3,1966,2003,NA,"Least concern",NA
1036200,325950,"Primula elatior (L.) L.",NA,"Primulaceae",NA,3,1982,2022,NA,"Least concern",NA
1036210,326000,"Primula elatior (L.) L. subsp. elatior",NA,"Primulaceae",NA,1,1982,2003,NA,"",NA
1036230,326200,"Primula farinosa L.",NA,"Primulaceae",NA,18,1982,2025,NA,"Least concern",NA
1036330,327195,"Primula veris L.",NA,"Primulaceae",NA,17,1982,2024,NA,"Least concern",NA
1036340,327200,"Primula veris L. subsp. veris",NA,"Primulaceae",NA,0,1982,1982,NA,"Least concern",NA
1036460,327900,"Prunella grandiflora (L.) Scholler",NA,"Lamiaceae",NA,7,1982,2024,NA,"Least concern",NA
1036480,328100,"Prunella vulgaris L.",NA,"Lamiaceae",NA,55,1974,2025,NA,"Least concern",NA
1036500,328400,"Prunus avium L.",NA,"Rosaceae",NA,7,1982,2022,NA,"Least concern",NA
1036550,329040,"Prunus domestica L.",NA,"Rosaceae",NA,0,1982,1982,NA,"",NA
1036560,329050,"Prunus domestica L. subsp. domestica",NA,"Rosaceae",NA,0,1982,1982,NA,"",NA
1036590,329400,"Prunus laurocerasus L.",NA,"Rosaceae",NA,7,2010,2025,NA,"",NA
1036670,330300,"Prunus spinosa L.",NA,"Rosaceae",NA,7,1982,2025,NA,"Least concern",NA
1036760,330800,"Pteridium aquilinum (L.) Kuhn",NA,"Dennstaedtiaceae",NA,2,1982,2022,NA,"Least concern",NA
1036840,331200,"Pulicaria dysenterica (L.) Bernh.",NA,"Asteraceae",NA,34,1947,2025,NA,"Near threatened",NA
1037160,334500,"Pyrola media Sw.",NA,"Ericaceae",NA,0,1966,1966,NA,"Least concern",NA
1037170,334600,"Pyrola minor L.",NA,"Ericaceae",NA,1,1948,1982,NA,"Least concern",NA
1037180,334700,"Pyrola rotundifolia L.",NA,"Ericaceae",NA,0,1982,1982,NA,"Least concern",NA
1037220,335400,"Pyrus pyraster aggr.",NA,"Rosaceae",NA,0,1982,1982,NA,"",NA
1037310,335900,"Quercus petraea Liebl.",NA,"Fagaceae",NA,1,2016,2016,NA,"Least concern",NA
1037330,336100,"Quercus robur L.",NA,"Fagaceae",NA,11,1982,2022,NA,"Least concern",NA
1037370,336595,"Ranunculus acris L.",NA,"Ranunculaceae",NA,20,1974,2025,NA,"Least concern",NA
1037390,336700,"Ranunculus acris subsp. friesianus (Jord.) Syme",NA,"Ranunculaceae",NA,5,1974,2024,NA,"Least concern",NA
1037410,336800,"Ranunculus alpestris L.",NA,"Ranunculaceae",NA,1,1920,1982,NA,"Least concern",NA
1037510,337700,"Ranunculus bulbosus L.",NA,"Ranunculaceae",NA,3,2022,2024,NA,"Least concern",NA
1037550,338200,"Ranunculus ficaria L.",NA,"Ranunculaceae",NA,3,1982,2025,NA,"Least concern",NA
1037590,338400,"Ranunculus flammula L.",NA,"Ranunculaceae",NA,32,1982,2025,NA,"Near threatened",NA
1037670,339300,"Ranunculus lanuginosus L.",NA,"Ranunculaceae",NA,1,1982,2023,NA,"Least concern",NA
1037680,339400,"Ranunculus lingua L.",NA,"Ranunculaceae",NA,0,1966,1966,NA,"Vulnerable",NA
1037700,339505,"Ranunculus montanus aggr.",NA,"Ranunculaceae",NA,1,1982,2002,NA,"Least concern",NA
1037840,340900,"Ranunculus repens L.",NA,"Ranunculaceae",NA,24,1974,2025,NA,"Least concern",NA
1037910,341700,"Ranunculus serpens Schrank",NA,"Ranunculaceae",NA,0,1982,1982,NA,"Least concern",NA
1037940,341895,"Ranunculus trichophyllus Chaix",NA,"Ranunculaceae",NA,0,1966,1966,NA,"Least concern",NA
1037950,341900,"Ranunculus trichophyllus Chaix subsp. trichophyllus",NA,"Ranunculaceae",NA,0,1966,1966,NA,"Least concern",NA
1037970,342200,"Ranunculus tuberosus Lapeyr.",NA,"Ranunculaceae",NA,22,1982,2025,NA,"Least concern",NA
1037965,342210,"Ranunculus tuberosus aggr.",NA,"Ranunculaceae",NA,22,1982,2025,NA,"Least concern",NA
1038000,342400,"Ranunculus villarsii DC.",NA,"Ranunculaceae",NA,0,1982,1982,NA,"Least concern",NA
1038080,342800,"Rapistrum rugosum (L.) All.",NA,"Brassicaceae",NA,0,1982,1982,NA,"",NA
1038110,342900,"Reseda lutea L.",NA,"Resedaceae",NA,1,2020,2020,NA,"Least concern",NA
1038140,343200,"Reynoutria japonica Houtt.",NA,"Polygonaceae",NA,24,1976,2025,NA,"",NA
1038135,343220,"Reynoutria japonica aggr.",NA,"Polygonaceae",NA,36,1976,2025,NA,"",NA
1038190,343500,"Rhamnus cathartica L.",NA,"Rhamnaceae",NA,11,1982,2024,NA,"Least concern",NA
1038230,344100,"Rhinanthus alectorolophus (Scop.) Pollich",NA,"Orobanchaceae",NA,26,1982,2025,NA,"Least concern",NA
1038240,344210,"Rhinanthus angustifolius C. C. Gmel.",NA,"Orobanchaceae",NA,1,2021,2021,NA,"Vulnerable",NA
1038290,344800,"Rhinanthus minor L.",NA,"Orobanchaceae",NA,16,1965,2025,NA,"Least concern",NA
1038390,345600,"Rhus typhina L.",NA,"Anacardiaceae",NA,17,2004,2024,NA,"",NA
1038450,346200,"Ribes petraeum Wulfen",NA,"Grossulariaceae",NA,0,1982,1982,NA,"Least concern",NA
1038480,346400,"Ribes uva-crispa L.",NA,"Grossulariaceae",NA,2,2022,2025,NA,"Least concern",NA
1038500,346500,"Robinia pseudoacacia L.",NA,"Fabaceae",NA,19,2010,2025,NA,"",NA
1038550,346805,"Rorippa islandica aggr.",NA,"Brassicaceae",NA,0,1982,1982,NA,"Least concern",NA
1038560,346900,"Rorippa palustris (L.) Besser",NA,"Brassicaceae",NA,0,1982,1982,NA,"Least concern",NA
1038580,347200,"Rorippa sylvestris (L.) Besser",NA,"Brassicaceae",NA,2,2025,2025,NA,"Least concern",NA
1038600,347400,"Rosa abietina Christ",NA,"Rosaceae",NA,0,1966,1966,NA,"Near threatened",NA
1038610,347500,"Rosa agrestis Savi",NA,"Rosaceae",NA,0,1966,1966,NA,"Near threatened",NA
1038620,347600,"Rosa arvensis Huds.",NA,"Rosaceae",NA,57,1982,2024,NA,"Least concern",NA
1038650,347800,"Rosa canina L.",NA,"Rosaceae",NA,40,1982,2024,NA,"Least concern",NA
1038645,347850,"Rosa canina aggr.",NA,"Rosaceae",NA,80,1982,2024,NA,"Least concern",NA
1038670,348300,"Rosa corymbifera Borkh.",NA,"Rosaceae",NA,5,1976,2023,NA,"Least concern",NA
1038665,348310,"Rosa corymbifera aggr.",NA,"Rosaceae",NA,11,1966,2023,NA,"",NA
1038690,348500,"Rosa elliptica Tausch",NA,"Rosaceae",NA,1,2021,2021,NA,"Vulnerable",NA
1038780,349000,"Rosa micrantha Sm.",NA,"Rosaceae",NA,1,2020,2020,NA,"Near threatened",NA
1038830,349500,"Rosa pendulina L.",NA,"Rosaceae",NA,3,1982,2024,NA,"Least concern",NA
1038850,349750,"Rosa pseudoscabriuscula (R. Keller) A. W. Hill",NA,"Rosaceae",NA,6,2020,2022,NA,"Least concern",NA
1038880,349900,"Rosa rubiginosa L.",NA,"Rosaceae",NA,2,1982,2020,NA,"Near threatened",NA
1038870,349950,"Rosa rubiginosa aggr.",NA,"Rosaceae",NA,4,1966,2021,NA,"Near threatened",NA
1038940,350400,"Rosa subcanina (Christ) R. Keller",NA,"Rosaceae",NA,10,2020,2022,NA,"Least concern",NA
1038950,350500,"Rosa subcollina (Christ) R. Keller",NA,"Rosaceae",NA,3,2020,2022,NA,"Near threatened",NA
1038960,350550,"Rosa tomentella Léman",NA,"Rosaceae",NA,3,1966,2022,NA,"Vulnerable",NA
1038970,350650,"Rosa tomentosa aggr.",NA,"Rosaceae",NA,20,2020,2022,NA,"Least concern",NA
1039160,351950,"Rubus armeniacus Focke",NA,"Rosaceae",NA,34,2020,2026,NA,"",NA
1039200,352200,"Rubus caesius L.",NA,"Rosaceae",NA,25,1982,2024,NA,"Least concern",NA
1039260,352650,"Rubus corylifolius aggr.",NA,"Rosaceae",NA,1,2022,2022,NA,"",NA
1039325,353120,"Rubus fruticosus aggr.",NA,"Rosaceae",NA,39,1978,2026,NA,"Least concern",NA
1039950,357400,"Rubus saxatilis L.",NA,"Rosaceae",NA,1,1982,2022,NA,"Least concern",NA
1040030,358100,"Rubus tereticaulis P. J. Müll.",NA,"Rosaceae",NA,1,1978,1978,NA,"Data deficient",NA
1040120,358700,"Rudbeckia hirta L.",NA,"Asteraceae",NA,3,2022,2022,NA,"",NA
1040140,358900,"Rumex acetosa L.",NA,"Polygonaceae",NA,9,1974,2022,NA,"Least concern",NA
1040220,359800,"Rumex conglomeratus Murray",NA,"Polygonaceae",NA,3,1962,2025,NA,"Least concern",NA
1040230,359900,"Rumex crispus L.",NA,"Polygonaceae",NA,0,1982,1982,NA,"Least concern",NA
1040290,360400,"Rumex obtusifolius L.",NA,"Polygonaceae",NA,9,1974,2025,NA,"Least concern",NA
1040540,362800,"Salix alba L.",NA,"Salicaceae",NA,1,1982,2022,NA,"Least concern",NA
1040590,363100,"Salix appendiculata Vill.",NA,"Salicaceae",NA,1,1982,2022,NA,"Least concern",NA
1040680,363800,"Salix cinerea L.",NA,"Salicaceae",NA,11,1973,2025,NA,"Least concern",NA
1040710,364000,"Salix elaeagnos Scop.",NA,"Salicaceae",NA,15,1982,2022,NA,"Least concern",NA
1040860,365000,"Salix myrsinifolia Salisb.",NA,"Salicaceae",NA,6,1965,2023,NA,"Least concern",NA
1040920,365800,"Salix purpurea L.",NA,"Salicaceae",NA,5,1982,2025,NA,"Least concern",NA
1041020,366400,"Salix triandra L.",NA,"Salicaceae",NA,0,1966,1966,NA,"Least concern",NA
1041040,366500,"Salix viminalis L.",NA,"Salicaceae",NA,1,1973,1982,NA,"Least concern",NA
1041170,367300,"Salvia glutinosa L.",NA,"Lamiaceae",NA,4,1982,2025,NA,"Least concern",NA
1041200,367600,"Salvia pratensis L.",NA,"Lamiaceae",NA,2,1973,2025,NA,"Least concern",NA
1041240,368000,"Salvia verticillata L.",NA,"Lamiaceae",NA,1,1976,1976,NA,"",NA
1041270,368200,"Sambucus ebulus L.",NA,"Adoxaceae",NA,1,1982,2020,NA,"Least concern",NA
1041280,368300,"Sambucus nigra L.",NA,"Adoxaceae",NA,4,1970,2022,NA,"Least concern",NA
1041300,368400,"Sambucus racemosa L.",NA,"Adoxaceae",NA,1,1982,2022,NA,"Least concern",NA
1041340,368650,"Sanguisorba minor Scop.",NA,"Rosaceae",NA,30,1982,2025,NA,"Least concern",NA
1041350,368700,"Sanguisorba minor Scop. subsp. minor",NA,"Rosaceae",NA,13,1982,2002,NA,"Least concern",NA
1041370,369000,"Sanguisorba officinalis L.",NA,"Rosaceae",NA,4,1982,2025,NA,"Near threatened",NA
1041380,369100,"Sanicula europaea L.",NA,"Apiaceae",NA,3,1982,2022,NA,"Least concern",NA
1041540,371400,"Saussurea discolor (Willd.) DC.",NA,"Asteraceae",NA,1,1994,1994,NA,"Least concern",NA
1041560,371600,"Saxifraga aizoides L.",NA,"Saxifragaceae",NA,2,1981,2016,NA,"Least concern",NA
1041730,373050,"Saxifraga exarata Vill.",NA,"Saxifragaceae",NA,0,1982,1982,NA,"Least concern",NA
1041980,375400,"Saxifraga rotundifolia L.",NA,"Saxifragaceae",NA,1,1982,2020,NA,"Least concern",NA
1042030,376000,"Saxifraga tridactylites L.",NA,"Saxifragaceae",NA,1,1982,1983,NA,"Least concern",NA
1042090,376500,"Scabiosa columbaria L.",NA,"Caprifoliaceae",NA,18,1982,2024,NA,"Least concern",NA
1042100,376600,"Scabiosa columbaria L. subsp. columbaria",NA,"Caprifoliaceae",NA,9,2002,2002,NA,"Least concern",NA
1042120,377100,"Scabiosa lucida Vill.",NA,"Caprifoliaceae",NA,7,1982,2002,NA,"Least concern",NA
1042230,378200,"Schoenoplectus lacustris (L.) Palla",NA,"Cyperaceae",NA,99,1982,2025,NA,"Least concern",NA
1042270,378700,"Schoenoplectus tabernaemontani (C. C. Gmel.) Palla",NA,"Cyperaceae",NA,2,1969,1975,NA,"Near threatened",NA
1042300,379000,"Schoenus ferrugineus L.",NA,"Cyperaceae",NA,2,1971,2021,NA,"Near threatened",NA
1042310,379100,"Schoenus nigricans L.",NA,"Cyperaceae",NA,46,1970,2025,NA,"Near threatened",NA
1042420,379700,"Scirpus sylvaticus L.",NA,"Cyperaceae",NA,14,1982,2025,NA,"Least concern",NA
1042620,382100,"Scrophularia nodosa L.",NA,"Scrophulariaceae",NA,2,1973,2022,NA,"Least concern",NA
1042640,382200,"Scrophularia umbrosa Dumort.",NA,"Scrophulariaceae",NA,2,2025,2025,NA,"Least concern",NA
1042680,382600,"Scutellaria galericulata L.",NA,"Lamiaceae",NA,3,1962,2020,NA,"Least concern",NA
1043000,385500,"Sedum sexangulare L.",NA,"Crassulaceae",NA,1,1982,2022,NA,"Least concern",NA
1043090,386200,"Selaginella helvetica (L.) Link",NA,"Selaginellaceae",NA,0,1966,1966,NA,"Least concern",NA
1043110,386400,"Selinum carvifolia (L.) L.",NA,"Apiaceae",NA,127,1962,2025,NA,"Vulnerable",NA
1043250,387600,"Senecio alpinus (L.) Scop.",NA,"Asteraceae",NA,1,1970,1982,NA,"Least concern",NA
1043360,389000,"Senecio inaequidens DC.",NA,"Asteraceae",NA,3,2024,2025,NA,"",NA
1043460,389900,"Senecio paludosus L.",NA,"Asteraceae",NA,19,1973,2025,NA,"Near threatened",NA
1043520,390400,"Senecio viscosus L.",NA,"Asteraceae",NA,1,1966,1969,NA,"Least concern",NA
1043530,390500,"Senecio vulgaris L.",NA,"Asteraceae",NA,7,1982,2025,NA,"Least concern",NA
1043700,392200,"Sesleria caerulea (L.) Ard.",NA,"Poaceae",NA,11,1982,2022,NA,"Least concern",NA
1043790,393200,"Setaria pumila (Poir.) Roem. & Schult.",NA,"Poaceae",NA,2,1947,2022,NA,"Least concern",NA
1043940,394900,"Silene dioica (L.) Clairv.",NA,"Caryophyllaceae",NA,1,1982,2023,NA,"Least concern",NA
1043970,395200,"Silene flos-cuculi (L.) Clairv.",NA,"Caryophyllaceae",NA,20,1982,2025,NA,"Least concern",NA
1044140,397295,"Silene vulgaris (Moench) Garcke",NA,"Caryophyllaceae",NA,2,2002,2015,NA,"Least concern",NA
1044220,398000,"Sinapis arvensis L.",NA,"Brassicaceae",NA,1,1964,1982,NA,"Least concern",NA
1044400,399500,"Solanum dulcamara L.",NA,"Solanaceae",NA,11,1976,2022,NA,"Least concern",NA
1044420,400100,"Solanum nigrum L.",NA,"Solanaceae",NA,2,1962,2020,NA,"Least concern",NA
1044580,401000,"Solidago canadensis L.",NA,"Asteraceae",NA,12,2017,2025,NA,"",NA
1044575,401050,"Solidago canadensis aggr.",NA,"Asteraceae",NA,80,1982,2026,NA,"",NA
1044590,401100,"Solidago gigantea Aiton",NA,"Asteraceae",NA,0,1982,1982,NA,"",NA
1044600,401200,"Solidago graminifolia (L.) Salisb.",NA,"Asteraceae",NA,1,2025,2025,NA,"",NA
1044620,401395,"Solidago virgaurea L.",NA,"Asteraceae",NA,4,1982,2022,NA,"Least concern",NA
1044630,401400,"Solidago virgaurea L. subsp. virgaurea",NA,"Asteraceae",NA,1,1982,2022,NA,"Least concern",NA
1044640,401500,"Solidago virgaurea subsp. minuta (L.) Arcang.",NA,"Asteraceae",NA,2,2022,2022,NA,"Least concern",NA
1044680,401800,"Sonchus asper Hill",NA,"Asteraceae",NA,2,1982,2022,NA,"Least concern",NA
1044690,401900,"Sonchus oleraceus L.",NA,"Asteraceae",NA,8,1981,2025,NA,"Least concern",NA
1044730,402200,"Sorbus aria (L.) Crantz",NA,"Rosaceae",NA,6,1982,2022,NA,"Least concern",NA
1044725,402250,"Sorbus aria aggr.",NA,"Rosaceae",NA,6,1982,2022,NA,"",NA
1044740,402300,"Sorbus aucuparia L.",NA,"Rosaceae",NA,9,1982,2022,NA,"Least concern",NA
1044850,402800,"Sorghum halepense (L.) Pers.",NA,"Poaceae",NA,1,2025,2025,NA,"",NA
1044870,402900,"Sparganium angustifolium Michx.",NA,"Typhaceae",NA,1,2025,2025,NA,"Near threatened",NA
1044890,403100,"Sparganium erectum L.",NA,"Typhaceae",NA,4,1985,2025,NA,"Near threatened",NA
1045110,405000,"Spiranthes aestivalis (Poir.) Rich.",NA,"Orchidaceae",NA,25,1890,2023,NA,"Vulnerable",NA
1045120,405100,"Spiranthes spiralis (L.) Chevall.",NA,"Orchidaceae",NA,11,1886,2021,NA,"Vulnerable",NA
1045180,405400,"Stachys alpina L.",NA,"Lamiaceae",NA,2,1978,2025,NA,"Least concern",NA
1045230,406000,"Stachys officinalis (L.) Trevis.",NA,"Lamiaceae",NA,28,1982,2025,NA,"Least concern",NA
1045240,406100,"Stachys officinalis (L.) Trevis. subsp. officinalis",NA,"Lamiaceae",NA,11,1983,2002,NA,"",NA
1045260,406400,"Stachys palustris L.",NA,"Lamiaceae",NA,4,2023,2025,NA,"Least concern",NA
1045280,406595,"Stachys recta L.",NA,"Lamiaceae",NA,1,2025,2025,NA,"Least concern",NA
1045310,406800,"Stachys sylvatica L.",NA,"Lamiaceae",NA,3,1982,2022,NA,"Least concern",NA
1045360,407500,"Stellaria graminea L.",NA,"Caryophyllaceae",NA,2,1967,2015,NA,"Least concern",NA
1045390,407800,"Stellaria media (L.) Vill.",NA,"Caryophyllaceae",NA,1,1967,1982,NA,"Least concern",NA
1045400,407805,"Stellaria media aggr.",NA,"Caryophyllaceae",NA,3,1967,2025,NA,"Least concern",NA
1045420,408095,"Stellaria nemorum L.",NA,"Caryophyllaceae",NA,1,1975,1982,NA,"Least concern",NA
1045430,408100,"Stellaria nemorum L. subsp. nemorum",NA,"Caryophyllaceae",NA,1,1975,1982,NA,"Least concern",NA
1045690,410100,"Succisa pratensis Moench",NA,"Caprifoliaceae",NA,71,1982,2025,NA,"Least concern",NA
1045790,410800,"Symphytum officinale L.",NA,"Boraginaceae",NA,3,2005,2021,NA,"Least concern",NA
1045785,410850,"Symphytum officinale aggr.",NA,"Boraginaceae",NA,4,2005,2022,NA,"",NA
1045910,411200,"Tamus communis L.",NA,"Dioscoreaceae",NA,13,1982,2025,NA,"Least concern",NA
1046010,412000,"Taraxacum alpinum aggr.",NA,"Asteraceae",NA,0,1982,1982,NA,"Least concern",NA
1046070,412900,"Taraxacum laevigatum aggr.",NA,"Asteraceae",NA,0,1982,1982,NA,"Least concern",NA
1046080,413100,"Taraxacum officinale aggr.",NA,"Asteraceae",NA,11,1970,2022,NA,"Least concern",NA
1046110,413400,"Taraxacum palustre aggr.",NA,"Asteraceae",NA,2,1970,1982,NA,"Near threatened",NA
1046140,413600,"Taxus baccata L.",NA,"Taxaceae",NA,5,1982,2016,NA,"Least concern",NA
1046270,415000,"Teucrium chamaedrys L.",NA,"Lamiaceae",NA,2,1970,2021,NA,"Least concern",NA
1046300,415100,"Teucrium montanum L.",NA,"Lamiaceae",NA,1,1969,1982,NA,"Least concern",NA
1046320,415300,"Teucrium scorodonia L.",NA,"Lamiaceae",NA,1,2024,2024,NA,"Least concern",NA
1046340,415500,"Thalictrum aquilegiifolium L.",NA,"Ranunculaceae",NA,1,1982,2023,NA,"Least concern",NA
1046440,417000,"Thelypteris palustris Schott",NA,"Thelypteridaceae",NA,3,2023,2025,NA,"Vulnerable",NA
1046450,417200,"Thesium alpinum L.",NA,"Santalaceae",NA,3,1982,2002,NA,"Least concern",NA
1046500,417700,"Thesium pyrenaicum Pourr.",NA,"Santalaceae",NA,1,1966,1966,NA,"Least concern",NA
1046830,420750,"Thymus praecox Opiz",NA,"Lamiaceae",NA,0,1982,1982,NA,"",NA
1046850,420900,"Thymus praecox subsp. polytrichus (Borbás) Jalas",NA,"Lamiaceae",NA,0,1982,1982,NA,"Least concern",NA
1046860,420940,"Thymus pulegioides L.",NA,"Lamiaceae",NA,1,2019,2019,NA,"",NA
1046890,421200,"Thymus serpyllum aggr.",NA,"Lamiaceae",NA,21,1982,2022,NA,"Least concern",NA
1046930,421300,"Thymus vulgaris L.",NA,"Lamiaceae",NA,1,2024,2024,NA,"",NA
1046950,421400,"Tilia cordata Mill.",NA,"Malvaceae",NA,2,1982,1995,NA,"Least concern",NA
1046970,421500,"Tilia platyphyllos Scop.",NA,"Malvaceae",NA,9,1982,2022,NA,"Least concern",NA
1046978,421540,"Tilia platyphyllos subsp. cordifolia (Besser) C. K. Schneid.",NA,"Malvaceae",NA,3,2022,2022,NA,"",NA
1046990,421600,"Tofieldia calyculata (L.) Wahlenb.",NA,"Tofieldiaceae",NA,20,1982,2025,NA,"Least concern",NA
50061,NA,"Tolypella glomerata (Desv.) Leonh.",NA,"Characeae",NA,3,1983,1995,NA,"Endangered",NA
1047050,422100,"Torilis japonica (Houtt.) DC.",NA,"Apiaceae",NA,0,1982,1982,NA,"Least concern",NA
1047090,422400,"Tozzia alpina L.",NA,"Orobanchaceae",NA,2,1921,1985,NA,"Least concern",NA
1047180,422950,"Tragopogon pratensis L.",NA,"Asteraceae",NA,8,1976,2022,NA,"Least concern",NA
1047190,423000,"Tragopogon pratensis L. subsp. pratensis",NA,"Asteraceae",NA,2,2005,2006,NA,"Near threatened",NA
1047220,423300,"Tragopogon pratensis subsp. orientalis (L.) Čelak.",NA,"Asteraceae",NA,1,1976,1976,NA,"Least concern",NA
1047250,423600,"Traunsteinera globosa (L.) Rchb.",NA,"Orchidaceae",NA,4,1982,2002,NA,"Least concern",NA
1047400,424800,"Trifolium aureum Pollich",NA,"Fabaceae",NA,1,1988,1988,NA,"Near threatened",NA
1047420,425000,"Trifolium campestre Schreb.",NA,"Fabaceae",NA,2,1971,2016,NA,"Least concern",NA
1047430,425100,"Trifolium dubium Sibth.",NA,"Fabaceae",NA,5,1973,2025,NA,"Least concern",NA
1047440,425400,"Trifolium fragiferum L.",NA,"Fabaceae",NA,1,1964,1966,NA,"Near threatened",NA
1047460,425595,"Trifolium hybridum L.",NA,"Fabaceae",NA,4,1982,2025,NA,"",NA
1047470,425600,"Trifolium hybridum L. subsp. hybridum",NA,"Fabaceae",NA,0,1982,1982,NA,"",NA
1047520,426000,"Trifolium medium L.",NA,"Fabaceae",NA,2,1982,2022,NA,"Least concern",NA
1047540,426300,"Trifolium montanum L.",NA,"Fabaceae",NA,23,1976,2025,NA,"Least concern",NA
1047590,426800,"Trifolium patens Schreb.",NA,"Fabaceae",NA,21,1962,2025,NA,"Vulnerable",NA
1047600,426895,"Trifolium pratense L.",NA,"Fabaceae",NA,39,1966,2025,NA,"Least concern",NA
1047610,426900,"Trifolium pratense L. subsp. pratense",NA,"Fabaceae",NA,4,1982,2025,NA,"Least concern",NA
1047620,427000,"Trifolium pratense subsp. nivale (W. D. J. Koch) Ces.",NA,"Fabaceae",NA,0,1966,1966,NA,"Least concern",NA
1047630,427100,"Trifolium repens L.",NA,"Fabaceae",NA,19,1974,2025,NA,"Least concern",NA
1047670,427500,"Trifolium rubens L.",NA,"Fabaceae",NA,0,1982,1982,NA,"Near threatened",NA
1047770,428200,"Triglochin palustris L.",NA,"Juncaginaceae",NA,0,1982,1982,NA,"Least concern",NA
1047890,429400,"Trisetum flavescens (L.) P. Beauv.",NA,"Poaceae",NA,7,1966,2022,NA,"Least concern",NA
1048030,430600,"Trollius europaeus L.",NA,"Ranunculaceae",NA,8,1982,2019,NA,"Least concern",NA
1048220,432000,"Tussilago farfara L.",NA,"Asteraceae",NA,4,1982,2025,NA,"Least concern",NA
1048250,432200,"Typha latifolia L.",NA,"Typhaceae",NA,1,1982,1985,NA,"Least concern",NA
1048280,432400,"Typha shuttleworthii W. D. J. Koch & Sond.",NA,"Typhaceae",NA,2,1971,1971,NA,"Endangered",NA
1048310,432800,"Ulmus glabra Huds.",NA,"Ulmaceae",NA,38,1982,2025,NA,"Least concern",NA
1048320,432900,"Ulmus laevis Pall.",NA,"Ulmaceae",NA,1,1995,1995,NA,"Endangered",NA
1048360,433400,"Urtica dioica L.",NA,"Urticaceae",NA,2,1982,2022,NA,"Least concern",NA
1048370,433500,"Urtica urens L.",NA,"Urticaceae",NA,0,1982,1982,NA,"Vulnerable",NA
1048380,433600,"Utricularia australis R. Br.",NA,"Lentibulariaceae",NA,16,1982,2025,NA,"Near threatened",NA
1048410,433900,"Utricularia minor L.",NA,"Lentibulariaceae",NA,8,1982,2022,NA,"Vulnerable",NA
1048405,433950,"Utricularia minor aggr.",NA,"Lentibulariaceae",NA,8,1982,2022,NA,"",NA
1048440,434250,"Utricularia vulgaris aggr.",NA,"Lentibulariaceae",NA,24,1982,2025,NA,"Near threatened",NA
1048500,434800,"Vaccinium myrtillus L.",NA,"Ericaceae",NA,3,1982,2022,NA,"Least concern",NA
1048580,435600,"Valeriana dioica L.",NA,"Caprifoliaceae",NA,19,1982,2025,NA,"Least concern",NA
1048610,435800,"Valeriana officinalis L.",NA,"Caprifoliaceae",NA,1,2021,2021,NA,"Least concern",NA
1048600,435900,"Valeriana officinalis aggr.",NA,"Caprifoliaceae",NA,3,1948,2022,NA,"Least concern",NA
1048690,436700,"Valeriana tripteris L.",NA,"Caprifoliaceae",NA,2,1972,2022,NA,"Least concern",NA
1048710,436900,"Valeriana versifolia Brügger",NA,"Caprifoliaceae",NA,1,1948,1948,NA,"Least concern",NA
1048820,437800,"Veratrum album L.",NA,"Melanthiaceae",NA,1,1982,2019,NA,"Least concern",NA
1048950,439100,"Verbascum nigrum L.",NA,"Scrophulariaceae",NA,3,1982,2025,NA,"Least concern",NA
1049020,439650,"Verbascum thapsus L.",NA,"Scrophulariaceae",NA,1,1979,1982,NA,"Least concern",NA
1049030,439700,"Verbascum thapsus L. subsp. thapsus",NA,"Scrophulariaceae",NA,1,1979,1982,NA,"Least concern",NA
1049070,440000,"Verbena officinalis L.",NA,"Verbenaceae",NA,1,1945,1982,NA,"Least concern",NA
1049100,440200,"Veronica agrestis L.",NA,"Plantaginaceae",NA,1,2021,2021,NA,"Least concern",NA
1049160,440800,"Veronica arvensis L.",NA,"Plantaginaceae",NA,1,1974,1974,NA,"Least concern",NA
1049180,441000,"Veronica beccabunga L.",NA,"Plantaginaceae",NA,1,1982,2017,NA,"Least concern",NA
1049210,441400,"Veronica chamaedrys L.",NA,"Plantaginaceae",NA,10,1974,2022,NA,"Least concern",NA
1049290,441900,"Veronica hederifolia L.",NA,"Plantaginaceae",NA,1,1973,1973,NA,"Least concern",NA
1049300,442000,"Veronica hederifolia L. subsp. hederifolia",NA,"Plantaginaceae",NA,1,1973,1973,NA,"Least concern",NA
1049340,442400,"Veronica officinalis L.",NA,"Plantaginaceae",NA,4,1982,2022,NA,"Least concern",NA
1049380,442700,"Veronica persica Poir.",NA,"Plantaginaceae",NA,1,1982,2021,NA,"",NA
1049390,442800,"Veronica polita Fr.",NA,"Plantaginaceae",NA,1,1978,1978,NA,"Least concern",NA
1049460,443395,"Veronica serpyllifolia L.",NA,"Plantaginaceae",NA,0,1982,1982,NA,"Least concern",NA
1049480,443500,"Veronica serpyllifolia subsp. humifusa (Dicks.) Syme",NA,"Plantaginaceae",NA,0,1982,1982,NA,"Least concern",NA
1049520,444100,"Veronica urticifolia Jacq.",NA,"Plantaginaceae",NA,3,1982,2022,NA,"Least concern",NA
1049540,444300,"Viburnum lantana L.",NA,"Adoxaceae",NA,24,1982,2022,NA,"Least concern",NA
1049550,444400,"Viburnum opulus L.",NA,"Adoxaceae",NA,19,1982,2025,NA,"Least concern",NA
1049620,444995,"Vicia cracca L.",NA,"Fabaceae",NA,12,1973,2025,NA,"Least concern",NA
1049630,445000,"Vicia cracca L. subsp. cracca",NA,"Fabaceae",NA,2,1973,2025,NA,"Least concern",NA
1049690,445600,"Vicia faba L.",NA,"Fabaceae",NA,1,1944,1944,NA,"",NA
1049820,446995,"Vicia sativa L.",NA,"Fabaceae",NA,1,2022,2022,NA,"Least concern",NA
1049860,447400,"Vicia sepium L.",NA,"Fabaceae",NA,4,1974,2022,NA,"Least concern",NA
1049940,448300,"Vinca major L.",NA,"Apocynaceae",NA,1,2022,2022,NA,"",NA
1049950,448400,"Vinca minor L.",NA,"Apocynaceae",NA,7,2016,2022,NA,"Least concern",NA
1049960,448500,"Vincetoxicum hirundinaria Medik.",NA,"Apocynaceae",NA,2,1982,2015,NA,"Least concern",NA
1049970,448700,"Viola alba Besser",NA,"Violaceae",NA,2,1966,2022,NA,"Least concern",NA
1050060,449250,"Viola canina L.",NA,"Violaceae",NA,0,1982,1982,NA,"Near threatened",NA
1050050,449300,"Viola canina L. subsp. canina",NA,"Violaceae",NA,0,1982,1982,NA,"Vulnerable",NA
1050110,449800,"Viola collina Besser",NA,"Violaceae",NA,1,1977,1977,NA,"Least concern",NA
1050170,450300,"Viola hirta L.",NA,"Violaceae",NA,5,1982,2019,NA,"Least concern",NA
1050270,451600,"Viola reichenbachiana Boreau",NA,"Violaceae",NA,11,1982,2025,NA,"Least concern",NA
1050290,451800,"Viola rupestris F. W. Schmidt",NA,"Violaceae",NA,1,1988,1988,NA,"Least concern",NA
1050380,452600,"Viscum album L.",NA,"Santalaceae",NA,2,2025,2025,NA,"Least concern",NA
1050390,452700,"Viscum album L. subsp. album",NA,"Santalaceae",NA,2,2025,2025,NA,"Least concern",NA
1050610,455100,"Xanthium spinosum L.",NA,"Asteraceae",NA,1,1980,1980,NA,"",NA
1050680,455700,"Zannichellia palustris L.",NA,"Potamogetonaceae",NA,4,2015,2017,NA,"Vulnerable",NA
1000000,100,"Abies alba Mill.",NA,"Pinaceae",NA,3,1982,2022,NA,"Least concern",NA
1000070,300,"Acer campestre L.",NA,"Sapindaceae",NA,1,1982,2021,NA,"Least concern",NA
1000120,700,"Acer platanoides L.",NA,"Sapindaceae",NA,1,1982,1995,NA,"Least concern",NA
1000130,800,"Acer pseudoplatanus L.",NA,"Sapindaceae",NA,2,1982,2022,NA,"Least concern",NA
1000180,1000,"Achillea atrata L.",NA,"Asteraceae",NA,2,1921,2021,NA,"Least concern",NA
1000330,1700,"Achillea millefolium L.",NA,"Asteraceae",NA,4,1982,2022,NA,"Least concern",NA
1000320,1706,"Achillea millefolium aggr.",NA,"Asteraceae",NA,8,1954,2022,NA,"Least concern",NA
1000460,2800,"Acinos alpinus (L.) Moench",NA,"Lamiaceae",NA,1,1982,2002,NA,"Least concern",NA
1000543,3510,"Aconitum lycoctonum L.",NA,"Ranunculaceae",NA,3,1982,2022,NA,"Least concern",NA
1000545,3530,"Aconitum lycoctonum subsp. vulparia (Rchb.) Nyman",NA,"Ranunculaceae",NA,1,1982,2022,NA,"Least concern",NA
1000563,3540,"Aconitum napellus L.",NA,"Ranunculaceae",NA,3,1982,2022,NA,"Least concern",NA
1000720,5100,"Acorus calamus L.",NA,"Acoraceae",NA,0,1966,1966,NA,"",NA
1000770,5400,"Adenostyles alliariae (Gouan) A. Kern.",NA,"Asteraceae",NA,1,1982,2022,NA,"Least concern",NA
1000780,5450,"Adenostyles alpina (L.) Bluff & Fingerh.",NA,"Asteraceae",NA,1,1982,2021,NA,"Least concern",NA
1000990,7200,"Aethusa cynapium L.",NA,"Apiaceae",NA,0,1982,1982,NA,"Least concern",NA
1001010,7400,"Agrimonia eupatoria L.",NA,"Rosaceae",NA,1,1982,2025,NA,"Least concern",NA
1001080,8600,"Agrostis capillaris L.",NA,"Poaceae",NA,20,1954,2022,NA,"Least concern",NA
1001130,9300,"Agrostis stolonifera L.",NA,"Poaceae",NA,3,1982,2022,NA,"Least concern",NA
1001220,10300,"Ajuga pyramidalis L.",NA,"Lamiaceae",NA,1,2002,2002,NA,"Least concern",NA
1001230,10400,"Ajuga reptans L.",NA,"Lamiaceae",NA,16,1954,2022,NA,"Least concern",NA
1001410,12100,"Alchemilla conjuncta superaggr.",NA,"",NA,10,1982,2022,NA,"",NA
1001470,12500,"Alchemilla coriacea aggr.",NA,"Rosaceae",NA,1,2022,2022,NA,"Least concern",NA
1002030,17300,"Alchemilla monticola Opiz",NA,"Rosaceae",NA,2,1962,1962,NA,"Data deficient",NA
1002440,21100,"Alchemilla vulgaris aggr.",NA,"Rosaceae",NA,27,1954,2022,NA,"Least concern",NA
1002510,21900,"Alisma plantago-aquatica L.",NA,"Alismataceae",NA,0,1966,1966,NA,"Least concern",NA
1002520,22100,"Alliaria petiolata (M. Bieb.) Cavara & Grande",NA,"Brassicaceae",NA,1,1982,2022,NA,"Least concern",NA
1002800,24900,"Allium victorialis L.",NA,"Amaryllidaceae",NA,2,1982,2022,NA,"Least concern",NA
1002850,25300,"Alnus incana (L.) Moench",NA,"Betulaceae",NA,2,1982,2022,NA,"Least concern",NA
1002870,25400,"Alnus viridis (Chaix) DC.",NA,"Betulaceae",NA,4,1982,2022,NA,"Least concern",NA
1002920,26000,"Alopecurus pratensis L.",NA,"Poaceae",NA,2,1982,2021,NA,"Least concern",NA
1003760,33400,"Anemone narcissiflora L.",NA,"Ranunculaceae",NA,3,1982,2002,NA,"Least concern",NA
1003770,33600,"Anemone nemorosa L.",NA,"Ranunculaceae",NA,4,1962,2022,NA,"Least concern",NA
1003820,34100,"Angelica sylvestris L.",NA,"Apiaceae",NA,2,1982,2022,NA,"Least concern",NA
1003840,34300,"Antennaria carpatica (Wahlenb.) Bluff & Fingerh.",NA,"Asteraceae",NA,1,1925,1925,NA,"Least concern",NA
1003850,34400,"Antennaria dioica (L.) Gaertn.",NA,"Asteraceae",NA,5,1982,2002,NA,"Least concern",NA
1003970,35400,"Anthoxanthum odoratum L.",NA,"Poaceae",NA,11,1954,1982,NA,"Least concern",NA
1003960,35500,"Anthoxanthum odoratum aggr.",NA,"Poaceae",NA,30,1954,2002,NA,"Least concern",NA
1004010,35900,"Anthriscus sylvestris (L.) Hoffm.",NA,"Apiaceae",NA,10,1954,2022,NA,"Least concern",NA
1004070,36790,"Anthyllis vulneraria L.",NA,"Fabaceae",NA,13,1972,2022,NA,"Least concern",NA
1004080,36800,"Anthyllis vulneraria L. subsp. vulneraria",NA,"Fabaceae",NA,1,1972,1982,NA,"",NA
1004440,40200,"Arabis ciliata Clairv.",NA,"Brassicaceae",NA,3,1880,2002,NA,"Least concern",NA
1004460,40600,"Arabis hirsuta (L.) Scop.",NA,"Brassicaceae",NA,1,2002,2002,NA,"Least concern",NA
1004470,40605,"Arabis hirsuta aggr.",NA,"Brassicaceae",NA,1,2002,2002,NA,"Least concern",NA
1004650,42600,"Arctium nemorosum Lej.",NA,"Asteraceae",NA,0,1966,1966,NA,"Least concern",NA
1004680,43000,"Arctostaphylos alpina (L.) Spreng.",NA,"Ericaceae",NA,1,1944,1982,NA,"Least concern",NA
1004730,43505,"Arenaria ciliata aggr.",NA,"Caryophyllaceae",NA,0,1982,1982,NA,"Least concern",NA
1004770,44000,"Arenaria leptoclados (Rchb.) Guss.",NA,"Caryophyllaceae",NA,0,1966,1966,NA,"Least concern",NA
1004790,44200,"Arenaria multicaulis L.",NA,"Caryophyllaceae",NA,0,1982,1982,NA,"Least concern",NA
1004800,44305,"Arenaria serpyllifolia aggr.",NA,"Caryophyllaceae",NA,0,1966,1966,NA,"Least concern",NA
1004910,45700,"Arnica montana L.",NA,"Asteraceae",NA,11,1982,2021,NA,"Least concern",NA
1004930,45900,"Arrhenatherum elatius (L.) J. Presl & C. Presl",NA,"Poaceae",NA,6,1954,2022,NA,"Least concern",NA
1005190,48300,"Aruncus dioicus (Walter) Fernald",NA,"Rosaceae",NA,2,1982,2022,NA,"Least concern",NA
1005500,50900,"Asplenium ruta-muraria L.",NA,"Aspleniaceae",NA,2,1982,2022,NA,"Least concern",NA
1005540,51200,"Asplenium septentrionale (L.) Hoffm.",NA,"Aspleniaceae",NA,0,1966,1966,NA,"Least concern",NA
1005550,51400,"Asplenium trichomanes L.",NA,"Aspleniaceae",NA,4,1982,2025,NA,"Least concern",NA
1005610,51500,"Asplenium viride Huds.",NA,"Aspleniaceae",NA,5,1982,2022,NA,"Least concern",NA
1005640,51800,"Aster alpinus L.",NA,"Asteraceae",NA,1,1982,2002,NA,"Least concern",NA
1005660,52000,"Aster bellidiastrum (L.) Scop.",NA,"Asteraceae",NA,7,1982,2002,NA,"Least concern",NA
1006050,55300,"Astrantia minor L.",NA,"Apiaceae",NA,6,1982,2022,NA,"Least concern",NA
1006090,55700,"Athyrium filix-femina (L.) Roth",NA,"Athyriaceae",NA,2,1982,2022,NA,"Least concern",NA
1006320,57400,"Avenella flexuosa (L.) Drejer",NA,"Poaceae",NA,4,1982,2002,NA,"Least concern",NA
1006420,58300,"Barbarea intermedia Boreau",NA,"Brassicaceae",NA,1,2021,2021,NA,"Least concern",NA
1006450,58600,"Barbarea vulgaris R. Br.",NA,"Brassicaceae",NA,1,2025,2025,NA,"Least concern",NA
1006460,58700,"Bartsia alpina L.",NA,"Orobanchaceae",NA,5,1982,2022,NA,"Least concern",NA
1006490,59100,"Bellis perennis L.",NA,"Asteraceae",NA,10,1954,2025,NA,"Least concern",NA
1006710,61350,"Bidens tripartita L.",NA,"Asteraceae",NA,0,1966,1966,NA,"Near threatened",NA
1006780,62000,"Biscutella laevigata L.",NA,"Brassicaceae",NA,1,2002,2002,NA,"Least concern",NA
1006870,62500,"Blechnum spicant (L.) Roth",NA,"Blechnaceae",NA,4,1982,2022,NA,"Least concern",NA
1007070,64000,"Brachypodium pinnatum aggr.",NA,"Poaceae",NA,5,1982,2002,NA,"Least concern",NA
1007090,64200,"Brachypodium sylvaticum (Huds.) P. Beauv.",NA,"Poaceae",NA,2,1982,2022,NA,"Least concern",NA
1007200,65200,"Briza media L.",NA,"Poaceae",NA,28,1982,2022,NA,"Least concern",NA
1007230,65400,"Bromus benekenii (Lange) Trimen",NA,"Poaceae",NA,1,1982,2022,NA,"Least concern",NA
1007290,65695,"Bromus erectus Huds.",NA,"Poaceae",NA,3,1982,2002,NA,"Least concern",NA
1007300,65700,"Bromus erectus Huds. subsp. erectus",NA,"Poaceae",NA,3,1982,2002,NA,"Least concern",NA
1007320,65900,"Bromus grossus DC.",NA,"Poaceae",NA,0,1966,1966,NA,"Critically endangered",NA
1007330,66000,"Bromus hordeaceus L.",NA,"Poaceae",NA,3,1954,1982,NA,"Least concern",NA
1007360,66100,"Bromus inermis Leyss.",NA,"Poaceae",NA,0,1982,1982,NA,"",NA
1007355,66130,"Bromus inermis aggr.",NA,"Poaceae",NA,0,1982,1982,NA,"",NA
1007505,67020,"Bromus secalinus aggr.",NA,"Poaceae",NA,0,1966,1966,NA,"",NA
1007600,67700,"Buddleja davidii Franch.",NA,"Scrophulariaceae",NA,12,2010,2025,NA,"",NA
1007620,67900,"Buglossoides arvensis (L.) I. M. Johnst.",NA,"Boraginaceae",NA,0,1966,1966,NA,"Near threatened",NA
1007690,68600,"Buphthalmum salicifolium L.",NA,"Asteraceae",NA,9,1982,2022,NA,"Least concern",NA
1007800,69900,"Bupleurum ranunculoides L.",NA,"Apiaceae",NA,1,2021,2021,NA,"Least concern",NA
1007810,70000,"Bupleurum ranunculoides L. subsp. ranunculoides",NA,"Apiaceae",NA,1,2021,2021,NA,"Least concern",NA
1007830,70200,"Bupleurum rotundifolium L.",NA,"Apiaceae",NA,0,1966,1966,NA,"Endangered",NA
1007940,71400,"Calamagrostis varia (Schrad.) Host",NA,"Poaceae",NA,3,1982,2022,NA,"Least concern",NA
1008160,73600,"Calluna vulgaris (L.) Hull",NA,"Ericaceae",NA,14,1982,2025,NA,"Least concern",NA
1008180,73700,"Caltha palustris L.",NA,"Ranunculaceae",NA,1,1982,2016,NA,"Least concern",NA
1008230,74200,"Camelina microcarpa DC.",NA,"Brassicaceae",NA,0,1966,1966,NA,"Vulnerable",NA
1008300,74700,"Campanula barbata L.",NA,"Campanulaceae",NA,3,1982,2021,NA,"Least concern",NA
1008390,75200,"Campanula cochleariifolia Lam.",NA,"Campanulaceae",NA,3,1982,2022,NA,"Least concern",NA
1008630,77000,"Campanula rhomboidalis L.",NA,"Campanulaceae",NA,1,1947,1982,NA,"Least concern",NA
1008640,77100,"Campanula rotundifolia L.",NA,"Campanulaceae",NA,2,1982,2022,NA,"Least concern",NA
1008650,77200,"Campanula scheuchzeri Vill.",NA,"Campanulaceae",NA,8,1954,2021,NA,"Least concern",NA
1008680,77500,"Campanula thyrsoides L.",NA,"Campanulaceae",NA,1,1982,2002,NA,"Least concern",NA
1008690,77600,"Campanula trachelium L.",NA,"Campanulaceae",NA,1,1982,2025,NA,"Least concern",NA
1008740,78000,"Capsella rubella Reut.",NA,"Brassicaceae",NA,0,1966,1966,NA,"Least concern",NA
1008890,78900,"Cardamine hirsuta L.",NA,"Brassicaceae",NA,2,1982,2025,NA,"Least concern",NA
1008950,79600,"Cardamine pentaphyllos (L.) Crantz",NA,"Brassicaceae",NA,3,1982,2025,NA,"Least concern",NA
1008990,79790,"Cardamine pratensis L.",NA,"Brassicaceae",NA,9,1954,1962,NA,"Least concern",NA
1008970,79900,"Cardamine pratensis aggr.",NA,"Brassicaceae",NA,9,1954,1962,NA,"Least concern",NA
1009170,81595,"Carduus defloratus L.",NA,"Asteraceae",NA,11,2002,2021,NA,"Least concern",NA
1009510,84900,"Carex caryophyllea Latourr.",NA,"Cyperaceae",NA,2,1982,2002,NA,"Least concern",NA
1009730,87200,"Carex ferruginea Scop.",NA,"Cyperaceae",NA,8,1982,2022,NA,"Least concern",NA
1009760,87500,"Carex flacca Schreb.",NA,"Cyperaceae",NA,21,1982,2022,NA,"Least concern",NA
1009780,87600,"Carex flava L.",NA,"Cyperaceae",NA,0,1982,1982,NA,"Least concern",NA
1009770,87605,"Carex flava aggr.",NA,"Cyperaceae",NA,1,1982,2022,NA,"Least concern",NA
1009880,88600,"Carex hirta L.",NA,"Cyperaceae",NA,2,1954,1982,NA,"Least concern",NA
1009970,89500,"Carex leporina L.",NA,"Cyperaceae",NA,3,1954,1982,NA,"Least concern",NA
1010040,90300,"Carex montana L.",NA,"Cyperaceae",NA,23,1982,2002,NA,"Least concern",NA
1010060,90500,"Carex muricata aggr.",NA,"Cyperaceae",NA,1,1954,1954,NA,"Least concern",NA
1010070,90700,"Carex nigra (L.) Reichard",NA,"Cyperaceae",NA,1,1962,1962,NA,"Least concern",NA
1010130,91600,"Carex pallescens L.",NA,"Cyperaceae",NA,7,1954,2002,NA,"Least concern",NA
1010140,91700,"Carex panicea L.",NA,"Cyperaceae",NA,11,1982,2002,NA,"Least concern",NA
1010260,93100,"Carex pulicaris L.",NA,"Cyperaceae",NA,4,1982,2002,NA,"Near threatened",NA
1010340,93900,"Carex sempervirens Vill.",NA,"Cyperaceae",NA,15,1881,2002,NA,"Least concern",NA
1010390,94700,"Carex sylvatica Huds.",NA,"Cyperaceae",NA,6,1954,2022,NA,"Least concern",NA
1010490,95800,"Carlina acaulis L.",NA,"Asteraceae",NA,21,1982,2022,NA,"Least concern",NA
1010610,97100,"Carum carvi L.",NA,"Apiaceae",NA,7,1954,2022,NA,"Least concern",NA
1010820,98750,"Centaurea jacea L.",NA,"Asteraceae",NA,9,1954,2002,NA,"Least concern",NA
1010830,98800,"Centaurea jacea L. subsp. jacea",NA,"Asteraceae",NA,4,1982,2002,NA,"Least concern",NA
1010865,99030,"Centaurea jacea aggr.",NA,"Asteraceae",NA,10,1954,2022,NA,"",NA
1010840,98900,"Centaurea jacea subsp. angustifolia Gremli",NA,"Asteraceae",NA,0,1982,1982,NA,"Near threatened",NA
1010890,99200,"Centaurea montana L.",NA,"Asteraceae",NA,4,1982,2022,NA,"Least concern",NA
1010930,99600,"Centaurea nigrescens Willd.",NA,"Asteraceae",NA,0,1966,1966,NA,"Least concern",NA
1011150,101300,"Centaurium pulchellum (Sw.) Druce",NA,"Gentianaceae",NA,0,1982,1982,NA,"Vulnerable",NA
1011190,101800,"Cephalanthera damasonium (Mill.) Druce",NA,"Orchidaceae",NA,1,1966,2013,NA,"Least concern",NA
1011200,101900,"Cephalanthera longifolia (L.) Fritsch",NA,"Orchidaceae",NA,8,1982,2016,NA,"Least concern",NA
1011390,103595,"Cerastium fontanum Baumg.",NA,"Caryophyllaceae",NA,12,1954,2022,NA,"Least concern",NA
1011420,103800,"Cerastium fontanum subsp. vulgare (Hartm.) Greuter & Burdet",NA,"Caryophyllaceae",NA,9,1954,1982,NA,"Least concern",NA
1011710,106700,"Chaerophyllum hirsutum L.",NA,"Apiaceae",NA,9,1954,2022,NA,"Least concern",NA
1011700,106705,"Chaerophyllum hirsutum aggr.",NA,"Apiaceae",NA,15,1954,2022,NA,"Least concern",NA
1011730,107100,"Chaerophyllum villarsii W. D. J. Koch",NA,"Apiaceae",NA,6,1982,2022,NA,"Least concern",NA
1011840,108200,"Chelidonium majus L.",NA,"Papaveraceae",NA,1,1982,2025,NA,"Least concern",NA
1011880,108500,"Chenopodium bonus-henricus L.",NA,"Amaranthaceae",NA,3,1982,2022,NA,"Least concern",NA
1011920,109100,"Chenopodium glaucum L.",NA,"Amaranthaceae",NA,0,1982,1982,NA,"Near threatened",NA
1012190,112800,"Cicerbita alpina (L.) Wallr.",NA,"Asteraceae",NA,1,1982,2022,NA,"Least concern",NA
1012280,113500,"Circaea lutetiana L.",NA,"Onagraceae",NA,1,1982,2022,NA,"Least concern",NA
1012290,113600,"Circaea ×intermedia Ehrh.",NA,"Onagraceae",NA,0,1966,1966,NA,"Least concern",NA
1012300,113700,"Cirsium acaule Scop.",NA,"Asteraceae",NA,18,1982,2022,NA,"Least concern",NA
1012310,113800,"Cirsium arvense (L.) Scop.",NA,"Asteraceae",NA,0,1982,1982,NA,"Least concern",NA
1012400,114800,"Cirsium oleraceum (L.) Scop.",NA,"Asteraceae",NA,11,1954,2025,NA,"Least concern",NA
1012420,114900,"Cirsium palustre (L.) Scop.",NA,"Asteraceae",NA,3,1982,2022,NA,"Least concern",NA
1012450,115300,"Cirsium spinosissimum (L.) Scop.",NA,"Asteraceae",NA,2,1982,2022,NA,"Least concern",NA
1012620,116400,"Clematis vitalba L.",NA,"Ranunculaceae",NA,2,1982,2025,NA,"Least concern",NA
1012660,116600,"Clinopodium vulgare L.",NA,"Lamiaceae",NA,3,1982,2022,NA,"Least concern",NA
1012810,117700,"Colchicum autumnale L.",NA,"Colchicaceae",NA,4,1954,2021,NA,"Least concern",NA
1012960,118500,"Conringia orientalis (L.) Dumort.",NA,"Brassicaceae",NA,0,1966,1966,NA,"",NA
1013030,118900,"Convolvulus arvensis L.",NA,"Convolvulaceae",NA,0,1982,1982,NA,"Least concern",NA
1013160,119700,"Cornus sanguinea L.",NA,"Cornaceae",NA,1,1982,2021,NA,"Least concern",NA
1013170,119800,"Cornus sericea L.",NA,"Cornaceae",NA,1,2025,2025,NA,"",NA
1013320,121600,"Corylus avellana L.",NA,"Betulaceae",NA,3,1982,2025,NA,"Least concern",NA
1013630,123000,"Crepis aurea (L.) Cass.",NA,"Asteraceae",NA,10,1954,2022,NA,"Least concern",NA
1013640,123100,"Crepis biennis L.",NA,"Asteraceae",NA,7,1954,2002,NA,"Least concern",NA
1013650,123300,"Crepis bocconei P. D. Sell",NA,"Asteraceae",NA,2,1982,2002,NA,"Least concern",NA
1013670,123500,"Crepis conyzifolia (Gouan) A. Kern.",NA,"Asteraceae",NA,0,1982,1982,NA,"Least concern",NA
1013760,124300,"Crepis paludosa (L.) Moench",NA,"Asteraceae",NA,1,1982,2022,NA,"Least concern",NA
1013800,124800,"Crepis pyrenaica (L.) Greuter",NA,"Asteraceae",NA,3,1982,2002,NA,"Least concern",NA
1013820,125200,"Crepis setosa Haller f.",NA,"Asteraceae",NA,0,1966,1966,NA,"",NA
1013880,125800,"Crocus albiflorus Kit.",NA,"Iridaceae",NA,11,1911,2002,NA,"Least concern",NA
1014130,127800,"Cuscuta epithymum (L.) L.",NA,"Convolvulaceae",NA,1,1931,1982,NA,"Least concern",NA
1014220,128600,"Cymbalaria muralis G. Gaertn. & al.",NA,"Plantaginaceae",NA,1,1982,2021,NA,"Least concern",NA
1014320,129400,"Cynosurus cristatus L.",NA,"Poaceae",NA,14,1954,2022,NA,"Least concern",NA
1014380,129700,"Cyperus flavescens L.",NA,"Cyperaceae",NA,0,1982,1982,NA,"Vulnerable",NA
1014410,130000,"Cyperus longus L.",NA,"Cyperaceae",NA,0,1966,1966,NA,"Endangered",NA
1014500,130500,"Cystopteris alpina (Lam.) Desv.",NA,"Cystopteridaceae",NA,1,1982,2022,NA,"Least concern",NA
1014515,130750,"Cystopteris fragilis aggr.",NA,"Cystopteridaceae",NA,2,2022,2022,NA,"",NA
1014610,131800,"Dactylis glomerata L.",NA,"Poaceae",NA,26,1954,2022,NA,"Least concern",NA
1014620,131850,"Dactylis glomerata L. subsp. glomerata",NA,"Poaceae",NA,1,2022,2022,NA,"",NA
1014760,132600,"Dactylorhiza maculata (L.) Soó",NA,"Orchidaceae",NA,33,1982,2016,NA,"Least concern",NA
1014775,132630,"Dactylorhiza maculata subsp. fuchsii (Druce) Hyl.",NA,"Orchidaceae",NA,12,2001,2016,NA,"Least concern",NA
1014800,132700,"Dactylorhiza majalis (Rchb.) P. F. Hunt & Summerh.",NA,"Orchidaceae",NA,1,1982,2013,NA,"Least concern",NA
1014860,133100,"Danthonia decumbens (L.) DC.",NA,"Poaceae",NA,2,1982,2002,NA,"Least concern",NA
1014900,133600,"Daphne mezereum L.",NA,"Thymelaeaceae",NA,2,1982,2022,NA,"Least concern",NA
1014950,133900,"Daucus carota L.",NA,"Apiaceae",NA,4,1982,2021,NA,"Least concern",NA
1015010,134300,"Delphinium elatum L.",NA,"Ranunculaceae",NA,1,1921,1982,NA,"Near threatened",NA
1015040,134800,"Deschampsia cespitosa (L.) P. Beauv.",NA,"Poaceae",NA,15,1954,2022,NA,"Least concern",NA
1015360,137300,"Digitalis lutea L.",NA,"Plantaginaceae",NA,2,1982,2022,NA,"Least concern",NA
1015377,137500,"Digitaria ischaemum aggr.",NA,"Poaceae",NA,0,1982,1982,NA,"Least concern",NA
1015385,137600,"Digitaria sanguinalis aggr.",NA,"Poaceae",NA,0,1982,1982,NA,"Least concern",NA
1015490,138900,"Diplotaxis muralis (L.) DC.",NA,"Brassicaceae",NA,0,1966,1966,NA,"Near threatened",NA
1015520,139200,"Dipsacus fullonum L.",NA,"Caprifoliaceae",NA,0,1966,1966,NA,"Least concern",NA
1015540,139400,"Dipsacus pilosus L.",NA,"Caprifoliaceae",NA,0,1966,1966,NA,"Near threatened",NA
1015590,140000,"Doronicum grandiflorum Lam.",NA,"Asteraceae",NA,1,1878,1878,NA,"Least concern",NA
1015670,140500,"Draba aizoides L.",NA,"Brassicaceae",NA,1,2022,2022,NA,"Least concern",NA
1015820,142000,"Drosera anglica Huds.",NA,"Droseraceae",NA,0,1966,1966,NA,"Vulnerable",NA
1015860,142500,"Dryas octopetala L.",NA,"Rosaceae",NA,5,1893,2022,NA,"Least concern",NA
1015870,142600,"Dryopteris affinis (Lowe) Fraser-Jenk.",NA,"Dryopteridaceae",NA,1,1982,2022,NA,"Least concern",NA
1015925,143350,"Dryopteris dilatata aggr.",NA,"Dryopteridaceae",NA,2,1982,2022,NA,"",NA
1015950,143500,"Dryopteris filix-mas (L.) Schott",NA,"Dryopteridaceae",NA,3,1982,2022,NA,"Least concern",NA
1016030,144100,"Echinochloa crus-galli (L.) P. Beauv.",NA,"Poaceae",NA,0,1982,1982,NA,"Least concern",NA
1016120,144500,"Echium vulgare L.",NA,"Boraginaceae",NA,1,2022,2022,NA,"Least concern",NA
1016320,145900,"Eleocharis quinqueflora (Hartmann) O. Schwarz",NA,"Cyperaceae",NA,0,1982,1982,NA,"Least concern",NA
1016450,146560,"Elymus repens (L.) Gould",NA,"Poaceae",NA,0,1982,1982,NA,"Least concern",NA
1016520,147500,"Epilobium alsinifolium Vill.",NA,"Onagraceae",NA,1,1947,1982,NA,"Least concern",NA
1016540,147700,"Epilobium angustifolium L.",NA,"Onagraceae",NA,2,1982,2022,NA,"Least concern",NA
1016670,149100,"Epilobium roseum Schreb.",NA,"Onagraceae",NA,0,1982,1982,NA,"Least concern",NA
1016740,149600,"Epipactis atrorubens Besser",NA,"Orchidaceae",NA,3,1982,2022,NA,"Least concern",NA
1016770,149660,"Epipactis helleborine (L.) Crantz",NA,"Orchidaceae",NA,12,2004,2016,NA,"Least concern",NA
1016780,149800,"Epipactis helleborine aggr.",NA,"Orchidaceae",NA,13,1982,2022,NA,"Least concern",NA
1016910,150500,"Epipogium aphyllum Sw.",NA,"Orchidaceae",NA,2,1890,1982,NA,"Vulnerable",NA
1016920,150600,"Equisetum arvense L.",NA,"Equisetaceae",NA,3,1954,2022,NA,"Least concern",NA
1016980,151400,"Equisetum sylvaticum L.",NA,"Equisetaceae",NA,1,1982,2022,NA,"Least concern",NA
1016990,151500,"Equisetum telmateia Ehrh.",NA,"Equisetaceae",NA,2,1920,2022,NA,"Least concern",NA
1017400,152400,"Erica carnea L.",NA,"Ericaceae",NA,8,1982,2022,NA,"Least concern",NA
1017490,153600,"Erigeron alpinus L.",NA,"Asteraceae",NA,1,1877,1877,NA,"Least concern",NA
1017485,153650,"Erigeron alpinus aggr.",NA,"Asteraceae",NA,1,1877,1877,NA,"",NA
1017510,153800,"Erigeron annuus (L.) Desf.",NA,"Asteraceae",NA,8,1982,2025,NA,"",NA
1017830,157100,"Erucastrum nasturtiifolium (Poir.) O. E. Schulz",NA,"Brassicaceae",NA,0,1966,1966,NA,"Least concern",NA
1017900,157500,"Erysimum cheiri (L.) Crantz",NA,"Brassicaceae",NA,0,1966,1966,NA,"",NA
1018110,159300,"Eupatorium cannabinum L.",NA,"Asteraceae",NA,2,1982,2022,NA,"Least concern",NA
1018170,159800,"Euphorbia cyparissias L.",NA,"Euphorbiaceae",NA,1,1982,2021,NA,"Least concern",NA
1018220,160000,"Euphorbia exigua L.",NA,"Euphorbiaceae",NA,0,1966,1966,NA,"Near threatened",NA
1018260,160200,"Euphorbia helioscopia L.",NA,"Euphorbiaceae",NA,0,1982,1982,NA,"Least concern",NA
1018360,161000,"Euphorbia platyphyllos L.",NA,"Euphorbiaceae",NA,0,1982,1982,NA,"Least concern",NA
1018480,161600,"Euphorbia stricta L.",NA,"Euphorbiaceae",NA,0,1982,1982,NA,"Least concern",NA
1018600,162750,"Euphrasia minima Schleich.",NA,"Orobanchaceae",NA,1,1982,2021,NA,"Least concern",NA
1018700,163450,"Euphrasia rostkoviana Hayne",NA,"Orobanchaceae",NA,3,1982,2022,NA,"Least concern",NA
1018685,163850,"Euphrasia rostkoviana aggr.",NA,"Orobanchaceae",NA,4,1982,2025,NA,"",NA
1018840,165000,"Fagus sylvatica L.",NA,"Fagaceae",NA,2,1982,2022,NA,"Least concern",NA
1019010,165900,"Festuca amethystina L.",NA,"Poaceae",NA,0,1982,1982,NA,"Least concern",NA
1019020,166100,"Festuca arundinacea Schreb.",NA,"Poaceae",NA,0,1982,1982,NA,"Least concern",NA
1019220,167900,"Festuca heterophylla Lam.",NA,"Poaceae",NA,1,1880,1880,NA,"Least concern",NA
1019240,168150,"Festuca laevigata Gaudin",NA,"Poaceae",NA,1,1880,1880,NA,"",NA
1019250,168160,"Festuca laevigata Gaudin subsp. laevigata",NA,"Poaceae",NA,1,1880,1880,NA,"Least concern",NA
1019310,168590,"Festuca ovina aggr.",NA,"Poaceae",NA,14,1880,2002,NA,"Least concern",NA
1019309,168580,"Festuca ovina superaggr.",NA,"",NA,14,1880,2002,NA,"",NA
1019380,169100,"Festuca pratensis Huds.",NA,"Poaceae",NA,13,1954,1982,NA,"Least concern",NA
1019470,170200,"Festuca rubra aggr.",NA,"Poaceae",NA,33,1954,2002,NA,"Least concern",NA
1019670,172100,"Festuca violacea aggr.",NA,"Poaceae",NA,1,2002,2002,NA,"Least concern",NA
1019770,173100,"Filipendula ulmaria (L.) Maxim.",NA,"Rosaceae",NA,2,1982,2022,NA,"Least concern",NA
1019890,173500,"Fourraea alpina (L.) Greuter & Burdet",NA,"Brassicaceae",NA,0,1982,1982,NA,"Near threatened",NA
1019920,173800,"Fragaria vesca L.",NA,"Rosaceae",NA,5,1982,2022,NA,"Least concern",NA
1019970,174200,"Fraxinus excelsior L.",NA,"Oleaceae",NA,4,1982,2022,NA,"Least concern",NA
1020160,175620,"Gagea fragifera (Vill.) Ehr. Bayer & G. López",NA,"Liliaceae",NA,0,1982,1982,NA,"Least concern",NA
1020350,177100,"Galeopsis tetrahit L.",NA,"Lamiaceae",NA,2,1982,2022,NA,"Least concern",NA
1020360,177350,"Galinsoga quadriradiata Ruiz & Pav.",NA,"Asteraceae",NA,1,1982,2022,NA,"",NA
1020380,177400,"Galium album Mill.",NA,"Rubiaceae",NA,3,2002,2022,NA,"Least concern",NA
1020510,179000,"Galium mollugo aggr.",NA,"Rubiaceae",NA,5,1954,2022,NA,"Least concern",NA
1020560,179300,"Galium odoratum (L.) Scop.",NA,"Rubiaceae",NA,2,1982,2022,NA,"Least concern",NA
1020570,179400,"Galium palustre L.",NA,"Rubiaceae",NA,0,1982,1982,NA,"Least concern",NA
1020565,179450,"Galium palustre aggr.",NA,"Rubiaceae",NA,0,1982,1982,NA,"",NA
1020600,179700,"Galium pumilum Murray",NA,"Rubiaceae",NA,20,1982,2002,NA,"Least concern",NA
1020595,179650,"Galium pumilum aggr.",NA,"Rubiaceae",NA,20,1982,2002,NA,"",NA
1020620,179900,"Galium rotundifolium L.",NA,"Rubiaceae",NA,1,1982,2021,NA,"Least concern",NA
1020710,180700,"Galium uliginosum L.",NA,"Rubiaceae",NA,0,1982,1982,NA,"Least concern",NA
1020730,180900,"Galium verum L.",NA,"Rubiaceae",NA,3,1982,2002,NA,"Least concern",NA
1020890,182200,"Gentiana acaulis L.",NA,"Gentianaceae",NA,1,1881,1881,NA,"Least concern",NA
1020940,182700,"Gentiana asclepiadea L.",NA,"Gentianaceae",NA,6,1982,2022,NA,"Least concern",NA
1021030,183400,"Gentiana ciliata L.",NA,"Gentianaceae",NA,2,1982,2021,NA,"Least concern",NA
1021040,183500,"Gentiana clusii E. P. Perrier & Songeon",NA,"Gentianaceae",NA,1,1982,2002,NA,"Least concern",NA
1021170,184600,"Gentiana pneumonanthe L.",NA,"Gentianaceae",NA,0,1982,1982,NA,"Vulnerable",NA
1021200,184900,"Gentiana purpurea L.",NA,"Gentianaceae",NA,1,2021,2021,NA,"Least concern",NA
1021250,185400,"Gentiana verna L.",NA,"Gentianaceae",NA,8,1982,2025,NA,"Least concern",NA
1021440,188500,"Geranium pusillum L.",NA,"Geraniaceae",NA,0,1982,1982,NA,"Least concern",NA
1021450,188600,"Geranium pyrenaicum Burm. f.",NA,"Geraniaceae",NA,1,1982,2022,NA,"Least concern",NA
1021470,188795,"Geranium robertianum L.",NA,"Geraniaceae",NA,3,1982,2025,NA,"Least concern",NA
1021480,188800,"Geranium robertianum L. subsp. robertianum",NA,"Geraniaceae",NA,2,1982,2022,NA,"Least concern",NA
1021530,189300,"Geranium sylvaticum L.",NA,"Geraniaceae",NA,16,1954,2022,NA,"Least concern",NA
1021540,189400,"Geum montanum L.",NA,"Rosaceae",NA,1,2021,2021,NA,"Least concern",NA
1021570,189600,"Geum rivale L.",NA,"Rosaceae",NA,4,1954,2022,NA,"Least concern",NA
1021580,189700,"Geum urbanum L.",NA,"Rosaceae",NA,2,1982,2022,NA,"Least concern",NA
1021690,190500,"Glechoma hederacea L.",NA,"Lamiaceae",NA,2,1954,2025,NA,"Least concern",NA
1021740,191000,"Globularia cordifolia L.",NA,"Plantaginaceae",NA,1,1982,2022,NA,"Least concern",NA
1021750,191200,"Globularia nudicaulis L.",NA,"Plantaginaceae",NA,21,1881,2025,NA,"Least concern",NA
1021765,191550,"Glyceria fluitans aggr.",NA,"Poaceae",NA,1,1982,2016,NA,"",NA
1021790,191700,"Glyceria notata Chevall.",NA,"Poaceae",NA,1,1982,2016,NA,"Least concern",NA
1021950,193200,"Gymnadenia conopsea (L.) R. Br.",NA,"Orchidaceae",NA,30,1895,2022,NA,"Least concern",NA
1021960,193220,"Gymnadenia conopsea var. densiflora (Wahlenb.) Aver.",NA,"Orchidaceae",NA,1,2004,2004,NA,"",NA
1021970,193300,"Gymnadenia odoratissima (L.) Rich.",NA,"Orchidaceae",NA,1,1895,1982,NA,"Least concern",NA
1021980,193400,"Gymnocarpium dryopteris (L.) Newman",NA,"Cystopteridaceae",NA,3,1982,2022,NA,"Least concern",NA
1021990,193500,"Gymnocarpium robertianum (Hoffm.) Newman",NA,"Cystopteridaceae",NA,2,1982,2022,NA,"Least concern",NA
1022020,193800,"Gypsophila repens L.",NA,"Caryophyllaceae",NA,1,1982,2021,NA,"Least concern",NA
1022100,194000,"Hedera helix L.",NA,"Araliaceae",NA,2,1982,2025,NA,"Least concern",NA
1022180,194895,"Helianthemum nummularium (L.) Mill.",NA,"Cistaceae",NA,13,1982,2025,NA,"Least concern",NA
1022190,194900,"Helianthemum nummularium (L.) Mill. subsp. nummularium",NA,"Cistaceae",NA,0,1982,1982,NA,"Near threatened",NA
1022390,196800,"Helictotrichon pubescens (Huds.) Pilg.",NA,"Poaceae",NA,10,1954,2002,NA,"Least concern",NA
1022560,197900,"Hepatica nobilis Schreb.",NA,"Ranunculaceae",NA,1,1982,2016,NA,"Least concern",NA
1022590,198595,"Heracleum sphondylium L.",NA,"Apiaceae",NA,13,1954,2022,NA,"Least concern",NA
1022600,198600,"Heracleum sphondylium L. subsp. sphondylium",NA,"Apiaceae",NA,1,1982,2022,NA,"Least concern",NA
1022800,200000,"Hieracium amplexicaule L.",NA,"Asteraceae",NA,3,1982,2022,NA,"Least concern",NA
1022940,201500,"Hieracium glaucinum aggr.",NA,"Asteraceae",NA,1,1947,1947,NA,"Least concern",NA
1023030,202000,"Hieracium lachenalii C. C. Gmel.",NA,"Asteraceae",NA,2,1947,1982,NA,"Least concern",NA
1023040,202100,"Hieracium lactucella Wallr.",NA,"Asteraceae",NA,7,1982,2022,NA,"Least concern",NA
1023050,202300,"Hieracium laevigatum aggr.",NA,"Asteraceae",NA,0,1966,1966,NA,"Least concern",NA
1023110,202700,"Hieracium murorum aggr.",NA,"Asteraceae",NA,11,1982,2022,NA,"Least concern",NA
1023200,203400,"Hieracium pilosella L.",NA,"Asteraceae",NA,12,1982,2022,NA,"Least concern",NA
1023270,203900,"Hieracium prenanthoides aggr.",NA,"Asteraceae",NA,1,1947,1982,NA,"Least concern",NA
1023320,204400,"Hieracium sabaudum aggr.",NA,"Asteraceae",NA,0,1966,1966,NA,"Least concern",NA
1023460,205600,"Hieracium umbellatum aggr.",NA,"Asteraceae",NA,2,1982,2025,NA,"Least concern",NA
1023580,206300,"Hippocrepis comosa L.",NA,"Fabaceae",NA,17,1982,2022,NA,"Least concern",NA
1023620,206700,"Hirschfeldia incana (L.) Lagr.-Foss.",NA,"Brassicaceae",NA,0,1966,1966,NA,"",NA
1023630,206800,"Holcus lanatus L.",NA,"Poaceae",NA,22,1954,2022,NA,"Least concern",NA
1023680,207300,"Homogyne alpina (L.) Cass.",NA,"Asteraceae",NA,5,1982,2022,NA,"Least concern",NA
1023690,207400,"Hordelymus europaeus (L.) Harz",NA,"Poaceae",NA,3,1974,2022,NA,"Least concern",NA
1023720,207795,"Hordeum murinum L.",NA,"Poaceae",NA,0,1966,1966,NA,"Least concern",NA
1023730,207800,"Hordeum murinum L. subsp. murinum",NA,"Poaceae",NA,0,1966,1966,NA,"Least concern",NA
1023860,208900,"Huperzia selago (L.) Schrank & Mart.",NA,"Lycopodiaceae",NA,1,1982,2021,NA,"Least concern",NA
1024040,210500,"Hypericum hirsutum L.",NA,"Hypericaceae",NA,0,1982,1982,NA,"Least concern",NA
1024060,210695,"Hypericum maculatum Crantz",NA,"Hypericaceae",NA,0,1982,1982,NA,"Least concern",NA
1024080,210800,"Hypericum maculatum subsp. obtusiusculum (Tourlet) Hayek",NA,"Hypericaceae",NA,0,1982,1982,NA,"Least concern",NA
1024100,210900,"Hypericum montanum L.",NA,"Hypericaceae",NA,4,1982,2025,NA,"Least concern",NA
1024130,211050,"Hypericum perforatum L.",NA,"Hypericaceae",NA,3,1982,2025,NA,"Least concern",NA
1024140,211100,"Hypericum perforatum L. subsp. perforatum",NA,"Hypericaceae",NA,2,1982,2002,NA,"Least concern",NA
1024180,211500,"Hypericum tetrapterum Fr.",NA,"Hypericaceae",NA,0,1982,1982,NA,"Least concern",NA
1024230,212100,"Hypochaeris radicata L.",NA,"Asteraceae",NA,6,1954,2022,NA,"Least concern",NA
1024330,212900,"Iberis pinnata L.",NA,"Brassicaceae",NA,0,1966,1966,NA,"Regionally extinct",NA
1024370,213300,"Ilex aquifolium L.",NA,"Aquifoliaceae",NA,1,1982,2021,NA,"Least concern",NA
1024650,215500,"Iris pseudacorus L.",NA,"Iridaceae",NA,0,1966,1966,NA,"Least concern",NA
1024880,217500,"Juglans regia L.",NA,"Juglandaceae",NA,1,1982,2021,NA,"Least concern",NA
1024890,217600,"Juncus acutiflorus Hoffm.",NA,"Juncaceae",NA,0,1982,1982,NA,"Near threatened",NA
1024930,218100,"Juncus articulatus L.",NA,"Juncaceae",NA,3,1982,2022,NA,"Least concern",NA
1024925,218150,"Juncus articulatus aggr.",NA,"Juncaceae",NA,3,1982,2022,NA,"",NA
1024940,218200,"Juncus bufonius L.",NA,"Juncaceae",NA,1,1982,2016,NA,"Least concern",NA
1024990,218700,"Juncus conglomeratus L.",NA,"Juncaceae",NA,0,1982,1982,NA,"Least concern",NA
1025000,218800,"Juncus effusus L.",NA,"Juncaceae",NA,5,1962,2022,NA,"Least concern",NA
1025010,218900,"Juncus filiformis L.",NA,"Juncaceae",NA,0,1966,1966,NA,"Least concern",NA
1025030,219100,"Juncus inflexus L.",NA,"Juncaceae",NA,1,1982,2016,NA,"Least concern",NA
1025110,220000,"Juncus tenuis Willd.",NA,"Juncaceae",NA,0,1982,1982,NA,"",NA
1025140,220395,"Juniperus communis L.",NA,"Cupressaceae",NA,1,1982,2021,NA,"Least concern",NA
1025160,220500,"Juniperus communis subsp. alpina Čelak.",NA,"Cupressaceae",NA,1,1982,2021,NA,"Least concern",NA
1025190,221000,"Kernera saxatilis (L.) Sweet",NA,"Brassicaceae",NA,1,1982,2016,NA,"Least concern",NA
1025230,221400,"Knautia arvensis (L.) Coult.",NA,"Caprifoliaceae",NA,6,1954,2002,NA,"Least concern",NA
1025240,221450,"Knautia dipsacifolia Kreutzer",NA,"Caprifoliaceae",NA,5,1982,2022,NA,"Least concern",NA
1025250,221500,"Knautia dipsacifolia Kreutzer subsp. dipsacifolia",NA,"Caprifoliaceae",NA,3,1982,2002,NA,"Least concern",NA
1025480,223900,"Koeleria pyramidata (Lam.) P. Beauv.",NA,"Poaceae",NA,2,2002,2002,NA,"Least concern",NA
1025490,223905,"Koeleria pyramidata aggr.",NA,"Poaceae",NA,2,2002,2002,NA,"Least concern",NA
1025780,226900,"Lapsana communis L.",NA,"Asteraceae",NA,2,1982,2025,NA,"Least concern",NA
1025810,227200,"Larix decidua Mill.",NA,"Pinaceae",NA,2,1982,2022,NA,"Least concern",NA
1025860,227700,"Laserpitium latifolium L.",NA,"Apiaceae",NA,1,1982,2016,NA,"Least concern",NA
1026030,230200,"Lathyrus occidentalis (Fisch. & C. A. Mey.) Fritsch",NA,"Fabaceae",NA,1,1982,2002,NA,"Least concern",NA
1026050,230400,"Lathyrus pratensis L.",NA,"Fabaceae",NA,9,1954,2022,NA,"Least concern",NA
1026290,232700,"Leontodon autumnalis L.",NA,"Asteraceae",NA,6,1954,2002,NA,"Least concern",NA
1026330,233000,"Leontodon hispidus L.",NA,"Asteraceae",NA,28,1954,2025,NA,"Least concern",NA
1026360,233400,"Leontodon hispidus subsp. hyoseroides (Rchb.) Murr",NA,"Asteraceae",NA,0,1982,1982,NA,"Least concern",NA
1026470,234600,"Leontopodium alpinum Cass.",NA,"Asteraceae",NA,2,1878,1880,NA,"Least concern",NA
1026570,235700,"Lepidium sativum L.",NA,"Brassicaceae",NA,0,1966,1966,NA,"",NA
1026730,236800,"Leucanthemum vulgare Lam.",NA,"Asteraceae",NA,9,1954,1982,NA,"Least concern",NA
1026710,236905,"Leucanthemum vulgare aggr.",NA,"Asteraceae",NA,29,1954,2022,NA,"Least concern",NA
1026760,237100,"Leucojum vernum L.",NA,"Amaryllidaceae",NA,0,1982,1982,NA,"Least concern",NA
1026810,237800,"Ligusticum mutellina (L.) Crantz",NA,"Apiaceae",NA,2,1982,2002,NA,"Least concern",NA
1026890,238500,"Lilium martagon L.",NA,"Liliaceae",NA,1,1982,2021,NA,"Least concern",NA
1026920,238800,"Linaria alpina (L.) Mill.",NA,"Plantaginaceae",NA,1,1982,2022,NA,"Least concern",NA
1026930,238900,"Linaria alpina (L.) Mill. subsp. alpina",NA,"Plantaginaceae",NA,1,1982,2022,NA,"Least concern",NA
1027130,241100,"Linum catharticum L.",NA,"Linaceae",NA,15,1982,2022,NA,"Least concern",NA
1027220,242000,"Listera ovata (L.) R. Br.",NA,"Orchidaceae",NA,21,1982,2016,NA,"Least concern",NA
1027230,242200,"Lithospermum officinale L.",NA,"Boraginaceae",NA,0,1966,1966,NA,"Near threatened",NA
1027290,242600,"Loiseleuria procumbens (L.) Desv.",NA,"Ericaceae",NA,1,1881,1881,NA,"Least concern",NA
1027300,242700,"Lolium multiflorum Lam.",NA,"Poaceae",NA,2,1982,2021,NA,"",NA
1027310,242800,"Lolium perenne L.",NA,"Poaceae",NA,9,1954,1982,NA,"Least concern",NA
1027370,243400,"Lonicera alpigena L.",NA,"Caprifoliaceae",NA,1,1982,2021,NA,"Least concern",NA
1027490,244200,"Lonicera xylosteum L.",NA,"Caprifoliaceae",NA,2,1982,2022,NA,"Least concern",NA
1027520,244400,"Lotus corniculatus L.",NA,"Fabaceae",NA,25,1954,2002,NA,"Least concern",NA
1027510,244410,"Lotus corniculatus aggr.",NA,"Fabaceae",NA,26,1954,2021,NA,"Least concern",NA
1027700,246100,"Luzula campestris (L.) DC.",NA,"Juncaceae",NA,6,1954,2002,NA,"Least concern",NA
1027790,247100,"Luzula multiflora (Ehrh.) Lej.",NA,"Juncaceae",NA,4,1962,2002,NA,"Least concern",NA
1027785,247150,"Luzula multiflora aggr.",NA,"Juncaceae",NA,4,1962,2002,NA,"Least concern",NA
1027860,247800,"Luzula spicata (L.) DC.",NA,"Juncaceae",NA,0,1966,1966,NA,"Least concern",NA
1027920,248400,"Luzula sylvatica aggr.",NA,"Juncaceae",NA,3,1982,2022,NA,"Least concern",NA
1027960,249400,"Lycopodiella inundata (L.) Holub",NA,"Lycopodiaceae",NA,0,1966,1966,NA,"Vulnerable",NA
1027980,249700,"Lycopodium annotinum L.",NA,"Lycopodiaceae",NA,1,1982,2022,NA,"Least concern",NA
1028080,251400,"Lysimachia nemorum L.",NA,"Primulaceae",NA,4,1954,2021,NA,"Least concern",NA
1028090,251500,"Lysimachia nummularia L.",NA,"Primulaceae",NA,2,1954,2002,NA,"Least concern",NA
1028210,252400,"Maianthemum bifolium (L.) F. W. Schmidt",NA,"Asparagaceae",NA,1,1982,2021,NA,"Least concern",NA
1028270,252900,"Malus sylvestris (L.) Mill.",NA,"Rosaceae",NA,1,1982,2021,NA,"Near threatened",NA
1028280,253000,"Malus sylvestris aggr.",NA,"Rosaceae",NA,1,1982,2021,NA,"",NA
1028320,253300,"Malva moschata L.",NA,"Malvaceae",NA,1,1851,1851,NA,"Least concern",NA
1028420,254000,"Matricaria chamomilla L.",NA,"Asteraceae",NA,0,1982,1982,NA,"Least concern",NA
1028530,255300,"Medicago lupulina L.",NA,"Fabaceae",NA,6,1954,2022,NA,"Least concern",NA
1028660,256600,"Melampyrum sylvaticum L.",NA,"Orobanchaceae",NA,1,1982,2021,NA,"Least concern",NA
1028690,256900,"Melica nutans L.",NA,"Poaceae",NA,1,1982,2022,NA,"Least concern",NA
1028760,257600,"Melilotus officinalis Lam.",NA,"Fabaceae",NA,0,1982,1982,NA,"Least concern",NA
1028800,258000,"Mentha aquatica L.",NA,"Lamiaceae",NA,0,1982,1982,NA,"Least concern",NA
1028910,258800,"Menyanthes trifoliata L.",NA,"Menyanthaceae",NA,0,1982,1982,NA,"Least concern",NA
1028940,259100,"Mercurialis perennis L.",NA,"Euphorbiaceae",NA,1,1982,2021,NA,"Least concern",NA
1029390,262900,"Moehringia muscosa L.",NA,"Caryophyllaceae",NA,1,1982,2022,NA,"Least concern",NA
1029430,263300,"Molinia arundinacea Schrank",NA,"Poaceae",NA,2,1982,2022,NA,"Least concern",NA
1029480,263800,"Monotropa hypophegea Wallr.",NA,"Ericaceae",NA,0,1966,1966,NA,"Near threatened",NA
1029500,263900,"Monotropa hypopitys L.",NA,"Ericaceae",NA,0,1982,1982,NA,"Least concern",NA
1029490,264000,"Monotropa hypopitys aggr.",NA,"Ericaceae",NA,0,1966,1982,NA,"Least concern",NA
1029640,265450,"Muscari neglectum aggr.",NA,"Asparagaceae",NA,0,1966,1966,NA,"Near threatened",NA
1029660,265500,"Muscari racemosum (L.) Mill.",NA,"Asparagaceae",NA,0,1966,1966,NA,"Data deficient",NA
1029680,265700,"Mycelis muralis (L.) Dumort.",NA,"Asteraceae",NA,2,1982,2022,NA,"Least concern",NA
1029690,265800,"Myosotis alpestris F. W. Schmidt",NA,"Boraginaceae",NA,1,1881,1982,NA,"Least concern",NA
1029700,265900,"Myosotis arvensis Hill",NA,"Boraginaceae",NA,2,1982,2002,NA,"Least concern",NA
1029770,266400,"Myosotis nemorosa Besser",NA,"Boraginaceae",NA,0,1982,1982,NA,"Least concern",NA
1029800,266800,"Myosotis scorpioides L.",NA,"Boraginaceae",NA,3,1954,1954,NA,"Least concern",NA
1029795,266850,"Myosotis scorpioides aggr.",NA,"Boraginaceae",NA,3,1954,1982,NA,"",NA
1029815,267150,"Myosotis sylvatica aggr.",NA,"Boraginaceae",NA,7,1954,1982,NA,"",NA
1029860,267500,"Myricaria germanica (L.) Desv.",NA,"Tamaricaceae",NA,0,1966,1966,NA,"Vulnerable",NA
1030080,269700,"Nardus stricta L.",NA,"Poaceae",NA,5,1982,2002,NA,"Least concern",NA
1030110,269900,"Nasturtium officinale R. Br.",NA,"Brassicaceae",NA,1,2016,2016,NA,"Least concern",NA
1030140,270100,"Neottia nidus-avis (L.) Rich.",NA,"Orchidaceae",NA,3,1982,2016,NA,"Least concern",NA
1030380,271700,"Nigritella rhellicani aggr.",NA,"Orchidaceae",NA,3,2002,2002,NA,"Least concern",NA
1030940,276300,"Ononis repens L.",NA,"Fabaceae",NA,1,1982,2025,NA,"Least concern",NA
1030960,276600,"Ononis spinosa L.",NA,"Fabaceae",NA,0,1982,1982,NA,"Least concern",NA
1030970,276700,"Ononis spinosa L. subsp. spinosa",NA,"Fabaceae",NA,0,1982,1982,NA,"Least concern",NA
1030955,276850,"Ononis spinosa aggr.",NA,"Fabaceae",NA,1,1982,2025,NA,"",NA
1031160,279100,"Ophrys insectifera L.",NA,"Orchidaceae",NA,3,1893,2013,NA,"Vulnerable",NA
1031350,280900,"Orchis mascula (L.) L.",NA,"Orchidaceae",NA,28,1982,2024,NA,"Least concern",NA
1031360,280950,"Orchis mascula (L.) L. subsp. mascula",NA,"Orchidaceae",NA,3,2013,2014,NA,"",NA
1031380,281000,"Orchis militaris L.",NA,"Orchidaceae",NA,1,1994,2024,NA,"Near threatened",NA
1031390,281100,"Orchis morio L.",NA,"Orchidaceae",NA,5,1994,2024,NA,"Vulnerable",NA
1031500,282200,"Orchis ustulata L.",NA,"Orchidaceae",NA,2,2002,2002,NA,"Near threatened",NA
1031525,282210,"Orchis ustulata L. var. ustulata",NA,"Orchidaceae",NA,1,2002,2002,NA,"",NA
1031540,282400,"Oreopteris limbosperma (All.) Holub",NA,"Thelypteridaceae",NA,4,1982,2022,NA,"Least concern",NA
1031560,282600,"Origanum vulgare L.",NA,"Lamiaceae",NA,3,1982,2016,NA,"Least concern",NA
1031805,285000,"Orobanche flava aggr.",NA,"Orobanchaceae",NA,1,1880,1982,NA,"",NA
1031880,285700,"Orobanche lutea Baumg.",NA,"Orobanchaceae",NA,0,1982,1982,NA,"Endangered",NA
1032000,286800,"Orthilia secunda (L.) House",NA,"Ericaceae",NA,1,1982,2022,NA,"Least concern",NA
1032070,287300,"Oxalis acetosella L.",NA,"Oxalidaceae",NA,4,1982,2025,NA,"Least concern",NA
1032355,290300,"Panicum capillare aggr.",NA,"Poaceae",NA,0,1966,1966,NA,"",NA
1032500,291300,"Papaver hybridum L.",NA,"Papaveraceae",NA,0,1966,1966,NA,"Critically endangered (Possibly Extinct)",NA
1032530,291800,"Papaver rhoeas L.",NA,"Papaveraceae",NA,0,1966,1966,NA,"Least concern",NA
1032560,292100,"Paradisea liliastrum (L.) Bertol.",NA,"Asparagaceae",NA,1,1966,2002,NA,"Least concern",NA
1032600,292700,"Parnassia palustris L.",NA,"Celastraceae",NA,4,1982,2022,NA,"Least concern",NA
1032645,293230,"Parthenocissus quinquefolia aggr.",NA,"Vitaceae",NA,1,2025,2025,NA,"",NA
1032800,294200,"Pedicularis foliosa L.",NA,"Orobanchaceae",NA,8,1944,2021,NA,"Least concern",NA
1032830,294500,"Pedicularis oederi Hornem.",NA,"Orobanchaceae",NA,1,1933,1933,NA,"Least concern",NA
1032940,295500,"Pedicularis verticillata L.",NA,"Orobanchaceae",NA,1,1982,2002,NA,"Least concern",NA
1033000,295700,"Petasites albus (L.) Gaertn.",NA,"Asteraceae",NA,1,1982,2016,NA,"Least concern",NA
1033010,295900,"Petasites hybridus (L.) G. Gaertn. & al.",NA,"Asteraceae",NA,1,1982,2022,NA,"Least concern",NA
1033290,298400,"Phegopteris connectilis (Michx.) Watt",NA,"Thelypteridaceae",NA,1,1982,2021,NA,"Least concern",NA
1033330,298900,"Phleum alpinum aggr.",NA,"Poaceae",NA,1,1954,1954,NA,"Least concern",NA
1033370,299600,"Phleum hirsutum Honck.",NA,"Poaceae",NA,3,1982,2002,NA,"Least concern",NA
1033410,300000,"Phleum pratense L.",NA,"Poaceae",NA,4,1954,2022,NA,"Least concern",NA
1033400,300005,"Phleum pratense aggr.",NA,"Poaceae",NA,4,1954,2022,NA,"Least concern",NA
1033480,300500,"Phyllitis scolopendrium (L.) Newman",NA,"Aspleniaceae",NA,1,1982,2025,NA,"Least concern",NA
1033570,300800,"Phyteuma betonicifolium Vill.",NA,"Campanulaceae",NA,1,1982,2021,NA,"Least concern",NA
1033670,301800,"Phyteuma orbiculare L.",NA,"Campanulaceae",NA,19,1982,2002,NA,"Least concern",NA
1033740,302400,"Phyteuma spicatum L.",NA,"Campanulaceae",NA,5,1954,2022,NA,"Least concern",NA
1033800,302800,"Picea abies (L.) H. Karst.",NA,"Pinaceae",NA,10,1982,2022,NA,"Least concern",NA
1033830,303100,"Picris hieracioides L.",NA,"Asteraceae",NA,2,1954,2022,NA,"Least concern",NA
1033835,303130,"Picris hieracioides L. subsp. hieracioides",NA,"Asteraceae",NA,1,2022,2022,NA,"",NA
1033920,303800,"Pimpinella major (L.) Huds.",NA,"Apiaceae",NA,13,1954,2022,NA,"Least concern",NA
1033970,304000,"Pimpinella saxifraga L.",NA,"Apiaceae",NA,7,2002,2025,NA,"Least concern",NA
1033950,304100,"Pimpinella saxifraga aggr.",NA,"Apiaceae",NA,8,1982,2025,NA,"Least concern",NA
1034080,305495,"Pinus mugo Turra",NA,"Pinaceae",NA,0,1982,1982,NA,"Least concern",NA
1034090,305500,"Pinus mugo Turra subsp. mugo",NA,"Pinaceae",NA,0,1982,1982,NA,"Least concern",NA
1034280,307250,"Plantago atrata Hoppe",NA,"Plantaginaceae",NA,5,1982,2002,NA,"Least concern",NA
1034290,307300,"Plantago atrata Hoppe subsp. atrata",NA,"Plantaginaceae",NA,5,1982,2002,NA,"",NA
1034330,307800,"Plantago lanceolata L.",NA,"Plantaginaceae",NA,30,1954,2025,NA,"Least concern",NA
1034350,307850,"Plantago major L.",NA,"Plantaginaceae",NA,6,1954,2022,NA,"Least concern",NA
1034360,307900,"Plantago major L. subsp. major",NA,"Plantaginaceae",NA,2,1982,2022,NA,"Least concern",NA
1034390,308100,"Plantago media L.",NA,"Plantaginaceae",NA,21,1954,2021,NA,"Least concern",NA
1034430,308500,"Platanthera chlorantha (Custer) Rchb.",NA,"Orchidaceae",NA,3,2002,2002,NA,"Least concern",NA
1034470,309000,"Poa alpina L.",NA,"Poaceae",NA,1,1982,2002,NA,"Least concern",NA
1034490,309200,"Poa annua L.",NA,"Poaceae",NA,4,1954,2022,NA,"Least concern",NA
1034660,310800,"Poa pratensis L.",NA,"Poaceae",NA,7,1954,1954,NA,"Least concern",NA
1034650,310900,"Poa pratensis aggr.",NA,"Poaceae",NA,7,1954,1954,NA,"Least concern",NA
1034690,311295,"Poa trivialis L.",NA,"Poaceae",NA,12,1954,1962,NA,"Least concern",NA
1034730,311900,"Polemonium caeruleum L.",NA,"Polemoniaceae",NA,0,1966,1966,NA,"Near threatened",NA
1034770,312300,"Polygala alpestris Rchb.",NA,"Polygalaceae",NA,1,1881,1982,NA,"Least concern",NA
1034830,312700,"Polygala chamaebuxus L.",NA,"Polygalaceae",NA,11,1982,2022,NA,"Least concern",NA
1034890,313195,"Polygala vulgaris L.",NA,"Polygalaceae",NA,14,2002,2025,NA,"Least concern",NA
1034940,313700,"Polygonatum verticillatum (L.) All.",NA,"Asparagaceae",NA,4,1982,2022,NA,"Least concern",NA
1034980,314300,"Polygonum aviculare aggr.",NA,"Polygonaceae",NA,3,1954,2022,NA,"Least concern",NA
1035010,314400,"Polygonum bistorta L.",NA,"Polygonaceae",NA,5,1954,2016,NA,"Least concern",NA
1035100,315400,"Polygonum mite Schrank",NA,"Polygonaceae",NA,0,1982,1982,NA,"Least concern",NA
1035140,315600,"Polygonum persicaria L.",NA,"Polygonaceae",NA,1,1982,2016,NA,"Least concern",NA
1035150,315700,"Polygonum polystachyum Meisn.",NA,"Polygonaceae",NA,1,1941,1994,NA,"",NA
1035170,315800,"Polygonum viviparum L.",NA,"Polygonaceae",NA,9,1982,2021,NA,"Least concern",NA
1035200,316400,"Polypodium vulgare L.",NA,"Polypodiaceae",NA,1,1982,2022,NA,"Least concern",NA
1035240,316500,"Polystichum aculeatum (L.) Roth",NA,"Dryopteridaceae",NA,4,1982,2022,NA,"Least concern",NA
1035360,317500,"Populus tremula L.",NA,"Salicaceae",NA,0,1982,1982,NA,"Least concern",NA
1035490,318500,"Potamogeton crispus L.",NA,"Potamogetonaceae",NA,0,1966,1966,NA,"Least concern",NA
1035720,321300,"Potentilla aurea L.",NA,"Rosaceae",NA,3,1982,2002,NA,"Least concern",NA
1035790,322100,"Potentilla crantzii (Crantz) Fritsch",NA,"Rosaceae",NA,1,1982,2002,NA,"Least concern",NA
1035810,322400,"Potentilla erecta (L.) Raeusch.",NA,"Rosaceae",NA,26,1982,2022,NA,"Least concern",NA
1036120,325200,"Prenanthes purpurea L.",NA,"Asteraceae",NA,3,1982,2022,NA,"Least concern",NA
1036150,325500,"Primula acaulis (L.) L.",NA,"Primulaceae",NA,1,1954,1982,NA,"Least concern",NA
1036180,325700,"Primula auricula L.",NA,"Primulaceae",NA,4,1881,2022,NA,"Least concern",NA
1036200,325950,"Primula elatior (L.) L.",NA,"Primulaceae",NA,7,1962,2022,NA,"Least concern",NA
1036210,326000,"Primula elatior (L.) L. subsp. elatior",NA,"Primulaceae",NA,4,1982,2002,NA,"",NA
1036230,326200,"Primula farinosa L.",NA,"Primulaceae",NA,7,1881,2002,NA,"Least concern",NA
1036290,326700,"Primula integrifolia L.",NA,"Primulaceae",NA,1,1944,1944,NA,"Least concern",NA
1036330,327195,"Primula veris L.",NA,"Primulaceae",NA,9,2002,2025,NA,"Least concern",NA
1036430,327650,"Pritzelago alpina (L.) Kuntze",NA,"Brassicaceae",NA,1,1881,1982,NA,"Least concern",NA
1036440,327700,"Pritzelago alpina (L.) Kuntze subsp. alpina",NA,"Brassicaceae",NA,1,1881,1982,NA,"Least concern",NA
1036450,327800,"Pritzelago alpina subsp. brevicaulis (Spreng.) Greuter & Burdet",NA,"Brassicaceae",NA,0,1982,1982,NA,"Least concern",NA
1036460,327900,"Prunella grandiflora (L.) Scholler",NA,"Lamiaceae",NA,10,1875,2025,NA,"Least concern",NA
1036480,328100,"Prunella vulgaris L.",NA,"Lamiaceae",NA,28,1954,2022,NA,"Least concern",NA
1036590,329400,"Prunus laurocerasus L.",NA,"Rosaceae",NA,1,2025,2025,NA,"",NA
1036710,330400,"Pseudorchis albida (L.) Á. Löve & D. Löve",NA,"Orchidaceae",NA,2,1982,2013,NA,"Least concern",NA
1036980,333195,"Pulsatilla alpina (L.) Delarbre",NA,"Ranunculaceae",NA,6,1881,2020,NA,"Least concern",NA
1036990,333200,"Pulsatilla alpina (L.) Delarbre subsp. alpina",NA,"Ranunculaceae",NA,4,1881,2002,NA,"Least concern",NA
1037010,333390,"Pulsatilla alpina subsp. apiifolia (Scop.) Nyman",NA,"Ranunculaceae",NA,2,1944,2020,NA,"Least concern",NA
1037090,334100,"Pulsatilla vernalis (L.) Mill.",NA,"Ranunculaceae",NA,1,1881,1881,NA,"Least concern",NA
1037370,336595,"Ranunculus acris L.",NA,"Ranunculaceae",NA,15,1954,2022,NA,"Least concern",NA
1037380,336600,"Ranunculus acris L. subsp. acris",NA,"Ranunculaceae",NA,0,1982,1982,NA,"Least concern",NA
1037390,336700,"Ranunculus acris subsp. friesianus (Jord.) Syme",NA,"Ranunculaceae",NA,12,1954,1982,NA,"Least concern",NA
1037410,336800,"Ranunculus alpestris L.",NA,"Ranunculaceae",NA,2,1881,2022,NA,"Least concern",NA
1037510,337700,"Ranunculus bulbosus L.",NA,"Ranunculaceae",NA,2,2002,2002,NA,"Least concern",NA
1037550,338200,"Ranunculus ficaria L.",NA,"Ranunculaceae",NA,3,1962,2025,NA,"Least concern",NA
1037710,339500,"Ranunculus montanus Willd.",NA,"Ranunculaceae",NA,7,1954,1982,NA,"Least concern",NA
1037700,339505,"Ranunculus montanus aggr.",NA,"Ranunculaceae",NA,10,1881,2025,NA,"Least concern",NA
1037840,340900,"Ranunculus repens L.",NA,"Ranunculaceae",NA,3,1954,2022,NA,"Least concern",NA
1037970,342200,"Ranunculus tuberosus Lapeyr.",NA,"Ranunculaceae",NA,14,1982,2002,NA,"Least concern",NA
1037965,342210,"Ranunculus tuberosus aggr.",NA,"Ranunculaceae",NA,15,1962,2002,NA,"Least concern",NA
1038000,342400,"Ranunculus villarsii DC.",NA,"Ranunculaceae",NA,1,1881,1881,NA,"Least concern",NA
1038020,342500,"Raphanus raphanistrum L.",NA,"Brassicaceae",NA,0,1982,1982,NA,"Least concern",NA
1038140,343200,"Reynoutria japonica Houtt.",NA,"Polygonaceae",NA,1,2019,2019,NA,"",NA
1038135,343220,"Reynoutria japonica aggr.",NA,"Polygonaceae",NA,20,2010,2019,NA,"",NA
1038230,344100,"Rhinanthus alectorolophus (Scop.) Pollich",NA,"Orobanchaceae",NA,16,1954,2021,NA,"Least concern",NA
1038280,344700,"Rhinanthus glacialis Personnat",NA,"Orobanchaceae",NA,0,1966,1966,NA,"Least concern",NA
1038330,345300,"Rhododendron ferrugineum L.",NA,"Ericaceae",NA,2,1982,2022,NA,"Least concern",NA
1038500,346500,"Robinia pseudoacacia L.",NA,"Fabaceae",NA,1,2025,2025,NA,"",NA
1038600,347400,"Rosa abietina Christ",NA,"Rosaceae",NA,4,1982,2021,NA,"Near threatened",NA
1038620,347600,"Rosa arvensis Huds.",NA,"Rosaceae",NA,8,1982,2022,NA,"Least concern",NA
1038640,347650,"Rosa caesia Sm.",NA,"Rosaceae",NA,1,2021,2021,NA,"Least concern",NA
1038650,347800,"Rosa canina L.",NA,"Rosaceae",NA,15,1982,2022,NA,"Least concern",NA
1038645,347850,"Rosa canina aggr.",NA,"Rosaceae",NA,29,1982,2022,NA,"Least concern",NA
1038665,348310,"Rosa corymbifera aggr.",NA,"Rosaceae",NA,8,1982,2021,NA,"",NA
1038730,348730,"Rosa gremlii (Christ) Gremli",NA,"Rosaceae",NA,3,2021,2021,NA,"Data deficient",NA
1038780,349000,"Rosa micrantha Sm.",NA,"Rosaceae",NA,1,2021,2021,NA,"Near threatened",NA
1038830,349500,"Rosa pendulina L.",NA,"Rosaceae",NA,11,1982,2022,NA,"Least concern",NA
1038850,349750,"Rosa pseudoscabriuscula (R. Keller) A. W. Hill",NA,"Rosaceae",NA,4,2021,2021,NA,"Least concern",NA
1038870,349950,"Rosa rubiginosa aggr.",NA,"Rosaceae",NA,4,2021,2021,NA,"Near threatened",NA
1038940,350400,"Rosa subcanina (Christ) R. Keller",NA,"Rosaceae",NA,2,2021,2022,NA,"Least concern",NA
1038950,350500,"Rosa subcollina (Christ) R. Keller",NA,"Rosaceae",NA,1,2021,2021,NA,"Near threatened",NA
1038970,350650,"Rosa tomentosa aggr.",NA,"Rosaceae",NA,7,2021,2022,NA,"Least concern",NA
1039160,351950,"Rubus armeniacus Focke",NA,"Rosaceae",NA,1,2025,2025,NA,"",NA
1039200,352200,"Rubus caesius L.",NA,"Rosaceae",NA,1,1982,2021,NA,"Least concern",NA
1039325,353120,"Rubus fruticosus aggr.",NA,"Rosaceae",NA,2,1982,2025,NA,"Least concern",NA
1039550,354400,"Rubus idaeus L.",NA,"Rosaceae",NA,3,1982,2022,NA,"Least concern",NA
1040140,358900,"Rumex acetosa L.",NA,"Polygonaceae",NA,13,1954,2002,NA,"Least concern",NA
1040190,359300,"Rumex alpestris Jacq.",NA,"Polygonaceae",NA,1,1982,2022,NA,"Least concern",NA
1040290,360400,"Rumex obtusifolius L.",NA,"Polygonaceae",NA,5,1954,1982,NA,"Least concern",NA
1040610,363200,"Salix aurita L.",NA,"Salicaceae",NA,2,1881,1982,NA,"Least concern",NA
1040710,364000,"Salix elaeagnos Scop.",NA,"Salicaceae",NA,1,1982,2022,NA,"Least concern",NA
1040900,365500,"Salix pentandra L.",NA,"Salicaceae",NA,0,1982,1982,NA,"Near threatened",NA
1040920,365800,"Salix purpurea L.",NA,"Salicaceae",NA,1,1982,2022,NA,"Least concern",NA
1040980,366100,"Salix reticulata L.",NA,"Salicaceae",NA,1,1944,1982,NA,"Least concern",NA
1041170,367300,"Salvia glutinosa L.",NA,"Lamiaceae",NA,2,1982,2022,NA,"Least concern",NA
1041280,368300,"Sambucus nigra L.",NA,"Adoxaceae",NA,1,1982,2022,NA,"Least concern",NA
1041300,368400,"Sambucus racemosa L.",NA,"Adoxaceae",NA,1,1982,2021,NA,"Least concern",NA
1041340,368650,"Sanguisorba minor Scop.",NA,"Rosaceae",NA,12,1982,2025,NA,"Least concern",NA
1041350,368700,"Sanguisorba minor Scop. subsp. minor",NA,"Rosaceae",NA,9,1982,2002,NA,"Least concern",NA
1041410,369400,"Saponaria ocymoides L.",NA,"Caryophyllaceae",NA,0,1966,1966,NA,"Least concern",NA
1041560,371600,"Saxifraga aizoides L.",NA,"Saxifragaceae",NA,3,1982,2022,NA,"Least concern",NA
1041680,372800,"Saxifraga cuneifolia L.",NA,"Saxifragaceae",NA,2,1944,2022,NA,"Least concern",NA
1041890,374600,"Saxifraga paniculata Mill.",NA,"Saxifragaceae",NA,3,1982,2022,NA,"Least concern",NA
1041980,375400,"Saxifraga rotundifolia L.",NA,"Saxifragaceae",NA,3,1982,2022,NA,"Least concern",NA
1042090,376500,"Scabiosa columbaria L.",NA,"Caprifoliaceae",NA,6,1982,2022,NA,"Least concern",NA
1042100,376600,"Scabiosa columbaria L. subsp. columbaria",NA,"Caprifoliaceae",NA,5,2002,2002,NA,"Least concern",NA
1042120,377100,"Scabiosa lucida Vill.",NA,"Caprifoliaceae",NA,13,1982,2022,NA,"Least concern",NA
1042300,379000,"Schoenus ferrugineus L.",NA,"Cyperaceae",NA,0,1966,1966,NA,"Near threatened",NA
1042310,379100,"Schoenus nigricans L.",NA,"Cyperaceae",NA,0,1982,1982,NA,"Near threatened",NA
1042330,379300,"Scilla bifolia L.",NA,"Asparagaceae",NA,0,1966,1966,NA,"Least concern",NA
1042620,382100,"Scrophularia nodosa L.",NA,"Scrophulariaceae",NA,2,1982,2022,NA,"Least concern",NA
1042710,382900,"Secale cereale L.",NA,"Poaceae",NA,0,1982,1982,NA,"",NA
1042750,383200,"Sedum album L.",NA,"Crassulaceae",NA,1,1982,2016,NA,"Least concern",NA
1043040,385695,"Sedum telephium L.",NA,"Crassulaceae",NA,0,1966,1966,NA,"Least concern",NA
1043050,385700,"Sedum telephium L. subsp. telephium",NA,"Crassulaceae",NA,0,1966,1966,NA,"Least concern",NA
1043070,385900,"Sedum telephium subsp. maximum (L.) Kirschl.",NA,"Crassulaceae",NA,0,1966,1966,NA,"Least concern",NA
1043100,386300,"Selaginella selaginoides (L.) Schrank & Mart.",NA,"Selaginellaceae",NA,3,1982,2022,NA,"Least concern",NA
1043250,387600,"Senecio alpinus (L.) Scop.",NA,"Asteraceae",NA,3,1962,2022,NA,"Least concern",NA
1043410,389600,"Senecio jacobaea L.",NA,"Asteraceae",NA,0,1966,1966,NA,"Least concern",NA
1043425,389870,"Senecio ovatus aggr.",NA,"Asteraceae",NA,1,2021,2021,NA,"",NA
1043460,389900,"Senecio paludosus L.",NA,"Asteraceae",NA,0,1966,1966,NA,"Near threatened",NA
1043530,390500,"Senecio vulgaris L.",NA,"Asteraceae",NA,2,1982,2025,NA,"Least concern",NA
1043700,392200,"Sesleria caerulea (L.) Ard.",NA,"Poaceae",NA,24,1982,2025,NA,"Least concern",NA
1043820,393500,"Setaria viridis (L.) P. Beauv.",NA,"Poaceae",NA,0,1982,1982,NA,"Least concern",NA
1043940,394900,"Silene dioica (L.) Clairv.",NA,"Caryophyllaceae",NA,9,1954,2022,NA,"Least concern",NA
1043970,395200,"Silene flos-cuculi (L.) Clairv.",NA,"Caryophyllaceae",NA,1,1954,1982,NA,"Least concern",NA
1044140,397295,"Silene vulgaris (Moench) Garcke",NA,"Caryophyllaceae",NA,3,1982,2022,NA,"Least concern",NA
1044150,397300,"Silene vulgaris (Moench) Garcke subsp. vulgaris",NA,"Caryophyllaceae",NA,1,1982,2022,NA,"Least concern",NA
1044420,400100,"Solanum nigrum L.",NA,"Solanaceae",NA,0,1982,1982,NA,"Least concern",NA
1044540,400600,"Soldanella alpina L.",NA,"Primulaceae",NA,2,1881,2002,NA,"Least concern",NA
1044580,401000,"Solidago canadensis L.",NA,"Asteraceae",NA,4,2002,2025,NA,"",NA
1044575,401050,"Solidago canadensis aggr.",NA,"Asteraceae",NA,6,2002,2025,NA,"",NA
1044620,401395,"Solidago virgaurea L.",NA,"Asteraceae",NA,5,1982,2022,NA,"Least concern",NA
1044630,401400,"Solidago virgaurea L. subsp. virgaurea",NA,"Asteraceae",NA,2,1982,2021,NA,"Least concern",NA
1044650,401595,"Sonchus arvensis L.",NA,"Asteraceae",NA,0,1982,1982,NA,"Least concern",NA
1044660,401600,"Sonchus arvensis L. subsp. arvensis",NA,"Asteraceae",NA,0,1982,1982,NA,"Least concern",NA
1044680,401800,"Sonchus asper Hill",NA,"Asteraceae",NA,3,1982,2025,NA,"Least concern",NA
1044690,401900,"Sonchus oleraceus L.",NA,"Asteraceae",NA,2,1982,2025,NA,"Least concern",NA
1044730,402200,"Sorbus aria (L.) Crantz",NA,"Rosaceae",NA,2,1982,2022,NA,"Least concern",NA
1044725,402250,"Sorbus aria aggr.",NA,"Rosaceae",NA,2,1982,2022,NA,"",NA
1044740,402300,"Sorbus aucuparia L.",NA,"Rosaceae",NA,4,1982,2022,NA,"Least concern",NA
1045120,405100,"Spiranthes spiralis (L.) Chevall.",NA,"Orchidaceae",NA,37,1966,2025,NA,"Vulnerable",NA
1045180,405400,"Stachys alpina L.",NA,"Lamiaceae",NA,2,1895,2022,NA,"Least concern",NA
1045230,406000,"Stachys officinalis (L.) Trevis.",NA,"Lamiaceae",NA,11,2002,2016,NA,"Least concern",NA
1045240,406100,"Stachys officinalis (L.) Trevis. subsp. officinalis",NA,"Lamiaceae",NA,11,2002,2016,NA,"",NA
1045260,406400,"Stachys palustris L.",NA,"Lamiaceae",NA,0,1982,1982,NA,"Least concern",NA
1045310,406800,"Stachys sylvatica L.",NA,"Lamiaceae",NA,1,1982,2016,NA,"Least concern",NA
1045400,407805,"Stellaria media aggr.",NA,"Caryophyllaceae",NA,1,2025,2025,NA,"Least concern",NA
1045690,410100,"Succisa pratensis Moench",NA,"Caprifoliaceae",NA,20,1982,2025,NA,"Least concern",NA
1045790,410800,"Symphytum officinale L.",NA,"Boraginaceae",NA,1,1982,2022,NA,"Least concern",NA
1045785,410850,"Symphytum officinale aggr.",NA,"Boraginaceae",NA,1,1982,2022,NA,"",NA
1045980,411700,"Tanacetum parthenium (L.) Sch. Bip.",NA,"Asteraceae",NA,0,1966,1966,NA,"",NA
1046080,413100,"Taraxacum officinale aggr.",NA,"Asteraceae",NA,17,1954,2022,NA,"Least concern",NA
1046140,413600,"Taxus baccata L.",NA,"Taxaceae",NA,1,1982,1995,NA,"Least concern",NA
1046270,415000,"Teucrium chamaedrys L.",NA,"Lamiaceae",NA,0,1982,1982,NA,"Least concern",NA
1046400,416195,"Thalictrum minus L.",NA,"Ranunculaceae",NA,1,1966,2016,NA,"Least concern",NA
1046450,417200,"Thesium alpinum L.",NA,"Santalaceae",NA,4,1982,2002,NA,"Least concern",NA
1046500,417700,"Thesium pyrenaicum Pourr.",NA,"Santalaceae",NA,1,1966,2002,NA,"Least concern",NA
1046610,418800,"Thlaspi perfoliatum L.",NA,"Brassicaceae",NA,0,1966,1966,NA,"Least concern",NA
1046630,419095,"Thlaspi rotundifolium (L.) Gaudin",NA,"Brassicaceae",NA,0,1982,1982,NA,"Least concern",NA
1046640,419100,"Thlaspi rotundifolium (L.) Gaudin subsp. rotundifolium",NA,"Brassicaceae",NA,0,1982,1982,NA,"Least concern",NA
1046890,421200,"Thymus serpyllum aggr.",NA,"Lamiaceae",NA,25,1982,2022,NA,"Least concern",NA
1046990,421600,"Tofieldia calyculata (L.) Wahlenb.",NA,"Tofieldiaceae",NA,15,1982,2022,NA,"Least concern",NA
1047180,422950,"Tragopogon pratensis L.",NA,"Asteraceae",NA,7,1982,2021,NA,"Least concern",NA
1047250,423600,"Traunsteinera globosa (L.) Rchb.",NA,"Orchidaceae",NA,10,1982,2021,NA,"Least concern",NA
1047410,424900,"Trifolium badium Schreb.",NA,"Fabaceae",NA,2,1982,2021,NA,"Least concern",NA
1047430,425100,"Trifolium dubium Sibth.",NA,"Fabaceae",NA,2,1954,2002,NA,"Least concern",NA
1047520,426000,"Trifolium medium L.",NA,"Fabaceae",NA,5,1982,2022,NA,"Least concern",NA
1047540,426300,"Trifolium montanum L.",NA,"Fabaceae",NA,10,1982,2025,NA,"Least concern",NA
1047600,426895,"Trifolium pratense L.",NA,"Fabaceae",NA,36,1954,2022,NA,"Least concern",NA
1047610,426900,"Trifolium pratense L. subsp. pratense",NA,"Fabaceae",NA,2,1982,2022,NA,"Least concern",NA
1047630,427100,"Trifolium repens L.",NA,"Fabaceae",NA,19,1954,2022,NA,"Least concern",NA
1047640,427200,"Trifolium repens L. subsp. repens",NA,"Fabaceae",NA,2,2022,2022,NA,"Least concern",NA
1047890,429400,"Trisetum flavescens (L.) P. Beauv.",NA,"Poaceae",NA,8,1954,2002,NA,"Least concern",NA
1048030,430600,"Trollius europaeus L.",NA,"Ranunculaceae",NA,22,1954,2022,NA,"Least concern",NA
1048220,432000,"Tussilago farfara L.",NA,"Asteraceae",NA,2,1982,2022,NA,"Least concern",NA
1048280,432400,"Typha shuttleworthii W. D. J. Koch & Sond.",NA,"Typhaceae",NA,0,1966,1966,NA,"Endangered",NA
1048310,432800,"Ulmus glabra Huds.",NA,"Ulmaceae",NA,2,1982,2022,NA,"Least concern",NA
1048360,433400,"Urtica dioica L.",NA,"Urticaceae",NA,4,1982,2025,NA,"Least concern",NA
1048500,434800,"Vaccinium myrtillus L.",NA,"Ericaceae",NA,9,1982,2022,NA,"Least concern",NA
1048540,435300,"Vaccinium vitis-idaea L.",NA,"Ericaceae",NA,1,1982,2021,NA,"Least concern",NA
1048580,435600,"Valeriana dioica L.",NA,"Caprifoliaceae",NA,2,1982,2002,NA,"Least concern",NA
1048600,435900,"Valeriana officinalis aggr.",NA,"Caprifoliaceae",NA,2,1982,2022,NA,"Least concern",NA
1048690,436700,"Valeriana tripteris L.",NA,"Caprifoliaceae",NA,2,1982,2022,NA,"Least concern",NA
1048780,437500,"Valerianella locusta (L.) Laterr.",NA,"Caprifoliaceae",NA,0,1966,1966,NA,"Least concern",NA
1048775,437550,"Valerianella locusta aggr.",NA,"Caprifoliaceae",NA,0,1966,1966,NA,"",NA
1048820,437800,"Veratrum album L.",NA,"Melanthiaceae",NA,3,1954,2022,NA,"Least concern",NA
1049150,440700,"Veronica aphylla L.",NA,"Plantaginaceae",NA,1,1881,1982,NA,"Least concern",NA
1049160,440800,"Veronica arvensis L.",NA,"Plantaginaceae",NA,4,1954,1982,NA,"Least concern",NA
1049180,441000,"Veronica beccabunga L.",NA,"Plantaginaceae",NA,2,1982,2022,NA,"Least concern",NA
1049210,441400,"Veronica chamaedrys L.",NA,"Plantaginaceae",NA,13,1954,2002,NA,"Least concern",NA
1049340,442400,"Veronica officinalis L.",NA,"Plantaginaceae",NA,3,1982,2021,NA,"Least concern",NA
1049460,443395,"Veronica serpyllifolia L.",NA,"Plantaginaceae",NA,3,1954,1982,NA,"Least concern",NA
1049540,444300,"Viburnum lantana L.",NA,"Adoxaceae",NA,1,1982,2021,NA,"Least concern",NA
1049550,444400,"Viburnum opulus L.",NA,"Adoxaceae",NA,1,1982,2021,NA,"Least concern",NA
1049620,444995,"Vicia cracca L.",NA,"Fabaceae",NA,1,1962,1962,NA,"Least concern",NA
1049820,446995,"Vicia sativa L.",NA,"Fabaceae",NA,0,1966,1966,NA,"Least concern",NA
1049850,447200,"Vicia sativa subsp. nigra (L.) Ehrh.",NA,"Fabaceae",NA,0,1966,1966,NA,"Least concern",NA
1049860,447400,"Vicia sepium L.",NA,"Fabaceae",NA,3,1962,2022,NA,"Least concern",NA
1049960,448500,"Vincetoxicum hirundinaria Medik.",NA,"Apocynaceae",NA,2,1982,2022,NA,"Least concern",NA
1050110,449800,"Viola collina Besser",NA,"Violaceae",NA,1,1881,1966,NA,"Least concern",NA
1050170,450300,"Viola hirta L.",NA,"Violaceae",NA,3,1982,2002,NA,"Least concern",NA
1000000,100,"Abies alba Mill.",NA,"Pinaceae",NA,13,1982,2022,NA,"Least concern",NA
1000120,700,"Acer platanoides L.",NA,"Sapindaceae",NA,1,1982,2021,NA,"Least concern",NA
1000130,800,"Acer pseudoplatanus L.",NA,"Sapindaceae",NA,24,1925,2024,NA,"Least concern",NA
1000180,1000,"Achillea atrata L.",NA,"Asteraceae",NA,1,2024,2024,NA,"Least concern",NA
1000310,1600,"Achillea macrophylla L.",NA,"Asteraceae",NA,1,1980,1982,NA,"Least concern",NA
1000330,1700,"Achillea millefolium L.",NA,"Asteraceae",NA,9,1982,2022,NA,"Least concern",NA
1000340,1701,"Achillea millefolium L. subsp. millefolium",NA,"Asteraceae",NA,1,2016,2016,NA,"",NA
1000320,1706,"Achillea millefolium aggr.",NA,"Asteraceae",NA,15,1954,2022,NA,"Least concern",NA
1000450,2700,"Achnatherum calamagrostis (L.) P. Beauv.",NA,"Poaceae",NA,1,2020,2020,NA,"Least concern",NA
1000460,2800,"Acinos alpinus (L.) Moench",NA,"Lamiaceae",NA,5,1979,2022,NA,"Least concern",NA
1000543,3510,"Aconitum lycoctonum L.",NA,"Ranunculaceae",NA,9,1979,2025,NA,"Least concern",NA
1000548,3520,"Aconitum lycoctonum subsp. neapolitanum (Ten.) Nyman",NA,"Ranunculaceae",NA,1,1982,2023,NA,"Least concern",NA
1000545,3530,"Aconitum lycoctonum subsp. vulparia (Rchb.) Nyman",NA,"Ranunculaceae",NA,6,1979,2022,NA,"Least concern",NA
1000563,3540,"Aconitum napellus L.",NA,"Ranunculaceae",NA,6,1968,2025,NA,"Least concern",NA
1000567,3580,"Aconitum napellus subsp. vulgare Rouy & Foucaud",NA,"Ranunculaceae",NA,3,1968,2020,NA,"Least concern",NA
1000770,5400,"Adenostyles alliariae (Gouan) A. Kern.",NA,"Asteraceae",NA,2,1982,2024,NA,"Least concern",NA
1000780,5450,"Adenostyles alpina (L.) Bluff & Fingerh.",NA,"Asteraceae",NA,6,1975,2022,NA,"Least concern",NA
1000800,5600,"Adenostyles leucophylla (Willd.) Rchb.",NA,"Asteraceae",NA,1,2022,2022,NA,"Least concern",NA
1000930,6800,"Aegopodium podagraria L.",NA,"Apiaceae",NA,2,1982,2022,NA,"Least concern",NA
1001080,8600,"Agrostis capillaris L.",NA,"Poaceae",NA,32,1982,2024,NA,"Least concern",NA
1001090,8700,"Agrostis gigantea Roth",NA,"Poaceae",NA,3,1982,2024,NA,"Least concern",NA
1001130,9300,"Agrostis stolonifera L.",NA,"Poaceae",NA,1,1982,2022,NA,"Least concern",NA
1001230,10400,"Ajuga reptans L.",NA,"Lamiaceae",NA,26,1954,2022,NA,"Least concern",NA
1001330,11100,"Alchemilla alpina superaggr.",NA,"",NA,1,2022,2022,NA,"",NA
1001420,12000,"Alchemilla conjuncta aggr.",NA,"Rosaceae",NA,13,2012,2025,NA,"Least concern",NA
1001410,12100,"Alchemilla conjuncta superaggr.",NA,"",NA,21,1974,2025,NA,"",NA
1001470,12500,"Alchemilla coriacea aggr.",NA,"Rosaceae",NA,8,2012,2024,NA,"Least concern",NA
1001490,12700,"Alchemilla crinita Buser",NA,"Rosaceae",NA,1,2013,2013,NA,"Least concern",NA
1001640,14000,"Alchemilla fissa aggr.",NA,"Rosaceae",NA,3,2024,2024,NA,"Least concern",NA
1001740,15000,"Alchemilla glabra aggr.",NA,"Rosaceae",NA,16,1982,2024,NA,"Least concern",NA
1001890,16000,"Alchemilla hybrida aggr.",NA,"Rosaceae",NA,2,1974,2013,NA,"Least concern",NA
1002030,17300,"Alchemilla monticola Opiz",NA,"Rosaceae",NA,2,2013,2013,NA,"Data deficient",NA
1002050,17500,"Alchemilla nitida Buser",NA,"Rosaceae",NA,4,2012,2012,NA,"Least concern",NA
1002140,18300,"Alchemilla plicata Buser",NA,"Rosaceae",NA,1,2013,2013,NA,"Least concern",NA
1002150,18500,"Alchemilla plicatula aggr.",NA,"Rosaceae",NA,6,1974,2022,NA,"Least concern",NA
1002190,18800,"Alchemilla reniformis Buser",NA,"Rosaceae",NA,1,2013,2013,NA,"Least concern",NA
1002300,19900,"Alchemilla splendens aggr.",NA,"Rosaceae",NA,1,1982,2013,NA,"Least concern",NA
1002340,20200,"Alchemilla subcrenata Buser",NA,"Rosaceae",NA,1,2013,2013,NA,"Least concern",NA
1002440,21100,"Alchemilla vulgaris aggr.",NA,"Rosaceae",NA,29,1954,2024,NA,"Least concern",NA
1002740,24200,"Allium schoenoprasum L.",NA,"Amaryllidaceae",NA,1,1971,1971,NA,"Least concern",NA
1002850,25300,"Alnus incana (L.) Moench",NA,"Betulaceae",NA,5,1982,2022,NA,"Least concern",NA
1002920,26000,"Alopecurus pratensis L.",NA,"Poaceae",NA,1,1954,1982,NA,"Least concern",NA
1003540,31800,"Androsace chamaejasme Wulfen",NA,"Primulaceae",NA,3,1957,2012,NA,"Least concern",NA
1003570,32100,"Androsace helvetica (L.) All.",NA,"Primulaceae",NA,2,1979,2006,NA,"Least concern",NA
1003760,33400,"Anemone narcissiflora L.",NA,"Ranunculaceae",NA,9,1974,2023,NA,"Least concern",NA
1003770,33600,"Anemone nemorosa L.",NA,"Ranunculaceae",NA,3,1982,2006,NA,"Least concern",NA
1003820,34100,"Angelica sylvestris L.",NA,"Apiaceae",NA,12,1982,2025,NA,"Least concern",NA
1003840,34300,"Antennaria carpatica (Wahlenb.) Bluff & Fingerh.",NA,"Asteraceae",NA,1,2023,2023,NA,"Least concern",NA
1003850,34400,"Antennaria dioica (L.) Gaertn.",NA,"Asteraceae",NA,3,1979,2024,NA,"Least concern",NA
1003930,35200,"Anthericum ramosum L.",NA,"Asparagaceae",NA,2,1982,2006,NA,"Least concern",NA
1003940,35300,"Anthoxanthum alpinum Á. Löve & D. Löve",NA,"Poaceae",NA,4,1982,2022,NA,"Least concern",NA
1003970,35400,"Anthoxanthum odoratum L.",NA,"Poaceae",NA,16,1954,2024,NA,"Least concern",NA
1003960,35500,"Anthoxanthum odoratum aggr.",NA,"Poaceae",NA,36,1954,2024,NA,"Least concern",NA
1004010,35900,"Anthriscus sylvestris (L.) Hoffm.",NA,"Apiaceae",NA,2,1954,2002,NA,"Least concern",NA
1004070,36790,"Anthyllis vulneraria L.",NA,"Fabaceae",NA,34,1982,2024,NA,"Least concern",NA
1004080,36800,"Anthyllis vulneraria L. subsp. vulneraria",NA,"Fabaceae",NA,1,1982,2015,NA,"",NA
1004090,36900,"Anthyllis vulneraria subsp. alpestris (Schult.) Asch. & Graebn.",NA,"Fabaceae",NA,15,1982,2024,NA,"Least concern",NA
1004100,37000,"Anthyllis vulneraria subsp. carpatica (Pant.) Nyman",NA,"Fabaceae",NA,2,2018,2021,NA,"Least concern",NA
1004300,38800,"Aquilegia alpina L.",NA,"Ranunculaceae",NA,4,1996,2006,NA,"Near threatened",NA
1004310,38900,"Aquilegia atrata W. D. J. Koch",NA,"Ranunculaceae",NA,4,1982,2023,NA,"Least concern",NA
1004360,39350,"Arabis alpina L.",NA,"Brassicaceae",NA,1,2020,2020,NA,"Least concern",NA
1004440,40200,"Arabis ciliata Clairv.",NA,"Brassicaceae",NA,2,1982,2021,NA,"Least concern",NA
1004460,40600,"Arabis hirsuta (L.) Scop.",NA,"Brassicaceae",NA,2,2002,2002,NA,"Least concern",NA
1004470,40605,"Arabis hirsuta aggr.",NA,"Brassicaceae",NA,2,2002,2002,NA,"Least concern",NA
1004670,42800,"Arctium tomentosum Mill.",NA,"Asteraceae",NA,1,1982,2022,NA,"Near threatened",NA
1004680,43000,"Arctostaphylos alpina (L.) Spreng.",NA,"Ericaceae",NA,1,1982,2023,NA,"Least concern",NA
1004690,43100,"Arctostaphylos uva-ursi (L.) Spreng.",NA,"Ericaceae",NA,1,2023,2023,NA,"Least concern",NA
1004730,43505,"Arenaria ciliata aggr.",NA,"Caryophyllaceae",NA,1,1982,2023,NA,"Least concern",NA
1004790,44200,"Arenaria multicaulis L.",NA,"Caryophyllaceae",NA,1,1982,2023,NA,"Least concern",NA
1004910,45700,"Arnica montana L.",NA,"Asteraceae",NA,8,1979,2023,NA,"Least concern",NA
1004930,45900,"Arrhenatherum elatius (L.) J. Presl & C. Presl",NA,"Poaceae",NA,3,1954,2022,NA,"Least concern",NA
1004931,45930,"Arrhenatherum elatius (L.) J. Presl & C. Presl subsp. elatius",NA,"Poaceae",NA,1,2022,2022,NA,"",NA
1005380,49900,"Asplenium adiantum-nigrum L.",NA,"Aspleniaceae",NA,1,1951,1982,NA,"Least concern",NA
1005639,49910,"Asplenium adiantum-nigrum aggr.",NA,"Aspleniaceae",NA,1,1951,1982,NA,"",NA
1005500,50900,"Asplenium ruta-muraria L.",NA,"Aspleniaceae",NA,6,1942,2023,NA,"Least concern",NA
1005550,51400,"Asplenium trichomanes L.",NA,"Aspleniaceae",NA,5,1942,2023,NA,"Least concern",NA
1005610,51500,"Asplenium viride Huds.",NA,"Aspleniaceae",NA,3,1939,2022,NA,"Least concern",NA
1005640,51800,"Aster alpinus L.",NA,"Asteraceae",NA,5,1957,2023,NA,"Least concern",NA
1005660,52000,"Aster bellidiastrum (L.) Scop.",NA,"Asteraceae",NA,27,1982,2024,NA,"Least concern",NA
1005790,53200,"Astragalus alpinus L.",NA,"Fabaceae",NA,9,1979,2022,NA,"Least concern",NA
1005800,53300,"Astragalus australis (L.) Lam.",NA,"Fabaceae",NA,1,1923,1923,NA,"Least concern",NA
1005870,53900,"Astragalus frigidus (L.) A. Gray",NA,"Fabaceae",NA,6,1877,2024,NA,"Least concern",NA
1006020,55200,"Astrantia major L.",NA,"Apiaceae",NA,9,1969,2024,NA,"Least concern",NA
1006050,55300,"Astrantia minor L.",NA,"Apiaceae",NA,4,1877,2023,NA,"Least concern",NA
1006060,55400,"Athamanta cretensis L.",NA,"Apiaceae",NA,5,1979,2023,NA,"Least concern",NA
1006220,56700,"Aurinia saxatilis (L.) Desv.",NA,"Brassicaceae",NA,1,2022,2022,NA,"",NA
1006320,57400,"Avenella flexuosa (L.) Drejer",NA,"Poaceae",NA,2,1982,2023,NA,"Least concern",NA
1006460,58700,"Bartsia alpina L.",NA,"Orobanchaceae",NA,13,1982,2024,NA,"Least concern",NA
1006490,59100,"Bellis perennis L.",NA,"Asteraceae",NA,3,1954,2022,NA,"Least concern",NA
1006595,60450,"Betula pendula aggr.",NA,"Betulaceae",NA,1,1982,2020,NA,"",NA
1006870,62500,"Blechnum spicant (L.) Roth",NA,"Blechnaceae",NA,1,1982,2021,NA,"Least concern",NA
1006900,62800,"Blysmus compressus (L.) Link",NA,"Cyperaceae",NA,1,1982,2020,NA,"Least concern",NA
1006990,63300,"Botrychium lunaria (L.) Sw.",NA,"Ophioglossaceae",NA,6,1914,2023,NA,"Least concern",NA
1007060,63900,"Brachypodium pinnatum (L.) P. Beauv.",NA,"Poaceae",NA,2,2016,2022,NA,"Least concern",NA
1007070,64000,"Brachypodium pinnatum aggr.",NA,"Poaceae",NA,3,1982,2022,NA,"Least concern",NA
1007090,64200,"Brachypodium sylvaticum (Huds.) P. Beauv.",NA,"Poaceae",NA,7,1982,2022,NA,"Least concern",NA
1007200,65200,"Briza media L.",NA,"Poaceae",NA,42,1974,2024,NA,"Least concern",NA
1007290,65695,"Bromus erectus Huds.",NA,"Poaceae",NA,21,1982,2023,NA,"Least concern",NA
1007300,65700,"Bromus erectus Huds. subsp. erectus",NA,"Poaceae",NA,8,1982,2022,NA,"Least concern",NA
1007330,66000,"Bromus hordeaceus L.",NA,"Poaceae",NA,1,1954,1982,NA,"Least concern",NA
1007470,66800,"Bromus ramosus Huds.",NA,"Poaceae",NA,0,1982,1982,NA,"Least concern",NA
1007600,67700,"Buddleja davidii Franch.",NA,"Scrophulariaceae",NA,6,2010,2011,NA,"",NA
1007690,68600,"Buphthalmum salicifolium L.",NA,"Asteraceae",NA,12,1982,2023,NA,"Least concern",NA
1007800,69900,"Bupleurum ranunculoides L.",NA,"Apiaceae",NA,5,1940,2020,NA,"Least concern",NA
1007810,70000,"Bupleurum ranunculoides L. subsp. ranunculoides",NA,"Apiaceae",NA,3,1940,2020,NA,"Least concern",NA
1007940,71400,"Calamagrostis varia (Schrad.) Host",NA,"Poaceae",NA,11,1982,2024,NA,"Least concern",NA
1008160,73600,"Calluna vulgaris (L.) Hull",NA,"Ericaceae",NA,11,1982,2023,NA,"Least concern",NA
1008180,73700,"Caltha palustris L.",NA,"Ranunculaceae",NA,9,1982,2024,NA,"Least concern",NA
1008300,74700,"Campanula barbata L.",NA,"Campanulaceae",NA,1,1982,2023,NA,"Least concern",NA
1008390,75200,"Campanula cochleariifolia Lam.",NA,"Campanulaceae",NA,8,1957,2025,NA,"Least concern",NA
1008440,75700,"Campanula glomerata L.",NA,"Campanulaceae",NA,5,1982,2023,NA,"Least concern",NA
1008450,75800,"Campanula glomerata L. subsp. glomerata",NA,"Campanulaceae",NA,2,1998,2006,NA,"Least concern",NA
1008630,77000,"Campanula rhomboidalis L.",NA,"Campanulaceae",NA,7,1982,2025,NA,"Least concern",NA
1008640,77100,"Campanula rotundifolia L.",NA,"Campanulaceae",NA,4,1982,2025,NA,"Least concern",NA
1008650,77200,"Campanula scheuchzeri Vill.",NA,"Campanulaceae",NA,23,1954,2025,NA,"Least concern",NA
1008680,77500,"Campanula thyrsoides L.",NA,"Campanulaceae",NA,4,1982,2022,NA,"Least concern",NA
1008690,77600,"Campanula trachelium L.",NA,"Campanulaceae",NA,3,1982,2022,NA,"Least concern",NA
1008720,77900,"Capsella bursa-pastoris (L.) Medik.",NA,"Brassicaceae",NA,1,1982,2022,NA,"Least concern",NA
1008870,78690,"Cardamine flexuosa With.",NA,"Brassicaceae",NA,1,2020,2020,NA,"",NA
1008855,78700,"Cardamine flexuosa aggr.",NA,"Brassicaceae",NA,1,2020,2020,NA,"Least concern",NA
1008890,78900,"Cardamine hirsuta L.",NA,"Brassicaceae",NA,1,1982,2020,NA,"Least concern",NA
1008950,79600,"Cardamine pentaphyllos (L.) Crantz",NA,"Brassicaceae",NA,1,1982,2021,NA,"Least concern",NA
1008970,79900,"Cardamine pratensis aggr.",NA,"Brassicaceae",NA,1,1982,2023,NA,"Least concern",NA
1009170,81595,"Carduus defloratus L.",NA,"Asteraceae",NA,31,1982,2024,NA,"Least concern",NA
1009180,81600,"Carduus defloratus L. subsp. defloratus",NA,"Asteraceae",NA,11,1982,2024,NA,"Least concern",NA
1009240,82400,"Carduus personata (L.) Jacq.",NA,"Asteraceae",NA,1,1982,2023,NA,"Least concern",NA
1009330,83350,"Carex atrata L.",NA,"Cyperaceae",NA,2,2020,2023,NA,"Least concern",NA
1009340,83400,"Carex atrata L. subsp. atrata",NA,"Cyperaceae",NA,2,2020,2023,NA,"Least concern",NA
1009320,83405,"Carex atrata aggr.",NA,"Cyperaceae",NA,2,2020,2023,NA,"",NA
1009510,84900,"Carex caryophyllea Latourr.",NA,"Cyperaceae",NA,3,1982,2022,NA,"Least concern",NA
1009570,85700,"Carex davalliana Sm.",NA,"Cyperaceae",NA,9,1982,2023,NA,"Least concern",NA
1009600,86000,"Carex diandra Schrank",NA,"Cyperaceae",NA,1,2013,2013,NA,"Vulnerable",NA
1009610,86100,"Carex digitata L.",NA,"Cyperaceae",NA,5,1982,2016,NA,"Least concern",NA
1009680,86700,"Carex echinata Murray",NA,"Cyperaceae",NA,2,2020,2023,NA,"Least concern",NA
1009730,87200,"Carex ferruginea Scop.",NA,"Cyperaceae",NA,29,1982,2024,NA,"Least concern",NA
1009750,87400,"Carex firma Host",NA,"Cyperaceae",NA,1,1982,2023,NA,"Least concern",NA
1009760,87500,"Carex flacca Schreb.",NA,"Cyperaceae",NA,34,1982,2024,NA,"Least concern",NA
1009780,87600,"Carex flava L.",NA,"Cyperaceae",NA,4,1982,2024,NA,"Least concern",NA
1009770,87605,"Carex flava aggr.",NA,"Cyperaceae",NA,8,1982,2024,NA,"Least concern",NA
1009890,88700,"Carex hostiana DC.",NA,"Cyperaceae",NA,3,1982,2023,NA,"Least concern",NA
1009960,89400,"Carex lepidocarpa Tausch",NA,"Cyperaceae",NA,1,2022,2022,NA,"Least concern",NA
1009970,89500,"Carex leporina L.",NA,"Cyperaceae",NA,1,1974,1982,NA,"Least concern",NA
1010040,90300,"Carex montana L.",NA,"Cyperaceae",NA,31,1982,2023,NA,"Least concern",NA
1010070,90700,"Carex nigra (L.) Reichard",NA,"Cyperaceae",NA,2,2020,2024,NA,"Least concern",NA
1010090,91200,"Carex ornithopoda Willd.",NA,"Cyperaceae",NA,5,1982,2023,NA,"Least concern",NA
1010130,91600,"Carex pallescens L.",NA,"Cyperaceae",NA,17,1980,2025,NA,"Least concern",NA
1010140,91700,"Carex panicea L.",NA,"Cyperaceae",NA,14,1982,2023,NA,"Least concern",NA
1010190,92300,"Carex pendula Huds.",NA,"Cyperaceae",NA,1,1982,2022,NA,"Least concern",NA
1010210,92500,"Carex pilulifera L.",NA,"Cyperaceae",NA,1,1974,1974,NA,"Least concern",NA
1010260,93100,"Carex pulicaris L.",NA,"Cyperaceae",NA,5,1982,2023,NA,"Near threatened",NA
1010340,93900,"Carex sempervirens Vill.",NA,"Cyperaceae",NA,23,1982,2025,NA,"Least concern",NA
1010390,94700,"Carex sylvatica Huds.",NA,"Cyperaceae",NA,15,1982,2025,NA,"Least concern",NA
1010490,95800,"Carlina acaulis L.",NA,"Asteraceae",NA,17,1982,2024,NA,"Least concern",NA
1010510,96000,"Carlina acaulis subsp. caulescens (Lam.) Schübl. & G. Martens",NA,"Asteraceae",NA,7,2015,2024,NA,"",NA
1010610,97100,"Carum carvi L.",NA,"Apiaceae",NA,5,1982,2022,NA,"Least concern",NA
1010820,98750,"Centaurea jacea L.",NA,"Asteraceae",NA,13,1982,2023,NA,"Least concern",NA
1010830,98800,"Centaurea jacea L. subsp. jacea",NA,"Asteraceae",NA,6,1982,2022,NA,"Least concern",NA
1010865,99030,"Centaurea jacea aggr.",NA,"Asteraceae",NA,14,1966,2023,NA,"",NA
1010890,99200,"Centaurea montana L.",NA,"Asteraceae",NA,13,1982,2025,NA,"Least concern",NA
1010980,99995,"Centaurea scabiosa L.",NA,"Asteraceae",NA,6,1982,2022,NA,"Least concern",NA
1011000,100100,"Centaurea scabiosa subsp. alpestris (Hegetschw.) Nyman",NA,"Asteraceae",NA,3,1982,2022,NA,"Least concern",NA
1011200,101900,"Cephalanthera longifolia (L.) Fritsch",NA,"Orchidaceae",NA,3,1980,2022,NA,"Least concern",NA
1011390,103595,"Cerastium fontanum Baumg.",NA,"Caryophyllaceae",NA,4,1954,2023,NA,"Least concern",NA
1011420,103800,"Cerastium fontanum subsp. vulgare (Hartm.) Greuter & Burdet",NA,"Caryophyllaceae",NA,1,1954,1982,NA,"Least concern",NA
1011450,104200,"Cerastium latifolium L.",NA,"Caryophyllaceae",NA,3,1971,2006,NA,"Least concern",NA
1011590,105700,"Cerinthe glabra Mill.",NA,"Boraginaceae",NA,5,1984,2025,NA,"Least concern",NA
1011710,106700,"Chaerophyllum hirsutum L.",NA,"Apiaceae",NA,7,1954,2024,NA,"Least concern",NA
1011700,106705,"Chaerophyllum hirsutum aggr.",NA,"Apiaceae",NA,13,1954,2024,NA,"Least concern",NA
1011730,107100,"Chaerophyllum villarsii W. D. J. Koch",NA,"Apiaceae",NA,4,1982,2022,NA,"Least concern",NA
1011810,107700,"Chamorchis alpina (L.) Rich.",NA,"Orchidaceae",NA,18,1889,2014,NA,"Least concern",NA
1011880,108500,"Chenopodium bonus-henricus L.",NA,"Amaranthaceae",NA,2,1982,2022,NA,"Least concern",NA
1012190,112800,"Cicerbita alpina (L.) Wallr.",NA,"Asteraceae",NA,1,1982,2023,NA,"Least concern",NA
1012300,113700,"Cirsium acaule Scop.",NA,"Asteraceae",NA,15,1982,2025,NA,"Least concern",NA
1012310,113800,"Cirsium arvense (L.) Scop.",NA,"Asteraceae",NA,1,1982,2020,NA,"Least concern",NA
1012400,114800,"Cirsium oleraceum (L.) Scop.",NA,"Asteraceae",NA,14,1954,2024,NA,"Least concern",NA
1012420,114900,"Cirsium palustre (L.) Scop.",NA,"Asteraceae",NA,5,1982,2025,NA,"Least concern",NA
1012440,115100,"Cirsium rivulare (Jacq.) All.",NA,"Asteraceae",NA,2,2016,2016,NA,"Least concern",NA
1012450,115300,"Cirsium spinosissimum (L.) Scop.",NA,"Asteraceae",NA,3,1982,2025,NA,"Least concern",NA
1012470,115500,"Cirsium vulgare (Savi) Ten.",NA,"Asteraceae",NA,1,1982,2020,NA,"Least concern",NA
1012660,116600,"Clinopodium vulgare L.",NA,"Lamiaceae",NA,16,1982,2024,NA,"Least concern",NA
1012670,116650,"Clinopodium vulgare L. subsp. vulgare",NA,"Lamiaceae",NA,1,2022,2022,NA,"",NA
1012750,117200,"Coeloglossum viride (L.) Hartm.",NA,"Orchidaceae",NA,16,1974,2024,NA,"Least concern",NA
1012810,117700,"Colchicum autumnale L.",NA,"Colchicaceae",NA,17,1954,2023,NA,"Least concern",NA
1013070,119300,"Conyza canadensis (L.) Cronquist",NA,"Asteraceae",NA,1,1982,2020,NA,"",NA
1013090,119400,"Corallorhiza trifida Châtel.",NA,"Orchidaceae",NA,3,1970,1983,NA,"Least concern",NA
1013140,119600,"Cornus mas L.",NA,"Cornaceae",NA,1,2022,2022,NA,"Least concern",NA
1013160,119700,"Cornus sanguinea L.",NA,"Cornaceae",NA,1,1982,2022,NA,"Least concern",NA
1013210,120400,"Coronilla vaginalis Lam.",NA,"Fabaceae",NA,2,1982,2022,NA,"Least concern",NA
1013320,121600,"Corylus avellana L.",NA,"Betulaceae",NA,8,1982,2022,NA,"Least concern",NA
1013580,122500,"Crataegus monogyna aggr.",NA,"Rosaceae",NA,1,1982,2021,NA,"Least concern",NA
1013630,123000,"Crepis aurea (L.) Cass.",NA,"Asteraceae",NA,13,1982,2025,NA,"Least concern",NA
1013640,123100,"Crepis biennis L.",NA,"Asteraceae",NA,3,1954,2023,NA,"Least concern",NA
1013660,123400,"Crepis capillaris Wallr.",NA,"Asteraceae",NA,2,1982,2022,NA,"Least concern",NA
1013760,124300,"Crepis paludosa (L.) Moench",NA,"Asteraceae",NA,6,1982,2023,NA,"Least concern",NA
1013800,124800,"Crepis pyrenaica (L.) Greuter",NA,"Asteraceae",NA,13,1982,2025,NA,"Least concern",NA
1013840,125500,"Crepis terglouensis (Hacq.) A. Kern.",NA,"Asteraceae",NA,2,1957,2005,NA,"Least concern",NA
1013880,125800,"Crocus albiflorus Kit.",NA,"Iridaceae",NA,13,1982,2024,NA,"Least concern",NA
1014130,127800,"Cuscuta epithymum (L.) L.",NA,"Convolvulaceae",NA,1,1982,2016,NA,"Least concern",NA
1014320,129400,"Cynosurus cristatus L.",NA,"Poaceae",NA,4,1954,2022,NA,"Least concern",NA
1014460,130400,"Cypripedium calceolus L.",NA,"Orchidaceae",NA,7,1912,2014,NA,"Vulnerable",NA
1014500,130500,"Cystopteris alpina (Lam.) Desv.",NA,"Cystopteridaceae",NA,1,1918,1982,NA,"Least concern",NA
1014520,130700,"Cystopteris fragilis (L.) Bernh.",NA,"Cystopteridaceae",NA,10,1932,2022,NA,"Least concern",NA
1014515,130750,"Cystopteris fragilis aggr.",NA,"Cystopteridaceae",NA,10,1932,2022,NA,"",NA
1014610,131800,"Dactylis glomerata L.",NA,"Poaceae",NA,31,1954,2024,NA,"Least concern",NA
1014620,131850,"Dactylis glomerata L. subsp. glomerata",NA,"Poaceae",NA,3,2022,2024,NA,"",NA
1014690,132300,"Dactylorhiza incarnata (L.) Soó",NA,"Orchidaceae",NA,2,1982,2023,NA,"Near threatened",NA
1014700,132350,"Dactylorhiza incarnata (L.) Soó subsp. incarnata",NA,"Orchidaceae",NA,1,1982,1982,NA,"Near threatened",NA
1014760,132600,"Dactylorhiza maculata (L.) Soó",NA,"Orchidaceae",NA,89,1979,2024,NA,"Least concern",NA
1014775,132630,"Dactylorhiza maculata subsp. fuchsii (Druce) Hyl.",NA,"Orchidaceae",NA,68,1979,2024,NA,"Least concern",NA
1014798,NA,"Dactylorhiza maculata × traunsteineri",NA,"Orchidaceae",NA,2,2006,2006,NA,"",NA
1014800,132700,"Dactylorhiza majalis (Rchb.) P. F. Hunt & Summerh.",NA,"Orchidaceae",NA,25,1974,2023,NA,"Least concern",NA
1014840,132900,"Dactylorhiza traunsteineri (Rchb.) Soó",NA,"Orchidaceae",NA,59,1982,2023,NA,"Near threatened",NA
1014860,133100,"Danthonia decumbens (L.) DC.",NA,"Poaceae",NA,8,1982,2023,NA,"Least concern",NA
1014900,133600,"Daphne mezereum L.",NA,"Thymelaeaceae",NA,3,1982,2023,NA,"Least concern",NA
1014950,133900,"Daucus carota L.",NA,"Apiaceae",NA,2,1982,2021,NA,"Least concern",NA
1015010,134300,"Delphinium elatum L.",NA,"Ranunculaceae",NA,11,1857,2025,NA,"Near threatened",NA
1015040,134800,"Deschampsia cespitosa (L.) P. Beauv.",NA,"Poaceae",NA,34,1982,2025,NA,"Least concern",NA
1015310,136900,"Dianthus sylvestris Wulfen",NA,"Caryophyllaceae",NA,1,1932,1982,NA,"Least concern",NA
1015590,140000,"Doronicum grandiflorum Lam.",NA,"Asteraceae",NA,3,1854,2020,NA,"Least concern",NA
1015750,141400,"Draba siliquosa M. Bieb.",NA,"Brassicaceae",NA,1,1880,1880,NA,"Least concern",NA
1015780,141600,"Draba tomentosa Clairv.",NA,"Brassicaceae",NA,1,2023,2023,NA,"Least concern",NA
1015860,142500,"Dryas octopetala L.",NA,"Rosaceae",NA,8,1982,2025,NA,"Least concern",NA
1015980,143900,"Dryopteris villarii (Bellardi) Schinz & Thell.",NA,"Dryopteridaceae",NA,5,1923,2024,NA,"Least concern",NA
1016300,145700,"Eleocharis palustris (L.) Roem. & Schult.",NA,"Cyperaceae",NA,1,2023,2023,NA,"Near threatened",NA
1016310,145705,"Eleocharis palustris aggr.",NA,"Cyperaceae",NA,1,2023,2023,NA,"Near threatened",NA
1016460,146600,"Elyna myosuroides (Vill.) Fritsch",NA,"Cyperaceae",NA,1,1957,1957,NA,"Least concern",NA
1016540,147700,"Epilobium angustifolium L.",NA,"Onagraceae",NA,5,1982,2022,NA,"Least concern",NA
1016620,148600,"Epilobium montanum L.",NA,"Onagraceae",NA,1,1982,2001,NA,"Least concern",NA
1016650,148900,"Epilobium palustre L.",NA,"Onagraceae",NA,1,1982,2023,NA,"Least concern",NA
1016740,149600,"Epipactis atrorubens Besser",NA,"Orchidaceae",NA,12,1982,2022,NA,"Least concern",NA
1016770,149660,"Epipactis helleborine (L.) Crantz",NA,"Orchidaceae",NA,11,1980,2022,NA,"Least concern",NA
1016780,149800,"Epipactis helleborine aggr.",NA,"Orchidaceae",NA,11,1980,2022,NA,"Least concern",NA
1016840,150300,"Epipactis palustris (L.) Crantz",NA,"Orchidaceae",NA,22,1982,2023,NA,"Near threatened",NA
1016910,150500,"Epipogium aphyllum Sw.",NA,"Orchidaceae",NA,5,1965,1983,NA,"Vulnerable",NA
1016920,150600,"Equisetum arvense L.",NA,"Equisetaceae",NA,4,1982,2023,NA,"Least concern",NA
1016930,150700,"Equisetum fluviatile L.",NA,"Equisetaceae",NA,1,1966,2022,NA,"Least concern",NA
1016940,150800,"Equisetum hyemale L.",NA,"Equisetaceae",NA,1,2021,2021,NA,"Least concern",NA
1016950,151100,"Equisetum palustre L.",NA,"Equisetaceae",NA,7,1967,2023,NA,"Least concern",NA
1016990,151500,"Equisetum telmateia Ehrh.",NA,"Equisetaceae",NA,2,1982,2023,NA,"Least concern",NA
1017400,152400,"Erica carnea L.",NA,"Ericaceae",NA,4,1982,2023,NA,"Least concern",NA
1017490,153600,"Erigeron alpinus L.",NA,"Asteraceae",NA,1,1957,1957,NA,"Least concern",NA
1017485,153650,"Erigeron alpinus aggr.",NA,"Asteraceae",NA,7,1957,2023,NA,"",NA
1017570,154500,"Erigeron glabratus Bluff & Fingerh.",NA,"Asteraceae",NA,5,1982,2023,NA,"Least concern",NA
1017610,155000,"Erigeron uniflorus L.",NA,"Asteraceae",NA,1,2018,2018,NA,"Least concern",NA
1017620,155100,"Erinus alpinus L.",NA,"Plantaginaceae",NA,1,2012,2012,NA,"Least concern",NA
1017640,155200,"Eriophorum angustifolium Honck.",NA,"Cyperaceae",NA,4,2023,2023,NA,"Least concern",NA
1017660,155400,"Eriophorum latifolium Hoppe",NA,"Cyperaceae",NA,3,1982,2023,NA,"Least concern",NA
1017670,155500,"Eriophorum scheuchzeri Hoppe",NA,"Cyperaceae",NA,2,1889,2020,NA,"Least concern",NA
1017840,157200,"Eryngium alpinum L.",NA,"Apiaceae",NA,3,1890,1920,NA,"Vulnerable",NA
1018060,159000,"Euonymus europaeus L.",NA,"Celastraceae",NA,2,1982,2016,NA,"Least concern",NA
1018090,159100,"Euonymus latifolius (L.) Mill.",NA,"Celastraceae",NA,2,1966,2011,NA,"Near threatened",NA
1018110,159300,"Eupatorium cannabinum L.",NA,"Asteraceae",NA,2,1982,2020,NA,"Least concern",NA
1018170,159800,"Euphorbia cyparissias L.",NA,"Euphorbiaceae",NA,14,1982,2024,NA,"Least concern",NA
1018260,160200,"Euphorbia helioscopia L.",NA,"Euphorbiaceae",NA,3,1979,2006,NA,"Least concern",NA
1018600,162750,"Euphrasia minima Schleich.",NA,"Orobanchaceae",NA,1,1982,2020,NA,"Least concern",NA
1018660,163150,"Euphrasia picta Wimm.",NA,"Orobanchaceae",NA,2,2023,2023,NA,"Near threatened",NA
1018700,163450,"Euphrasia rostkoviana Hayne",NA,"Orobanchaceae",NA,5,1982,2024,NA,"Least concern",NA
1018685,163850,"Euphrasia rostkoviana aggr.",NA,"Orobanchaceae",NA,7,1982,2024,NA,"",NA
1018730,163800,"Euphrasia rostkoviana subsp. montana (Jord.) Wettst.",NA,"Orobanchaceae",NA,2,2024,2024,NA,"Least concern",NA
1018740,163900,"Euphrasia salisburgensis Hoppe",NA,"Orobanchaceae",NA,1,1982,2025,NA,"Least concern",NA
1018840,165000,"Fagus sylvatica L.",NA,"Fagaceae",NA,10,1982,2022,NA,"Least concern",NA
1019130,167400,"Festuca gigantea (L.) Vill.",NA,"Poaceae",NA,1,1982,2022,NA,"Least concern",NA
1019280,168250,"Festuca melanopsis Foggi & al.",NA,"Poaceae",NA,1,2024,2024,NA,"Least concern",NA
1019290,168300,"Festuca nigrescens Lam.",NA,"Poaceae",NA,8,2012,2024,NA,"Least concern",NA
1019310,168590,"Festuca ovina aggr.",NA,"Poaceae",NA,10,2002,2023,NA,"Least concern",NA
1019309,168580,"Festuca ovina superaggr.",NA,"",NA,10,2002,2023,NA,"",NA
1019380,169100,"Festuca pratensis Huds.",NA,"Poaceae",NA,10,1954,2023,NA,"Least concern",NA
1019390,169200,"Festuca pratensis Huds. subsp. pratensis",NA,"Poaceae",NA,2,2012,2016,NA,"Least concern",NA
1019420,169600,"Festuca pulchella Schrad.",NA,"Poaceae",NA,2,2024,2024,NA,"Least concern",NA
1019440,169800,"Festuca pulchella subsp. jurana (Gren.) Markgr.-Dann.",NA,"Poaceae",NA,2,2024,2024,NA,"Data deficient",NA
1019480,170100,"Festuca rubra L.",NA,"Poaceae",NA,13,2012,2024,NA,"Least concern",NA
1019490,170250,"Festuca rubra L. subsp. rubra",NA,"Poaceae",NA,6,2016,2024,NA,"",NA
1019470,170200,"Festuca rubra aggr.",NA,"Poaceae",NA,54,1954,2024,NA,"Least concern",NA
1019510,170400,"Festuca rupicaprina (Hack.) A. Kern.",NA,"Poaceae",NA,1,1957,1982,NA,"Least concern",NA
1019680,172000,"Festuca violacea Gaudin",NA,"Poaceae",NA,1,2022,2022,NA,"Least concern",NA
1019670,172100,"Festuca violacea aggr.",NA,"Poaceae",NA,3,2022,2024,NA,"Least concern",NA
1019770,173100,"Filipendula ulmaria (L.) Maxim.",NA,"Rosaceae",NA,7,1982,2023,NA,"Least concern",NA
1019920,173800,"Fragaria vesca L.",NA,"Rosaceae",NA,21,1982,2022,NA,"Least concern",NA
1019970,174200,"Fraxinus excelsior L.",NA,"Oleaceae",NA,21,1982,2022,NA,"Least concern",NA
1020350,177100,"Galeopsis tetrahit L.",NA,"Lamiaceae",NA,1,1982,2022,NA,"Least concern",NA
1020360,177350,"Galinsoga quadriradiata Ruiz & Pav.",NA,"Asteraceae",NA,0,1982,1982,NA,"",NA
1020380,177400,"Galium album Mill.",NA,"Rubiaceae",NA,14,2002,2023,NA,"Least concern",NA
1020385,177450,"Galium album Mill. subsp. album",NA,"Rubiaceae",NA,1,2022,2022,NA,"",NA
1020390,177500,"Galium anisophyllon Vill.",NA,"Rubiaceae",NA,7,1982,2024,NA,"Least concern",NA
1020500,178800,"Galium megalospermum All.",NA,"Rubiaceae",NA,1,1982,2018,NA,"Least concern",NA
1020510,179000,"Galium mollugo aggr.",NA,"Rubiaceae",NA,24,1954,2023,NA,"Least concern",NA
1020560,179300,"Galium odoratum (L.) Scop.",NA,"Rubiaceae",NA,1,1982,2021,NA,"Least concern",NA
1020600,179700,"Galium pumilum Murray",NA,"Rubiaceae",NA,33,1957,2024,NA,"Least concern",NA
1020595,179650,"Galium pumilum aggr.",NA,"Rubiaceae",NA,46,1957,2024,NA,"",NA
1020730,180900,"Galium verum L.",NA,"Rubiaceae",NA,2,1982,2023,NA,"Least concern",NA
1020940,182700,"Gentiana asclepiadea L.",NA,"Gentianaceae",NA,13,1982,2024,NA,"Least concern",NA
1020970,182900,"Gentiana bavarica L.",NA,"Gentianaceae",NA,2,2020,2024,NA,"Least concern",NA
1020975,182930,"Gentiana bavarica L. subsp. bavarica",NA,"Gentianaceae",NA,1,2024,2024,NA,"Least concern",NA
1021000,183100,"Gentiana campestris L.",NA,"Gentianaceae",NA,5,1982,2020,NA,"Least concern",NA
1021010,183200,"Gentiana campestris L. subsp. campestris",NA,"Gentianaceae",NA,3,2020,2020,NA,"Least concern",NA
1021030,183400,"Gentiana ciliata L.",NA,"Gentianaceae",NA,6,1982,2023,NA,"Least concern",NA
1021040,183500,"Gentiana clusii E. P. Perrier & Songeon",NA,"Gentianaceae",NA,2,1982,2018,NA,"Least concern",NA
1021120,184100,"Gentiana lutea L.",NA,"Gentianaceae",NA,18,1982,2024,NA,"Least concern",NA
1021125,184150,"Gentiana lutea L. subsp. lutea",NA,"Gentianaceae",NA,3,2024,2024,NA,"",NA
1021140,184300,"Gentiana nivalis L.",NA,"Gentianaceae",NA,2,1998,2018,NA,"Least concern",NA
1021200,184900,"Gentiana purpurea L.",NA,"Gentianaceae",NA,8,1877,2024,NA,"Least concern",NA
1021250,185400,"Gentiana verna L.",NA,"Gentianaceae",NA,5,1982,2022,NA,"Least concern",NA
1021450,188600,"Geranium pyrenaicum Burm. f.",NA,"Geraniaceae",NA,1,1982,2021,NA,"Least concern",NA
1021470,188795,"Geranium robertianum L.",NA,"Geraniaceae",NA,8,1982,2023,NA,"Least concern",NA
1021480,188800,"Geranium robertianum L. subsp. robertianum",NA,"Geraniaceae",NA,4,1982,2023,NA,"Least concern",NA
1021530,189300,"Geranium sylvaticum L.",NA,"Geraniaceae",NA,28,1954,2024,NA,"Least concern",NA
1021570,189600,"Geum rivale L.",NA,"Rosaceae",NA,16,1954,2024,NA,"Least concern",NA
1021690,190500,"Glechoma hederacea L.",NA,"Lamiaceae",NA,1,1982,2020,NA,"Least concern",NA
1021740,191000,"Globularia cordifolia L.",NA,"Plantaginaceae",NA,1,1957,1982,NA,"Least concern",NA
1021750,191200,"Globularia nudicaulis L.",NA,"Plantaginaceae",NA,12,1979,2024,NA,"Least concern",NA
1021765,191550,"Glyceria fluitans aggr.",NA,"Poaceae",NA,2,1982,2022,NA,"",NA
1021790,191700,"Glyceria notata Chevall.",NA,"Poaceae",NA,2,1982,2022,NA,"Least concern",NA
1021880,192600,"Gnaphalium sylvaticum L.",NA,"Asteraceae",NA,1,1982,2025,NA,"Least concern",NA
1021950,193200,"Gymnadenia conopsea (L.) R. Br.",NA,"Orchidaceae",NA,85,1974,2024,NA,"Least concern",NA
1021958,NA,"Gymnadenia conopsea × odoratissima",NA,"Orchidaceae",NA,1,2003,2003,NA,"",NA
1021970,193300,"Gymnadenia odoratissima (L.) Rich.",NA,"Orchidaceae",NA,7,1890,2014,NA,"Least concern",NA
1021980,193400,"Gymnocarpium dryopteris (L.) Newman",NA,"Cystopteridaceae",NA,1,1982,2023,NA,"Least concern",NA
1021990,193500,"Gymnocarpium robertianum (Hoffm.) Newman",NA,"Cystopteridaceae",NA,6,1969,2025,NA,"Least concern",NA
1022020,193800,"Gypsophila repens L.",NA,"Caryophyllaceae",NA,7,1982,2023,NA,"Least concern",NA
1022100,194000,"Hedera helix L.",NA,"Araliaceae",NA,1,1982,2021,NA,"Least concern",NA
1022110,194100,"Hedysarum hedysaroides (L.) Schinz & Thell.",NA,"Fabaceae",NA,16,1877,2024,NA,"Least concern",NA
1022120,194150,"Hedysarum hedysaroides (L.) Schinz & Thell. subsp. hedysaroides",NA,"Fabaceae",NA,2,2024,2024,NA,"",NA
1022180,194895,"Helianthemum nummularium (L.) Mill.",NA,"Cistaceae",NA,22,1982,2024,NA,"Least concern",NA
1022210,195100,"Helianthemum nummularium subsp. grandiflorum (Scop.) Schinz & Thell.",NA,"Cistaceae",NA,10,1982,2024,NA,"Least concern",NA
1022220,195200,"Helianthemum nummularium subsp. obscurum (Čelak.) Holub",NA,"Cistaceae",NA,6,1982,2022,NA,"Least concern",NA
1022390,196800,"Helictotrichon pubescens (Huds.) Pilg.",NA,"Poaceae",NA,12,1954,2021,NA,"Least concern",NA
1022560,197900,"Hepatica nobilis Schreb.",NA,"Ranunculaceae",NA,1,1982,2023,NA,"Least concern",NA
1022590,198595,"Heracleum sphondylium L.",NA,"Apiaceae",NA,6,1954,2024,NA,"Least concern",NA
1022600,198600,"Heracleum sphondylium L. subsp. sphondylium",NA,"Apiaceae",NA,3,1982,2021,NA,"Least concern",NA
1022620,198800,"Heracleum sphondylium subsp. elegans (Crantz) Schübl. & G. Martens",NA,"Apiaceae",NA,2,1982,2024,NA,"Least concern",NA
1022640,199100,"Herminium monorchis (L.) R. Br.",NA,"Orchidaceae",NA,4,1982,2023,NA,"Vulnerable",NA
1022820,200200,"Hieracium aurantiacum L.",NA,"Asteraceae",NA,1,2023,2023,NA,"Least concern",NA
1022840,200600,"Hieracium bifidum aggr.",NA,"Asteraceae",NA,5,1982,2024,NA,"Least concern",NA
1023030,202000,"Hieracium lachenalii C. C. Gmel.",NA,"Asteraceae",NA,6,1974,2021,NA,"Least concern",NA
1023040,202100,"Hieracium lactucella Wallr.",NA,"Asteraceae",NA,5,1982,2022,NA,"Least concern",NA
1023110,202700,"Hieracium murorum aggr.",NA,"Asteraceae",NA,15,1982,2024,NA,"Least concern",NA
1023200,203400,"Hieracium pilosella L.",NA,"Asteraceae",NA,4,1982,2021,NA,"Least concern",NA
1023220,203600,"Hieracium pilosum Froel.",NA,"Asteraceae",NA,1,1957,1982,NA,"Least concern",NA
1023270,203900,"Hieracium prenanthoides aggr.",NA,"Asteraceae",NA,2,1957,2022,NA,"Least concern",NA
1023500,205800,"Hieracium villosum Jacq.",NA,"Asteraceae",NA,8,1957,2024,NA,"Least concern",NA
1023490,205900,"Hieracium villosum aggr.",NA,"Asteraceae",NA,10,1957,2024,NA,"Least concern",NA
1023580,206300,"Hippocrepis comosa L.",NA,"Fabaceae",NA,29,1982,2024,NA,"Least concern",NA
1023630,206800,"Holcus lanatus L.",NA,"Poaceae",NA,27,1954,2023,NA,"Least concern",NA
1023680,207300,"Homogyne alpina (L.) Cass.",NA,"Asteraceae",NA,15,1982,2024,NA,"Least concern",NA
1023690,207400,"Hordelymus europaeus (L.) Harz",NA,"Poaceae",NA,3,1982,2022,NA,"Least concern",NA
1023860,208900,"Huperzia selago (L.) Schrank & Mart.",NA,"Lycopodiaceae",NA,2,1969,2023,NA,"Least concern",NA
1024060,210695,"Hypericum maculatum Crantz",NA,"Hypericaceae",NA,19,1982,2025,NA,"Least concern",NA
1024070,210700,"Hypericum maculatum Crantz subsp. maculatum",NA,"Hypericaceae",NA,3,1982,2024,NA,"Least concern",NA
1024100,210900,"Hypericum montanum L.",NA,"Hypericaceae",NA,2,1982,2022,NA,"Least concern",NA
1024130,211050,"Hypericum perforatum L.",NA,"Hypericaceae",NA,5,1982,2021,NA,"Least concern",NA
1024140,211100,"Hypericum perforatum L. subsp. perforatum",NA,"Hypericaceae",NA,4,1982,2006,NA,"Least concern",NA
1024180,211500,"Hypericum tetrapterum Fr.",NA,"Hypericaceae",NA,1,1982,2016,NA,"Least concern",NA
1024230,212100,"Hypochaeris radicata L.",NA,"Asteraceae",NA,12,1982,2022,NA,"Least concern",NA
1024250,212200,"Hypochaeris uniflora Vill.",NA,"Asteraceae",NA,1,1966,2023,NA,"Least concern",NA
1024420,213700,"Impatiens noli-tangere L.",NA,"Balsaminaceae",NA,2,1982,2022,NA,"Least concern",NA
1024900,217700,"Juncus alpinoarticulatus Chaix",NA,"Juncaceae",NA,3,1982,2022,NA,"Least concern",NA
1024930,218100,"Juncus articulatus L.",NA,"Juncaceae",NA,8,1982,2024,NA,"Least concern",NA
1024925,218150,"Juncus articulatus aggr.",NA,"Juncaceae",NA,11,1982,2024,NA,"",NA
1025000,218800,"Juncus effusus L.",NA,"Juncaceae",NA,4,1982,2023,NA,"Least concern",NA
1025010,218900,"Juncus filiformis L.",NA,"Juncaceae",NA,1,1966,2020,NA,"Least concern",NA
1025030,219100,"Juncus inflexus L.",NA,"Juncaceae",NA,7,1982,2023,NA,"Least concern",NA
1025040,219200,"Juncus jacquinii L.",NA,"Juncaceae",NA,2,2012,2012,NA,"Least concern",NA
1025140,220395,"Juniperus communis L.",NA,"Cupressaceae",NA,2,1982,2025,NA,"Least concern",NA
1025160,220500,"Juniperus communis subsp. alpina Čelak.",NA,"Cupressaceae",NA,1,1982,2022,NA,"Least concern",NA
1025190,221000,"Kernera saxatilis (L.) Sweet",NA,"Brassicaceae",NA,2,1979,2006,NA,"Least concern",NA
1025230,221400,"Knautia arvensis (L.) Coult.",NA,"Caprifoliaceae",NA,12,1982,2021,NA,"Least concern",NA
1025240,221450,"Knautia dipsacifolia Kreutzer",NA,"Caprifoliaceae",NA,12,1982,2025,NA,"Least concern",NA
1025250,221500,"Knautia dipsacifolia Kreutzer subsp. dipsacifolia",NA,"Caprifoliaceae",NA,3,1982,2022,NA,"Least concern",NA
1025480,223900,"Koeleria pyramidata (Lam.) P. Beauv.",NA,"Poaceae",NA,1,2021,2021,NA,"Least concern",NA
1025490,223905,"Koeleria pyramidata aggr.",NA,"Poaceae",NA,1,2021,2021,NA,"Least concern",NA
1025580,224700,"Lactuca serriola L.",NA,"Asteraceae",NA,1,2020,2020,NA,"Least concern",NA
1025670,225750,"Lamium galeobdolon (L.) L.",NA,"Lamiaceae",NA,7,2001,2023,NA,"Least concern",NA
1025780,226900,"Lapsana communis L.",NA,"Asteraceae",NA,1,1982,2022,NA,"Least concern",NA
1025860,227700,"Laserpitium latifolium L.",NA,"Apiaceae",NA,9,1982,2025,NA,"Least concern",NA
1026030,230200,"Lathyrus occidentalis (Fisch. & C. A. Mey.) Fritsch",NA,"Fabaceae",NA,4,1982,2023,NA,"Least concern",NA
1026050,230400,"Lathyrus pratensis L.",NA,"Fabaceae",NA,26,1954,2024,NA,"Least concern",NA
1026330,233000,"Leontodon hispidus L.",NA,"Asteraceae",NA,51,1954,2025,NA,"Least concern",NA
1026340,233100,"Leontodon hispidus L. subsp. hispidus",NA,"Asteraceae",NA,7,2012,2024,NA,"Least concern",NA
1026360,233400,"Leontodon hispidus subsp. hyoseroides (Rchb.) Murr",NA,"Asteraceae",NA,2,1982,2012,NA,"Least concern",NA
1026380,233600,"Leontodon hispidus subsp. pseudocrispus (Bisch.) Murr",NA,"Asteraceae",NA,2,2012,2012,NA,"Least concern",NA
1026470,234600,"Leontopodium alpinum Cass.",NA,"Asteraceae",NA,7,1957,2020,NA,"Least concern",NA
1026650,236200,"Leucanthemum adustum (W. D. J. Koch) Gremli",NA,"Asteraceae",NA,12,1982,2024,NA,"Least concern",NA
1026655,236250,"Leucanthemum adustum (W. D. J. Koch) Gremli subsp. adustum",NA,"Asteraceae",NA,3,2024,2024,NA,"",NA
1026680,236500,"Leucanthemum halleri (Vitman) Ducommun",NA,"Asteraceae",NA,1,1982,2018,NA,"Least concern",NA
1026730,236800,"Leucanthemum vulgare Lam.",NA,"Asteraceae",NA,4,1954,2022,NA,"Least concern",NA
1026710,236905,"Leucanthemum vulgare aggr.",NA,"Asteraceae",NA,49,1954,2024,NA,"Least concern",NA
1026760,237100,"Leucojum vernum L.",NA,"Amaryllidaceae",NA,1,1980,1982,NA,"Least concern",NA
1026810,237800,"Ligusticum mutellina (L.) Crantz",NA,"Apiaceae",NA,22,1982,2024,NA,"Least concern",NA
1026820,237900,"Ligusticum mutellinoides Vill.",NA,"Apiaceae",NA,1,1957,1957,NA,"Least concern",NA
1026890,238500,"Lilium martagon L.",NA,"Liliaceae",NA,3,1982,2022,NA,"Least concern",NA
1026920,238800,"Linaria alpina (L.) Mill.",NA,"Plantaginaceae",NA,5,1982,2023,NA,"Least concern",NA
1026930,238900,"Linaria alpina (L.) Mill. subsp. alpina",NA,"Plantaginaceae",NA,3,1982,2020,NA,"Least concern",NA
1027060,240300,"Linaria vulgaris Mill.",NA,"Plantaginaceae",NA,1,2022,2022,NA,"Least concern",NA
1027130,241100,"Linum catharticum L.",NA,"Linaceae",NA,32,1982,2024,NA,"Least concern",NA
1027210,241900,"Listera cordata (L.) R. Br.",NA,"Orchidaceae",NA,2,1980,1983,NA,"Near threatened",NA
1027220,242000,"Listera ovata (L.) R. Br.",NA,"Orchidaceae",NA,59,1979,2023,NA,"Least concern",NA
1027250,242500,"Lloydia serotina (L.) Rchb.",NA,"Liliaceae",NA,2,1979,2006,NA,"Least concern",NA
1027300,242700,"Lolium multiflorum Lam.",NA,"Poaceae",NA,1,1982,2022,NA,"",NA
1027310,242800,"Lolium perenne L.",NA,"Poaceae",NA,3,1954,2022,NA,"Least concern",NA
1027370,243400,"Lonicera alpigena L.",NA,"Caprifoliaceae",NA,3,1982,2022,NA,"Least concern",NA
1027380,243500,"Lonicera caerulea L.",NA,"Caprifoliaceae",NA,2,1974,1982,NA,"Least concern",NA
1027440,243900,"Lonicera nigra L.",NA,"Caprifoliaceae",NA,3,1982,2022,NA,"Least concern",NA
1027500,244300,"Lotus alpinus (DC.) Ramond",NA,"Fabaceae",NA,12,1982,2018,NA,"Least concern",NA
1027520,244400,"Lotus corniculatus L.",NA,"Fabaceae",NA,24,1982,2024,NA,"Least concern",NA
1027510,244410,"Lotus corniculatus aggr.",NA,"Fabaceae",NA,53,1982,2024,NA,"Least concern",NA
1027610,245500,"Lunaria rediviva L.",NA,"Brassicaceae",NA,1,1982,2023,NA,"Least concern",NA
1027700,246100,"Luzula campestris (L.) DC.",NA,"Juncaceae",NA,10,2002,2023,NA,"Least concern",NA
1027790,247100,"Luzula multiflora (Ehrh.) Lej.",NA,"Juncaceae",NA,6,1982,2015,NA,"Least concern",NA
1027785,247150,"Luzula multiflora aggr.",NA,"Juncaceae",NA,8,1982,2023,NA,"Least concern",NA
1027910,248300,"Luzula sylvatica (Huds.) Gaudin",NA,"Juncaceae",NA,1,2012,2012,NA,"Least concern",NA
1027920,248400,"Luzula sylvatica aggr.",NA,"Juncaceae",NA,3,1982,2024,NA,"Least concern",NA
1027980,249700,"Lycopodium annotinum L.",NA,"Lycopodiaceae",NA,1,1982,2020,NA,"Least concern",NA
1027990,249900,"Lycopodium clavatum L.",NA,"Lycopodiaceae",NA,1,1966,2020,NA,"Near threatened",NA
1028080,251400,"Lysimachia nemorum L.",NA,"Primulaceae",NA,8,1954,2024,NA,"Least concern",NA
1028210,252400,"Maianthemum bifolium (L.) F. W. Schmidt",NA,"Asparagaceae",NA,2,1980,2020,NA,"Least concern",NA
1028220,252600,"Malaxis monophyllos (L.) Sw.",NA,"Orchidaceae",NA,13,1949,2024,NA,"Vulnerable",NA
1028320,253300,"Malva moschata L.",NA,"Malvaceae",NA,2,2020,2022,NA,"Least concern",NA
1028530,255300,"Medicago lupulina L.",NA,"Fabaceae",NA,3,1982,2023,NA,"Least concern",NA
1028690,256900,"Melica nutans L.",NA,"Poaceae",NA,1,1982,2023,NA,"Least concern",NA
1028830,258200,"Mentha longifolia (L.) Huds.",NA,"Lamiaceae",NA,5,1982,2025,NA,"Least concern",NA
1028940,259100,"Mercurialis perennis L.",NA,"Euphorbiaceae",NA,11,1982,2023,NA,"Least concern",NA
1029260,262000,"Minuartia verna (L.) Hiern",NA,"Caryophyllaceae",NA,3,1957,2006,NA,"Least concern",NA
1029430,263300,"Molinia arundinacea Schrank",NA,"Poaceae",NA,1,1982,2016,NA,"Least concern",NA
1029440,263400,"Molinia caerulea (L.) Moench",NA,"Poaceae",NA,20,1982,2023,NA,"Least concern",NA
1029680,265700,"Mycelis muralis (L.) Dumort.",NA,"Asteraceae",NA,3,1982,2022,NA,"Least concern",NA
1029795,266850,"Myosotis scorpioides aggr.",NA,"Boraginaceae",NA,0,1982,1982,NA,"",NA
1029820,267100,"Myosotis sylvatica Hoffm.",NA,"Boraginaceae",NA,2,1979,2006,NA,"Least concern",NA
1029815,267150,"Myosotis sylvatica aggr.",NA,"Boraginaceae",NA,3,1954,2006,NA,"",NA
1030080,269700,"Nardus stricta L.",NA,"Poaceae",NA,4,1982,2022,NA,"Least concern",NA
1030140,270100,"Neottia nidus-avis (L.) Rich.",NA,"Orchidaceae",NA,10,1980,2021,NA,"Least concern",NA
1030390,271655,"Nigritella rhellicani Teppner & E. Klein",NA,"Orchidaceae",NA,5,1979,1983,NA,"Least concern",NA
1030380,271700,"Nigritella rhellicani aggr.",NA,"Orchidaceae",NA,15,1979,2014,NA,"Least concern",NA
1030840,275400,"Onobrychis montana DC.",NA,"Fabaceae",NA,11,1877,2023,NA,"Least concern",NA
1030940,276300,"Ononis repens L.",NA,"Fabaceae",NA,2,1982,2015,NA,"Least concern",NA
1030955,276850,"Ononis spinosa aggr.",NA,"Fabaceae",NA,2,1982,2015,NA,"",NA
1031160,279100,"Ophrys insectifera L.",NA,"Orchidaceae",NA,1,1983,1994,NA,"Vulnerable",NA
1031350,280900,"Orchis mascula (L.) L.",NA,"Orchidaceae",NA,65,1974,2023,NA,"Least concern",NA
1031360,280950,"Orchis mascula (L.) L. subsp. mascula",NA,"Orchidaceae",NA,4,2000,2014,NA,"",NA
1031500,282200,"Orchis ustulata L.",NA,"Orchidaceae",NA,14,1971,2023,NA,"Near threatened",NA
1031527,282220,"Orchis ustulata var. aestivalis Kümpel",NA,"Orchidaceae",NA,1,1982,1982,NA,"",NA
1031540,282400,"Oreopteris limbosperma (All.) Holub",NA,"Thelypteridaceae",NA,2,1982,2022,NA,"Least concern",NA
1031560,282600,"Origanum vulgare L.",NA,"Lamiaceae",NA,13,1982,2025,NA,"Least concern",NA
1031810,284990,"Orobanche flava F. W. Schultz",NA,"Orobanchaceae",NA,2,2024,2024,NA,"Near threatened",NA
1031805,285000,"Orobanche flava aggr.",NA,"Orobanchaceae",NA,2,2024,2024,NA,"",NA
1032070,287300,"Oxalis acetosella L.",NA,"Oxalidaceae",NA,9,1982,2023,NA,"Least concern",NA
1032150,287750,"Oxalis stricta L.",NA,"Oxalidaceae",NA,1,1982,2020,NA,"",NA
1032190,288200,"Oxytropis campestris (L.) DC.",NA,"Fabaceae",NA,1,2020,2020,NA,"Least concern",NA
1032270,289300,"Oxytropis jacquinii Bunge",NA,"Fabaceae",NA,11,1957,2024,NA,"Least concern",NA
1032560,292100,"Paradisea liliastrum (L.) Bertol.",NA,"Asparagaceae",NA,1,1966,2022,NA,"Least concern",NA
1032590,292600,"Paris quadrifolia L.",NA,"Melanthiaceae",NA,1,1982,2023,NA,"Least concern",NA
1032600,292700,"Parnassia palustris L.",NA,"Celastraceae",NA,13,1982,2025,NA,"Least concern",NA
1032800,294200,"Pedicularis foliosa L.",NA,"Orobanchaceae",NA,6,1982,2024,NA,"Least concern",NA
1032940,295500,"Pedicularis verticillata L.",NA,"Orobanchaceae",NA,7,1932,2024,NA,"Least concern",NA
1033000,295700,"Petasites albus (L.) Gaertn.",NA,"Asteraceae",NA,5,1982,2022,NA,"Least concern",NA
1033010,295900,"Petasites hybridus (L.) G. Gaertn. & al.",NA,"Asteraceae",NA,2,1982,2022,NA,"Least concern",NA
1033020,296000,"Petasites paradoxus (Retz.) Baumg.",NA,"Asteraceae",NA,11,1982,2024,NA,"Least concern",NA
1033160,297200,"Peucedanum ostruthium (L.) W. D. J. Koch",NA,"Apiaceae",NA,1,1982,2024,NA,"Least concern",NA
1033290,298400,"Phegopteris connectilis (Michx.) Watt",NA,"Thelypteridaceae",NA,1,1982,2023,NA,"Least concern",NA
1033330,298900,"Phleum alpinum aggr.",NA,"Poaceae",NA,4,1889,2024,NA,"Least concern",NA
1033370,299600,"Phleum hirsutum Honck.",NA,"Poaceae",NA,4,1880,2022,NA,"Least concern",NA
1033410,300000,"Phleum pratense L.",NA,"Poaceae",NA,1,1982,2022,NA,"Least concern",NA
1033400,300005,"Phleum pratense aggr.",NA,"Poaceae",NA,3,1982,2024,NA,"Least concern",NA
1033420,300200,"Phleum rhaeticum (Humphries) Rauschert",NA,"Poaceae",NA,4,1889,2024,NA,"Least concern",NA
1033570,300800,"Phyteuma betonicifolium Vill.",NA,"Campanulaceae",NA,4,1982,2012,NA,"Least concern",NA
1033670,301800,"Phyteuma orbiculare L.",NA,"Campanulaceae",NA,25,1982,2024,NA,"Least concern",NA
1033740,302400,"Phyteuma spicatum L.",NA,"Campanulaceae",NA,18,1954,2024,NA,"Least concern",NA
1033750,302450,"Phyteuma spicatum L. subsp. spicatum",NA,"Campanulaceae",NA,2,2024,2024,NA,"Least concern",NA
1033800,302800,"Picea abies (L.) H. Karst.",NA,"Pinaceae",NA,16,1982,2024,NA,"Least concern",NA
1033830,303100,"Picris hieracioides L.",NA,"Asteraceae",NA,4,1982,2022,NA,"Least concern",NA
1033920,303800,"Pimpinella major (L.) Huds.",NA,"Apiaceae",NA,41,1982,2024,NA,"Least concern",NA
1033970,304000,"Pimpinella saxifraga L.",NA,"Apiaceae",NA,4,2002,2021,NA,"Least concern",NA
1033950,304100,"Pimpinella saxifraga aggr.",NA,"Apiaceae",NA,6,1982,2021,NA,"Least concern",NA
1033980,304300,"Pinguicula alpina L.",NA,"Lentibulariaceae",NA,1,1982,2023,NA,"Least concern",NA
1034050,304800,"Pinguicula vulgaris L.",NA,"Lentibulariaceae",NA,2,1982,2023,NA,"Near threatened",NA
1034250,307000,"Plantago alpina L.",NA,"Plantaginaceae",NA,11,1982,2024,NA,"Least concern",NA
1034280,307250,"Plantago atrata Hoppe",NA,"Plantaginaceae",NA,20,1982,2024,NA,"Least concern",NA
1034290,307300,"Plantago atrata Hoppe subsp. atrata",NA,"Plantaginaceae",NA,8,1982,2016,NA,"",NA
1034330,307800,"Plantago lanceolata L.",NA,"Plantaginaceae",NA,32,1954,2024,NA,"Least concern",NA
1034350,307850,"Plantago major L.",NA,"Plantaginaceae",NA,2,1982,2022,NA,"Least concern",NA
1034360,307900,"Plantago major L. subsp. major",NA,"Plantaginaceae",NA,1,1982,2022,NA,"Least concern",NA
1034390,308100,"Plantago media L.",NA,"Plantaginaceae",NA,17,1982,2023,NA,"Least concern",NA
1034405,308350,"Plantago serpentina aggr.",NA,"Plantaginaceae",NA,11,1982,2024,NA,"",NA
1034420,308400,"Platanthera bifolia (L.) Rich.",NA,"Orchidaceae",NA,21,1980,2023,NA,"Least concern",NA
1034430,308500,"Platanthera chlorantha (Custer) Rchb.",NA,"Orchidaceae",NA,16,1890,2023,NA,"Least concern",NA
1034470,309000,"Poa alpina L.",NA,"Poaceae",NA,17,1982,2024,NA,"Least concern",NA
1034490,309200,"Poa annua L.",NA,"Poaceae",NA,2,1982,2022,NA,"Least concern",NA
1034530,309600,"Poa cenisia All.",NA,"Poaceae",NA,1,1957,1982,NA,"Least concern",NA
1034590,310200,"Poa laxa Haenke",NA,"Poaceae",NA,1,1877,1877,NA,"Least concern",NA
1034620,310500,"Poa nemoralis L.",NA,"Poaceae",NA,1,1982,2022,NA,"Least concern",NA
1034660,310800,"Poa pratensis L.",NA,"Poaceae",NA,2,2021,2021,NA,"Least concern",NA
1034650,310900,"Poa pratensis aggr.",NA,"Poaceae",NA,2,2021,2021,NA,"Least concern",NA
1034690,311295,"Poa trivialis L.",NA,"Poaceae",NA,1,1954,1954,NA,"Least concern",NA
1034770,312300,"Polygala alpestris Rchb.",NA,"Polygalaceae",NA,13,1982,2024,NA,"Least concern",NA
1034785,312490,"Polygala amara aggr.",NA,"Polygalaceae",NA,4,1982,2023,NA,"",NA
1034800,312500,"Polygala amarella Crantz",NA,"Polygalaceae",NA,2,1982,2023,NA,"Least concern",NA
1034830,312700,"Polygala chamaebuxus L.",NA,"Polygalaceae",NA,8,1982,2022,NA,"Least concern",NA
1034890,313195,"Polygala vulgaris L.",NA,"Polygalaceae",NA,21,1982,2023,NA,"Least concern",NA
1034900,313200,"Polygala vulgaris L. subsp. vulgaris",NA,"Polygalaceae",NA,3,1982,2016,NA,"Least concern",NA
1034940,313700,"Polygonatum verticillatum (L.) All.",NA,"Asparagaceae",NA,7,1974,2023,NA,"Least concern",NA
1034990,314190,"Polygonum aviculare L.",NA,"Polygonaceae",NA,1,2020,2020,NA,"Least concern",NA
1034980,314300,"Polygonum aviculare aggr.",NA,"Polygonaceae",NA,1,2020,2020,NA,"Least concern",NA
1035170,315800,"Polygonum viviparum L.",NA,"Polygonaceae",NA,33,1877,2024,NA,"Least concern",NA
1035200,316400,"Polypodium vulgare L.",NA,"Polypodiaceae",NA,1,1982,2020,NA,"Least concern",NA
1035240,316500,"Polystichum aculeatum (L.) Roth",NA,"Dryopteridaceae",NA,3,1982,2025,NA,"Least concern",NA
1035260,316800,"Polystichum lonchitis (L.) Roth",NA,"Dryopteridaceae",NA,4,1982,2025,NA,"Least concern",NA
1035450,318100,"Potamogeton alpinus Balb.",NA,"Potamogetonaceae",NA,2,2013,2022,NA,"Near threatened",NA
1035720,321300,"Potentilla aurea L.",NA,"Rosaceae",NA,5,1982,2024,NA,"Least concern",NA
1035790,322100,"Potentilla crantzii (Crantz) Fritsch",NA,"Rosaceae",NA,2,1982,2022,NA,"Least concern",NA
1035810,322400,"Potentilla erecta (L.) Raeusch.",NA,"Rosaceae",NA,45,1982,2024,NA,"Least concern",NA
1036040,324500,"Potentilla reptans L.",NA,"Rosaceae",NA,2,1982,2020,NA,"Least concern",NA
1036060,324700,"Potentilla sterilis (L.) Garcke",NA,"Rosaceae",NA,5,1982,2022,NA,"Least concern",NA
1036120,325200,"Prenanthes purpurea L.",NA,"Asteraceae",NA,2,1982,2022,NA,"Least concern",NA
1036180,325700,"Primula auricula L.",NA,"Primulaceae",NA,4,1982,2025,NA,"Least concern",NA
1036200,325950,"Primula elatior (L.) L.",NA,"Primulaceae",NA,28,1982,2024,NA,"Least concern",NA
1036210,326000,"Primula elatior (L.) L. subsp. elatior",NA,"Primulaceae",NA,14,1982,2024,NA,"",NA
1036230,326200,"Primula farinosa L.",NA,"Primulaceae",NA,13,1982,2024,NA,"Least concern",NA
1036330,327195,"Primula veris L.",NA,"Primulaceae",NA,7,1982,2015,NA,"Least concern",NA
1036340,327200,"Primula veris L. subsp. veris",NA,"Primulaceae",NA,1,1982,2015,NA,"Least concern",NA
1036430,327650,"Pritzelago alpina (L.) Kuntze",NA,"Brassicaceae",NA,6,1971,2013,NA,"Least concern",NA
1036440,327700,"Pritzelago alpina (L.) Kuntze subsp. alpina",NA,"Brassicaceae",NA,5,1971,2006,NA,"Least concern",NA
1036460,327900,"Prunella grandiflora (L.) Scholler",NA,"Lamiaceae",NA,21,1982,2025,NA,"Least concern",NA
1036480,328100,"Prunella vulgaris L.",NA,"Lamiaceae",NA,31,1954,2024,NA,"Least concern",NA
1036710,330400,"Pseudorchis albida (L.) Á. Löve & D. Löve",NA,"Orchidaceae",NA,14,1979,2024,NA,"Least concern",NA
1036760,330800,"Pteridium aquilinum (L.) Kuhn",NA,"Dennstaedtiaceae",NA,3,1982,2023,NA,"Least concern",NA
1036980,333195,"Pulsatilla alpina (L.) Delarbre",NA,"Ranunculaceae",NA,2,1982,2024,NA,"Least concern",NA
1036990,333200,"Pulsatilla alpina (L.) Delarbre subsp. alpina",NA,"Ranunculaceae",NA,1,1982,2018,NA,"Least concern",NA
1037090,334100,"Pulsatilla vernalis (L.) Mill.",NA,"Ranunculaceae",NA,4,1878,2006,NA,"Least concern",NA
1037360,336500,"Ranunculus aconitifolius L.",NA,"Ranunculaceae",NA,3,1982,2024,NA,"Least concern",NA
1037370,336595,"Ranunculus acris L.",NA,"Ranunculaceae",NA,5,1954,2020,NA,"Least concern",NA
1037390,336700,"Ranunculus acris subsp. friesianus (Jord.) Syme",NA,"Ranunculaceae",NA,3,1954,2020,NA,"Least concern",NA
1037410,336800,"Ranunculus alpestris L.",NA,"Ranunculaceae",NA,5,1982,2024,NA,"Least concern",NA
1037610,338700,"Ranunculus glacialis L.",NA,"Ranunculaceae",NA,2,1957,1979,NA,"Least concern",NA
1037670,339300,"Ranunculus lanuginosus L.",NA,"Ranunculaceae",NA,2,1982,2022,NA,"Least concern",NA
1037710,339500,"Ranunculus montanus Willd.",NA,"Ranunculaceae",NA,11,1982,2024,NA,"Least concern",NA
1037700,339505,"Ranunculus montanus aggr.",NA,"Ranunculaceae",NA,21,1982,2024,NA,"Least concern",NA
1037840,340900,"Ranunculus repens L.",NA,"Ranunculaceae",NA,1,1982,2020,NA,"Least concern",NA
1037970,342200,"Ranunculus tuberosus Lapeyr.",NA,"Ranunculaceae",NA,30,1980,2024,NA,"Least concern",NA
1037965,342210,"Ranunculus tuberosus aggr.",NA,"Ranunculaceae",NA,45,1980,2024,NA,"Least concern",NA
1038135,343220,"Reynoutria japonica aggr.",NA,"Polygonaceae",NA,14,2010,2012,NA,"",NA
1038230,344100,"Rhinanthus alectorolophus (Scop.) Pollich",NA,"Orobanchaceae",NA,18,1982,2023,NA,"Least concern",NA
1038240,344210,"Rhinanthus angustifolius C. C. Gmel.",NA,"Orobanchaceae",NA,1,1967,1967,NA,"Vulnerable",NA
1038290,344800,"Rhinanthus minor L.",NA,"Orobanchaceae",NA,5,1982,2023,NA,"Least concern",NA
1038340,345400,"Rhododendron hirsutum L.",NA,"Ericaceae",NA,7,1982,2024,NA,"Least concern",NA
1038600,347400,"Rosa abietina Christ",NA,"Rosaceae",NA,2,1982,2022,NA,"Near threatened",NA
1038620,347600,"Rosa arvensis Huds.",NA,"Rosaceae",NA,6,1982,2022,NA,"Least concern",NA
1038650,347800,"Rosa canina L.",NA,"Rosaceae",NA,9,1982,2022,NA,"Least concern",NA
1038645,347850,"Rosa canina aggr.",NA,"Rosaceae",NA,39,1982,2022,NA,"Least concern",NA
1038670,348300,"Rosa corymbifera Borkh.",NA,"Rosaceae",NA,6,1982,2022,NA,"Least concern",NA
1038665,348310,"Rosa corymbifera aggr.",NA,"Rosaceae",NA,18,1982,2022,NA,"",NA
1038680,348350,"Rosa dumalis Bechst.",NA,"Rosaceae",NA,1,2022,2022,NA,"Least concern",NA
1038830,349500,"Rosa pendulina L.",NA,"Rosaceae",NA,19,1982,2024,NA,"Least concern",NA
1038850,349750,"Rosa pseudoscabriuscula (R. Keller) A. W. Hill",NA,"Rosaceae",NA,5,2022,2023,NA,"Least concern",NA
1038870,349950,"Rosa rubiginosa aggr.",NA,"Rosaceae",NA,1,2022,2022,NA,"Near threatened",NA
1038940,350400,"Rosa subcanina (Christ) R. Keller",NA,"Rosaceae",NA,10,2022,2022,NA,"Least concern",NA
1038950,350500,"Rosa subcollina (Christ) R. Keller",NA,"Rosaceae",NA,4,2022,2022,NA,"Near threatened",NA
1038980,350600,"Rosa tomentosa Sm.",NA,"Rosaceae",NA,1,1982,2022,NA,"Least concern",NA
1038970,350650,"Rosa tomentosa aggr.",NA,"Rosaceae",NA,12,1972,2023,NA,"Least concern",NA
1039000,350800,"Rosa villosa L.",NA,"Rosaceae",NA,2,1972,2022,NA,"Near threatened",NA
1039325,353120,"Rubus fruticosus aggr.",NA,"Rosaceae",NA,1,1982,2021,NA,"Least concern",NA
1039550,354400,"Rubus idaeus L.",NA,"Rosaceae",NA,12,1982,2022,NA,"Least concern",NA
1039950,357400,"Rubus saxatilis L.",NA,"Rosaceae",NA,7,1982,2024,NA,"Least concern",NA
1040120,358700,"Rudbeckia hirta L.",NA,"Asteraceae",NA,1,2022,2022,NA,"",NA
1040140,358900,"Rumex acetosa L.",NA,"Polygonaceae",NA,14,1954,2023,NA,"Least concern",NA
1040200,359400,"Rumex alpinus L.",NA,"Polygonaceae",NA,5,1979,2024,NA,"Least concern",NA
1040220,359800,"Rumex conglomeratus Murray",NA,"Polygonaceae",NA,1,1982,2022,NA,"Least concern",NA
1040290,360400,"Rumex obtusifolius L.",NA,"Polygonaceae",NA,1,1982,2022,NA,"Least concern",NA
1040360,360900,"Rumex scutatus L.",NA,"Polygonaceae",NA,1,1982,2020,NA,"Least concern",NA
1040470,362200,"Sagina procumbens L.",NA,"Caryophyllaceae",NA,1,1982,2020,NA,"Least concern",NA
1040480,362300,"Sagina saginoides (L.) H. Karst.",NA,"Caryophyllaceae",NA,1,1982,2020,NA,"Least concern",NA
1040590,363100,"Salix appendiculata Vill.",NA,"Salicaceae",NA,3,1982,2024,NA,"Least concern",NA
1040680,363800,"Salix cinerea L.",NA,"Salicaceae",NA,1,1966,2022,NA,"Least concern",NA
1040710,364000,"Salix elaeagnos Scop.",NA,"Salicaceae",NA,2,1982,2022,NA,"Least concern",NA
1040790,364600,"Salix hastata L.",NA,"Salicaceae",NA,6,1877,2024,NA,"Least concern",NA
1040810,364800,"Salix herbacea L.",NA,"Salicaceae",NA,6,2012,2012,NA,"Least concern",NA
1040860,365000,"Salix myrsinifolia Salisb.",NA,"Salicaceae",NA,2,1982,2022,NA,"Least concern",NA
1040920,365800,"Salix purpurea L.",NA,"Salicaceae",NA,2,1982,2022,NA,"Least concern",NA
1040980,366100,"Salix reticulata L.",NA,"Salicaceae",NA,8,1982,2024,NA,"Least concern",NA
1040990,366200,"Salix retusa L.",NA,"Salicaceae",NA,13,1957,2024,NA,"Least concern",NA
1041170,367300,"Salvia glutinosa L.",NA,"Lamiaceae",NA,4,1982,2024,NA,"Least concern",NA
1041280,368300,"Sambucus nigra L.",NA,"Adoxaceae",NA,4,1974,2022,NA,"Least concern",NA
1041300,368400,"Sambucus racemosa L.",NA,"Adoxaceae",NA,1,1982,2023,NA,"Least concern",NA
1041340,368650,"Sanguisorba minor Scop.",NA,"Rosaceae",NA,24,1982,2023,NA,"Least concern",NA
1041350,368700,"Sanguisorba minor Scop. subsp. minor",NA,"Rosaceae",NA,11,1982,2015,NA,"Least concern",NA
1041560,371600,"Saxifraga aizoides L.",NA,"Saxifragaceae",NA,10,1982,2024,NA,"Least concern",NA
1041570,371800,"Saxifraga androsacea L.",NA,"Saxifragaceae",NA,1,1982,2006,NA,"Least concern",NA
1041730,373050,"Saxifraga exarata Vill.",NA,"Saxifragaceae",NA,2,1980,2018,NA,"Least concern",NA
1041710,373200,"Saxifraga exarata subsp. moschata (Wulfen) Cavill.",NA,"Saxifragaceae",NA,2,1980,2018,NA,"Least concern",NA
1041860,374450,"Saxifraga oppositifolia L.",NA,"Saxifragaceae",NA,1,2020,2020,NA,"Least concern",NA
1041870,374500,"Saxifraga oppositifolia L. subsp. oppositifolia",NA,"Saxifragaceae",NA,1,2020,2020,NA,"Least concern",NA
1041890,374600,"Saxifraga paniculata Mill.",NA,"Saxifragaceae",NA,9,1979,2023,NA,"Least concern",NA
1041980,375400,"Saxifraga rotundifolia L.",NA,"Saxifragaceae",NA,5,1982,2024,NA,"Least concern",NA
1042090,376500,"Scabiosa columbaria L.",NA,"Caprifoliaceae",NA,9,1982,2023,NA,"Least concern",NA
1042100,376600,"Scabiosa columbaria L. subsp. columbaria",NA,"Caprifoliaceae",NA,4,2002,2002,NA,"Least concern",NA
1042120,377100,"Scabiosa lucida Vill.",NA,"Caprifoliaceae",NA,21,1982,2024,NA,"Least concern",NA
1042125,377150,"Scabiosa lucida Vill. subsp. lucida",NA,"Caprifoliaceae",NA,3,2022,2024,NA,"",NA
1042420,379700,"Scirpus sylvaticus L.",NA,"Cyperaceae",NA,4,1982,2023,NA,"Least concern",NA
1042750,383200,"Sedum album L.",NA,"Crassulaceae",NA,3,1982,2025,NA,"Least concern",NA
1042960,385210,"Sedum rupestre aggr.",NA,"Crassulaceae",NA,1,2022,2022,NA,"Least concern",NA
1043100,386300,"Selaginella selaginoides (L.) Schrank & Mart.",NA,"Selaginellaceae",NA,11,1982,2024,NA,"Least concern",NA
1043250,387600,"Senecio alpinus (L.) Scop.",NA,"Asteraceae",NA,5,1982,2025,NA,"Least concern",NA
1043280,388200,"Senecio doronicum (L.) L.",NA,"Asteraceae",NA,1,1982,2016,NA,"Least concern",NA
1043430,389800,"Senecio ovatus (G. Gaertn. & al.) Willd.",NA,"Asteraceae",NA,5,1982,2022,NA,"Least concern",NA
1043425,389870,"Senecio ovatus aggr.",NA,"Asteraceae",NA,6,1982,2025,NA,"",NA
1043530,390500,"Senecio vulgaris L.",NA,"Asteraceae",NA,1,1982,2021,NA,"Least concern",NA
1043700,392200,"Sesleria caerulea (L.) Ard.",NA,"Poaceae",NA,27,1982,2024,NA,"Least concern",NA
1043890,394300,"Silene acaulis (L.) Jacq.",NA,"Caryophyllaceae",NA,4,1982,2020,NA,"Least concern",NA
1043940,394900,"Silene dioica (L.) Clairv.",NA,"Caryophyllaceae",NA,2,1954,2020,NA,"Least concern",NA
1043970,395200,"Silene flos-cuculi (L.) Clairv.",NA,"Caryophyllaceae",NA,2,1982,2023,NA,"Least concern",NA
1044020,396050,"Silene nutans L.",NA,"Caryophyllaceae",NA,2,1940,2021,NA,"Least concern",NA
1044030,396100,"Silene nutans L. subsp. nutans",NA,"Caryophyllaceae",NA,1,1940,1982,NA,"Least concern",NA
1044140,397295,"Silene vulgaris (Moench) Garcke",NA,"Caryophyllaceae",NA,10,1980,2022,NA,"Least concern",NA
1044150,397300,"Silene vulgaris (Moench) Garcke subsp. vulgaris",NA,"Caryophyllaceae",NA,6,1980,2022,NA,"Least concern",NA
1044540,400600,"Soldanella alpina L.",NA,"Primulaceae",NA,23,1979,2024,NA,"Least concern",NA
1044620,401395,"Solidago virgaurea L.",NA,"Asteraceae",NA,13,1957,2024,NA,"Least concern",NA
1044630,401400,"Solidago virgaurea L. subsp. virgaurea",NA,"Asteraceae",NA,2,1957,2022,NA,"Least concern",NA
1044640,401500,"Solidago virgaurea subsp. minuta (L.) Arcang.",NA,"Asteraceae",NA,7,1982,2022,NA,"Least concern",NA
1044690,401900,"Sonchus oleraceus L.",NA,"Asteraceae",NA,1,1982,2020,NA,"Least concern",NA
1044730,402200,"Sorbus aria (L.) Crantz",NA,"Rosaceae",NA,4,1974,2023,NA,"Least concern",NA
1044725,402250,"Sorbus aria aggr.",NA,"Rosaceae",NA,4,1974,2023,NA,"",NA
1044740,402300,"Sorbus aucuparia L.",NA,"Rosaceae",NA,5,1982,2022,NA,"Least concern",NA
1045120,405100,"Spiranthes spiralis (L.) Chevall.",NA,"Orchidaceae",NA,4,1966,2024,NA,"Vulnerable",NA
1045180,405400,"Stachys alpina L.",NA,"Lamiaceae",NA,2,1982,2022,NA,"Least concern",NA
1045230,406000,"Stachys officinalis (L.) Trevis.",NA,"Lamiaceae",NA,17,1982,2021,NA,"Least concern",NA
1045240,406100,"Stachys officinalis (L.) Trevis. subsp. officinalis",NA,"Lamiaceae",NA,4,2002,2002,NA,"",NA
1045280,406595,"Stachys recta L.",NA,"Lamiaceae",NA,1,2021,2021,NA,"Least concern",NA
1045360,407500,"Stellaria graminea L.",NA,"Caryophyllaceae",NA,5,1954,2015,NA,"Least concern",NA
1045390,407800,"Stellaria media (L.) Vill.",NA,"Caryophyllaceae",NA,2,1982,2022,NA,"Least concern",NA
1045400,407805,"Stellaria media aggr.",NA,"Caryophyllaceae",NA,2,1982,2022,NA,"Least concern",NA
1045420,408095,"Stellaria nemorum L.",NA,"Caryophyllaceae",NA,1,1977,1982,NA,"Least concern",NA
1045430,408100,"Stellaria nemorum L. subsp. nemorum",NA,"Caryophyllaceae",NA,1,1977,1982,NA,"Least concern",NA
1045690,410100,"Succisa pratensis Moench",NA,"Caprifoliaceae",NA,20,1982,2023,NA,"Least concern",NA
1046070,412900,"Taraxacum laevigatum aggr.",NA,"Asteraceae",NA,1,2012,2012,NA,"Least concern",NA
1046080,413100,"Taraxacum officinale aggr.",NA,"Asteraceae",NA,10,1982,2024,NA,"Least concern",NA
1046340,415500,"Thalictrum aquilegiifolium L.",NA,"Ranunculaceae",NA,2,1982,2020,NA,"Least concern",NA
1046450,417200,"Thesium alpinum L.",NA,"Santalaceae",NA,6,1982,2024,NA,"Least concern",NA
1046830,420750,"Thymus praecox Opiz",NA,"Lamiaceae",NA,3,1982,2024,NA,"",NA
1046850,420900,"Thymus praecox subsp. polytrichus (Borbás) Jalas",NA,"Lamiaceae",NA,2,1982,2024,NA,"Least concern",NA
1046890,421200,"Thymus serpyllum aggr.",NA,"Lamiaceae",NA,44,1982,2025,NA,"Least concern",NA
1046970,421500,"Tilia platyphyllos Scop.",NA,"Malvaceae",NA,1,1982,2006,NA,"Least concern",NA
1046990,421600,"Tofieldia calyculata (L.) Wahlenb.",NA,"Tofieldiaceae",NA,15,1982,2024,NA,"Least concern",NA
1047180,422950,"Tragopogon pratensis L.",NA,"Asteraceae",NA,1,1982,2002,NA,"Least concern",NA
1047250,423600,"Traunsteinera globosa (L.) Rchb.",NA,"Orchidaceae",NA,28,1979,2023,NA,"Least concern",NA
1047410,424900,"Trifolium badium Schreb.",NA,"Fabaceae",NA,12,1974,2024,NA,"Least concern",NA
1047520,426000,"Trifolium medium L.",NA,"Fabaceae",NA,11,1982,2025,NA,"Least concern",NA
1047540,426300,"Trifolium montanum L.",NA,"Fabaceae",NA,5,1974,2023,NA,"Least concern",NA
1047600,426895,"Trifolium pratense L.",NA,"Fabaceae",NA,43,1954,2025,NA,"Least concern",NA
1047610,426900,"Trifolium pratense L. subsp. pratense",NA,"Fabaceae",NA,26,1982,2024,NA,"Least concern",NA
1047630,427100,"Trifolium repens L.",NA,"Fabaceae",NA,5,1954,2024,NA,"Least concern",NA
1047770,428200,"Triglochin palustris L.",NA,"Juncaginaceae",NA,2,1982,2023,NA,"Least concern",NA
1047890,429400,"Trisetum flavescens (L.) P. Beauv.",NA,"Poaceae",NA,2,1954,2022,NA,"Least concern",NA
1048030,430600,"Trollius europaeus L.",NA,"Ranunculaceae",NA,37,1982,2024,NA,"Least concern",NA
1048220,432000,"Tussilago farfara L.",NA,"Asteraceae",NA,8,1982,2024,NA,"Least concern",NA
1048310,432800,"Ulmus glabra Huds.",NA,"Ulmaceae",NA,6,1982,2022,NA,"Least concern",NA
1048500,434800,"Vaccinium myrtillus L.",NA,"Ericaceae",NA,9,1982,2024,NA,"Least concern",NA
1048540,435300,"Vaccinium vitis-idaea L.",NA,"Ericaceae",NA,1,1982,2022,NA,"Least concern",NA
1048580,435600,"Valeriana dioica L.",NA,"Caprifoliaceae",NA,3,1982,2023,NA,"Least concern",NA
1048590,435700,"Valeriana montana L.",NA,"Caprifoliaceae",NA,1,1980,1982,NA,"Least concern",NA
1048600,435900,"Valeriana officinalis aggr.",NA,"Caprifoliaceae",NA,5,1982,2022,NA,"Least concern",NA
1048690,436700,"Valeriana tripteris L.",NA,"Caprifoliaceae",NA,1,1982,2022,NA,"Least concern",NA
1048710,436900,"Valeriana versifolia Brügger",NA,"Caprifoliaceae",NA,2,2022,2022,NA,"Least concern",NA
1048820,437800,"Veratrum album L.",NA,"Melanthiaceae",NA,14,1974,2024,NA,"Least concern",NA
1048830,437900,"Veratrum album L. subsp. album",NA,"Melanthiaceae",NA,2,1974,2016,NA,"Data deficient",NA
1048840,438000,"Veratrum album subsp. lobelianum (Bernh.) Arcang.",NA,"Melanthiaceae",NA,3,2012,2012,NA,"Least concern",NA
1049070,440000,"Verbena officinalis L.",NA,"Verbenaceae",NA,1,1982,2022,NA,"Least concern",NA
1049120,440400,"Veronica alpina L.",NA,"Plantaginaceae",NA,4,1982,2024,NA,"Least concern",NA
1049150,440700,"Veronica aphylla L.",NA,"Plantaginaceae",NA,1,1982,2020,NA,"Least concern",NA
1049180,441000,"Veronica beccabunga L.",NA,"Plantaginaceae",NA,3,1982,2022,NA,"Least concern",NA
1049210,441400,"Veronica chamaedrys L.",NA,"Plantaginaceae",NA,11,1954,2022,NA,"Least concern",NA
1049220,441430,"Veronica chamaedrys L. subsp. chamaedrys",NA,"Plantaginaceae",NA,1,2022,2022,NA,"",NA
1049270,441700,"Veronica fruticans Jacq.",NA,"Plantaginaceae",NA,3,1979,2020,NA,"Least concern",NA
1049460,443395,"Veronica serpyllifolia L.",NA,"Plantaginaceae",NA,1,1982,2020,NA,"Least concern",NA
1049480,443500,"Veronica serpyllifolia subsp. humifusa (Dicks.) Syme",NA,"Plantaginaceae",NA,1,1982,2020,NA,"Least concern",NA
1049520,444100,"Veronica urticifolia Jacq.",NA,"Plantaginaceae",NA,7,1982,2022,NA,"Least concern",NA
1049540,444300,"Viburnum lantana L.",NA,"Adoxaceae",NA,2,1982,2022,NA,"Least concern",NA
1049550,444400,"Viburnum opulus L.",NA,"Adoxaceae",NA,3,1982,2022,NA,"Least concern",NA
1049620,444995,"Vicia cracca L.",NA,"Fabaceae",NA,7,1982,2023,NA,"Least concern",NA
1049630,445000,"Vicia cracca L. subsp. cracca",NA,"Fabaceae",NA,1,1982,2021,NA,"Least concern",NA
1049860,447400,"Vicia sepium L.",NA,"Fabaceae",NA,7,1954,2022,NA,"Least concern",NA
1049880,447700,"Vicia sylvatica L.",NA,"Fabaceae",NA,5,1982,2025,NA,"Least concern",NA
1050010,449100,"Viola biflora L.",NA,"Violaceae",NA,16,1981,2024,NA,"Least concern",NA
1050060,449250,"Viola canina L.",NA,"Violaceae",NA,1,1982,2016,NA,"Near threatened",NA
1050170,450300,"Viola hirta L.",NA,"Violaceae",NA,5,1982,2022,NA,"Least concern",NA
1050270,451600,"Viola reichenbachiana Boreau",NA,"Violaceae",NA,9,1982,2022,NA,"Least concern",NA
1050280,451700,"Viola riviniana Rchb.",NA,"Violaceae",NA,2,1982,2022,NA,"Least concern",NA
1050290,451800,"Viola rupestris F. W. Schmidt",NA,"Violaceae",NA,2,2015,2015,NA,"Least concern",NA
1000000,100,"Abies alba Mill.",NA,"Pinaceae",NA,39,1982,2021,NA,"Least concern",NA
1000070,300,"Acer campestre L.",NA,"Sapindaceae",NA,2,1982,2024,NA,"Least concern",NA
1000120,700,"Acer platanoides L.",NA,"Sapindaceae",NA,3,1982,2024,NA,"Least concern",NA
1000130,800,"Acer pseudoplatanus L.",NA,"Sapindaceae",NA,3,2017,2024,NA,"Least concern",NA
1000330,1700,"Achillea millefolium L.",NA,"Asteraceae",NA,3,1965,2024,NA,"Least concern",NA
1000320,1706,"Achillea millefolium aggr.",NA,"Asteraceae",NA,7,1954,2025,NA,"Least concern",NA
1000450,2700,"Achnatherum calamagrostis (L.) P. Beauv.",NA,"Poaceae",NA,1,1982,2023,NA,"Least concern",NA
1000460,2800,"Acinos alpinus (L.) Moench",NA,"Lamiaceae",NA,1,1982,2024,NA,"Least concern",NA
1000543,3510,"Aconitum lycoctonum L.",NA,"Ranunculaceae",NA,2,1960,2021,NA,"Least concern",NA
1000548,3520,"Aconitum lycoctonum subsp. neapolitanum (Ten.) Nyman",NA,"Ranunculaceae",NA,1,1960,1982,NA,"Least concern",NA
1000563,3540,"Aconitum napellus L.",NA,"Ranunculaceae",NA,3,1979,2014,NA,"Least concern",NA
1000565,3560,"Aconitum napellus subsp. lusitanicum Rouy",NA,"Ranunculaceae",NA,2,1979,1979,NA,"Least concern",NA
1000567,3580,"Aconitum napellus subsp. vulgare Rouy & Foucaud",NA,"Ranunculaceae",NA,1,2014,2014,NA,"Least concern",NA
1000620,4390,"Aconitum variegatum L.",NA,"Ranunculaceae",NA,3,1915,1982,NA,"Least concern",NA
1000660,4600,"Aconitum variegatum subsp. paniculatum (Arcang.) Negodi",NA,"Ranunculaceae",NA,3,1915,1965,NA,"Least concern",NA
1000730,5200,"Actaea spicata L.",NA,"Ranunculaceae",NA,1,1982,2020,NA,"Least concern",NA
1000770,5400,"Adenostyles alliariae (Gouan) A. Kern.",NA,"Asteraceae",NA,1,1982,2024,NA,"Least concern",NA
1000780,5450,"Adenostyles alpina (L.) Bluff & Fingerh.",NA,"Asteraceae",NA,6,1965,2021,NA,"Least concern",NA
1000930,6800,"Aegopodium podagraria L.",NA,"Apiaceae",NA,3,1982,2025,NA,"Least concern",NA
1001010,7400,"Agrimonia eupatoria L.",NA,"Rosaceae",NA,1,1982,2015,NA,"Least concern",NA
1001050,8200,"Agrostemma githago L.",NA,"Caryophyllaceae",NA,1,2024,2024,NA,"Endangered",NA
1001080,8600,"Agrostis capillaris L.",NA,"Poaceae",NA,3,1954,2015,NA,"Least concern",NA
1001130,9300,"Agrostis stolonifera L.",NA,"Poaceae",NA,2,1982,2021,NA,"Least concern",NA
1001220,10300,"Ajuga pyramidalis L.",NA,"Lamiaceae",NA,1,1976,1982,NA,"Least concern",NA
1001230,10400,"Ajuga reptans L.",NA,"Lamiaceae",NA,7,1954,2025,NA,"Least concern",NA
1001340,11200,"Alchemilla alpina aggr.",NA,"Rosaceae",NA,2,2017,2017,NA,"Least concern",NA
1001330,11100,"Alchemilla alpina superaggr.",NA,"",NA,3,2014,2017,NA,"",NA
1001410,12100,"Alchemilla conjuncta superaggr.",NA,"",NA,7,1971,2024,NA,"",NA
1001740,15000,"Alchemilla glabra aggr.",NA,"Rosaceae",NA,1,1982,2024,NA,"Least concern",NA
1001890,16000,"Alchemilla hybrida aggr.",NA,"Rosaceae",NA,1,1975,1975,NA,"Least concern",NA
1002150,18500,"Alchemilla plicatula aggr.",NA,"Rosaceae",NA,3,1971,2024,NA,"Least concern",NA
1002440,21100,"Alchemilla vulgaris aggr.",NA,"Rosaceae",NA,6,1954,2024,NA,"Least concern",NA
1002510,21900,"Alisma plantago-aquatica L.",NA,"Alismataceae",NA,0,1982,1982,NA,"Least concern",NA
1002520,22100,"Alliaria petiolata (M. Bieb.) Cavara & Grande",NA,"Brassicaceae",NA,2,1982,2024,NA,"Least concern",NA
1002810,25000,"Allium vineale L.",NA,"Amaryllidaceae",NA,1,2024,2024,NA,"Least concern",NA
1002840,25200,"Alnus glutinosa (L.) Gaertn.",NA,"Betulaceae",NA,1,2024,2024,NA,"Least concern",NA
1002850,25300,"Alnus incana (L.) Moench",NA,"Betulaceae",NA,3,1982,2024,NA,"Least concern",NA
1002870,25400,"Alnus viridis (Chaix) DC.",NA,"Betulaceae",NA,2,1981,2014,NA,"Least concern",NA
1002920,26000,"Alopecurus pratensis L.",NA,"Poaceae",NA,1,1982,2024,NA,"Least concern",NA
1003010,26800,"Alyssum alyssoides (L.) L.",NA,"Brassicaceae",NA,2,2024,2024,NA,"Least concern",NA
1003540,31800,"Androsace chamaejasme Wulfen",NA,"Primulaceae",NA,2,1976,2015,NA,"Least concern",NA
1003760,33400,"Anemone narcissiflora L.",NA,"Ranunculaceae",NA,2,1982,2020,NA,"Least concern",NA
1003770,33600,"Anemone nemorosa L.",NA,"Ranunculaceae",NA,1,1982,2024,NA,"Least concern",NA
1003820,34100,"Angelica sylvestris L.",NA,"Apiaceae",NA,2,1982,2024,NA,"Least concern",NA
1075967,34130,"Angelica sylvestris L. subsp. sylvestris",NA,"Apiaceae",NA,1,2024,2024,NA,"",NA
1003850,34400,"Antennaria dioica (L.) Gaertn.",NA,"Asteraceae",NA,2,1975,2014,NA,"Least concern",NA
1003900,34900,"Anthemis tinctoria L.",NA,"Asteraceae",NA,2,2024,2024,NA,"Least concern",NA
1003970,35400,"Anthoxanthum odoratum L.",NA,"Poaceae",NA,7,1954,2024,NA,"Least concern",NA
1003960,35500,"Anthoxanthum odoratum aggr.",NA,"Poaceae",NA,10,1954,2024,NA,"Least concern",NA
1004010,35900,"Anthriscus sylvestris (L.) Hoffm.",NA,"Apiaceae",NA,8,1954,2024,NA,"Least concern",NA
1004035,35930,"Anthriscus sylvestris (L.) Hoffm. subsp. sylvestris",NA,"Apiaceae",NA,1,2024,2024,NA,"Least concern",NA
1004070,36790,"Anthyllis vulneraria L.",NA,"Fabaceae",NA,3,2014,2024,NA,"Least concern",NA
1004100,37000,"Anthyllis vulneraria subsp. carpatica (Pant.) Nyman",NA,"Fabaceae",NA,1,2024,2024,NA,"Least concern",NA
1004310,38900,"Aquilegia atrata W. D. J. Koch",NA,"Ranunculaceae",NA,2,1982,2025,NA,"Least concern",NA
1004330,39100,"Aquilegia vulgaris L.",NA,"Ranunculaceae",NA,3,2022,2024,NA,"Least concern",NA
1004360,39350,"Arabis alpina L.",NA,"Brassicaceae",NA,1,1955,1982,NA,"Least concern",NA
1004370,39400,"Arabis alpina L. subsp. alpina",NA,"Brassicaceae",NA,1,1955,1982,NA,"",NA
1004460,40600,"Arabis hirsuta (L.) Scop.",NA,"Brassicaceae",NA,2,1982,2024,NA,"Least concern",NA
1004470,40605,"Arabis hirsuta aggr.",NA,"Brassicaceae",NA,3,1982,2024,NA,"Least concern",NA
1004580,42100,"Arabis turrita L.",NA,"Brassicaceae",NA,1,1960,1966,NA,"Least concern",NA
1004650,42600,"Arctium nemorosum Lej.",NA,"Asteraceae",NA,1,1969,1982,NA,"Least concern",NA
1004680,43000,"Arctostaphylos alpina (L.) Spreng.",NA,"Ericaceae",NA,1,1982,2014,NA,"Least concern",NA
1004690,43100,"Arctostaphylos uva-ursi (L.) Spreng.",NA,"Ericaceae",NA,1,1976,1982,NA,"Least concern",NA
1004810,44300,"Arenaria serpyllifolia L.",NA,"Caryophyllaceae",NA,3,2024,2024,NA,"Least concern",NA
1004800,44305,"Arenaria serpyllifolia aggr.",NA,"Caryophyllaceae",NA,4,2024,2024,NA,"Least concern",NA
1004910,45700,"Arnica montana L.",NA,"Asteraceae",NA,5,1913,2020,NA,"Least concern",NA
1004930,45900,"Arrhenatherum elatius (L.) J. Presl & C. Presl",NA,"Poaceae",NA,5,1954,2024,NA,"Least concern",NA
1004931,45930,"Arrhenatherum elatius (L.) J. Presl & C. Presl subsp. elatius",NA,"Poaceae",NA,1,2024,2024,NA,"",NA
1005190,48300,"Aruncus dioicus (Walter) Fernald",NA,"Rosaceae",NA,4,1982,2024,NA,"Least concern",NA
1005500,50900,"Asplenium ruta-muraria L.",NA,"Aspleniaceae",NA,14,1982,2025,NA,"Least concern",NA
1005510,50910,"Asplenium ruta-muraria L. subsp. ruta-muraria",NA,"Aspleniaceae",NA,1,2024,2024,NA,"",NA
1005550,51400,"Asplenium trichomanes L.",NA,"Aspleniaceae",NA,7,1982,2024,NA,"Least concern",NA
1005600,51480,"Asplenium trichomanes subsp. quadrivalens D. E. Mey.",NA,"Aspleniaceae",NA,4,2022,2024,NA,"",NA
1005610,51500,"Asplenium viride Huds.",NA,"Aspleniaceae",NA,4,1982,2024,NA,"Least concern",NA
1005660,52000,"Aster bellidiastrum (L.) Scop.",NA,"Asteraceae",NA,7,1974,2021,NA,"Least concern",NA
1005790,53200,"Astragalus alpinus L.",NA,"Fabaceae",NA,1,1961,1982,NA,"Least concern",NA
1005870,53900,"Astragalus frigidus (L.) A. Gray",NA,"Fabaceae",NA,1,1982,2020,NA,"Least concern",NA
1005880,54000,"Astragalus glycyphyllos L.",NA,"Fabaceae",NA,2,1968,1968,NA,"Least concern",NA
1006020,55200,"Astrantia major L.",NA,"Apiaceae",NA,4,1924,2025,NA,"Least concern",NA
1006050,55300,"Astrantia minor L.",NA,"Apiaceae",NA,1,1961,1982,NA,"Least concern",NA
1006080,55600,"Athyrium distentifolium Opiz",NA,"Athyriaceae",NA,1,1981,1982,NA,"Least concern",NA
1006090,55700,"Athyrium filix-femina (L.) Roth",NA,"Athyriaceae",NA,4,1982,2024,NA,"Least concern",NA
1006190,56500,"Atropa bella-donna L.",NA,"Solanaceae",NA,3,1982,2024,NA,"Least concern",NA
1006320,57400,"Avenella flexuosa (L.) Drejer",NA,"Poaceae",NA,1,1982,2014,NA,"Least concern",NA
1006420,58300,"Barbarea intermedia Boreau",NA,"Brassicaceae",NA,1,2020,2020,NA,"Least concern",NA
1006460,58700,"Bartsia alpina L.",NA,"Orobanchaceae",NA,1,1982,2020,NA,"Least concern",NA
1006490,59100,"Bellis perennis L.",NA,"Asteraceae",NA,7,1954,2025,NA,"Least concern",NA
1006530,59200,"Berberis vulgaris L.",NA,"Berberidaceae",NA,2,1982,2024,NA,"Least concern",NA
1006600,60400,"Betula pendula Roth",NA,"Betulaceae",NA,1,1982,2024,NA,"Least concern",NA
1006595,60450,"Betula pendula aggr.",NA,"Betulaceae",NA,2,1982,2024,NA,"",NA
1006870,62500,"Blechnum spicant (L.) Roth",NA,"Blechnaceae",NA,1,2022,2022,NA,"Least concern",NA
1006900,62800,"Blysmus compressus (L.) Link",NA,"Cyperaceae",NA,1,1973,1982,NA,"Least concern",NA
1007070,64000,"Brachypodium pinnatum aggr.",NA,"Poaceae",NA,2,1967,2002,NA,"Least concern",NA
1007090,64200,"Brachypodium sylvaticum (Huds.) P. Beauv.",NA,"Poaceae",NA,2,1982,2024,NA,"Least concern",NA
1007120,64400,"Brassica napus L.",NA,"Brassicaceae",NA,1,2024,2024,NA,"",NA
1007200,65200,"Briza media L.",NA,"Poaceae",NA,2,1982,2015,NA,"Least concern",NA
1007230,65400,"Bromus benekenii (Lange) Trimen",NA,"Poaceae",NA,2,1960,1982,NA,"Least concern",NA
1007290,65695,"Bromus erectus Huds.",NA,"Poaceae",NA,4,1982,2024,NA,"Least concern",NA
1007300,65700,"Bromus erectus Huds. subsp. erectus",NA,"Poaceae",NA,1,1982,2024,NA,"Least concern",NA
1007330,66000,"Bromus hordeaceus L.",NA,"Poaceae",NA,6,1954,2024,NA,"Least concern",NA
1007335,66030,"Bromus hordeaceus L. subsp. hordeaceus",NA,"Poaceae",NA,1,2024,2024,NA,"",NA
1007540,67200,"Bromus sterilis L.",NA,"Poaceae",NA,1,2024,2024,NA,"Least concern",NA
1007600,67700,"Buddleja davidii Franch.",NA,"Scrophulariaceae",NA,146,2003,2026,NA,"",NA
1007940,71400,"Calamagrostis varia (Schrad.) Host",NA,"Poaceae",NA,2,1982,2017,NA,"Least concern",NA
1007980,71900,"Calamintha menthifolia Host",NA,"Lamiaceae",NA,1,2020,2020,NA,"Least concern",NA
1008000,72000,"Calamintha nepeta aggr.",NA,"Lamiaceae",NA,1,2020,2020,NA,"Least concern",NA
1008160,73600,"Calluna vulgaris (L.) Hull",NA,"Ericaceae",NA,2,1982,2014,NA,"Least concern",NA
1008180,73700,"Caltha palustris L.",NA,"Ranunculaceae",NA,3,1982,2024,NA,"Least concern",NA
1008200,73900,"Calystegia sepium (L.) R. Br.",NA,"Convolvulaceae",NA,1,1982,2024,NA,"Least concern",NA
1008300,74700,"Campanula barbata L.",NA,"Campanulaceae",NA,4,1961,2014,NA,"Least concern",NA
1008390,75200,"Campanula cochleariifolia Lam.",NA,"Campanulaceae",NA,2,1982,2014,NA,"Least concern",NA
1008550,76500,"Campanula persicifolia L.",NA,"Campanulaceae",NA,1,2024,2024,NA,"Least concern",NA
1008630,77000,"Campanula rhomboidalis L.",NA,"Campanulaceae",NA,7,1954,2024,NA,"Least concern",NA
1008650,77200,"Campanula scheuchzeri Vill.",NA,"Campanulaceae",NA,3,1954,2014,NA,"Least concern",NA
1008680,77500,"Campanula thyrsoides L.",NA,"Campanulaceae",NA,1,1966,1982,NA,"Least concern",NA
1008690,77600,"Campanula trachelium L.",NA,"Campanulaceae",NA,3,1967,2025,NA,"Least concern",NA
1008720,77900,"Capsella bursa-pastoris (L.) Medik.",NA,"Brassicaceae",NA,3,1982,2024,NA,"Least concern",NA
1008790,78300,"Cardamine amara L.",NA,"Brassicaceae",NA,2,1982,2024,NA,"Least concern",NA
1008800,78350,"Cardamine amara L. subsp. amara",NA,"Brassicaceae",NA,1,2024,2024,NA,"Least concern",NA
1008890,78900,"Cardamine hirsuta L.",NA,"Brassicaceae",NA,3,2024,2024,NA,"Least concern",NA
1008950,79600,"Cardamine pentaphyllos (L.) Crantz",NA,"Brassicaceae",NA,1,1982,2020,NA,"Least concern",NA
1008990,79790,"Cardamine pratensis L.",NA,"Brassicaceae",NA,5,1954,2024,NA,"Least concern",NA
1008970,79900,"Cardamine pratensis aggr.",NA,"Brassicaceae",NA,7,1954,2024,NA,"Least concern",NA
1009170,81595,"Carduus defloratus L.",NA,"Asteraceae",NA,4,1971,2024,NA,"Least concern",NA
1009180,81600,"Carduus defloratus L. subsp. defloratus",NA,"Asteraceae",NA,2,1971,2024,NA,"Least concern",NA
1009240,82400,"Carduus personata (L.) Jacq.",NA,"Asteraceae",NA,1,1967,1994,NA,"Least concern",NA
1009280,82850,"Carex acuta L.",NA,"Cyperaceae",NA,2,2024,2024,NA,"Least concern",NA
1009270,82900,"Carex acuta aggr.",NA,"Cyperaceae",NA,3,2024,2024,NA,"Least concern",NA
1009300,83100,"Carex alba Scop.",NA,"Cyperaceae",NA,7,1982,2025,NA,"Least concern",NA
1009410,84100,"Carex brachystachys Schrank",NA,"Cyperaceae",NA,1,1971,1982,NA,"Least concern",NA
1009510,84900,"Carex caryophyllea Latourr.",NA,"Cyperaceae",NA,2,1948,2024,NA,"Least concern",NA
1009570,85700,"Carex davalliana Sm.",NA,"Cyperaceae",NA,2,1982,2024,NA,"Least concern",NA
1009610,86100,"Carex digitata L.",NA,"Cyperaceae",NA,1,1982,2024,NA,"Least concern",NA
1009630,86300,"Carex distans L.",NA,"Cyperaceae",NA,0,1982,1982,NA,"Near threatened",NA
1009680,86700,"Carex echinata Murray",NA,"Cyperaceae",NA,1,1961,1982,NA,"Least concern",NA
1009690,86800,"Carex elata All.",NA,"Cyperaceae",NA,1,2024,2024,NA,"Least concern",NA
1009730,87200,"Carex ferruginea Scop.",NA,"Cyperaceae",NA,3,1982,2021,NA,"Least concern",NA
1009760,87500,"Carex flacca Schreb.",NA,"Cyperaceae",NA,5,1982,2025,NA,"Least concern",NA
1009770,87605,"Carex flava aggr.",NA,"Cyperaceae",NA,0,1984,1984,NA,"Least concern",NA
1009880,88600,"Carex hirta L.",NA,"Cyperaceae",NA,1,1982,2024,NA,"Least concern",NA
1009890,88700,"Carex hostiana DC.",NA,"Cyperaceae",NA,1,1969,1982,NA,"Least concern",NA
1009960,89400,"Carex lepidocarpa Tausch",NA,"Cyperaceae",NA,0,1984,1984,NA,"Least concern",NA
1009970,89500,"Carex leporina L.",NA,"Cyperaceae",NA,1,1969,1982,NA,"Least concern",NA
1010040,90300,"Carex montana L.",NA,"Cyperaceae",NA,2,1982,2024,NA,"Least concern",NA
1010060,90500,"Carex muricata aggr.",NA,"Cyperaceae",NA,0,1982,1982,NA,"Least concern",NA
1010070,90700,"Carex nigra (L.) Reichard",NA,"Cyperaceae",NA,1,1982,2024,NA,"Least concern",NA
1010130,91600,"Carex pallescens L.",NA,"Cyperaceae",NA,1,1982,2023,NA,"Least concern",NA
1010140,91700,"Carex panicea L.",NA,"Cyperaceae",NA,2,1982,2024,NA,"Least concern",NA
1010190,92300,"Carex pendula Huds.",NA,"Cyperaceae",NA,2,1982,2024,NA,"Least concern",NA
1010195,92360,"Carex pendula subsp. agastachys (L. f.) Ljungstrand",NA,"",NA,1,2024,2024,NA,"",NA
1010320,93700,"Carex rostrata Stokes",NA,"Cyperaceae",NA,2,1951,1982,NA,"Least concern",NA
1010340,93900,"Carex sempervirens Vill.",NA,"Cyperaceae",NA,3,1961,2014,NA,"Least concern",NA
1010390,94700,"Carex sylvatica Huds.",NA,"Cyperaceae",NA,4,1954,2024,NA,"Least concern",NA
1010490,95800,"Carlina acaulis L.",NA,"Asteraceae",NA,1,1982,2002,NA,"Least concern",NA
1010560,96500,"Carlina vulgaris L.",NA,"Asteraceae",NA,2,2024,2024,NA,"Least concern",NA
1010550,96600,"Carlina vulgaris aggr.",NA,"Asteraceae",NA,3,2024,2024,NA,"Least concern",NA
1010610,97100,"Carum carvi L.",NA,"Apiaceae",NA,1,1982,2014,NA,"Least concern",NA
1010790,98500,"Centaurea cyanus L.",NA,"Asteraceae",NA,3,1966,2024,NA,"Near threatened",NA
1010820,98750,"Centaurea jacea L.",NA,"Asteraceae",NA,3,1982,2024,NA,"Least concern",NA
1010830,98800,"Centaurea jacea L. subsp. jacea",NA,"Asteraceae",NA,1,1982,2024,NA,"Least concern",NA
1010865,99030,"Centaurea jacea aggr.",NA,"Asteraceae",NA,5,1982,2025,NA,"",NA
1010890,99200,"Centaurea montana L.",NA,"Asteraceae",NA,6,1965,2025,NA,"Least concern",NA
1010980,99995,"Centaurea scabiosa L.",NA,"Asteraceae",NA,6,1982,2025,NA,"Least concern",NA
1010990,100000,"Centaurea scabiosa L. subsp. scabiosa",NA,"Asteraceae",NA,2,1982,2024,NA,"Least concern",NA
1011140,101200,"Centaurium erythraea Rafn",NA,"Gentianaceae",NA,1,1982,2020,NA,"Least concern",NA
1011200,101900,"Cephalanthera longifolia (L.) Fritsch",NA,"Orchidaceae",NA,8,1982,2025,NA,"Least concern",NA
1011210,102000,"Cephalanthera rubra (L.) Rich.",NA,"Orchidaceae",NA,2,1994,2023,NA,"Least concern",NA
1011390,103595,"Cerastium fontanum Baumg.",NA,"Caryophyllaceae",NA,5,1954,2024,NA,"Least concern",NA
1011420,103800,"Cerastium fontanum subsp. vulgare (Hartm.) Greuter & Burdet",NA,"Caryophyllaceae",NA,4,1954,1982,NA,"Least concern",NA
1011430,103900,"Cerastium glomeratum Thuill.",NA,"Caryophyllaceae",NA,6,2024,2024,NA,"Least concern",NA
1011520,105200,"Cerastium tomentosum L.",NA,"Caryophyllaceae",NA,1,2024,2024,NA,"",NA
1011590,105700,"Cerinthe glabra Mill.",NA,"Boraginaceae",NA,4,1955,2023,NA,"Least concern",NA
1011640,106100,"Chaenorrhinum minus (L.) Lange",NA,"Plantaginaceae",NA,4,1982,2025,NA,"Least concern",NA
1011650,106130,"Chaenorrhinum minus (L.) Lange subsp. minus",NA,"Plantaginaceae",NA,2,2024,2024,NA,"",NA
1011670,106200,"Chaerophyllum aureum L.",NA,"Apiaceae",NA,2,1948,1982,NA,"Least concern",NA
1011710,106700,"Chaerophyllum hirsutum L.",NA,"Apiaceae",NA,6,1954,2002,NA,"Least concern",NA
1011700,106705,"Chaerophyllum hirsutum aggr.",NA,"Apiaceae",NA,7,1954,2021,NA,"Least concern",NA
1011810,107700,"Chamorchis alpina (L.) Rich.",NA,"Orchidaceae",NA,2,1890,1890,NA,"Least concern",NA
1011840,108200,"Chelidonium majus L.",NA,"Papaveraceae",NA,3,1982,2024,NA,"Least concern",NA
1012160,112500,"Chrysosplenium alternifolium L.",NA,"Saxifragaceae",NA,1,1982,1982,NA,"Least concern",NA
1012230,113200,"Cichorium intybus L.",NA,"Asteraceae",NA,2,1982,2024,NA,"Least concern",NA
1012280,113500,"Circaea lutetiana L.",NA,"Onagraceae",NA,2,1982,2025,NA,"Least concern",NA
1012300,113700,"Cirsium acaule Scop.",NA,"Asteraceae",NA,3,1982,2014,NA,"Least concern",NA
1012310,113800,"Cirsium arvense (L.) Scop.",NA,"Asteraceae",NA,1,1982,2024,NA,"Least concern",NA
1012400,114800,"Cirsium oleraceum (L.) Scop.",NA,"Asteraceae",NA,4,1979,2024,NA,"Least concern",NA
1012420,114900,"Cirsium palustre (L.) Scop.",NA,"Asteraceae",NA,1,1982,2024,NA,"Least concern",NA
1012470,115500,"Cirsium vulgare (Savi) Ten.",NA,"Asteraceae",NA,2,1982,2024,NA,"Least concern",NA
1012620,116400,"Clematis vitalba L.",NA,"Ranunculaceae",NA,3,1982,2025,NA,"Least concern",NA
1012660,116600,"Clinopodium vulgare L.",NA,"Lamiaceae",NA,3,1967,2020,NA,"Least concern",NA
1012750,117200,"Coeloglossum viride (L.) Hartm.",NA,"Orchidaceae",NA,3,1973,1985,NA,"Least concern",NA
1012810,117700,"Colchicum autumnale L.",NA,"Colchicaceae",NA,3,1982,2024,NA,"Least concern",NA
1013020,118800,"Convallaria majalis L.",NA,"Asparagaceae",NA,1,1982,1982,NA,"Least concern",NA
1013030,118900,"Convolvulus arvensis L.",NA,"Convolvulaceae",NA,1,1982,2024,NA,"Least concern",NA
1013070,119300,"Conyza canadensis (L.) Cronquist",NA,"Asteraceae",NA,3,1982,2024,NA,"",NA
1013090,119400,"Corallorhiza trifida Châtel.",NA,"Orchidaceae",NA,2,1960,2011,NA,"Least concern",NA
1013160,119700,"Cornus sanguinea L.",NA,"Cornaceae",NA,3,1982,2024,NA,"Least concern",NA
1013163,119730,"Cornus sanguinea L. subsp. sanguinea",NA,"Cornaceae",NA,1,2024,2024,NA,"",NA
1013320,121600,"Corylus avellana L.",NA,"Betulaceae",NA,8,1982,2025,NA,"Least concern",NA
1013440,121780,"Cotoneaster horizontalis Decne.",NA,"Rosaceae",NA,1,2024,2024,NA,"",NA
1013590,122400,"Crataegus monogyna Jacq.",NA,"Rosaceae",NA,2,2024,2024,NA,"Least concern",NA
1013580,122500,"Crataegus monogyna aggr.",NA,"Rosaceae",NA,3,1982,2024,NA,"Least concern",NA
1013630,123000,"Crepis aurea (L.) Cass.",NA,"Asteraceae",NA,1,1961,1982,NA,"Least concern",NA
1013640,123100,"Crepis biennis L.",NA,"Asteraceae",NA,6,1954,2024,NA,"Least concern",NA
1013660,123400,"Crepis capillaris Wallr.",NA,"Asteraceae",NA,1,1982,2024,NA,"Least concern",NA
1013670,123500,"Crepis conyzifolia (Gouan) A. Kern.",NA,"Asteraceae",NA,2,1973,2015,NA,"Least concern",NA
1013760,124300,"Crepis paludosa (L.) Moench",NA,"Asteraceae",NA,2,1955,2024,NA,"Least concern",NA
1013800,124800,"Crepis pyrenaica (L.) Greuter",NA,"Asteraceae",NA,4,1960,2016,NA,"Least concern",NA
1013850,125550,"Crepis vesicaria L.",NA,"Asteraceae",NA,4,2024,2024,NA,"",NA
1013870,125700,"Crepis vesicaria subsp. taraxacifolia (Thuill.) Thell.",NA,"Asteraceae",NA,3,2024,2024,NA,"Least concern",NA
1013880,125800,"Crocus albiflorus Kit.",NA,"Iridaceae",NA,2,1954,2024,NA,"Least concern",NA
1014220,128600,"Cymbalaria muralis G. Gaertn. & al.",NA,"Plantaginaceae",NA,2,2025,2025,NA,"Least concern",NA
1014320,129400,"Cynosurus cristatus L.",NA,"Poaceae",NA,7,1954,2024,NA,"Least concern",NA
1014380,129700,"Cyperus flavescens L.",NA,"Cyperaceae",NA,0,1966,1966,NA,"Vulnerable",NA
1014520,130700,"Cystopteris fragilis (L.) Bernh.",NA,"Cystopteridaceae",NA,3,1982,2024,NA,"Least concern",NA
1014515,130750,"Cystopteris fragilis aggr.",NA,"Cystopteridaceae",NA,4,1982,2024,NA,"",NA
1014610,131800,"Dactylis glomerata L.",NA,"Poaceae",NA,10,1954,2024,NA,"Least concern",NA
1014620,131850,"Dactylis glomerata L. subsp. glomerata",NA,"Poaceae",NA,1,2024,2024,NA,"",NA
1014750,132500,"Dactylorhiza lapponica (Hartm.) Soó",NA,"Orchidaceae",NA,2,2013,2014,NA,"Near threatened",NA
1014760,132600,"Dactylorhiza maculata (L.) Soó",NA,"Orchidaceae",NA,19,1982,2023,NA,"Least concern",NA
1014775,132630,"Dactylorhiza maculata subsp. fuchsii (Druce) Hyl.",NA,"Orchidaceae",NA,17,1985,2023,NA,"Least concern",NA
1014794,NA,"Dactylorhiza maculata × majalis",NA,"Orchidaceae",NA,1,1999,1999,NA,"",NA
1014800,132700,"Dactylorhiza majalis (Rchb.) P. F. Hunt & Summerh.",NA,"Orchidaceae",NA,5,1976,2013,NA,"Least concern",NA
1014840,132900,"Dactylorhiza traunsteineri (Rchb.) Soó",NA,"Orchidaceae",NA,2,1982,2014,NA,"Near threatened",NA
1014900,133600,"Daphne mezereum L.",NA,"Thymelaeaceae",NA,1,1982,2014,NA,"Least concern",NA
1014950,133900,"Daucus carota L.",NA,"Apiaceae",NA,2,1982,2024,NA,"Least concern",NA
1015010,134300,"Delphinium elatum L.",NA,"Ranunculaceae",NA,1,2023,2023,NA,"Near threatened",NA
1015040,134800,"Deschampsia cespitosa (L.) P. Beauv.",NA,"Poaceae",NA,2,1982,2024,NA,"Least concern",NA
1015120,135500,"Dianthus carthusianorum L.",NA,"Caryophyllaceae",NA,3,2022,2024,NA,"Least concern",NA
1015130,135600,"Dianthus carthusianorum L. subsp. carthusianorum",NA,"Caryophyllaceae",NA,1,2024,2024,NA,"Least concern",NA
1015340,137100,"Digitalis grandiflora Mill.",NA,"Plantaginaceae",NA,2,1960,1982,NA,"Least concern",NA
1015360,137300,"Digitalis lutea L.",NA,"Plantaginaceae",NA,2,1967,2024,NA,"Least concern",NA
1015540,139400,"Dipsacus pilosus L.",NA,"Caprifoliaceae",NA,1,1982,1988,NA,"Near threatened",NA
1015730,141200,"Draba muralis L.",NA,"Brassicaceae",NA,3,2024,2024,NA,"Near threatened",NA
1015820,142000,"Drosera anglica Huds.",NA,"Droseraceae",NA,0,1982,1982,NA,"Vulnerable",NA
1015860,142500,"Dryas octopetala L.",NA,"Rosaceae",NA,1,1982,2014,NA,"Least concern",NA
1015870,142600,"Dryopteris affinis (Lowe) Fraser-Jenk.",NA,"Dryopteridaceae",NA,1,1982,2024,NA,"Least concern",NA
1015930,143300,"Dryopteris dilatata (Hoffm.) A. Gray",NA,"Dryopteridaceae",NA,1,1982,2014,NA,"Least concern",NA
1015925,143350,"Dryopteris dilatata aggr.",NA,"Dryopteridaceae",NA,1,1982,2014,NA,"",NA
1015950,143500,"Dryopteris filix-mas (L.) Schott",NA,"Dryopteridaceae",NA,4,1982,2024,NA,"Least concern",NA
1016120,144500,"Echium vulgare L.",NA,"Boraginaceae",NA,5,1967,2024,NA,"Least concern",NA
1016220,145000,"Eleocharis acicularis (L.) Roem. & Schult.",NA,"Cyperaceae",NA,0,1982,1982,NA,"Vulnerable",NA
1016310,145705,"Eleocharis palustris aggr.",NA,"Cyperaceae",NA,0,1982,1982,NA,"Near threatened",NA
1016400,146460,"Elymus caninus (L.) L.",NA,"Poaceae",NA,1,1948,1982,NA,"Least concern",NA
1016470,146795,"Empetrum nigrum L.",NA,"Ericaceae",NA,1,2016,2016,NA,"Least concern",NA
1016490,146900,"Empetrum nigrum subsp. hermaphroditum (Hagerup) Böcher",NA,"Ericaceae",NA,1,2016,2016,NA,"Least concern",NA
1016520,147500,"Epilobium alsinifolium Vill.",NA,"Onagraceae",NA,1,1961,1982,NA,"Least concern",NA
1016540,147700,"Epilobium angustifolium L.",NA,"Onagraceae",NA,2,1982,2024,NA,"Least concern",NA
1016560,147900,"Epilobium collinum C. C. Gmel.",NA,"Onagraceae",NA,1,1915,1982,NA,"Least concern",NA
1016600,148300,"Epilobium hirsutum L.",NA,"Onagraceae",NA,1,2024,2024,NA,"Least concern",NA
1016620,148600,"Epilobium montanum L.",NA,"Onagraceae",NA,2,1982,2024,NA,"Least concern",NA
1016650,148900,"Epilobium palustre L.",NA,"Onagraceae",NA,1,1967,1967,NA,"Least concern",NA
1016740,149600,"Epipactis atrorubens Besser",NA,"Orchidaceae",NA,8,1982,2014,NA,"Least concern",NA
1016770,149660,"Epipactis helleborine (L.) Crantz",NA,"Orchidaceae",NA,8,1960,2023,NA,"Least concern",NA
1016780,149800,"Epipactis helleborine aggr.",NA,"Orchidaceae",NA,9,1960,2023,NA,"Least concern",NA
1016810,150100,"Epipactis microphylla (Ehrh.) Sw.",NA,"Orchidaceae",NA,1,1969,1994,NA,"Near threatened",NA
1016840,150300,"Epipactis palustris (L.) Crantz",NA,"Orchidaceae",NA,2,1982,2019,NA,"Near threatened",NA
1016910,150500,"Epipogium aphyllum Sw.",NA,"Orchidaceae",NA,1,1985,1994,NA,"Vulnerable",NA
1016920,150600,"Equisetum arvense L.",NA,"Equisetaceae",NA,5,1982,2025,NA,"Least concern",NA
1016950,151100,"Equisetum palustre L.",NA,"Equisetaceae",NA,2,1973,2022,NA,"Least concern",NA
1016990,151500,"Equisetum telmateia Ehrh.",NA,"Equisetaceae",NA,2,1982,2024,NA,"Least concern",NA
1017510,153800,"Erigeron annuus (L.) Desf.",NA,"Asteraceae",NA,120,1982,2025,NA,"",NA
1017620,155100,"Erinus alpinus L.",NA,"Plantaginaceae",NA,2,1982,2023,NA,"Least concern",NA
1017660,155400,"Eriophorum latifolium Hoppe",NA,"Cyperaceae",NA,1,1982,2024,NA,"Least concern",NA
1017670,155500,"Eriophorum scheuchzeri Hoppe",NA,"Cyperaceae",NA,1,1961,1982,NA,"Least concern",NA
1017680,155600,"Eriophorum vaginatum L.",NA,"Cyperaceae",NA,1,1982,2023,NA,"Near threatened",NA
1017790,156590,"Erophila verna (L.) DC.",NA,"Brassicaceae",NA,2,2023,2024,NA,"Least concern",NA
1017800,156700,"Erophila verna aggr.",NA,"Brassicaceae",NA,3,1982,2024,NA,"Least concern",NA
1018060,159000,"Euonymus europaeus L.",NA,"Celastraceae",NA,1,1982,2024,NA,"Least concern",NA
1018110,159300,"Eupatorium cannabinum L.",NA,"Asteraceae",NA,6,1982,2025,NA,"Least concern",NA
1018560,162500,"Euphrasia hirtella Reut.",NA,"Orobanchaceae",NA,1,1955,1966,NA,"Least concern",NA
1018700,163450,"Euphrasia rostkoviana Hayne",NA,"Orobanchaceae",NA,2,1965,2014,NA,"Least concern",NA
1018710,163500,"Euphrasia rostkoviana Hayne subsp. rostkoviana",NA,"Orobanchaceae",NA,1,1965,1965,NA,"Least concern",NA
1018685,163850,"Euphrasia rostkoviana aggr.",NA,"Orobanchaceae",NA,2,1965,2014,NA,"",NA
1018740,163900,"Euphrasia salisburgensis Hoppe",NA,"Orobanchaceae",NA,1,1979,1982,NA,"Least concern",NA
1018840,165000,"Fagus sylvatica L.",NA,"Fagaceae",NA,2,1982,2024,NA,"Least concern",NA
1019010,165900,"Festuca amethystina L.",NA,"Poaceae",NA,2,1968,1982,NA,"Least concern",NA
1019130,167400,"Festuca gigantea (L.) Vill.",NA,"Poaceae",NA,1,1961,1982,NA,"Least concern",NA
1019330,168500,"Festuca ovina L.",NA,"Poaceae",NA,1,1975,1975,NA,"Least concern",NA
1019310,168590,"Festuca ovina aggr.",NA,"Poaceae",NA,2,1975,2024,NA,"Least concern",NA
1019309,168580,"Festuca ovina superaggr.",NA,"",NA,2,1975,2024,NA,"",NA
1019380,169100,"Festuca pratensis Huds.",NA,"Poaceae",NA,5,1954,2024,NA,"Least concern",NA
1019390,169200,"Festuca pratensis Huds. subsp. pratensis",NA,"Poaceae",NA,1,2024,2024,NA,"Least concern",NA
1019420,169600,"Festuca pulchella Schrad.",NA,"Poaceae",NA,1,1975,1982,NA,"Least concern",NA
1019430,169700,"Festuca pulchella Schrad. subsp. pulchella",NA,"Poaceae",NA,1,1975,1975,NA,"Least concern",NA
1019480,170100,"Festuca rubra L.",NA,"Poaceae",NA,1,2024,2024,NA,"Least concern",NA
1019470,170200,"Festuca rubra aggr.",NA,"Poaceae",NA,7,1954,2024,NA,"Least concern",NA
1019770,173100,"Filipendula ulmaria (L.) Maxim.",NA,"Rosaceae",NA,2,1982,2024,NA,"Least concern",NA
1019820,173400,"Foeniculum vulgare Mill.",NA,"Apiaceae",NA,1,2024,2024,NA,"",NA
1019920,173800,"Fragaria vesca L.",NA,"Rosaceae",NA,2,1982,2024,NA,"Least concern",NA
1019970,174200,"Fraxinus excelsior L.",NA,"Oleaceae",NA,2,1982,2024,NA,"Least concern",NA
1020170,175700,"Gagea lutea (L.) Ker Gawl.",NA,"Liliaceae",NA,2,1966,2020,NA,"Near threatened",NA
1020350,177100,"Galeopsis tetrahit L.",NA,"Lamiaceae",NA,2,1979,2024,NA,"Least concern",NA
1020380,177400,"Galium album Mill.",NA,"Rubiaceae",NA,3,2002,2024,NA,"Least concern",NA
1020390,177500,"Galium anisophyllon Vill.",NA,"Rubiaceae",NA,2,1982,2020,NA,"Least concern",NA
1020520,178900,"Galium mollugo L.",NA,"Rubiaceae",NA,2,1967,2021,NA,"Least concern",NA
1020510,179000,"Galium mollugo aggr.",NA,"Rubiaceae",NA,6,1954,2024,NA,"Least concern",NA
1020560,179300,"Galium odoratum (L.) Scop.",NA,"Rubiaceae",NA,4,1948,2024,NA,"Least concern",NA
1020600,179700,"Galium pumilum Murray",NA,"Rubiaceae",NA,2,1982,2015,NA,"Least concern",NA
1020595,179650,"Galium pumilum aggr.",NA,"Rubiaceae",NA,4,1982,2020,NA,"",NA
1020730,180900,"Galium verum L.",NA,"Rubiaceae",NA,2,1982,2024,NA,"Least concern",NA
1020740,181000,"Galium verum L. subsp. verum",NA,"Rubiaceae",NA,1,2024,2024,NA,"Least concern",NA
1020940,182700,"Gentiana asclepiadea L.",NA,"Gentianaceae",NA,2,1982,2025,NA,"Least concern",NA
1021000,183100,"Gentiana campestris L.",NA,"Gentianaceae",NA,2,1982,2016,NA,"Least concern",NA
1021010,183200,"Gentiana campestris L. subsp. campestris",NA,"Gentianaceae",NA,1,2016,2016,NA,"Least concern",NA
1021040,183500,"Gentiana clusii E. P. Perrier & Songeon",NA,"Gentianaceae",NA,2,1976,2020,NA,"Least concern",NA
1021200,184900,"Gentiana purpurea L.",NA,"Gentianaceae",NA,1,1961,1982,NA,"Least concern",NA
1021250,185400,"Gentiana verna L.",NA,"Gentianaceae",NA,1,1982,2014,NA,"Least concern",NA
1021440,188500,"Geranium pusillum L.",NA,"Geraniaceae",NA,1,2025,2025,NA,"Least concern",NA
1021450,188600,"Geranium pyrenaicum Burm. f.",NA,"Geraniaceae",NA,3,1982,2024,NA,"Least concern",NA
1021470,188795,"Geranium robertianum L.",NA,"Geraniaceae",NA,5,1982,2024,NA,"Least concern",NA
1021480,188800,"Geranium robertianum L. subsp. robertianum",NA,"Geraniaceae",NA,2,1982,2024,NA,"Least concern",NA
1021500,189000,"Geranium rotundifolium L.",NA,"Geraniaceae",NA,1,2024,2024,NA,"Least concern",NA
1021530,189300,"Geranium sylvaticum L.",NA,"Geraniaceae",NA,9,1954,2024,NA,"Least concern",NA
1021540,189400,"Geum montanum L.",NA,"Rosaceae",NA,1,1982,1982,NA,"Least concern",NA
1021570,189600,"Geum rivale L.",NA,"Rosaceae",NA,2,1982,2023,NA,"Least concern",NA
1021580,189700,"Geum urbanum L.",NA,"Rosaceae",NA,1,1982,2024,NA,"Least concern",NA
1021690,190500,"Glechoma hederacea L.",NA,"Lamiaceae",NA,5,1982,2025,NA,"Least concern",NA
1021700,190600,"Glechoma hederacea L. subsp. hederacea",NA,"Lamiaceae",NA,2,2024,2025,NA,"Least concern",NA
1021750,191200,"Globularia nudicaulis L.",NA,"Plantaginaceae",NA,2,1976,2024,NA,"Least concern",NA
1021765,191550,"Glyceria fluitans aggr.",NA,"Poaceae",NA,0,1966,1966,NA,"",NA
1021950,193200,"Gymnadenia conopsea (L.) R. Br.",NA,"Orchidaceae",NA,15,1973,2023,NA,"Least concern",NA
1021990,193500,"Gymnocarpium robertianum (Hoffm.) Newman",NA,"Cystopteridaceae",NA,5,1982,2024,NA,"Least concern",NA
1022100,194000,"Hedera helix L.",NA,"Araliaceae",NA,3,1982,2024,NA,"Least concern",NA
1022110,194100,"Hedysarum hedysaroides (L.) Schinz & Thell.",NA,"Fabaceae",NA,2,1938,2020,NA,"Least concern",NA
1022180,194895,"Helianthemum nummularium (L.) Mill.",NA,"Cistaceae",NA,5,1960,2024,NA,"Least concern",NA
1022220,195200,"Helianthemum nummularium subsp. obscurum (Čelak.) Holub",NA,"Cistaceae",NA,1,1982,2024,NA,"Least concern",NA
1022390,196800,"Helictotrichon pubescens (Huds.) Pilg.",NA,"Poaceae",NA,9,1954,2024,NA,"Least concern",NA
1022400,196830,"Helictotrichon pubescens (Huds.) Pilg. subsp. pubescens",NA,"Poaceae",NA,3,2024,2024,NA,"Least concern",NA
1022410,196860,"Helictotrichon pubescens subsp. laevigatum (Schur) Soó",NA,"Poaceae",NA,1,2024,2024,NA,"Data deficient",NA
1022560,197900,"Hepatica nobilis Schreb.",NA,"Ranunculaceae",NA,2,1982,2024,NA,"Least concern",NA
1022580,198300,"Heracleum mantegazzianum Sommier & Levier",NA,"Apiaceae",NA,12,2010,2016,NA,"",NA
1022590,198595,"Heracleum sphondylium L.",NA,"Apiaceae",NA,12,1954,2025,NA,"Least concern",NA
1022600,198600,"Heracleum sphondylium L. subsp. sphondylium",NA,"Apiaceae",NA,2,1979,2024,NA,"Least concern",NA
1022620,198800,"Heracleum sphondylium subsp. elegans (Crantz) Schübl. & G. Martens",NA,"Apiaceae",NA,1,1979,1982,NA,"Least concern",NA
1022640,199100,"Herminium monorchis (L.) R. Br.",NA,"Orchidaceae",NA,1,2013,2013,NA,"Vulnerable",NA
1022700,199600,"Hesperis matronalis L.",NA,"Brassicaceae",NA,1,2024,2024,NA,"",NA
1022790,199900,"Hieracium alpinum L.",NA,"Asteraceae",NA,9,1947,2014,NA,"Least concern",NA
1022800,200000,"Hieracium amplexicaule L.",NA,"Asteraceae",NA,3,1960,1982,NA,"Least concern",NA
1022810,200100,"Hieracium angustifolium Hoppe",NA,"Asteraceae",NA,1,1947,1947,NA,"Least concern",NA
1022820,200200,"Hieracium aurantiacum L.",NA,"Asteraceae",NA,5,1947,2025,NA,"Least concern",NA
1022840,200600,"Hieracium bifidum aggr.",NA,"Asteraceae",NA,2,1955,1982,NA,"Least concern",NA
1023030,202000,"Hieracium lachenalii C. C. Gmel.",NA,"Asteraceae",NA,4,1947,1975,NA,"Least concern",NA
1023040,202100,"Hieracium lactucella Wallr.",NA,"Asteraceae",NA,1,1982,2002,NA,"Least concern",NA
1023110,202700,"Hieracium murorum aggr.",NA,"Asteraceae",NA,14,1955,2025,NA,"Least concern",NA
1023200,203400,"Hieracium pilosella L.",NA,"Asteraceae",NA,7,1982,2024,NA,"Least concern",NA
1023220,203600,"Hieracium pilosum Froel.",NA,"Asteraceae",NA,4,1947,1961,NA,"Least concern",NA
1023270,203900,"Hieracium prenanthoides aggr.",NA,"Asteraceae",NA,2,1973,1982,NA,"Least concern",NA
1023460,205600,"Hieracium umbellatum aggr.",NA,"Asteraceae",NA,1,1877,1982,NA,"Least concern",NA
1023500,205800,"Hieracium villosum Jacq.",NA,"Asteraceae",NA,6,1880,1982,NA,"Least concern",NA
1023490,205900,"Hieracium villosum aggr.",NA,"Asteraceae",NA,10,1880,1982,NA,"Least concern",NA
1023580,206300,"Hippocrepis comosa L.",NA,"Fabaceae",NA,3,1982,2024,NA,"Least concern",NA
1023590,206400,"Hippocrepis emerus (L.) Lassen",NA,"Fabaceae",NA,2,1982,2024,NA,"Least concern",NA
1023595,206450,"Hippocrepis emerus (L.) Lassen subsp. emerus",NA,"Fabaceae",NA,1,2024,2024,NA,"",NA
1023630,206800,"Holcus lanatus L.",NA,"Poaceae",NA,4,1982,2024,NA,"Least concern",NA
1023640,206900,"Holcus mollis L.",NA,"Poaceae",NA,3,1954,1954,NA,"Least concern",NA
1023680,207300,"Homogyne alpina (L.) Cass.",NA,"Asteraceae",NA,2,1982,2021,NA,"Least concern",NA
1024060,210695,"Hypericum maculatum Crantz",NA,"Hypericaceae",NA,5,1954,2015,NA,"Least concern",NA
1024070,210700,"Hypericum maculatum Crantz subsp. maculatum",NA,"Hypericaceae",NA,2,1965,1982,NA,"Least concern",NA
1024100,210900,"Hypericum montanum L.",NA,"Hypericaceae",NA,2,1967,2024,NA,"Least concern",NA
1024130,211050,"Hypericum perforatum L.",NA,"Hypericaceae",NA,2,2024,2024,NA,"Least concern",NA
1024190,211700,"Hypericum ×desetangsii Lamotte",NA,"Hypericaceae",NA,0,1966,1966,NA,"Least concern",NA
1024230,212100,"Hypochaeris radicata L.",NA,"Asteraceae",NA,2,1954,2024,NA,"Least concern",NA
1024250,212200,"Hypochaeris uniflora Vill.",NA,"Asteraceae",NA,1,1961,1982,NA,"Least concern",NA
1024370,213300,"Ilex aquifolium L.",NA,"Aquifoliaceae",NA,3,1982,2025,NA,"Least concern",NA
1024880,217500,"Juglans regia L.",NA,"Juglandaceae",NA,2,1982,2022,NA,"Least concern",NA
1024900,217700,"Juncus alpinoarticulatus Chaix",NA,"Juncaceae",NA,1,1961,1982,NA,"Least concern",NA
1024925,218150,"Juncus articulatus aggr.",NA,"Juncaceae",NA,1,1961,1982,NA,"",NA
1024980,218600,"Juncus compressus Jacq.",NA,"Juncaceae",NA,0,1966,1966,NA,"Least concern",NA
1025140,220395,"Juniperus communis L.",NA,"Cupressaceae",NA,2,1982,2023,NA,"Least concern",NA
1025160,220500,"Juniperus communis subsp. alpina Čelak.",NA,"Cupressaceae",NA,1,1982,2014,NA,"Least concern",NA
1025230,221400,"Knautia arvensis (L.) Coult.",NA,"Caprifoliaceae",NA,3,1982,2024,NA,"Least concern",NA
1025240,221450,"Knautia dipsacifolia Kreutzer",NA,"Caprifoliaceae",NA,4,1979,2025,NA,"Least concern",NA
1025250,221500,"Knautia dipsacifolia Kreutzer subsp. dipsacifolia",NA,"Caprifoliaceae",NA,2,1979,2014,NA,"Least concern",NA
1025580,224700,"Lactuca serriola L.",NA,"Asteraceae",NA,3,2024,2024,NA,"Least concern",NA
1025670,225750,"Lamium galeobdolon (L.) L.",NA,"Lamiaceae",NA,8,1960,2024,NA,"Least concern",NA
1025710,226000,"Lamium galeobdolon subsp. montanum (Pers.) Hayek",NA,"Lamiaceae",NA,3,1960,2024,NA,"Least concern",NA
1025730,226200,"Lamium maculatum (L.) L.",NA,"Lamiaceae",NA,1,1982,2022,NA,"Least concern",NA
1025780,226900,"Lapsana communis L.",NA,"Asteraceae",NA,3,1982,2024,NA,"Least concern",NA
1025790,227000,"Lapsana communis L. subsp. communis",NA,"Asteraceae",NA,1,2024,2024,NA,"",NA
1025810,227200,"Larix decidua Mill.",NA,"Pinaceae",NA,2,2022,2024,NA,"Least concern",NA
1025860,227700,"Laserpitium latifolium L.",NA,"Apiaceae",NA,1,1982,2024,NA,"Least concern",NA
1026050,230400,"Lathyrus pratensis L.",NA,"Fabaceae",NA,5,1954,2024,NA,"Least concern",NA
1026120,231195,"Lathyrus vernus (L.) Bernh.",NA,"Fabaceae",NA,0,1982,1982,NA,"Least concern",NA
1026130,231200,"Lathyrus vernus (L.) Bernh. subsp. vernus",NA,"Fabaceae",NA,0,1982,1982,NA,"Least concern",NA
1026290,232700,"Leontodon autumnalis L.",NA,"Asteraceae",NA,1,1982,2014,NA,"Least concern",NA
1026310,232900,"Leontodon helveticus Mérat",NA,"Asteraceae",NA,2,1961,2014,NA,"Least concern",NA
1026330,233000,"Leontodon hispidus L.",NA,"Asteraceae",NA,7,1954,2022,NA,"Least concern",NA
1026340,233100,"Leontodon hispidus L. subsp. hispidus",NA,"Asteraceae",NA,1,1961,1961,NA,"Least concern",NA
1026350,233200,"Leontodon hispidus subsp. danubialis (Jacq.) Simonk.",NA,"Asteraceae",NA,2,1961,1961,NA,"Least concern",NA
1026360,233400,"Leontodon hispidus subsp. hyoseroides (Rchb.) Murr",NA,"Asteraceae",NA,1,1961,1961,NA,"Least concern",NA
1026430,234000,"Leontodon montanus Lam.",NA,"Asteraceae",NA,1,1969,1969,NA,"Least concern",NA
1026600,236000,"Leucanthemopsis alpina (L.) Heywood",NA,"Asteraceae",NA,1,1961,1961,NA,"Least concern",NA
1026650,236200,"Leucanthemum adustum (W. D. J. Koch) Gremli",NA,"Asteraceae",NA,3,1961,1982,NA,"Least concern",NA
1026730,236800,"Leucanthemum vulgare Lam.",NA,"Asteraceae",NA,5,1954,2024,NA,"Least concern",NA
1026710,236905,"Leucanthemum vulgare aggr.",NA,"Asteraceae",NA,10,1954,2024,NA,"Least concern",NA
1026810,237800,"Ligusticum mutellina (L.) Crantz",NA,"Apiaceae",NA,1,1982,2014,NA,"Least concern",NA
1026850,238100,"Ligustrum vulgare L.",NA,"Oleaceae",NA,3,1982,2024,NA,"Least concern",NA
1026890,238500,"Lilium martagon L.",NA,"Liliaceae",NA,1,1982,2020,NA,"Least concern",NA
1026920,238800,"Linaria alpina (L.) Mill.",NA,"Plantaginaceae",NA,2,1982,2016,NA,"Least concern",NA
1026930,238900,"Linaria alpina (L.) Mill. subsp. alpina",NA,"Plantaginaceae",NA,2,1982,2016,NA,"Least concern",NA
1027130,241100,"Linum catharticum L.",NA,"Linaceae",NA,3,1982,2024,NA,"Least concern",NA
1027131,241110,"Linum catharticum L. var. catharticum",NA,"Linaceae",NA,1,2024,2024,NA,"",NA
1027210,241900,"Listera cordata (L.) R. Br.",NA,"Orchidaceae",NA,2,1982,2011,NA,"Near threatened",NA
1027220,242000,"Listera ovata (L.) R. Br.",NA,"Orchidaceae",NA,11,1982,2024,NA,"Least concern",NA
1027290,242600,"Loiseleuria procumbens (L.) Desv.",NA,"Ericaceae",NA,3,2014,2022,NA,"Least concern",NA
1027310,242800,"Lolium perenne L.",NA,"Poaceae",NA,6,1954,2024,NA,"Least concern",NA
1027370,243400,"Lonicera alpigena L.",NA,"Caprifoliaceae",NA,2,1982,2024,NA,"Least concern",NA
1027440,243900,"Lonicera nigra L.",NA,"Caprifoliaceae",NA,1,1979,1982,NA,"Least concern",NA
1027490,244200,"Lonicera xylosteum L.",NA,"Caprifoliaceae",NA,3,1982,2024,NA,"Least concern",NA
1027500,244300,"Lotus alpinus (DC.) Ramond",NA,"Fabaceae",NA,1,1982,2014,NA,"Least concern",NA
1027520,244400,"Lotus corniculatus L.",NA,"Fabaceae",NA,3,1982,2024,NA,"Least concern",NA
1027510,244410,"Lotus corniculatus aggr.",NA,"Fabaceae",NA,5,1982,2024,NA,"Least concern",NA
1027610,245500,"Lunaria rediviva L.",NA,"Brassicaceae",NA,5,1982,2024,NA,"Least concern",NA
1027700,246100,"Luzula campestris (L.) DC.",NA,"Juncaceae",NA,4,2024,2024,NA,"Least concern",NA
1027740,246600,"Luzula lutea (All.) DC.",NA,"Juncaceae",NA,1,2014,2014,NA,"Least concern",NA
1027750,246700,"Luzula luzulina (Vill.) Dalla Torre & Sarnth.",NA,"Juncaceae",NA,1,1960,1982,NA,"Least concern",NA
1027790,247100,"Luzula multiflora (Ehrh.) Lej.",NA,"Juncaceae",NA,2,1954,2014,NA,"Least concern",NA
1027785,247150,"Luzula multiflora aggr.",NA,"Juncaceae",NA,2,1954,2014,NA,"Least concern",NA
1027840,247500,"Luzula pilosa (L.) Willd.",NA,"Juncaceae",NA,2,1982,2024,NA,"Least concern",NA
1027980,249700,"Lycopodium annotinum L.",NA,"Lycopodiaceae",NA,1,1982,2021,NA,"Least concern",NA
1028080,251400,"Lysimachia nemorum L.",NA,"Primulaceae",NA,3,1954,2024,NA,"Least concern",NA
1028090,251500,"Lysimachia nummularia L.",NA,"Primulaceae",NA,2,1982,2024,NA,"Least concern",NA
1028210,252400,"Maianthemum bifolium (L.) F. W. Schmidt",NA,"Asparagaceae",NA,3,1960,2021,NA,"Least concern",NA
1028290,253100,"Malva alcea L.",NA,"Malvaceae",NA,1,2024,2024,NA,"Least concern",NA
1028330,253400,"Malva neglecta Wallr.",NA,"Malvaceae",NA,2,1974,2025,NA,"Least concern",NA
1028430,254100,"Matricaria discoidea DC.",NA,"Asteraceae",NA,2,1955,2023,NA,"",NA
1028530,255300,"Medicago lupulina L.",NA,"Fabaceae",NA,3,1982,2024,NA,"Least concern",NA
1028590,256000,"Medicago sativa L.",NA,"Fabaceae",NA,1,2022,2022,NA,"Least concern",NA
1028660,256600,"Melampyrum sylvaticum L.",NA,"Orobanchaceae",NA,1,1971,1982,NA,"Least concern",NA
1028690,256900,"Melica nutans L.",NA,"Poaceae",NA,4,1982,2024,NA,"Least concern",NA
1028890,258750,"Mentha ×verticillata L.",NA,"Lamiaceae",NA,1,1895,1895,NA,"",NA
1028910,258800,"Menyanthes trifoliata L.",NA,"Menyanthaceae",NA,2,1973,2024,NA,"Least concern",NA
1028940,259100,"Mercurialis perennis L.",NA,"Euphorbiaceae",NA,3,1982,2024,NA,"Least concern",NA
1029020,259800,"Milium effusum L.",NA,"Poaceae",NA,1,1969,1982,NA,"Least concern",NA
1029430,263300,"Molinia arundinacea Schrank",NA,"Poaceae",NA,1,1982,2020,NA,"Least concern",NA
1029440,263400,"Molinia caerulea (L.) Moench",NA,"Poaceae",NA,3,1982,2024,NA,"Least concern",NA
1029470,263700,"Moneses uniflora (L.) A. Gray",NA,"Ericaceae",NA,1,1960,1982,NA,"Least concern",NA
1029680,265700,"Mycelis muralis (L.) Dumort.",NA,"Asteraceae",NA,1,1982,2024,NA,"Least concern",NA
1029690,265800,"Myosotis alpestris F. W. Schmidt",NA,"Boraginaceae",NA,1,1976,1982,NA,"Least concern",NA
1029700,265900,"Myosotis arvensis Hill",NA,"Boraginaceae",NA,2,1982,2024,NA,"Least concern",NA
1029800,266800,"Myosotis scorpioides L.",NA,"Boraginaceae",NA,1,1954,1954,NA,"Least concern",NA
1029795,266850,"Myosotis scorpioides aggr.",NA,"Boraginaceae",NA,4,1954,2024,NA,"",NA
1029820,267100,"Myosotis sylvatica Hoffm.",NA,"Boraginaceae",NA,1,1971,1971,NA,"Least concern",NA
1029815,267150,"Myosotis sylvatica aggr.",NA,"Boraginaceae",NA,1,1971,1971,NA,"",NA
1030080,269700,"Nardus stricta L.",NA,"Poaceae",NA,2,1982,2014,NA,"Least concern",NA
1030140,270100,"Neottia nidus-avis (L.) Rich.",NA,"Orchidaceae",NA,6,1982,2024,NA,"Least concern",NA
1030390,271655,"Nigritella rhellicani Teppner & E. Klein",NA,"Orchidaceae",NA,2,1985,2018,NA,"Least concern",NA
1030380,271700,"Nigritella rhellicani aggr.",NA,"Orchidaceae",NA,2,1985,2018,NA,"Least concern",NA
50031,NA,"Nitella anarthrodactylée",NA,"Characeae",NA,3,2025,2025,NA,"",NA
1030840,275400,"Onobrychis montana DC.",NA,"Fabaceae",NA,1,1961,1982,NA,"Least concern",NA
1030860,275600,"Onobrychis viciifolia Scop.",NA,"Fabaceae",NA,1,1982,2024,NA,"",NA
1030940,276300,"Ononis repens L.",NA,"Fabaceae",NA,1,1982,2015,NA,"Least concern",NA
1030955,276850,"Ononis spinosa aggr.",NA,"Fabaceae",NA,1,1982,2015,NA,"",NA
1031130,278850,"Ophrys holosericea (Burm. f.) Greuter",NA,"Orchidaceae",NA,0,1982,1982,NA,"Vulnerable",NA
1031140,278900,"Ophrys holosericea (Burm. f.) Greuter subsp. holosericea",NA,"Orchidaceae",NA,0,1982,1982,NA,"Vulnerable",NA
1031160,279100,"Ophrys insectifera L.",NA,"Orchidaceae",NA,3,1887,1982,NA,"Vulnerable",NA
1031350,280900,"Orchis mascula (L.) L.",NA,"Orchidaceae",NA,13,1982,2024,NA,"Least concern",NA
1031360,280950,"Orchis mascula (L.) L. subsp. mascula",NA,"Orchidaceae",NA,8,1999,2024,NA,"",NA
1031380,281000,"Orchis militaris L.",NA,"Orchidaceae",NA,4,1982,2014,NA,"Near threatened",NA
1031390,281100,"Orchis morio L.",NA,"Orchidaceae",NA,1,1982,2014,NA,"Vulnerable",NA
1031430,281300,"Orchis palustris Jacq.",NA,"Orchidaceae",NA,0,1994,1994,NA,"Vulnerable",NA
1031500,282200,"Orchis ustulata L.",NA,"Orchidaceae",NA,5,1969,2020,NA,"Near threatened",NA
1031540,282400,"Oreopteris limbosperma (All.) Holub",NA,"Thelypteridaceae",NA,1,1982,2023,NA,"Least concern",NA
1031560,282600,"Origanum vulgare L.",NA,"Lamiaceae",NA,5,1981,2025,NA,"Least concern",NA
1031700,284000,"Orobanche alba Willd.",NA,"Orobanchaceae",NA,1,1960,1966,NA,"Least concern",NA
1031805,285000,"Orobanche flava aggr.",NA,"Orobanchaceae",NA,3,1870,1994,NA,"",NA
1031890,285750,"Orobanche lycoctoni Rhiner",NA,"Orobanchaceae",NA,2,1870,1893,NA,"Data deficient",NA
1031960,286400,"Orobanche reticulata Wallr.",NA,"Orobanchaceae",NA,1,1971,1971,NA,"Least concern",NA
1032000,286800,"Orthilia secunda (L.) House",NA,"Ericaceae",NA,1,1981,1982,NA,"Least concern",NA
1032070,287300,"Oxalis acetosella L.",NA,"Oxalidaceae",NA,3,1982,2024,NA,"Least concern",NA
1032150,287750,"Oxalis stricta L.",NA,"Oxalidaceae",NA,1,2024,2024,NA,"",NA
1032240,288700,"Oxytropis halleri W. D. J. Koch",NA,"Fabaceae",NA,1,1968,1968,NA,"Near threatened",NA
1032250,288800,"Oxytropis halleri W. D. J. Koch subsp. halleri",NA,"Fabaceae",NA,1,1968,1968,NA,"Near threatened",NA
1032270,289300,"Oxytropis jacquinii Bunge",NA,"Fabaceae",NA,1,1938,1982,NA,"Least concern",NA
1032530,291800,"Papaver rhoeas L.",NA,"Papaveraceae",NA,2,1966,2024,NA,"Least concern",NA
1032560,292100,"Paradisea liliastrum (L.) Bertol.",NA,"Asparagaceae",NA,1,1957,1966,NA,"Least concern",NA
1032590,292600,"Paris quadrifolia L.",NA,"Melanthiaceae",NA,3,1982,2024,NA,"Least concern",NA
1032600,292700,"Parnassia palustris L.",NA,"Celastraceae",NA,1,1982,2014,NA,"Least concern",NA
1032690,293295,"Pastinaca sativa L.",NA,"Apiaceae",NA,0,1982,1982,NA,"Least concern",NA
1032800,294200,"Pedicularis foliosa L.",NA,"Orobanchaceae",NA,3,1976,2020,NA,"Least concern",NA
1032940,295500,"Pedicularis verticillata L.",NA,"Orobanchaceae",NA,2,1961,1982,NA,"Least concern",NA
1033000,295700,"Petasites albus (L.) Gaertn.",NA,"Asteraceae",NA,2,1982,2021,NA,"Least concern",NA
1033010,295900,"Petasites hybridus (L.) G. Gaertn. & al.",NA,"Asteraceae",NA,2,1982,2006,NA,"Least concern",NA
1033060,296300,"Petrorhagia saxifraga (L.) Link",NA,"Caryophyllaceae",NA,1,2025,2025,NA,"Least concern",NA
1033160,297200,"Peucedanum ostruthium (L.) W. D. J. Koch",NA,"Apiaceae",NA,1,1975,1982,NA,"Least concern",NA
1033220,297800,"Phacelia tanacetifolia Benth.",NA,"Boraginaceae",NA,1,2024,2024,NA,"",NA
1033230,297900,"Phalaris arundinacea L.",NA,"Poaceae",NA,2,1982,2024,NA,"Least concern",NA
1033240,297910,"Phalaris arundinacea L. var. arundinacea",NA,"Poaceae",NA,1,2024,2024,NA,"",NA
1033340,298800,"Phleum alpinum L.",NA,"Poaceae",NA,1,1948,1982,NA,"Least concern",NA
1033330,298900,"Phleum alpinum aggr.",NA,"Poaceae",NA,1,1948,1982,NA,"Least concern",NA
1033370,299600,"Phleum hirsutum Honck.",NA,"Poaceae",NA,2,1955,1982,NA,"Least concern",NA
1033450,300300,"Phragmites australis (Cav.) Steud.",NA,"Poaceae",NA,3,1982,2024,NA,"Least concern",NA
1033480,300500,"Phyllitis scolopendrium (L.) Newman",NA,"Aspleniaceae",NA,2,1982,2024,NA,"Least concern",NA
1033570,300800,"Phyteuma betonicifolium Vill.",NA,"Campanulaceae",NA,1,1975,1975,NA,"Least concern",NA
1033670,301800,"Phyteuma orbiculare L.",NA,"Campanulaceae",NA,2,1961,2002,NA,"Least concern",NA
1033740,302400,"Phyteuma spicatum L.",NA,"Campanulaceae",NA,5,1954,2024,NA,"Least concern",NA
1033750,302450,"Phyteuma spicatum L. subsp. spicatum",NA,"Campanulaceae",NA,1,2024,2024,NA,"Least concern",NA
1033800,302800,"Picea abies (L.) H. Karst.",NA,"Pinaceae",NA,7,1982,2024,NA,"Least concern",NA
1033830,303100,"Picris hieracioides L.",NA,"Asteraceae",NA,4,1981,2024,NA,"Least concern",NA
1033835,303130,"Picris hieracioides L. subsp. hieracioides",NA,"Asteraceae",NA,1,2024,2024,NA,"",NA
1033920,303800,"Pimpinella major (L.) Huds.",NA,"Apiaceae",NA,8,1915,2022,NA,"Least concern",NA
1034050,304800,"Pinguicula vulgaris L.",NA,"Lentibulariaceae",NA,1,1982,2024,NA,"Near threatened",NA
1034080,305495,"Pinus mugo Turra",NA,"Pinaceae",NA,1,1982,2022,NA,"Least concern",NA
1034070,305800,"Pinus mugo subsp. uncinata (DC.) Domin",NA,"Pinaceae",NA,1,1982,2022,NA,"Least concern",NA
1034250,307000,"Plantago alpina L.",NA,"Plantaginaceae",NA,1,1982,2014,NA,"Least concern",NA
1034280,307250,"Plantago atrata Hoppe",NA,"Plantaginaceae",NA,1,2014,2014,NA,"Least concern",NA
1034330,307800,"Plantago lanceolata L.",NA,"Plantaginaceae",NA,12,1954,2025,NA,"Least concern",NA
1034350,307850,"Plantago major L.",NA,"Plantaginaceae",NA,8,1982,2025,NA,"Least concern",NA
1034360,307900,"Plantago major L. subsp. major",NA,"Plantaginaceae",NA,2,1982,2024,NA,"Least concern",NA
1034390,308100,"Plantago media L.",NA,"Plantaginaceae",NA,3,1982,2024,NA,"Least concern",NA
1034405,308350,"Plantago serpentina aggr.",NA,"Plantaginaceae",NA,1,1982,2014,NA,"",NA
1034420,308400,"Platanthera bifolia (L.) Rich.",NA,"Orchidaceae",NA,3,1961,2004,NA,"Least concern",NA
1034430,308500,"Platanthera chlorantha (Custer) Rchb.",NA,"Orchidaceae",NA,1,1982,1985,NA,"Least concern",NA
1034470,309000,"Poa alpina L.",NA,"Poaceae",NA,1,1982,2014,NA,"Least concern",NA
1034490,309200,"Poa annua L.",NA,"Poaceae",NA,2,1982,2024,NA,"Least concern",NA
1034550,309800,"Poa compressa L.",NA,"Poaceae",NA,1,1948,1948,NA,"Least concern",NA
1034660,310800,"Poa pratensis L.",NA,"Poaceae",NA,3,1954,1955,NA,"Least concern",NA
1034650,310900,"Poa pratensis aggr.",NA,"Poaceae",NA,3,1954,1955,NA,"Least concern",NA
1034680,311100,"Poa supina Schrad.",NA,"Poaceae",NA,1,1982,2014,NA,"Least concern",NA
1034690,311295,"Poa trivialis L.",NA,"Poaceae",NA,9,1954,2024,NA,"Least concern",NA
1034700,311300,"Poa trivialis L. subsp. trivialis",NA,"Poaceae",NA,1,1982,2024,NA,"Least concern",NA
1034785,312490,"Polygala amara aggr.",NA,"Polygalaceae",NA,1,1982,2024,NA,"",NA
1034800,312500,"Polygala amarella Crantz",NA,"Polygalaceae",NA,1,1982,2024,NA,"Least concern",NA
1034830,312700,"Polygala chamaebuxus L.",NA,"Polygalaceae",NA,3,1982,2024,NA,"Least concern",NA
1034890,313195,"Polygala vulgaris L.",NA,"Polygalaceae",NA,5,1982,2025,NA,"Least concern",NA
1034900,313200,"Polygala vulgaris L. subsp. vulgaris",NA,"Polygalaceae",NA,1,1982,2024,NA,"Least concern",NA
1034930,313500,"Polygonatum odoratum (Mill.) Druce",NA,"Asparagaceae",NA,1,1960,1982,NA,"Least concern",NA
1034940,313700,"Polygonatum verticillatum (L.) All.",NA,"Asparagaceae",NA,2,1982,2021,NA,"Least concern",NA
1034960,314000,"Polygonum amphibium L.",NA,"Polygonaceae",NA,0,1982,1982,NA,"Least concern",NA
1034980,314300,"Polygonum aviculare aggr.",NA,"Polygonaceae",NA,3,1982,2024,NA,"Least concern",NA
1035010,314400,"Polygonum bistorta L.",NA,"Polygonaceae",NA,4,1954,2024,NA,"Least concern",NA
1035050,314950,"Polygonum lapathifolium L.",NA,"Polygonaceae",NA,0,1982,1982,NA,"Least concern",NA
1035060,315000,"Polygonum lapathifolium L. subsp. lapathifolium",NA,"Polygonaceae",NA,0,1982,1982,NA,"Least concern",NA
1035170,315800,"Polygonum viviparum L.",NA,"Polygonaceae",NA,5,1982,2024,NA,"Least concern",NA
1035200,316400,"Polypodium vulgare L.",NA,"Polypodiaceae",NA,2,1982,2024,NA,"Least concern",NA
1035240,316500,"Polystichum aculeatum (L.) Roth",NA,"Dryopteridaceae",NA,3,1982,2024,NA,"Least concern",NA
1035260,316800,"Polystichum lonchitis (L.) Roth",NA,"Dryopteridaceae",NA,1,1982,2020,NA,"Least concern",NA
1035330,317250,"Populus nigra L.",NA,"Salicaceae",NA,1,2024,2024,NA,"Least concern",NA
1035325,317450,"Populus nigra aggr.",NA,"Salicaceae",NA,2,2024,2024,NA,"",NA
1035360,317500,"Populus tremula L.",NA,"Salicaceae",NA,1,1982,2024,NA,"Least concern",NA
1035580,319700,"Potamogeton pectinatus L.",NA,"Potamogetonaceae",NA,1,1966,1967,NA,"Least concern",NA
1035575,319750,"Potamogeton pectinatus aggr.",NA,"Potamogetonaceae",NA,1,1966,1967,NA,"",NA
1035590,319800,"Potamogeton perfoliatus L.",NA,"Potamogetonaceae",NA,1,1966,1967,NA,"Least concern",NA
1035700,320900,"Potentilla anserina L.",NA,"Rosaceae",NA,0,1982,1982,NA,"Least concern",NA
1035720,321300,"Potentilla aurea L.",NA,"Rosaceae",NA,1,1982,2014,NA,"Least concern",NA
1035790,322100,"Potentilla crantzii (Crantz) Fritsch",NA,"Rosaceae",NA,1,1982,2014,NA,"Least concern",NA
1035810,322400,"Potentilla erecta (L.) Raeusch.",NA,"Rosaceae",NA,3,1982,2024,NA,"Least concern",NA
1036040,324500,"Potentilla reptans L.",NA,"Rosaceae",NA,3,1982,2024,NA,"Least concern",NA
1036060,324700,"Potentilla sterilis (L.) Garcke",NA,"Rosaceae",NA,4,1982,2025,NA,"Least concern",NA
1036120,325200,"Prenanthes purpurea L.",NA,"Asteraceae",NA,2,1982,2021,NA,"Least concern",NA
1036200,325950,"Primula elatior (L.) L.",NA,"Primulaceae",NA,9,1954,2024,NA,"Least concern",NA
1036210,326000,"Primula elatior (L.) L. subsp. elatior",NA,"Primulaceae",NA,2,1982,2024,NA,"",NA
1036230,326200,"Primula farinosa L.",NA,"Primulaceae",NA,2,1982,2024,NA,"Least concern",NA
1036280,326605,"Primula hirsuta All.",NA,"Primulaceae",NA,1,1982,1982,NA,"Least concern",NA
1036330,327195,"Primula veris L.",NA,"Primulaceae",NA,1,1982,2015,NA,"Least concern",NA
1036460,327900,"Prunella grandiflora (L.) Scholler",NA,"Lamiaceae",NA,1,1982,2015,NA,"Least concern",NA
1036480,328100,"Prunella vulgaris L.",NA,"Lamiaceae",NA,5,1954,2024,NA,"Least concern",NA
1036500,328400,"Prunus avium L.",NA,"Rosaceae",NA,2,1982,2024,NA,"Least concern",NA
1036550,329040,"Prunus domestica L.",NA,"Rosaceae",NA,1,1982,2024,NA,"",NA
1036620,329600,"Prunus padus L.",NA,"Rosaceae",NA,2,2024,2024,NA,"Least concern",NA
1036630,329700,"Prunus padus L. subsp. padus",NA,"Rosaceae",NA,1,2024,2024,NA,"Least concern",NA
1036670,330300,"Prunus spinosa L.",NA,"Rosaceae",NA,1,1982,2022,NA,"Least concern",NA
1036710,330400,"Pseudorchis albida (L.) Á. Löve & D. Löve",NA,"Orchidaceae",NA,2,1982,2018,NA,"Least concern",NA
1036760,330800,"Pteridium aquilinum (L.) Kuhn",NA,"Dennstaedtiaceae",NA,3,1982,2024,NA,"Least concern",NA
1036980,333195,"Pulsatilla alpina (L.) Delarbre",NA,"Ranunculaceae",NA,1,1938,1982,NA,"Least concern",NA
1036990,333200,"Pulsatilla alpina (L.) Delarbre subsp. alpina",NA,"Ranunculaceae",NA,1,1938,1982,NA,"Least concern",NA
1037160,334500,"Pyrola media Sw.",NA,"Ericaceae",NA,1,1915,1966,NA,"Least concern",NA
1037170,334600,"Pyrola minor L.",NA,"Ericaceae",NA,2,1961,2014,NA,"Least concern",NA
1037330,336100,"Quercus robur L.",NA,"Fagaceae",NA,1,1982,2024,NA,"Least concern",NA
1037360,336500,"Ranunculus aconitifolius L.",NA,"Ranunculaceae",NA,3,1976,2006,NA,"Least concern",NA
1037370,336595,"Ranunculus acris L.",NA,"Ranunculaceae",NA,9,1954,2024,NA,"Least concern",NA
1037390,336700,"Ranunculus acris subsp. friesianus (Jord.) Syme",NA,"Ranunculaceae",NA,7,1954,2024,NA,"Least concern",NA
1037410,336800,"Ranunculus alpestris L.",NA,"Ranunculaceae",NA,1,1982,2014,NA,"Least concern",NA
1037510,337700,"Ranunculus bulbosus L.",NA,"Ranunculaceae",NA,3,2024,2024,NA,"Least concern",NA
1037515,337750,"Ranunculus bulbosus L. subsp. bulbosus",NA,"Ranunculaceae",NA,2,2024,2024,NA,"",NA
1037550,338200,"Ranunculus ficaria L.",NA,"Ranunculaceae",NA,1,1982,2024,NA,"Least concern",NA
1037710,339500,"Ranunculus montanus Willd.",NA,"Ranunculaceae",NA,3,1961,2024,NA,"Least concern",NA
1037700,339505,"Ranunculus montanus aggr.",NA,"Ranunculaceae",NA,5,1961,2024,NA,"Least concern",NA
1037840,340900,"Ranunculus repens L.",NA,"Ranunculaceae",NA,1,1982,2024,NA,"Least concern",NA
1037940,341895,"Ranunculus trichophyllus Chaix",NA,"Ranunculaceae",NA,1,1966,2024,NA,"Least concern",NA
1037970,342200,"Ranunculus tuberosus Lapeyr.",NA,"Ranunculaceae",NA,2,1982,2015,NA,"Least concern",NA
1037965,342210,"Ranunculus tuberosus aggr.",NA,"Ranunculaceae",NA,4,1954,2015,NA,"Least concern",NA
1038110,342900,"Reseda lutea L.",NA,"Resedaceae",NA,4,2023,2024,NA,"Least concern",NA
1038140,343200,"Reynoutria japonica Houtt.",NA,"Polygonaceae",NA,9,1982,2025,NA,"",NA
1038135,343220,"Reynoutria japonica aggr.",NA,"Polygonaceae",NA,38,1982,2025,NA,"",NA
1038190,343500,"Rhamnus cathartica L.",NA,"Rhamnaceae",NA,1,1982,2024,NA,"Least concern",NA
1038200,343600,"Rhamnus pumila Turra",NA,"Rhamnaceae",NA,1,1961,1982,NA,"Least concern",NA
1038230,344100,"Rhinanthus alectorolophus (Scop.) Pollich",NA,"Orobanchaceae",NA,2,1982,2024,NA,"Least concern",NA
1038280,344700,"Rhinanthus glacialis Personnat",NA,"Orobanchaceae",NA,1,1955,1955,NA,"Least concern",NA
1038290,344800,"Rhinanthus minor L.",NA,"Orobanchaceae",NA,2,1982,2024,NA,"Least concern",NA
1038330,345300,"Rhododendron ferrugineum L.",NA,"Ericaceae",NA,1,1982,2014,NA,"Least concern",NA
1038340,345400,"Rhododendron hirsutum L.",NA,"Ericaceae",NA,2,1961,2014,NA,"Least concern",NA
1038390,345600,"Rhus typhina L.",NA,"Anacardiaceae",NA,11,2003,2016,NA,"",NA
1038500,346500,"Robinia pseudoacacia L.",NA,"Fabaceae",NA,4,2003,2025,NA,"",NA
1038620,347600,"Rosa arvensis Huds.",NA,"Rosaceae",NA,4,1982,2022,NA,"Least concern",NA
1038650,347800,"Rosa canina L.",NA,"Rosaceae",NA,17,1948,2024,NA,"Least concern",NA
1038645,347850,"Rosa canina aggr.",NA,"Rosaceae",NA,27,1948,2024,NA,"Least concern",NA
1038670,348300,"Rosa corymbifera Borkh.",NA,"Rosaceae",NA,10,1982,2022,NA,"Least concern",NA
1038665,348310,"Rosa corymbifera aggr.",NA,"Rosaceae",NA,16,1966,2022,NA,"",NA
1038720,348700,"Rosa glauca Pourr.",NA,"Rosaceae",NA,1,1955,1982,NA,"Least concern",NA
1038830,349500,"Rosa pendulina L.",NA,"Rosaceae",NA,8,1982,2022,NA,"Least concern",NA
1038850,349750,"Rosa pseudoscabriuscula (R. Keller) A. W. Hill",NA,"Rosaceae",NA,11,2021,2022,NA,"Least concern",NA
1038870,349950,"Rosa rubiginosa aggr.",NA,"Rosaceae",NA,0,1966,1966,NA,"Near threatened",NA
1038940,350400,"Rosa subcanina (Christ) R. Keller",NA,"Rosaceae",NA,8,2020,2022,NA,"Least concern",NA
1038950,350500,"Rosa subcollina (Christ) R. Keller",NA,"Rosaceae",NA,6,2021,2022,NA,"Near threatened",NA
1038970,350650,"Rosa tomentosa aggr.",NA,"Rosaceae",NA,14,2021,2024,NA,"Least concern",NA
1039000,350800,"Rosa villosa L.",NA,"Rosaceae",NA,1,2023,2023,NA,"Near threatened",NA
1039160,351950,"Rubus armeniacus Focke",NA,"Rosaceae",NA,10,2023,2026,NA,"",NA
1039200,352200,"Rubus caesius L.",NA,"Rosaceae",NA,2,1982,2024,NA,"Least concern",NA
1039325,353120,"Rubus fruticosus aggr.",NA,"Rosaceae",NA,12,1982,2026,NA,"Least concern",NA
1039550,354400,"Rubus idaeus L.",NA,"Rosaceae",NA,2,1982,2024,NA,"Least concern",NA
1039950,357400,"Rubus saxatilis L.",NA,"Rosaceae",NA,5,1982,2024,NA,"Least concern",NA
1040140,358900,"Rumex acetosa L.",NA,"Polygonaceae",NA,7,1954,2024,NA,"Least concern",NA
1040190,359300,"Rumex alpestris Jacq.",NA,"Polygonaceae",NA,3,1960,2024,NA,"Least concern",NA
1040290,360400,"Rumex obtusifolius L.",NA,"Polygonaceae",NA,3,1954,2024,NA,"Least concern",NA
1040470,362200,"Sagina procumbens L.",NA,"Caryophyllaceae",NA,2,1982,2025,NA,"Least concern",NA
1040540,362800,"Salix alba L.",NA,"Salicaceae",NA,1,1982,2024,NA,"Least concern",NA
1040590,363100,"Salix appendiculata Vill.",NA,"Salicaceae",NA,1,1982,2024,NA,"Least concern",NA
1040610,363200,"Salix aurita L.",NA,"Salicaceae",NA,1,1948,1948,NA,"Least concern",NA
1040615,363300,"Salix babylonica aggr.",NA,"Salicaceae",NA,1,2024,2024,NA,"",NA
1040670,363700,"Salix caprea L.",NA,"Salicaceae",NA,2,1911,2024,NA,"Least concern",NA
1040680,363800,"Salix cinerea L.",NA,"Salicaceae",NA,2,1982,2014,NA,"Least concern",NA
1040710,364000,"Salix elaeagnos Scop.",NA,"Salicaceae",NA,3,1948,2024,NA,"Least concern",NA
1040790,364600,"Salix hastata L.",NA,"Salicaceae",NA,1,1947,1982,NA,"Least concern",NA
1040860,365000,"Salix myrsinifolia Salisb.",NA,"Salicaceae",NA,1,1982,2014,NA,"Least concern",NA
1040920,365800,"Salix purpurea L.",NA,"Salicaceae",NA,3,1982,2024,NA,"Least concern",NA
1040980,366100,"Salix reticulata L.",NA,"Salicaceae",NA,1,1982,2014,NA,"Least concern",NA
1040990,366200,"Salix retusa L.",NA,"Salicaceae",NA,1,1982,2014,NA,"Least concern",NA
1041040,366500,"Salix viminalis L.",NA,"Salicaceae",NA,0,1982,1982,NA,"Least concern",NA
1041170,367300,"Salvia glutinosa L.",NA,"Lamiaceae",NA,2,1961,2020,NA,"Least concern",NA
1041200,367600,"Salvia pratensis L.",NA,"Lamiaceae",NA,4,1971,2024,NA,"Least concern",NA
1041205,367650,"Salvia pratensis L. subsp. pratensis",NA,"Lamiaceae",NA,2,2024,2024,NA,"",NA
1041270,368200,"Sambucus ebulus L.",NA,"Adoxaceae",NA,1,1982,2024,NA,"Least concern",NA
1041280,368300,"Sambucus nigra L.",NA,"Adoxaceae",NA,2,1982,2024,NA,"Least concern",NA
1041300,368400,"Sambucus racemosa L.",NA,"Adoxaceae",NA,3,1982,2024,NA,"Least concern",NA
1041340,368650,"Sanguisorba minor Scop.",NA,"Rosaceae",NA,5,1960,2024,NA,"Least concern",NA
1041350,368700,"Sanguisorba minor Scop. subsp. minor",NA,"Rosaceae",NA,1,1960,1982,NA,"Least concern",NA
1041380,369100,"Sanicula europaea L.",NA,"Apiaceae",NA,1,1982,2020,NA,"Least concern",NA
1041560,371600,"Saxifraga aizoides L.",NA,"Saxifragaceae",NA,1,1982,2014,NA,"Least concern",NA
1041570,371800,"Saxifraga androsacea L.",NA,"Saxifragaceae",NA,1,1880,1880,NA,"Least concern",NA
1041680,372800,"Saxifraga cuneifolia L.",NA,"Saxifragaceae",NA,2,1960,2020,NA,"Least concern",NA
1041980,375400,"Saxifraga rotundifolia L.",NA,"Saxifragaceae",NA,2,1938,2020,NA,"Least concern",NA
1042010,375800,"Saxifraga stellaris L.",NA,"Saxifragaceae",NA,1,1966,1982,NA,"Least concern",NA
1042030,376000,"Saxifraga tridactylites L.",NA,"Saxifragaceae",NA,2,1982,2024,NA,"Least concern",NA
1042090,376500,"Scabiosa columbaria L.",NA,"Caprifoliaceae",NA,1,1982,2025,NA,"Least concern",NA
1042620,382100,"Scrophularia nodosa L.",NA,"Scrophulariaceae",NA,2,1982,2024,NA,"Least concern",NA
1042710,382900,"Secale cereale L.",NA,"Poaceae",NA,1,2024,2024,NA,"",NA
1042750,383200,"Sedum album L.",NA,"Crassulaceae",NA,1,1982,2024,NA,"Least concern",NA
1042800,383700,"Sedum atratum L.",NA,"Crassulaceae",NA,1,1880,1982,NA,"Least concern",NA
1042840,383900,"Sedum dasyphyllum L.",NA,"Crassulaceae",NA,3,1982,2024,NA,"Least concern",NA
1042870,384300,"Sedum hispanicum L.",NA,"Crassulaceae",NA,1,2024,2024,NA,"Least concern",NA
1042960,385210,"Sedum rupestre aggr.",NA,"Crassulaceae",NA,1,2024,2024,NA,"Least concern",NA
1043000,385500,"Sedum sexangulare L.",NA,"Crassulaceae",NA,3,1971,2024,NA,"Least concern",NA
1043100,386300,"Selaginella selaginoides (L.) Schrank & Mart.",NA,"Selaginellaceae",NA,1,1982,2014,NA,"Least concern",NA
1043160,387000,"Sempervivum montanum L.",NA,"Crassulaceae",NA,1,1913,1913,NA,"Least concern",NA
1043250,387600,"Senecio alpinus (L.) Scop.",NA,"Asteraceae",NA,1,1982,2016,NA,"Least concern",NA
1043360,389000,"Senecio inaequidens DC.",NA,"Asteraceae",NA,6,2021,2025,NA,"",NA
1043410,389600,"Senecio jacobaea L.",NA,"Asteraceae",NA,1,2024,2024,NA,"Least concern",NA
1043430,389800,"Senecio ovatus (G. Gaertn. & al.) Willd.",NA,"Asteraceae",NA,1,1955,1982,NA,"Least concern",NA
1043425,389870,"Senecio ovatus aggr.",NA,"Asteraceae",NA,2,1955,2025,NA,"",NA
1043520,390400,"Senecio viscosus L.",NA,"Asteraceae",NA,0,1966,1966,NA,"Least concern",NA
1043530,390500,"Senecio vulgaris L.",NA,"Asteraceae",NA,5,1982,2025,NA,"Least concern",NA
1043700,392200,"Sesleria caerulea (L.) Ard.",NA,"Poaceae",NA,3,1982,2024,NA,"Least concern",NA
1043830,393600,"Sherardia arvensis L.",NA,"Rubiaceae",NA,3,1966,2024,NA,"Least concern",NA
1043890,394300,"Silene acaulis (L.) Jacq.",NA,"Caryophyllaceae",NA,1,1982,2014,NA,"Least concern",NA
1043940,394900,"Silene dioica (L.) Clairv.",NA,"Caryophyllaceae",NA,2,1954,2023,NA,"Least concern",NA
1044020,396050,"Silene nutans L.",NA,"Caryophyllaceae",NA,2,2024,2024,NA,"Least concern",NA
1044030,396100,"Silene nutans L. subsp. nutans",NA,"Caryophyllaceae",NA,1,2024,2024,NA,"Least concern",NA
1044060,396400,"Silene pratensis (Rafn) Godr.",NA,"Caryophyllaceae",NA,1,2024,2024,NA,"Least concern",NA
1044140,397295,"Silene vulgaris (Moench) Garcke",NA,"Caryophyllaceae",NA,7,1982,2025,NA,"Least concern",NA
1044150,397300,"Silene vulgaris (Moench) Garcke subsp. vulgaris",NA,"Caryophyllaceae",NA,3,1982,2024,NA,"Least concern",NA
1044210,397900,"Sinapis alba L.",NA,"Brassicaceae",NA,2,2024,2024,NA,"Least concern",NA
1044215,397930,"Sinapis alba L. subsp. alba",NA,"Brassicaceae",NA,1,2024,2024,NA,"",NA
1044220,398000,"Sinapis arvensis L.",NA,"Brassicaceae",NA,2,1982,2024,NA,"Least concern",NA
1044300,398600,"Sisymbrium officinale (L.) Scop.",NA,"Brassicaceae",NA,1,1982,2013,NA,"Least concern",NA
1044560,400800,"Soldanella pusilla Baumg.",NA,"Primulaceae",NA,1,1982,1994,NA,"Least concern",NA
1044580,401000,"Solidago canadensis L.",NA,"Asteraceae",NA,6,2003,2025,NA,"",NA
1044575,401050,"Solidago canadensis aggr.",NA,"Asteraceae",NA,52,1982,2025,NA,"",NA
1044620,401395,"Solidago virgaurea L.",NA,"Asteraceae",NA,3,2011,2024,NA,"Least concern",NA
1044650,401595,"Sonchus arvensis L.",NA,"Asteraceae",NA,1,1981,1981,NA,"Least concern",NA
1044660,401600,"Sonchus arvensis L. subsp. arvensis",NA,"Asteraceae",NA,1,1981,1981,NA,"Least concern",NA
1044680,401800,"Sonchus asper Hill",NA,"Asteraceae",NA,4,1982,2024,NA,"Least concern",NA
1044685,401850,"Sonchus asper Hill subsp. asper",NA,"Asteraceae",NA,1,2024,2024,NA,"",NA
1044690,401900,"Sonchus oleraceus L.",NA,"Asteraceae",NA,4,2024,2025,NA,"Least concern",NA
1044730,402200,"Sorbus aria (L.) Crantz",NA,"Rosaceae",NA,3,1982,2024,NA,"Least concern",NA
1044725,402250,"Sorbus aria aggr.",NA,"Rosaceae",NA,5,1982,2024,NA,"",NA
1044740,402300,"Sorbus aucuparia L.",NA,"Rosaceae",NA,3,1982,2024,NA,"Least concern",NA
1044750,402330,"Sorbus aucuparia L. subsp. aucuparia",NA,"Rosaceae",NA,1,2024,2024,NA,"Least concern",NA
1044770,402400,"Sorbus chamaemespilus (L.) Crantz",NA,"Rosaceae",NA,1,1975,1982,NA,"Least concern",NA
1044810,402600,"Sorbus mougeotii Soy.-Will. & Godr.",NA,"Rosaceae",NA,1,2024,2024,NA,"Least concern",NA
1044820,402700,"Sorbus torminalis (L.) Crantz",NA,"Rosaceae",NA,1,2020,2020,NA,"Least concern",NA
1045120,405100,"Spiranthes spiralis (L.) Chevall.",NA,"Orchidaceae",NA,3,1966,2022,NA,"Vulnerable",NA
1045280,406595,"Stachys recta L.",NA,"Lamiaceae",NA,3,2024,2024,NA,"Least concern",NA
1045290,406600,"Stachys recta L. subsp. recta",NA,"Lamiaceae",NA,1,2024,2024,NA,"Least concern",NA
1045310,406800,"Stachys sylvatica L.",NA,"Lamiaceae",NA,1,1982,2024,NA,"Least concern",NA
1045360,407500,"Stellaria graminea L.",NA,"Caryophyllaceae",NA,1,1982,2015,NA,"Least concern",NA
1045390,407800,"Stellaria media (L.) Vill.",NA,"Caryophyllaceae",NA,1,1982,2024,NA,"Least concern",NA
1045400,407805,"Stellaria media aggr.",NA,"Caryophyllaceae",NA,3,1982,2025,NA,"Least concern",NA
1045420,408095,"Stellaria nemorum L.",NA,"Caryophyllaceae",NA,0,1982,1982,NA,"Least concern",NA
1045430,408100,"Stellaria nemorum L. subsp. nemorum",NA,"Caryophyllaceae",NA,0,1982,1982,NA,"Least concern",NA
1045670,409800,"Streptopus amplexifolius (L.) DC.",NA,"Liliaceae",NA,1,1979,1979,NA,"Least concern",NA
1045690,410100,"Succisa pratensis Moench",NA,"Caprifoliaceae",NA,2,1982,2025,NA,"Least concern",NA
1045720,410300,"Swertia perennis L.",NA,"Gentianaceae",NA,4,1915,1982,NA,"Near threatened",NA
1045790,410800,"Symphytum officinale L.",NA,"Boraginaceae",NA,2,2020,2024,NA,"Least concern",NA
1045785,410850,"Symphytum officinale aggr.",NA,"Boraginaceae",NA,2,2020,2024,NA,"",NA
1046080,413100,"Taraxacum officinale aggr.",NA,"Asteraceae",NA,8,1954,2025,NA,"Least concern",NA
1046270,415000,"Teucrium chamaedrys L.",NA,"Lamiaceae",NA,1,1982,2024,NA,"Least concern",NA
1046300,415100,"Teucrium montanum L.",NA,"Lamiaceae",NA,1,1938,1982,NA,"Least concern",NA
1046340,415500,"Thalictrum aquilegiifolium L.",NA,"Ranunculaceae",NA,2,1982,2024,NA,"Least concern",NA
1046890,421200,"Thymus serpyllum aggr.",NA,"Lamiaceae",NA,8,1971,2024,NA,"Least concern",NA
1046990,421600,"Tofieldia calyculata (L.) Wahlenb.",NA,"Tofieldiaceae",NA,2,1982,2020,NA,"Least concern",NA
1047090,422400,"Tozzia alpina L.",NA,"Orobanchaceae",NA,1,1982,2019,NA,"Least concern",NA
1047180,422950,"Tragopogon pratensis L.",NA,"Asteraceae",NA,1,1982,2015,NA,"Least concern",NA
1047250,423600,"Traunsteinera globosa (L.) Rchb.",NA,"Orchidaceae",NA,6,1955,2014,NA,"Least concern",NA
1047370,424500,"Trifolium alpinum L.",NA,"Fabaceae",NA,2,1982,2014,NA,"Least concern",NA
1047410,424900,"Trifolium badium Schreb.",NA,"Fabaceae",NA,3,1961,2014,NA,"Least concern",NA
1047430,425100,"Trifolium dubium Sibth.",NA,"Fabaceae",NA,2,1954,2024,NA,"Least concern",NA
1047440,425400,"Trifolium fragiferum L.",NA,"Fabaceae",NA,0,1966,1966,NA,"Near threatened",NA
1047460,425595,"Trifolium hybridum L.",NA,"Fabaceae",NA,0,1982,1982,NA,"",NA
1047520,426000,"Trifolium medium L.",NA,"Fabaceae",NA,3,1969,2024,NA,"Least concern",NA
1047540,426300,"Trifolium montanum L.",NA,"Fabaceae",NA,1,1982,2024,NA,"Least concern",NA
1047600,426895,"Trifolium pratense L.",NA,"Fabaceae",NA,15,1954,2025,NA,"Least concern",NA
1047610,426900,"Trifolium pratense L. subsp. pratense",NA,"Fabaceae",NA,2,1961,2024,NA,"Least concern",NA
1047630,427100,"Trifolium repens L.",NA,"Fabaceae",NA,8,1954,2024,NA,"Least concern",NA
1047640,427200,"Trifolium repens L. subsp. repens",NA,"Fabaceae",NA,1,2024,2024,NA,"Least concern",NA
1047760,428100,"Trifolium thalii Vill.",NA,"Fabaceae",NA,3,1961,2014,NA,"Least concern",NA
1047890,429400,"Trisetum flavescens (L.) P. Beauv.",NA,"Poaceae",NA,4,1954,1982,NA,"Least concern",NA
1048030,430600,"Trollius europaeus L.",NA,"Ranunculaceae",NA,2,1982,2023,NA,"Least concern",NA
1048220,432000,"Tussilago farfara L.",NA,"Asteraceae",NA,3,1982,2024,NA,"Least concern",NA
1048250,432200,"Typha latifolia L.",NA,"Typhaceae",NA,0,1982,1982,NA,"Least concern",NA
1048310,432800,"Ulmus glabra Huds.",NA,"Ulmaceae",NA,3,1982,2024,NA,"Least concern",NA
1048360,433400,"Urtica dioica L.",NA,"Urticaceae",NA,4,1982,2024,NA,"Least concern",NA
1048410,433900,"Utricularia minor L.",NA,"Lentibulariaceae",NA,0,1982,1982,NA,"Vulnerable",NA
1048405,433950,"Utricularia minor aggr.",NA,"Lentibulariaceae",NA,0,1982,1982,NA,"",NA
1048500,434800,"Vaccinium myrtillus L.",NA,"Ericaceae",NA,3,1982,2024,NA,"Least concern",NA
1048530,435000,"Vaccinium uliginosum L.",NA,"Ericaceae",NA,1,1975,1975,NA,"Near threatened",NA
1048520,435100,"Vaccinium uliginosum aggr.",NA,"Ericaceae",NA,2,1975,2014,NA,"Least concern",NA
1048540,435300,"Vaccinium vitis-idaea L.",NA,"Ericaceae",NA,1,1982,2014,NA,"Least concern",NA
1048580,435600,"Valeriana dioica L.",NA,"Caprifoliaceae",NA,3,1982,2024,NA,"Least concern",NA
1048610,435800,"Valeriana officinalis L.",NA,"Caprifoliaceae",NA,2,2021,2024,NA,"Least concern",NA
1048600,435900,"Valeriana officinalis aggr.",NA,"Caprifoliaceae",NA,3,1982,2024,NA,"Least concern",NA
1048690,436700,"Valeriana tripteris L.",NA,"Caprifoliaceae",NA,3,1982,2024,NA,"Least concern",NA
1048730,437100,"Valerianella carinata Loisel.",NA,"Caprifoliaceae",NA,1,2024,2024,NA,"Least concern",NA
1048780,437500,"Valerianella locusta (L.) Laterr.",NA,"Caprifoliaceae",NA,2,2024,2024,NA,"Least concern",NA
1048775,437550,"Valerianella locusta aggr.",NA,"Caprifoliaceae",NA,4,2024,2024,NA,"",NA
1048950,439100,"Verbascum nigrum L.",NA,"Scrophulariaceae",NA,1,1982,2024,NA,"Least concern",NA
1049070,440000,"Verbena officinalis L.",NA,"Verbenaceae",NA,1,1982,2024,NA,"Least concern",NA
1049150,440700,"Veronica aphylla L.",NA,"Plantaginaceae",NA,1,1961,1982,NA,"Least concern",NA
1049160,440800,"Veronica arvensis L.",NA,"Plantaginaceae",NA,4,1954,2024,NA,"Least concern",NA
1049180,441000,"Veronica beccabunga L.",NA,"Plantaginaceae",NA,1,1982,2020,NA,"Least concern",NA
1049190,441100,"Veronica bellidioides L.",NA,"Plantaginaceae",NA,1,2014,2014,NA,"Least concern",NA
1049210,441400,"Veronica chamaedrys L.",NA,"Plantaginaceae",NA,8,1954,2024,NA,"Least concern",NA
1049220,441430,"Veronica chamaedrys L. subsp. chamaedrys",NA,"Plantaginaceae",NA,2,2024,2024,NA,"",NA
1049260,441600,"Veronica filiformis Sm.",NA,"Plantaginaceae",NA,3,1982,2025,NA,"",NA
1049280,441800,"Veronica fruticulosa L.",NA,"Plantaginaceae",NA,1,1960,1982,NA,"Least concern",NA
1049370,442600,"Veronica peregrina L.",NA,"Plantaginaceae",NA,1,2024,2024,NA,"",NA
1049380,442700,"Veronica persica Poir.",NA,"Plantaginaceae",NA,2,1982,2024,NA,"",NA
1049460,443395,"Veronica serpyllifolia L.",NA,"Plantaginaceae",NA,2,1954,1982,NA,"Least concern",NA
1049520,444100,"Veronica urticifolia Jacq.",NA,"Plantaginaceae",NA,7,1982,2024,NA,"Least concern",NA
1049540,444300,"Viburnum lantana L.",NA,"Adoxaceae",NA,3,1982,2024,NA,"Least concern",NA
1049550,444400,"Viburnum opulus L.",NA,"Adoxaceae",NA,4,1982,2024,NA,"Least concern",NA
1049620,444995,"Vicia cracca L.",NA,"Fabaceae",NA,3,1982,2024,NA,"Least concern",NA
1049630,445000,"Vicia cracca L. subsp. cracca",NA,"Fabaceae",NA,1,1982,2024,NA,"Least concern",NA
1049710,445800,"Vicia hirsuta (L.) Gray",NA,"Fabaceae",NA,1,2024,2024,NA,"Least concern",NA
1049820,446995,"Vicia sativa L.",NA,"Fabaceae",NA,5,2024,2024,NA,"Least concern",NA
1049850,447200,"Vicia sativa subsp. nigra (L.) Ehrh.",NA,"Fabaceae",NA,3,2024,2024,NA,"Least concern",NA
1049860,447400,"Vicia sepium L.",NA,"Fabaceae",NA,6,1982,2025,NA,"Least concern",NA
1049880,447700,"Vicia sylvatica L.",NA,"Fabaceae",NA,1,1969,1982,NA,"Least concern",NA
1049950,448400,"Vinca minor L.",NA,"Apocynaceae",NA,1,2024,2024,NA,"Least concern",NA
1049960,448500,"Vincetoxicum hirundinaria Medik.",NA,"Apocynaceae",NA,1,1960,1982,NA,"Least concern",NA
1050010,449100,"Viola biflora L.",NA,"Violaceae",NA,3,1982,2021,NA,"Least concern",NA
1050170,450300,"Viola hirta L.",NA,"Violaceae",NA,1,1982,2024,NA,"Least concern",NA
1050190,450500,"Viola lutea Huds.",NA,"Violaceae",NA,2,1960,1982,NA,"Least concern",NA
1050270,451600,"Viola reichenbachiana Boreau",NA,"Violaceae",NA,2,1982,2024,NA,"Least concern",NA
1000000,100,"Abies alba Mill.",NA,"Pinaceae",NA,13,2020,2025,NA,"Least concern",NA
1000130,800,"Acer pseudoplatanus L.",NA,"Sapindaceae",NA,8,2017,2025,NA,"Least concern",NA
1000180,1000,"Achillea atrata L.",NA,"Asteraceae",NA,6,1961,2017,NA,"Least concern",NA
1000310,1600,"Achillea macrophylla L.",NA,"Asteraceae",NA,5,1965,2025,NA,"Least concern",NA
1000330,1700,"Achillea millefolium L.",NA,"Asteraceae",NA,12,1989,2025,NA,"Least concern",NA
1000320,1706,"Achillea millefolium aggr.",NA,"Asteraceae",NA,14,1989,2025,NA,"Least concern",NA
1000450,2700,"Achnatherum calamagrostis (L.) P. Beauv.",NA,"Poaceae",NA,1,2025,2025,NA,"Least concern",NA
1000460,2800,"Acinos alpinus (L.) Moench",NA,"Lamiaceae",NA,28,1914,2025,NA,"Least concern",NA
1000543,3510,"Aconitum lycoctonum L.",NA,"Ranunculaceae",NA,22,1961,2025,NA,"Least concern",NA
1000548,3520,"Aconitum lycoctonum subsp. neapolitanum (Ten.) Nyman",NA,"Ranunculaceae",NA,6,1961,2024,NA,"Least concern",NA
1000545,3530,"Aconitum lycoctonum subsp. vulparia (Rchb.) Nyman",NA,"Ranunculaceae",NA,8,1982,2025,NA,"Least concern",NA
1000563,3540,"Aconitum napellus L.",NA,"Ranunculaceae",NA,28,1957,2025,NA,"Least concern",NA
1000565,3560,"Aconitum napellus subsp. lusitanicum Rouy",NA,"Ranunculaceae",NA,7,1957,2021,NA,"Least concern",NA
1000567,3580,"Aconitum napellus subsp. vulgare Rouy & Foucaud",NA,"Ranunculaceae",NA,5,1980,2024,NA,"Least concern",NA
1000620,4390,"Aconitum variegatum L.",NA,"Ranunculaceae",NA,6,1914,2017,NA,"Least concern",NA
1000660,4600,"Aconitum variegatum subsp. paniculatum (Arcang.) Negodi",NA,"Ranunculaceae",NA,6,1914,2017,NA,"Least concern",NA
1000730,5200,"Actaea spicata L.",NA,"Ranunculaceae",NA,9,1947,2024,NA,"Least concern",NA
1000770,5400,"Adenostyles alliariae (Gouan) A. Kern.",NA,"Asteraceae",NA,19,1961,2024,NA,"Least concern",NA
1000780,5450,"Adenostyles alpina (L.) Bluff & Fingerh.",NA,"Asteraceae",NA,6,1982,2024,NA,"Least concern",NA
1000800,5600,"Adenostyles leucophylla (Willd.) Rchb.",NA,"Asteraceae",NA,1,2024,2024,NA,"Least concern",NA
1000930,6800,"Aegopodium podagraria L.",NA,"Apiaceae",NA,2,2024,2024,NA,"Least concern",NA
1001010,7400,"Agrimonia eupatoria L.",NA,"Rosaceae",NA,2,1968,2024,NA,"Least concern",NA
1001060,8400,"Agrostis alpina Scop.",NA,"Poaceae",NA,3,1934,2024,NA,"Least concern",NA
1001080,8600,"Agrostis capillaris L.",NA,"Poaceae",NA,12,1952,2025,NA,"Least concern",NA
1001100,8900,"Agrostis rupestris All.",NA,"Poaceae",NA,9,1938,2017,NA,"Least concern",NA
1001110,9000,"Agrostis schleicheri Jord. & Verl.",NA,"Poaceae",NA,1,1880,1982,NA,"Least concern",NA
1001120,9100,"Agrostis schraderiana Bech.",NA,"Poaceae",NA,2,1973,1982,NA,"Least concern",NA
1001130,9300,"Agrostis stolonifera L.",NA,"Poaceae",NA,1,1982,2017,NA,"Least concern",NA
1001220,10300,"Ajuga pyramidalis L.",NA,"Lamiaceae",NA,19,1937,2024,NA,"Least concern",NA
1001230,10400,"Ajuga reptans L.",NA,"Lamiaceae",NA,13,1958,2024,NA,"Least concern",NA
1001340,11200,"Alchemilla alpina aggr.",NA,"Rosaceae",NA,6,1952,2024,NA,"Least concern",NA
1001330,11100,"Alchemilla alpina superaggr.",NA,"",NA,6,1952,2024,NA,"",NA
1001420,12000,"Alchemilla conjuncta aggr.",NA,"Rosaceae",NA,8,2024,2025,NA,"Least concern",NA
1001410,12100,"Alchemilla conjuncta superaggr.",NA,"",NA,18,1971,2025,NA,"",NA
1001470,12500,"Alchemilla coriacea aggr.",NA,"Rosaceae",NA,3,1969,1971,NA,"Least concern",NA
1001650,13890,"Alchemilla fissa Günther & Schummel",NA,"Rosaceae",NA,1,1929,1929,NA,"Least concern",NA
1001640,14000,"Alchemilla fissa aggr.",NA,"Rosaceae",NA,1,1929,1929,NA,"Least concern",NA
1001740,15000,"Alchemilla glabra aggr.",NA,"Rosaceae",NA,1,2014,2014,NA,"Least concern",NA
1001780,15200,"Alchemilla glomerulans Buser",NA,"Rosaceae",NA,1,2014,2014,NA,"Least concern",NA
1001890,16000,"Alchemilla hybrida aggr.",NA,"Rosaceae",NA,1,2017,2017,NA,"Least concern",NA
1002030,17300,"Alchemilla monticola Opiz",NA,"Rosaceae",NA,1,1958,1958,NA,"Data deficient",NA
1002110,18100,"Alchemilla pentaphyllea L.",NA,"Rosaceae",NA,9,1880,2020,NA,"Least concern",NA
1002150,18500,"Alchemilla plicatula aggr.",NA,"Rosaceae",NA,3,1973,2024,NA,"Least concern",NA
1002300,19900,"Alchemilla splendens aggr.",NA,"Rosaceae",NA,1,1966,1966,NA,"Least concern",NA
1002345,20250,"Alchemilla subglobosa C. G. Westerl.",NA,"Rosaceae",NA,3,2014,2014,NA,"Least concern",NA
1002440,21100,"Alchemilla vulgaris aggr.",NA,"Rosaceae",NA,22,1952,2025,NA,"Least concern",NA
1002520,22100,"Alliaria petiolata (M. Bieb.) Cavara & Grande",NA,"Brassicaceae",NA,1,1941,1941,NA,"Least concern",NA
1002640,23100,"Allium lusitanicum Lam.",NA,"Amaryllidaceae",NA,7,1941,2022,NA,"Least concern",NA
1002740,24200,"Allium schoenoprasum L.",NA,"Amaryllidaceae",NA,15,1929,2025,NA,"Least concern",NA
1002790,24800,"Allium ursinum L.",NA,"Amaryllidaceae",NA,3,2022,2024,NA,"Least concern",NA
1002800,24900,"Allium victorialis L.",NA,"Amaryllidaceae",NA,15,1966,2024,NA,"Least concern",NA
1002870,25400,"Alnus viridis (Chaix) DC.",NA,"Betulaceae",NA,8,1973,2025,NA,"Least concern",NA
1002920,26000,"Alopecurus pratensis L.",NA,"Poaceae",NA,1,2024,2024,NA,"Least concern",NA
1003290,29300,"Amelanchier ovalis Medik.",NA,"Rosaceae",NA,1,1974,1974,NA,"Least concern",NA
1003540,31800,"Androsace chamaejasme Wulfen",NA,"Primulaceae",NA,20,1980,2024,NA,"Least concern",NA
1003570,32100,"Androsace helvetica (L.) All.",NA,"Primulaceae",NA,3,1955,2025,NA,"Least concern",NA
1003760,33400,"Anemone narcissiflora L.",NA,"Ranunculaceae",NA,26,1880,2024,NA,"Least concern",NA
1003820,34100,"Angelica sylvestris L.",NA,"Apiaceae",NA,6,1999,2024,NA,"Least concern",NA
1003840,34300,"Antennaria carpatica (Wahlenb.) Bluff & Fingerh.",NA,"Asteraceae",NA,3,1936,2017,NA,"Least concern",NA
1003850,34400,"Antennaria dioica (L.) Gaertn.",NA,"Asteraceae",NA,7,1982,2024,NA,"Least concern",NA
1003920,35100,"Anthericum liliago L.",NA,"Asparagaceae",NA,3,2022,2024,NA,"Least concern",NA
1003930,35200,"Anthericum ramosum L.",NA,"Asparagaceae",NA,3,1987,2020,NA,"Least concern",NA
1003940,35300,"Anthoxanthum alpinum Á. Löve & D. Löve",NA,"Poaceae",NA,2,1982,2024,NA,"Least concern",NA
1003970,35400,"Anthoxanthum odoratum L.",NA,"Poaceae",NA,7,1952,2024,NA,"Least concern",NA
1003960,35500,"Anthoxanthum odoratum aggr.",NA,"Poaceae",NA,12,1952,2024,NA,"Least concern",NA
1004010,35900,"Anthriscus sylvestris (L.) Hoffm.",NA,"Apiaceae",NA,1,2024,2024,NA,"Least concern",NA
1004070,36790,"Anthyllis vulneraria L.",NA,"Fabaceae",NA,23,1962,2025,NA,"Least concern",NA
1004080,36800,"Anthyllis vulneraria L. subsp. vulneraria",NA,"Fabaceae",NA,2,1962,2019,NA,"",NA
1004090,36900,"Anthyllis vulneraria subsp. alpestris (Schult.) Asch. & Graebn.",NA,"Fabaceae",NA,6,1982,2025,NA,"Least concern",NA
1004300,38800,"Aquilegia alpina L.",NA,"Ranunculaceae",NA,22,1882,2024,NA,"Near threatened",NA
1004310,38900,"Aquilegia atrata W. D. J. Koch",NA,"Ranunculaceae",NA,7,2024,2025,NA,"Least concern",NA
1004330,39100,"Aquilegia vulgaris L.",NA,"Ranunculaceae",NA,1,1962,1962,NA,"Least concern",NA
1004360,39350,"Arabis alpina L.",NA,"Brassicaceae",NA,13,1982,2025,NA,"Least concern",NA
1004370,39400,"Arabis alpina L. subsp. alpina",NA,"Brassicaceae",NA,7,1982,2024,NA,"",NA
1004430,40000,"Arabis caerulea All.",NA,"Brassicaceae",NA,0,1982,1982,NA,"Least concern",NA
1004440,40200,"Arabis ciliata Clairv.",NA,"Brassicaceae",NA,3,1982,2024,NA,"Least concern",NA
1004460,40600,"Arabis hirsuta (L.) Scop.",NA,"Brassicaceae",NA,1,1941,1982,NA,"Least concern",NA
1004470,40605,"Arabis hirsuta aggr.",NA,"Brassicaceae",NA,1,1941,1982,NA,"Least concern",NA
1004570,42000,"Arabis subcoriacea Gren.",NA,"Brassicaceae",NA,6,1931,2024,NA,"Least concern",NA
1004580,42100,"Arabis turrita L.",NA,"Brassicaceae",NA,4,1997,2024,NA,"Least concern",NA
1004670,42800,"Arctium tomentosum Mill.",NA,"Asteraceae",NA,2,1961,2025,NA,"Near threatened",NA
1004680,43000,"Arctostaphylos alpina (L.) Spreng.",NA,"Ericaceae",NA,5,1934,2025,NA,"Least concern",NA
1004690,43100,"Arctostaphylos uva-ursi (L.) Spreng.",NA,"Ericaceae",NA,6,1969,2025,NA,"Least concern",NA
1004740,43500,"Arenaria ciliata L.",NA,"Caryophyllaceae",NA,2,1965,2025,NA,"",NA
1004730,43505,"Arenaria ciliata aggr.",NA,"Caryophyllaceae",NA,5,1965,2025,NA,"Least concern",NA
1004790,44200,"Arenaria multicaulis L.",NA,"Caryophyllaceae",NA,1,1982,2018,NA,"Least concern",NA
1004910,45700,"Arnica montana L.",NA,"Asteraceae",NA,11,1952,2024,NA,"Least concern",NA
1004930,45900,"Arrhenatherum elatius (L.) J. Presl & C. Presl",NA,"Poaceae",NA,2,2024,2025,NA,"Least concern",NA
1005080,47000,"Artemisia genipi Weber",NA,"Asteraceae",NA,1,1936,1982,NA,"Least concern",NA
1005130,47700,"Artemisia umbelliformis Lam.",NA,"Asteraceae",NA,3,1921,2014,NA,"Least concern",NA
1005190,48300,"Aruncus dioicus (Walter) Fernald",NA,"Rosaceae",NA,7,1973,2024,NA,"Least concern",NA
1005500,50900,"Asplenium ruta-muraria L.",NA,"Aspleniaceae",NA,9,1934,2024,NA,"Least concern",NA
1005540,51200,"Asplenium septentrionale (L.) Hoffm.",NA,"Aspleniaceae",NA,1,1915,1915,NA,"Least concern",NA
1005610,51500,"Asplenium viride Huds.",NA,"Aspleniaceae",NA,22,1934,2024,NA,"Least concern",NA
1005640,51800,"Aster alpinus L.",NA,"Asteraceae",NA,25,1880,2024,NA,"Least concern",NA
1005660,52000,"Aster bellidiastrum (L.) Scop.",NA,"Asteraceae",NA,21,1972,2025,NA,"Least concern",NA
1005790,53200,"Astragalus alpinus L.",NA,"Fabaceae",NA,15,1934,2024,NA,"Least concern",NA
1005800,53300,"Astragalus australis (L.) Lam.",NA,"Fabaceae",NA,3,1936,2023,NA,"Least concern",NA
1005870,53900,"Astragalus frigidus (L.) A. Gray",NA,"Fabaceae",NA,8,1926,2024,NA,"Least concern",NA
1006020,55200,"Astrantia major L.",NA,"Apiaceae",NA,14,1931,2025,NA,"Least concern",NA
1006050,55300,"Astrantia minor L.",NA,"Apiaceae",NA,10,1978,2024,NA,"Least concern",NA
1006060,55400,"Athamanta cretensis L.",NA,"Apiaceae",NA,16,1880,2025,NA,"Least concern",NA
1006080,55600,"Athyrium distentifolium Opiz",NA,"Athyriaceae",NA,3,1973,2017,NA,"Least concern",NA
1006090,55700,"Athyrium filix-femina (L.) Roth",NA,"Athyriaceae",NA,4,2022,2025,NA,"Least concern",NA
1006320,57400,"Avenella flexuosa (L.) Drejer",NA,"Poaceae",NA,5,1952,2024,NA,"Least concern",NA
1006450,58600,"Barbarea vulgaris R. Br.",NA,"Brassicaceae",NA,5,1970,2024,NA,"Least concern",NA
1006460,58700,"Bartsia alpina L.",NA,"Orobanchaceae",NA,24,1921,2024,NA,"Least concern",NA
1006490,59100,"Bellis perennis L.",NA,"Asteraceae",NA,6,1973,2024,NA,"Least concern",NA
1006600,60400,"Betula pendula Roth",NA,"Betulaceae",NA,9,1967,2025,NA,"Least concern",NA
1006595,60450,"Betula pendula aggr.",NA,"Betulaceae",NA,10,1967,2025,NA,"",NA
1006610,60500,"Betula pubescens Ehrh.",NA,"Betulaceae",NA,1,1973,1973,NA,"Least concern",NA
1006780,62000,"Biscutella laevigata L.",NA,"Brassicaceae",NA,7,1972,2017,NA,"Least concern",NA
1006890,62700,"Blitum virgatum L.",NA,"Amaranthaceae",NA,1,1941,1941,NA,"Near threatened",NA
1006900,62800,"Blysmus compressus (L.) Link",NA,"Cyperaceae",NA,2,1982,2024,NA,"Least concern",NA
1006990,63300,"Botrychium lunaria (L.) Sw.",NA,"Ophioglossaceae",NA,9,1964,2025,NA,"Least concern",NA
1007060,63900,"Brachypodium pinnatum (L.) P. Beauv.",NA,"Poaceae",NA,1,2024,2024,NA,"Least concern",NA
1007070,64000,"Brachypodium pinnatum aggr.",NA,"Poaceae",NA,1,2024,2024,NA,"Least concern",NA
1007090,64200,"Brachypodium sylvaticum (Huds.) P. Beauv.",NA,"Poaceae",NA,2,2024,2024,NA,"Least concern",NA
1007200,65200,"Briza media L.",NA,"Poaceae",NA,16,1974,2025,NA,"Least concern",NA
1007230,65400,"Bromus benekenii (Lange) Trimen",NA,"Poaceae",NA,2,1961,2024,NA,"Least concern",NA
1007290,65695,"Bromus erectus Huds.",NA,"Poaceae",NA,1,2024,2024,NA,"Least concern",NA
1007550,67300,"Bromus tectorum L.",NA,"Poaceae",NA,1,1941,1941,NA,"Least concern",NA
1007690,68600,"Buphthalmum salicifolium L.",NA,"Asteraceae",NA,13,1982,2024,NA,"Least concern",NA
1007800,69900,"Bupleurum ranunculoides L.",NA,"Apiaceae",NA,29,1880,2025,NA,"Least concern",NA
1007810,70000,"Bupleurum ranunculoides L. subsp. ranunculoides",NA,"Apiaceae",NA,19,1880,2025,NA,"Least concern",NA
1007840,70300,"Bupleurum stellatum L.",NA,"Apiaceae",NA,1,2022,2022,NA,"Least concern",NA
1007880,70600,"Calamagrostis arundinacea (L.) Roth",NA,"Poaceae",NA,1,2018,2018,NA,"Least concern",NA
1007940,71400,"Calamagrostis varia (Schrad.) Host",NA,"Poaceae",NA,5,1982,2025,NA,"Least concern",NA
1007980,71900,"Calamintha menthifolia Host",NA,"Lamiaceae",NA,3,1989,2005,NA,"Least concern",NA
1008000,72000,"Calamintha nepeta aggr.",NA,"Lamiaceae",NA,3,1989,2005,NA,"Least concern",NA
1008110,73100,"Callitriche hamulata W. D. J. Koch",NA,"Plantaginaceae",NA,0,1966,1966,NA,"Near threatened",NA
1008130,73300,"Callitriche palustris L.",NA,"Plantaginaceae",NA,1,1929,1982,NA,"Least concern",NA
1008160,73600,"Calluna vulgaris (L.) Hull",NA,"Ericaceae",NA,10,1982,2025,NA,"Least concern",NA
1008180,73700,"Caltha palustris L.",NA,"Ranunculaceae",NA,15,1968,2024,NA,"Least concern",NA
1008300,74700,"Campanula barbata L.",NA,"Campanulaceae",NA,17,1952,2024,NA,"Least concern",NA
1008390,75200,"Campanula cochleariifolia Lam.",NA,"Campanulaceae",NA,10,1965,2024,NA,"Least concern",NA
1008440,75700,"Campanula glomerata L.",NA,"Campanulaceae",NA,7,1968,2024,NA,"Least concern",NA
1008450,75800,"Campanula glomerata L. subsp. glomerata",NA,"Campanulaceae",NA,2,1968,2000,NA,"Least concern",NA
1008620,76900,"Campanula rapunculus L.",NA,"Campanulaceae",NA,3,1989,2000,NA,"Least concern",NA
1008630,77000,"Campanula rhomboidalis L.",NA,"Campanulaceae",NA,8,1904,2025,NA,"Least concern",NA
1008640,77100,"Campanula rotundifolia L.",NA,"Campanulaceae",NA,3,1970,2025,NA,"Least concern",NA
1008650,77200,"Campanula scheuchzeri Vill.",NA,"Campanulaceae",NA,14,1952,2025,NA,"Least concern",NA
1008680,77500,"Campanula thyrsoides L.",NA,"Campanulaceae",NA,21,1892,2025,NA,"Least concern",NA
1008690,77600,"Campanula trachelium L.",NA,"Campanulaceae",NA,6,1965,2024,NA,"Least concern",NA
1008720,77900,"Capsella bursa-pastoris (L.) Medik.",NA,"Brassicaceae",NA,5,1982,2024,NA,"Least concern",NA
1008780,78200,"Cardamine alpina Willd.",NA,"Brassicaceae",NA,1,1961,1982,NA,"Least concern",NA
1008790,78300,"Cardamine amara L.",NA,"Brassicaceae",NA,5,1966,2024,NA,"Least concern",NA
1008800,78350,"Cardamine amara L. subsp. amara",NA,"Brassicaceae",NA,1,2019,2019,NA,"Least concern",NA
1008950,79600,"Cardamine pentaphyllos (L.) Crantz",NA,"Brassicaceae",NA,3,1947,2024,NA,"Least concern",NA
1008970,79900,"Cardamine pratensis aggr.",NA,"Brassicaceae",NA,2,2024,2024,NA,"Least concern",NA
1009020,80300,"Cardamine resedifolia L.",NA,"Brassicaceae",NA,3,1937,1982,NA,"Least concern",NA
1009140,81500,"Carduus crispus L.",NA,"Asteraceae",NA,1,2024,2024,NA,"Least concern",NA
1009170,81595,"Carduus defloratus L.",NA,"Asteraceae",NA,28,1979,2025,NA,"Least concern",NA
1009180,81600,"Carduus defloratus L. subsp. defloratus",NA,"Asteraceae",NA,7,1979,2017,NA,"Least concern",NA
1009240,82400,"Carduus personata (L.) Jacq.",NA,"Asteraceae",NA,2,2014,2024,NA,"Least concern",NA
1009300,83100,"Carex alba Scop.",NA,"Cyperaceae",NA,3,2024,2024,NA,"Least concern",NA
1009330,83350,"Carex atrata L.",NA,"Cyperaceae",NA,8,1880,2021,NA,"Least concern",NA
1009340,83400,"Carex atrata L. subsp. atrata",NA,"Cyperaceae",NA,3,1880,2021,NA,"Least concern",NA
1009320,83405,"Carex atrata aggr.",NA,"Cyperaceae",NA,10,1880,2021,NA,"",NA
1009350,83500,"Carex atrata subsp. aterrima (Hoppe) Hartm.",NA,"Cyperaceae",NA,3,1961,2017,NA,"Least concern",NA
1009440,84400,"Carex brunnescens (Pers.) Poir.",NA,"Cyperaceae",NA,3,1904,1997,NA,"Least concern",NA
1009480,84600,"Carex canescens L.",NA,"Cyperaceae",NA,3,1982,2024,NA,"Least concern",NA
1009490,84700,"Carex capillaris L.",NA,"Cyperaceae",NA,4,1912,2025,NA,"Least concern",NA
1009570,85700,"Carex davalliana Sm.",NA,"Cyperaceae",NA,3,1982,2024,NA,"Least concern",NA
1009610,86100,"Carex digitata L.",NA,"Cyperaceae",NA,3,2024,2024,NA,"Least concern",NA
1009680,86700,"Carex echinata Murray",NA,"Cyperaceae",NA,7,1934,2024,NA,"Least concern",NA
1009690,86800,"Carex elata All.",NA,"Cyperaceae",NA,1,2019,2019,NA,"Least concern",NA
1009730,87200,"Carex ferruginea Scop.",NA,"Cyperaceae",NA,15,1937,2025,NA,"Least concern",NA
1009750,87400,"Carex firma Host",NA,"Cyperaceae",NA,3,1972,2017,NA,"Least concern",NA
1009760,87500,"Carex flacca Schreb.",NA,"Cyperaceae",NA,18,1958,2025,NA,"Least concern",NA
1009780,87600,"Carex flava L.",NA,"Cyperaceae",NA,5,1938,2024,NA,"Least concern",NA
1009770,87605,"Carex flava aggr.",NA,"Cyperaceae",NA,6,1938,2024,NA,"Least concern",NA
1009790,87700,"Carex foetida All.",NA,"Cyperaceae",NA,5,1880,1982,NA,"Least concern",NA
1009800,87800,"Carex frigida All.",NA,"Cyperaceae",NA,6,1934,2024,NA,"Least concern",NA
1009900,88800,"Carex humilis Leyss.",NA,"Cyperaceae",NA,1,1981,1981,NA,"Least concern",NA
1009920,89100,"Carex lachenalii Schkuhr",NA,"Cyperaceae",NA,1,1961,1982,NA,"Least concern",NA
1009970,89500,"Carex leporina L.",NA,"Cyperaceae",NA,5,1958,2022,NA,"Least concern",NA
1009980,89600,"Carex limosa L.",NA,"Cyperaceae",NA,1,1969,1969,NA,"Near threatened",NA
1010040,90300,"Carex montana L.",NA,"Cyperaceae",NA,5,2002,2024,NA,"Least concern",NA
1010060,90500,"Carex muricata aggr.",NA,"Cyperaceae",NA,1,2024,2024,NA,"Least concern",NA
1010070,90700,"Carex nigra (L.) Reichard",NA,"Cyperaceae",NA,7,1969,2024,NA,"Least concern",NA
1010090,91200,"Carex ornithopoda Willd.",NA,"Cyperaceae",NA,8,1934,2024,NA,"Least concern",NA
1010100,91300,"Carex ornithopodioides Hausm.",NA,"Cyperaceae",NA,1,1966,1967,NA,"Least concern",NA
1010120,91500,"Carex pairae F. W. Schultz",NA,"Cyperaceae",NA,1,2024,2024,NA,"Least concern",NA
1010130,91600,"Carex pallescens L.",NA,"Cyperaceae",NA,16,1952,2024,NA,"Least concern",NA
1010150,91800,"Carex paniculata L.",NA,"Cyperaceae",NA,3,2016,2024,NA,"Least concern",NA
1010160,92000,"Carex parviflora Host",NA,"Cyperaceae",NA,2,1880,1982,NA,"Least concern",NA
1010180,92200,"Carex paupercula Michx.",NA,"Cyperaceae",NA,1,1968,1982,NA,"Near threatened",NA
1010210,92500,"Carex pilulifera L.",NA,"Cyperaceae",NA,2,1968,2024,NA,"Least concern",NA
1010320,93700,"Carex rostrata Stokes",NA,"Cyperaceae",NA,7,1969,2025,NA,"Least concern",NA
1010330,93800,"Carex rupestris All.",NA,"Cyperaceae",NA,0,1966,1966,NA,"Least concern",NA
1010340,93900,"Carex sempervirens Vill.",NA,"Cyperaceae",NA,16,1933,2025,NA,"Least concern",NA
1010390,94700,"Carex sylvatica Huds.",NA,"Cyperaceae",NA,7,2024,2025,NA,"Least concern",NA
1010430,95300,"Carex vesicaria L.",NA,"Cyperaceae",NA,1,2008,2008,NA,"Least concern",NA
1010490,95800,"Carlina acaulis L.",NA,"Asteraceae",NA,15,1982,2025,NA,"Least concern",NA
1010510,96000,"Carlina acaulis subsp. caulescens (Lam.) Schübl. & G. Martens",NA,"Asteraceae",NA,3,2016,2024,NA,"",NA
1010610,97100,"Carum carvi L.",NA,"Apiaceae",NA,7,1952,2024,NA,"Least concern",NA
1010820,98750,"Centaurea jacea L.",NA,"Asteraceae",NA,5,1952,2024,NA,"Least concern",NA
1010830,98800,"Centaurea jacea L. subsp. jacea",NA,"Asteraceae",NA,1,2002,2002,NA,"Least concern",NA
1010865,99030,"Centaurea jacea aggr.",NA,"Asteraceae",NA,6,1952,2025,NA,"",NA
1010890,99200,"Centaurea montana L.",NA,"Asteraceae",NA,17,1982,2025,NA,"Least concern",NA
1010980,99995,"Centaurea scabiosa L.",NA,"Asteraceae",NA,15,1948,2024,NA,"Least concern",NA
1010990,100000,"Centaurea scabiosa L. subsp. scabiosa",NA,"Asteraceae",NA,4,1989,2006,NA,"Least concern",NA
1011000,100100,"Centaurea scabiosa subsp. alpestris (Hegetschw.) Nyman",NA,"Asteraceae",NA,5,1948,2020,NA,"Least concern",NA
1011200,101900,"Cephalanthera longifolia (L.) Fritsch",NA,"Orchidaceae",NA,8,1980,2024,NA,"Least concern",NA
1011250,102200,"Cerastium alpinum L.",NA,"Caryophyllaceae",NA,1,1966,2023,NA,"Least concern",NA
1011270,102595,"Cerastium arvense L.",NA,"Caryophyllaceae",NA,13,1924,2024,NA,"Least concern",NA
1011280,102600,"Cerastium arvense L. subsp. arvense",NA,"Caryophyllaceae",NA,1,2019,2019,NA,"Least concern",NA
1011300,102700,"Cerastium arvense subsp. strictum (W. D. J. Koch) Schinz & R. Keller",NA,"Caryophyllaceae",NA,8,1924,2024,NA,"Least concern",NA
1011370,103400,"Cerastium cerastoides (L.) Britton",NA,"Caryophyllaceae",NA,5,1934,2024,NA,"Least concern",NA
1011390,103595,"Cerastium fontanum Baumg.",NA,"Caryophyllaceae",NA,8,1952,2024,NA,"Least concern",NA
1011420,103800,"Cerastium fontanum subsp. vulgare (Hartm.) Greuter & Burdet",NA,"Caryophyllaceae",NA,7,1952,2006,NA,"Least concern",NA
1011590,105700,"Cerinthe glabra Mill.",NA,"Boraginaceae",NA,20,1927,2025,NA,"Least concern",NA
1011670,106200,"Chaerophyllum aureum L.",NA,"Apiaceae",NA,1,2024,2024,NA,"Least concern",NA
1011710,106700,"Chaerophyllum hirsutum L.",NA,"Apiaceae",NA,9,1880,2025,NA,"Least concern",NA
1011700,106705,"Chaerophyllum hirsutum aggr.",NA,"Apiaceae",NA,19,1880,2025,NA,"Least concern",NA
1011730,107100,"Chaerophyllum villarsii W. D. J. Koch",NA,"Apiaceae",NA,8,1969,2024,NA,"Least concern",NA
1011810,107700,"Chamorchis alpina (L.) Rich.",NA,"Orchidaceae",NA,25,1880,2024,NA,"Least concern",NA
50005,NA,"Chara contraria Kütz.",NA,"Characeae",NA,8,1893,2024,NA,"Least concern",NA
50092,NA,"Chara globularis aggr.",NA,"Characeae",NA,3,2024,2024,NA,"",NA
50084,NA,"Chara virgata Kütz.",NA,"Characeae",NA,3,2024,2024,NA,"Vulnerable",NA
50010,NA,"Chara vulgaris aggr.",NA,"Characeae",NA,8,1893,2024,NA,"",NA
1011880,108500,"Chenopodium bonus-henricus L.",NA,"Amaranthaceae",NA,13,1979,2024,NA,"Least concern",NA
1012160,112500,"Chrysosplenium alternifolium L.",NA,"Saxifragaceae",NA,2,1967,2020,NA,"Least concern",NA
1012190,112800,"Cicerbita alpina (L.) Wallr.",NA,"Asteraceae",NA,11,1904,2025,NA,"Least concern",NA
1012210,113000,"Cicerbita plumieri (L.) Kirschl.",NA,"Asteraceae",NA,1,2022,2022,NA,"Least concern",NA
1012270,113400,"Circaea alpina L.",NA,"Onagraceae",NA,3,1937,2024,NA,"Least concern",NA
1012300,113700,"Cirsium acaule Scop.",NA,"Asteraceae",NA,10,1982,2025,NA,"Least concern",NA
1012400,114800,"Cirsium oleraceum (L.) Scop.",NA,"Asteraceae",NA,6,2002,2025,NA,"Least concern",NA
1012420,114900,"Cirsium palustre (L.) Scop.",NA,"Asteraceae",NA,1,2024,2024,NA,"Least concern",NA
1012450,115300,"Cirsium spinosissimum (L.) Scop.",NA,"Asteraceae",NA,22,1952,2024,NA,"Least concern",NA
1012470,115500,"Cirsium vulgare (Savi) Ten.",NA,"Asteraceae",NA,2,2019,2024,NA,"Least concern",NA
1012660,116600,"Clinopodium vulgare L.",NA,"Lamiaceae",NA,8,1989,2024,NA,"Least concern",NA
1012750,117200,"Coeloglossum viride (L.) Hartm.",NA,"Orchidaceae",NA,37,1962,2024,NA,"Least concern",NA
1013020,118800,"Convallaria majalis L.",NA,"Asparagaceae",NA,9,1950,2024,NA,"Least concern",NA
1013030,118900,"Convolvulus arvensis L.",NA,"Convolvulaceae",NA,3,1989,2001,NA,"Least concern",NA
1013090,119400,"Corallorhiza trifida Châtel.",NA,"Orchidaceae",NA,16,1937,2008,NA,"Least concern",NA
1013210,120400,"Coronilla vaginalis Lam.",NA,"Fabaceae",NA,4,1934,2024,NA,"Least concern",NA
1013290,121200,"Corydalis intermedia (L.) Mérat",NA,"Papaveraceae",NA,2,1977,1979,NA,"Near threatened",NA
1013320,121600,"Corylus avellana L.",NA,"Betulaceae",NA,1,2024,2024,NA,"Least concern",NA
1013450,121800,"Cotoneaster integerrimus Medik.",NA,"Rosaceae",NA,15,1934,2025,NA,"Least concern",NA
1013510,122000,"Cotoneaster tomentosus Lindl.",NA,"Rosaceae",NA,2,1912,2024,NA,"Least concern",NA
1013590,122400,"Crataegus monogyna Jacq.",NA,"Rosaceae",NA,1,2024,2024,NA,"Least concern",NA
1013580,122500,"Crataegus monogyna aggr.",NA,"Rosaceae",NA,1,2024,2024,NA,"Least concern",NA
1013620,122900,"Crepis alpestris (Jacq.) Tausch",NA,"Asteraceae",NA,7,1880,2024,NA,"Least concern",NA
1013630,123000,"Crepis aurea (L.) Cass.",NA,"Asteraceae",NA,26,1938,2024,NA,"Least concern",NA
1013640,123100,"Crepis biennis L.",NA,"Asteraceae",NA,3,2024,2024,NA,"Least concern",NA
1013650,123300,"Crepis bocconei P. D. Sell",NA,"Asteraceae",NA,5,1961,2024,NA,"Least concern",NA
1013670,123500,"Crepis conyzifolia (Gouan) A. Kern.",NA,"Asteraceae",NA,1,1955,1966,NA,"Least concern",NA
1013760,124300,"Crepis paludosa (L.) Moench",NA,"Asteraceae",NA,4,1971,2025,NA,"Least concern",NA
1013800,124800,"Crepis pyrenaica (L.) Greuter",NA,"Asteraceae",NA,8,1966,2025,NA,"Least concern",NA
1013840,125500,"Crepis terglouensis (Hacq.) A. Kern.",NA,"Asteraceae",NA,1,1982,2021,NA,"Least concern",NA
1013880,125800,"Crocus albiflorus Kit.",NA,"Iridaceae",NA,8,1978,2024,NA,"Least concern",NA
1013970,126300,"Cruciata laevipes Opiz",NA,"Rubiaceae",NA,3,1989,2005,NA,"Least concern",NA
1014130,127800,"Cuscuta epithymum (L.) L.",NA,"Convolvulaceae",NA,6,1931,2022,NA,"Least concern",NA
1014310,129300,"Cynoglossum officinale L.",NA,"Boraginaceae",NA,4,1934,2024,NA,"Near threatened",NA
1014320,129400,"Cynosurus cristatus L.",NA,"Poaceae",NA,5,1952,2024,NA,"Least concern",NA
1014460,130400,"Cypripedium calceolus L.",NA,"Orchidaceae",NA,25,1964,2023,NA,"Vulnerable",NA
1014500,130500,"Cystopteris alpina (Lam.) Desv.",NA,"Cystopteridaceae",NA,7,1966,2025,NA,"Least concern",NA
1014520,130700,"Cystopteris fragilis (L.) Bernh.",NA,"Cystopteridaceae",NA,6,1982,2024,NA,"Least concern",NA
1014515,130750,"Cystopteris fragilis aggr.",NA,"Cystopteridaceae",NA,9,1982,2024,NA,"",NA
1014530,130800,"Cystopteris montana (Lam.) Desv.",NA,"Cystopteridaceae",NA,5,1934,2024,NA,"Least concern",NA
1014610,131800,"Dactylis glomerata L.",NA,"Poaceae",NA,16,1952,2025,NA,"Least concern",NA
1014690,132300,"Dactylorhiza incarnata (L.) Soó",NA,"Orchidaceae",NA,3,1985,2005,NA,"Near threatened",NA
1014700,132350,"Dactylorhiza incarnata (L.) Soó subsp. incarnata",NA,"Orchidaceae",NA,1,1985,1985,NA,"Near threatened",NA
1014744,NA,"Dactylorhiza incarnata × majalis",NA,"Orchidaceae",NA,1,1985,1985,NA,"",NA
1014750,132500,"Dactylorhiza lapponica (Hartm.) Soó",NA,"Orchidaceae",NA,3,2006,2024,NA,"Near threatened",NA
1014760,132600,"Dactylorhiza maculata (L.) Soó",NA,"Orchidaceae",NA,80,1980,2025,NA,"Least concern",NA
1014775,132630,"Dactylorhiza maculata subsp. fuchsii (Druce) Hyl.",NA,"Orchidaceae",NA,66,1980,2024,NA,"Least concern",NA
1014794,NA,"Dactylorhiza maculata × majalis",NA,"Orchidaceae",NA,1,2003,2003,NA,"",NA
1014800,132700,"Dactylorhiza majalis (Rchb.) P. F. Hunt & Summerh.",NA,"Orchidaceae",NA,40,1982,2025,NA,"Least concern",NA
1014860,133100,"Danthonia decumbens (L.) DC.",NA,"Poaceae",NA,1,2024,2024,NA,"Least concern",NA
1014870,133300,"Daphne alpina L.",NA,"Thymelaeaceae",NA,2,1935,2024,NA,"Near threatened",NA
1014900,133600,"Daphne mezereum L.",NA,"Thymelaeaceae",NA,39,1980,2025,NA,"Least concern",NA
1014950,133900,"Daucus carota L.",NA,"Apiaceae",NA,7,1952,2024,NA,"Least concern",NA
1015010,134300,"Delphinium elatum L.",NA,"Ranunculaceae",NA,19,1904,2025,NA,"Near threatened",NA
1015040,134800,"Deschampsia cespitosa (L.) P. Beauv.",NA,"Poaceae",NA,12,1952,2025,NA,"Least concern",NA
1015120,135500,"Dianthus carthusianorum L.",NA,"Caryophyllaceae",NA,1,2024,2024,NA,"Least concern",NA
1015310,136900,"Dianthus sylvestris Wulfen",NA,"Caryophyllaceae",NA,8,1915,2024,NA,"Least concern",NA
1015420,137800,"Diphasiastrum alpinum (L.) Holub",NA,"Lycopodiaceae",NA,6,1929,2024,NA,"Least concern",NA
1015590,140000,"Doronicum grandiflorum Lam.",NA,"Asteraceae",NA,9,1892,2024,NA,"Least concern",NA
1015670,140500,"Draba aizoides L.",NA,"Brassicaceae",NA,4,1972,2025,NA,"Least concern",NA
1015680,140700,"Draba dubia Suter",NA,"Brassicaceae",NA,3,1934,1982,NA,"Least concern",NA
1015690,140800,"Draba fladnizensis Wulfen",NA,"Brassicaceae",NA,1,1979,1982,NA,"Least concern",NA
1015750,141400,"Draba siliquosa M. Bieb.",NA,"Brassicaceae",NA,1,1880,1966,NA,"Least concern",NA
1015800,141800,"Dracocephalum ruyschiana L.",NA,"Lamiaceae",NA,28,1897,2024,NA,"Near threatened",NA
1015860,142500,"Dryas octopetala L.",NA,"Rosaceae",NA,22,1880,2025,NA,"Least concern",NA
1015930,143300,"Dryopteris dilatata (Hoffm.) A. Gray",NA,"Dryopteridaceae",NA,2,1972,2024,NA,"Least concern",NA
1015925,143350,"Dryopteris dilatata aggr.",NA,"Dryopteridaceae",NA,3,1972,2024,NA,"",NA
1015950,143500,"Dryopteris filix-mas (L.) Schott",NA,"Dryopteridaceae",NA,10,1982,2025,NA,"Least concern",NA
1015980,143900,"Dryopteris villarii (Bellardi) Schinz & Thell.",NA,"Dryopteridaceae",NA,12,1965,2024,NA,"Least concern",NA
1016120,144500,"Echium vulgare L.",NA,"Boraginaceae",NA,1,2024,2024,NA,"Least concern",NA
1016320,145900,"Eleocharis quinqueflora (Hartmann) O. Schwarz",NA,"Cyperaceae",NA,1,1944,1982,NA,"Least concern",NA
1016400,146460,"Elymus caninus (L.) L.",NA,"Poaceae",NA,1,2024,2024,NA,"Least concern",NA
1016450,146560,"Elymus repens (L.) Gould",NA,"Poaceae",NA,2,1952,1952,NA,"Least concern",NA
1016460,146600,"Elyna myosuroides (Vill.) Fritsch",NA,"Cyperaceae",NA,4,1927,1982,NA,"Least concern",NA
1016470,146795,"Empetrum nigrum L.",NA,"Ericaceae",NA,2,1914,2025,NA,"Least concern",NA
1016490,146900,"Empetrum nigrum subsp. hermaphroditum (Hagerup) Böcher",NA,"Ericaceae",NA,1,1914,1982,NA,"Least concern",NA
1016510,147300,"Epilobium alpestre (Jacq.) Krock.",NA,"Onagraceae",NA,19,1965,2025,NA,"Least concern",NA
1016520,147500,"Epilobium alsinifolium Vill.",NA,"Onagraceae",NA,5,1941,2024,NA,"Least concern",NA
1016530,147600,"Epilobium anagallidifolium Lam.",NA,"Onagraceae",NA,4,1936,2015,NA,"Least concern",NA
1016540,147700,"Epilobium angustifolium L.",NA,"Onagraceae",NA,14,2017,2025,NA,"Least concern",NA
1016560,147900,"Epilobium collinum C. C. Gmel.",NA,"Onagraceae",NA,0,1982,1982,NA,"Least concern",NA
1016590,148200,"Epilobium fleischeri Hochst.",NA,"Onagraceae",NA,1,1982,2006,NA,"Least concern",NA
1016620,148600,"Epilobium montanum L.",NA,"Onagraceae",NA,5,1980,2019,NA,"Least concern",NA
1016650,148900,"Epilobium palustre L.",NA,"Onagraceae",NA,1,2017,2017,NA,"Least concern",NA
1016740,149600,"Epipactis atrorubens Besser",NA,"Orchidaceae",NA,23,1980,2022,NA,"Least concern",NA
1016770,149660,"Epipactis helleborine (L.) Crantz",NA,"Orchidaceae",NA,8,1970,2014,NA,"Least concern",NA
1016780,149800,"Epipactis helleborine aggr.",NA,"Orchidaceae",NA,8,1970,2014,NA,"Least concern",NA
1016840,150300,"Epipactis palustris (L.) Crantz",NA,"Orchidaceae",NA,1,2013,2013,NA,"Near threatened",NA
1016910,150500,"Epipogium aphyllum Sw.",NA,"Orchidaceae",NA,10,1934,2022,NA,"Vulnerable",NA
1016920,150600,"Equisetum arvense L.",NA,"Equisetaceae",NA,1,2024,2024,NA,"Least concern",NA
1016950,151100,"Equisetum palustre L.",NA,"Equisetaceae",NA,5,1912,2024,NA,"Least concern",NA
1017000,151600,"Equisetum variegatum Schleich.",NA,"Equisetaceae",NA,6,1966,2024,NA,"Least concern",NA
1017400,152400,"Erica carnea L.",NA,"Ericaceae",NA,6,1980,2024,NA,"Least concern",NA
1017490,153600,"Erigeron alpinus L.",NA,"Asteraceae",NA,14,1960,2024,NA,"Least concern",NA
1017485,153650,"Erigeron alpinus aggr.",NA,"Asteraceae",NA,28,1934,2024,NA,"",NA
1017550,154200,"Erigeron atticus Vill.",NA,"Asteraceae",NA,3,1934,1967,NA,"Near threatened",NA
1017570,154500,"Erigeron glabratus Bluff & Fingerh.",NA,"Asteraceae",NA,5,1934,2020,NA,"Least concern",NA
1017590,154700,"Erigeron neglectus A. Kern.",NA,"Asteraceae",NA,4,1938,2017,NA,"Least concern",NA
1017610,155000,"Erigeron uniflorus L.",NA,"Asteraceae",NA,5,1936,2021,NA,"Least concern",NA
1017620,155100,"Erinus alpinus L.",NA,"Plantaginaceae",NA,33,1880,2025,NA,"Least concern",NA
1017640,155200,"Eriophorum angustifolium Honck.",NA,"Cyperaceae",NA,8,1982,2024,NA,"Least concern",NA
1017660,155400,"Eriophorum latifolium Hoppe",NA,"Cyperaceae",NA,5,1982,2024,NA,"Least concern",NA
1017670,155500,"Eriophorum scheuchzeri Hoppe",NA,"Cyperaceae",NA,12,1939,2020,NA,"Least concern",NA
1017680,155600,"Eriophorum vaginatum L.",NA,"Cyperaceae",NA,2,1971,2024,NA,"Near threatened",NA
1017800,156700,"Erophila verna aggr.",NA,"Brassicaceae",NA,3,1981,2001,NA,"Least concern",NA
1017840,157200,"Eryngium alpinum L.",NA,"Apiaceae",NA,23,1971,2024,NA,"Vulnerable",NA
1018110,159300,"Eupatorium cannabinum L.",NA,"Asteraceae",NA,2,2024,2024,NA,"Least concern",NA
1018170,159800,"Euphorbia cyparissias L.",NA,"Euphorbiaceae",NA,15,1966,2024,NA,"Least concern",NA
1018190,159900,"Euphorbia dulcis L.",NA,"Euphorbiaceae",NA,5,1962,2024,NA,"Least concern",NA
1018260,160200,"Euphorbia helioscopia L.",NA,"Euphorbiaceae",NA,3,1989,2001,NA,"Least concern",NA
1018560,162500,"Euphrasia hirtella Reut.",NA,"Orobanchaceae",NA,1,1934,1982,NA,"Least concern",NA
1018600,162750,"Euphrasia minima Schleich.",NA,"Orobanchaceae",NA,12,1952,2017,NA,"Least concern",NA
1018660,163150,"Euphrasia picta Wimm.",NA,"Orobanchaceae",NA,0,1966,1966,NA,"Near threatened",NA
1018670,163200,"Euphrasia picta Wimm. subsp. picta",NA,"Orobanchaceae",NA,0,1966,1966,NA,"Data deficient",NA
1018700,163450,"Euphrasia rostkoviana Hayne",NA,"Orobanchaceae",NA,12,1934,2025,NA,"Least concern",NA
1018710,163500,"Euphrasia rostkoviana Hayne subsp. rostkoviana",NA,"Orobanchaceae",NA,7,1972,2006,NA,"Least concern",NA
1018685,163850,"Euphrasia rostkoviana aggr.",NA,"Orobanchaceae",NA,15,1934,2025,NA,"",NA
1018730,163800,"Euphrasia rostkoviana subsp. montana (Jord.) Wettst.",NA,"Orobanchaceae",NA,4,1934,2025,NA,"Least concern",NA
1018740,163900,"Euphrasia salisburgensis Hoppe",NA,"Orobanchaceae",NA,4,1931,1982,NA,"Least concern",NA
1018750,164000,"Euphrasia stricta J. F. Lehm.",NA,"Orobanchaceae",NA,1,1967,1967,NA,"Near threatened",NA
1018840,165000,"Fagus sylvatica L.",NA,"Fagaceae",NA,4,2021,2024,NA,"Least concern",NA
1018930,165400,"Festuca acuminata Gaudin",NA,"Poaceae",NA,1,1880,1880,NA,"Least concern",NA
1018980,165700,"Festuca alpina Suter",NA,"Poaceae",NA,1,1969,1982,NA,"Least concern",NA
1019000,165800,"Festuca altissima All.",NA,"Poaceae",NA,6,1948,2024,NA,"Least concern",NA
1019180,167600,"Festuca halleri All.",NA,"Poaceae",NA,1,1880,1880,NA,"Least concern",NA
1019160,167650,"Festuca halleri aggr.",NA,"Poaceae",NA,1,1880,1880,NA,"Least concern",NA
1019240,168150,"Festuca laevigata Gaudin",NA,"Poaceae",NA,1,1977,1977,NA,"",NA
1019260,168170,"Festuca laevigata subsp. crassifolia (Gaudin) Kerguélen & Plonka",NA,"Poaceae",NA,1,1977,1977,NA,"Near threatened",NA
1019330,168500,"Festuca ovina L.",NA,"Poaceae",NA,2,1969,1969,NA,"Least concern",NA
1019310,168590,"Festuca ovina aggr.",NA,"Poaceae",NA,8,1969,2025,NA,"Least concern",NA
1019309,168580,"Festuca ovina superaggr.",NA,"",NA,8,1969,2025,NA,"",NA
1019380,169100,"Festuca pratensis Huds.",NA,"Poaceae",NA,4,1952,2017,NA,"Least concern",NA
1019420,169600,"Festuca pulchella Schrad.",NA,"Poaceae",NA,3,1962,2017,NA,"Least concern",NA
1019430,169700,"Festuca pulchella Schrad. subsp. pulchella",NA,"Poaceae",NA,2,1962,1969,NA,"Least concern",NA
1019450,170000,"Festuca quadriflora Honck.",NA,"Poaceae",NA,4,1937,1982,NA,"Least concern",NA
1019480,170100,"Festuca rubra L.",NA,"Poaceae",NA,5,1937,2025,NA,"Least concern",NA
1019470,170200,"Festuca rubra aggr.",NA,"Poaceae",NA,18,1937,2025,NA,"Least concern",NA
1019510,170400,"Festuca rupicaprina (Hack.) A. Kern.",NA,"Poaceae",NA,4,1952,1982,NA,"Least concern",NA
1019650,171800,"Festuca varia aggr.",NA,"Poaceae",NA,1,1880,1880,NA,"Least concern",NA
1019680,172000,"Festuca violacea Gaudin",NA,"Poaceae",NA,2,1961,1973,NA,"Least concern",NA
1019670,172100,"Festuca violacea aggr.",NA,"Poaceae",NA,3,1961,2002,NA,"Least concern",NA
1019920,173800,"Fragaria vesca L.",NA,"Rosaceae",NA,7,2020,2025,NA,"Least concern",NA
1019970,174200,"Fraxinus excelsior L.",NA,"Oleaceae",NA,2,2024,2024,NA,"Least concern",NA
1020170,175700,"Gagea lutea (L.) Ker Gawl.",NA,"Liliaceae",NA,1,1966,2018,NA,"Near threatened",NA
1020350,177100,"Galeopsis tetrahit L.",NA,"Lamiaceae",NA,2,1982,2024,NA,"Least concern",NA
1020380,177400,"Galium album Mill.",NA,"Rubiaceae",NA,3,2024,2024,NA,"Least concern",NA
1020490,178700,"Galium lucidum All.",NA,"Rubiaceae",NA,2,1915,1940,NA,"Least concern",NA
1020500,178800,"Galium megalospermum All.",NA,"Rubiaceae",NA,3,1966,2024,NA,"Least concern",NA
1020510,179000,"Galium mollugo aggr.",NA,"Rubiaceae",NA,3,2024,2024,NA,"Least concern",NA
1020560,179300,"Galium odoratum (L.) Scop.",NA,"Rubiaceae",NA,7,1967,2024,NA,"Least concern",NA
1020600,179700,"Galium pumilum Murray",NA,"Rubiaceae",NA,12,1941,2024,NA,"Least concern",NA
1020595,179650,"Galium pumilum aggr.",NA,"Rubiaceae",NA,22,1941,2024,NA,"",NA
1020720,180800,"Galium verrucosum Huds.",NA,"Rubiaceae",NA,1,1941,1941,NA,"",NA
1020890,182200,"Gentiana acaulis L.",NA,"Gentianaceae",NA,18,1926,2024,NA,"Least concern",NA
1020940,182700,"Gentiana asclepiadea L.",NA,"Gentianaceae",NA,8,2017,2025,NA,"Least concern",NA
1020970,182900,"Gentiana bavarica L.",NA,"Gentianaceae",NA,15,1914,2024,NA,"Least concern",NA
1021000,183100,"Gentiana campestris L.",NA,"Gentianaceae",NA,16,1952,2025,NA,"Least concern",NA
1021010,183200,"Gentiana campestris L. subsp. campestris",NA,"Gentianaceae",NA,10,1955,2021,NA,"Least concern",NA
1021030,183400,"Gentiana ciliata L.",NA,"Gentianaceae",NA,4,2015,2023,NA,"Least concern",NA
1021040,183500,"Gentiana clusii E. P. Perrier & Songeon",NA,"Gentianaceae",NA,10,1921,2024,NA,"Least concern",NA
1021050,183600,"Gentiana cruciata L.",NA,"Gentianaceae",NA,1,1922,1922,NA,"Vulnerable",NA
1021090,183800,"Gentiana germanica Willd.",NA,"Gentianaceae",NA,2,1994,2000,NA,"Vulnerable",NA
1021120,184100,"Gentiana lutea L.",NA,"Gentianaceae",NA,13,1972,2024,NA,"Least concern",NA
1021140,184300,"Gentiana nivalis L.",NA,"Gentianaceae",NA,10,1934,2025,NA,"Least concern",NA
1021200,184900,"Gentiana purpurea L.",NA,"Gentianaceae",NA,17,1936,2024,NA,"Least concern",NA
1021230,185200,"Gentiana tenella Rottb.",NA,"Gentianaceae",NA,2,1936,1982,NA,"Least concern",NA
1021250,185400,"Gentiana verna L.",NA,"Gentianaceae",NA,23,1972,2025,NA,"Least concern",NA
1021450,188600,"Geranium pyrenaicum Burm. f.",NA,"Geraniaceae",NA,1,2024,2024,NA,"Least concern",NA
1021470,188795,"Geranium robertianum L.",NA,"Geraniaceae",NA,8,1966,2024,NA,"Least concern",NA
1021480,188800,"Geranium robertianum L. subsp. robertianum",NA,"Geraniaceae",NA,5,1966,2022,NA,"Least concern",NA
1021510,189100,"Geranium sanguineum L.",NA,"Geraniaceae",NA,4,1961,2024,NA,"Least concern",NA
1021530,189300,"Geranium sylvaticum L.",NA,"Geraniaceae",NA,18,1982,2025,NA,"Least concern",NA
1021540,189400,"Geum montanum L.",NA,"Rosaceae",NA,18,1947,2024,NA,"Least concern",NA
1021560,189500,"Geum reptans L.",NA,"Rosaceae",NA,0,1982,1982,NA,"Least concern",NA
1021570,189600,"Geum rivale L.",NA,"Rosaceae",NA,11,1980,2025,NA,"Least concern",NA
1021580,189700,"Geum urbanum L.",NA,"Rosaceae",NA,5,1972,2025,NA,"Least concern",NA
1021740,191000,"Globularia cordifolia L.",NA,"Plantaginaceae",NA,30,1966,2025,NA,"Least concern",NA
1021750,191200,"Globularia nudicaulis L.",NA,"Plantaginaceae",NA,20,1966,2025,NA,"Least concern",NA
1021765,191550,"Glyceria fluitans aggr.",NA,"Poaceae",NA,2,2017,2024,NA,"",NA
1021790,191700,"Glyceria notata Chevall.",NA,"Poaceae",NA,2,2017,2024,NA,"Least concern",NA
1021860,192400,"Gnaphalium norvegicum Gunnerus",NA,"Asteraceae",NA,1,1931,1931,NA,"Least concern",NA
1021870,192500,"Gnaphalium supinum L.",NA,"Asteraceae",NA,7,1934,1982,NA,"Least concern",NA
1021880,192600,"Gnaphalium sylvaticum L.",NA,"Asteraceae",NA,4,1989,2017,NA,"Least concern",NA
1021900,192800,"Goodyera repens (L.) R. Br.",NA,"Orchidaceae",NA,9,1967,2002,NA,"Near threatened",NA
1021950,193200,"Gymnadenia conopsea (L.) R. Br.",NA,"Orchidaceae",NA,83,1880,2025,NA,"Least concern",NA
1021970,193300,"Gymnadenia odoratissima (L.) Rich.",NA,"Orchidaceae",NA,1,1970,1970,NA,"Least concern",NA
1021980,193400,"Gymnocarpium dryopteris (L.) Newman",NA,"Cystopteridaceae",NA,6,1999,2024,NA,"Least concern",NA
1022020,193800,"Gypsophila repens L.",NA,"Caryophyllaceae",NA,19,1921,2025,NA,"Least concern",NA
1022110,194100,"Hedysarum hedysaroides (L.) Schinz & Thell.",NA,"Fabaceae",NA,15,1880,2024,NA,"Least concern",NA
1022140,194300,"Helianthemum alpestre (Jacq.) DC.",NA,"Cistaceae",NA,16,1880,2025,NA,"Least concern",NA
1022180,194895,"Helianthemum nummularium (L.) Mill.",NA,"Cistaceae",NA,22,1972,2024,NA,"Least concern",NA
1022210,195100,"Helianthemum nummularium subsp. grandiflorum (Scop.) Schinz & Thell.",NA,"Cistaceae",NA,1,1982,2017,NA,"Least concern",NA
1022380,196690,"Helictotrichon pratense (L.) Besser",NA,"Poaceae",NA,1,2018,2018,NA,"",NA
1022379,196700,"Helictotrichon pratense aggr.",NA,"Poaceae",NA,1,2018,2018,NA,"Least concern",NA
1022390,196800,"Helictotrichon pubescens (Huds.) Pilg.",NA,"Poaceae",NA,1,1969,1982,NA,"Least concern",NA
1022440,197100,"Helictotrichon versicolor (Vill.) Pilg.",NA,"Poaceae",NA,4,1938,2002,NA,"Least concern",NA
1022560,197900,"Hepatica nobilis Schreb.",NA,"Ranunculaceae",NA,7,2020,2024,NA,"Least concern",NA
1022590,198595,"Heracleum sphondylium L.",NA,"Apiaceae",NA,12,1961,2025,NA,"Least concern",NA
1022600,198600,"Heracleum sphondylium L. subsp. sphondylium",NA,"Apiaceae",NA,4,1961,2024,NA,"Least concern",NA
1022620,198800,"Heracleum sphondylium subsp. elegans (Crantz) Schübl. & G. Martens",NA,"Apiaceae",NA,3,1961,1982,NA,"Least concern",NA
1022640,199100,"Herminium monorchis (L.) R. Br.",NA,"Orchidaceae",NA,4,1965,2013,NA,"Vulnerable",NA
1022790,199900,"Hieracium alpinum L.",NA,"Asteraceae",NA,8,1929,2017,NA,"Least concern",NA
1022800,200000,"Hieracium amplexicaule L.",NA,"Asteraceae",NA,1,2024,2024,NA,"Least concern",NA
1022810,200100,"Hieracium angustifolium Hoppe",NA,"Asteraceae",NA,2,1936,1994,NA,"Least concern",NA
1022840,200600,"Hieracium bifidum aggr.",NA,"Asteraceae",NA,17,1934,2024,NA,"Least concern",NA
1022860,200700,"Hieracium bupleuroides C. C. Gmel.",NA,"Asteraceae",NA,2,1936,2025,NA,"Least concern",NA
1022930,201200,"Hieracium glanduliferum Hoppe",NA,"Asteraceae",NA,1,1960,1960,NA,"Least concern",NA
1023000,201800,"Hieracium humile Jacq.",NA,"Asteraceae",NA,11,1938,1982,NA,"Least concern",NA
1023040,202100,"Hieracium lactucella Wallr.",NA,"Asteraceae",NA,5,1936,2017,NA,"Least concern",NA
1023110,202700,"Hieracium murorum aggr.",NA,"Asteraceae",NA,25,1936,2024,NA,"Least concern",NA
1023190,203105,"Hieracium piliferum Hoppe",NA,"Asteraceae",NA,1,2020,2020,NA,"Least concern",NA
1023170,203200,"Hieracium piliferum aggr.",NA,"Asteraceae",NA,3,1960,2020,NA,"Least concern",NA
1023200,203400,"Hieracium pilosella L.",NA,"Asteraceae",NA,7,1938,2024,NA,"Least concern",NA
1023220,203600,"Hieracium pilosum Froel.",NA,"Asteraceae",NA,7,1941,2020,NA,"Least concern",NA
1023270,203900,"Hieracium prenanthoides aggr.",NA,"Asteraceae",NA,27,1929,2025,NA,"Least concern",NA
1023460,205600,"Hieracium umbellatum aggr.",NA,"Asteraceae",NA,4,1989,2006,NA,"Least concern",NA
1023500,205800,"Hieracium villosum Jacq.",NA,"Asteraceae",NA,40,1937,2024,NA,"Least concern",NA
1023490,205900,"Hieracium villosum aggr.",NA,"Asteraceae",NA,49,1892,2024,NA,"Least concern",NA
1023580,206300,"Hippocrepis comosa L.",NA,"Fabaceae",NA,26,1934,2025,NA,"Least concern",NA
1023590,206400,"Hippocrepis emerus (L.) Lassen",NA,"Fabaceae",NA,1,1967,1967,NA,"Least concern",NA
1023630,206800,"Holcus lanatus L.",NA,"Poaceae",NA,1,2024,2024,NA,"Least concern",NA
1023680,207300,"Homogyne alpina (L.) Cass.",NA,"Asteraceae",NA,20,1952,2024,NA,"Least concern",NA
1023690,207400,"Hordelymus europaeus (L.) Harz",NA,"Poaceae",NA,5,1967,2024,NA,"Least concern",NA
1023850,208800,"Humulus lupulus L.",NA,"Cannabaceae",NA,3,1989,2001,NA,"Least concern",NA
1023860,208900,"Huperzia selago (L.) Schrank & Mart.",NA,"Lycopodiaceae",NA,6,1962,2024,NA,"Least concern",NA
1024060,210695,"Hypericum maculatum Crantz",NA,"Hypericaceae",NA,12,1938,2024,NA,"Least concern",NA
1024070,210700,"Hypericum maculatum Crantz subsp. maculatum",NA,"Hypericaceae",NA,4,1938,2021,NA,"Least concern",NA
1024100,210900,"Hypericum montanum L.",NA,"Hypericaceae",NA,3,2018,2024,NA,"Least concern",NA
1024130,211050,"Hypericum perforatum L.",NA,"Hypericaceae",NA,7,1989,2024,NA,"Least concern",NA
1024140,211100,"Hypericum perforatum L. subsp. perforatum",NA,"Hypericaceae",NA,6,1989,2006,NA,"Least concern",NA
1024230,212100,"Hypochaeris radicata L.",NA,"Asteraceae",NA,2,1958,2024,NA,"Least concern",NA
1024250,212200,"Hypochaeris uniflora Vill.",NA,"Asteraceae",NA,7,1982,2024,NA,"Least concern",NA
1024420,213700,"Impatiens noli-tangere L.",NA,"Balsaminaceae",NA,3,1989,2000,NA,"Least concern",NA
1024900,217700,"Juncus alpinoarticulatus Chaix",NA,"Juncaceae",NA,1,1904,1982,NA,"Least concern",NA
1024925,218150,"Juncus articulatus aggr.",NA,"Juncaceae",NA,1,1904,1982,NA,"",NA
1025010,218900,"Juncus filiformis L.",NA,"Juncaceae",NA,5,1904,2020,NA,"Least concern",NA
1025030,219100,"Juncus inflexus L.",NA,"Juncaceae",NA,1,2024,2024,NA,"Least concern",NA
1025040,219200,"Juncus jacquinii L.",NA,"Juncaceae",NA,1,1968,1982,NA,"Least concern",NA
1025050,219300,"Juncus monanthos Jacq.",NA,"Juncaceae",NA,0,1966,1966,NA,"Near threatened",NA
1025130,220300,"Juncus triglumis L.",NA,"Juncaceae",NA,3,1911,1982,NA,"Least concern",NA
1025140,220395,"Juniperus communis L.",NA,"Cupressaceae",NA,16,1941,2025,NA,"Least concern",NA
1025160,220500,"Juniperus communis subsp. alpina Čelak.",NA,"Cupressaceae",NA,16,1941,2025,NA,"Least concern",NA
1025170,220800,"Juniperus sabina L.",NA,"Cupressaceae",NA,2,1941,1974,NA,"Least concern",NA
1025190,221000,"Kernera saxatilis (L.) Sweet",NA,"Brassicaceae",NA,13,1978,2024,NA,"Least concern",NA
1025230,221400,"Knautia arvensis (L.) Coult.",NA,"Caprifoliaceae",NA,4,1989,2006,NA,"Least concern",NA
1025240,221450,"Knautia dipsacifolia Kreutzer",NA,"Caprifoliaceae",NA,7,1982,2025,NA,"Least concern",NA
1025250,221500,"Knautia dipsacifolia Kreutzer subsp. dipsacifolia",NA,"Caprifoliaceae",NA,3,1982,2025,NA,"Least concern",NA
1025670,225750,"Lamium galeobdolon (L.) L.",NA,"Lamiaceae",NA,7,1965,2024,NA,"Least concern",NA
1025710,226000,"Lamium galeobdolon subsp. montanum (Pers.) Hayek",NA,"Lamiaceae",NA,1,1965,1965,NA,"Least concern",NA
1025730,226200,"Lamium maculatum (L.) L.",NA,"Lamiaceae",NA,12,1980,2025,NA,"Least concern",NA
1025750,226500,"Lamium purpureum L.",NA,"Lamiaceae",NA,4,1989,2024,NA,"Least concern",NA
1025810,227200,"Larix decidua Mill.",NA,"Pinaceae",NA,5,2016,2024,NA,"Least concern",NA
1025860,227700,"Laserpitium latifolium L.",NA,"Apiaceae",NA,20,1961,2025,NA,"Least concern",NA
1025900,228100,"Laserpitium siler L.",NA,"Apiaceae",NA,9,1961,2024,NA,"Least concern",NA
1026030,230200,"Lathyrus occidentalis (Fisch. & C. A. Mey.) Fritsch",NA,"Fabaceae",NA,10,1938,2024,NA,"Least concern",NA
1026050,230400,"Lathyrus pratensis L.",NA,"Fabaceae",NA,5,1982,2024,NA,"Least concern",NA
1026290,232700,"Leontodon autumnalis L.",NA,"Asteraceae",NA,8,1929,2024,NA,"Least concern",NA
1026310,232900,"Leontodon helveticus Mérat",NA,"Asteraceae",NA,9,1952,2024,NA,"Least concern",NA
1026330,233000,"Leontodon hispidus L.",NA,"Asteraceae",NA,20,1952,2025,NA,"Least concern",NA
1026340,233100,"Leontodon hispidus L. subsp. hispidus",NA,"Asteraceae",NA,2,2017,2024,NA,"Least concern",NA
1026470,234600,"Leontopodium alpinum Cass.",NA,"Asteraceae",NA,20,1890,2025,NA,"Least concern",NA
1026600,236000,"Leucanthemopsis alpina (L.) Heywood",NA,"Asteraceae",NA,14,1937,2024,NA,"Least concern",NA
1026650,236200,"Leucanthemum adustum (W. D. J. Koch) Gremli",NA,"Asteraceae",NA,6,1979,2025,NA,"Least concern",NA
1026680,236500,"Leucanthemum halleri (Vitman) Ducommun",NA,"Asteraceae",NA,8,1948,2024,NA,"Least concern",NA
1026730,236800,"Leucanthemum vulgare Lam.",NA,"Asteraceae",NA,8,1952,2024,NA,"Least concern",NA
1026710,236905,"Leucanthemum vulgare aggr.",NA,"Asteraceae",NA,17,1952,2025,NA,"Least concern",NA
1026810,237800,"Ligusticum mutellina (L.) Crantz",NA,"Apiaceae",NA,27,1952,2024,NA,"Least concern",NA
1026820,237900,"Ligusticum mutellinoides Vill.",NA,"Apiaceae",NA,5,1880,1982,NA,"Least concern",NA
1026860,238195,"Lilium bulbiferum L.",NA,"Liliaceae",NA,15,1914,2024,NA,"Near threatened",NA
1026880,238300,"Lilium bulbiferum subsp. croceum (Chaix) Baker",NA,"Liliaceae",NA,10,1914,2024,NA,"Near threatened",NA
1026890,238500,"Lilium martagon L.",NA,"Liliaceae",NA,17,1978,2024,NA,"Least concern",NA
1026920,238800,"Linaria alpina (L.) Mill.",NA,"Plantaginaceae",NA,9,1972,2024,NA,"Least concern",NA
1026930,238900,"Linaria alpina (L.) Mill. subsp. alpina",NA,"Plantaginaceae",NA,7,1972,2024,NA,"Least concern",NA
1027130,241100,"Linum catharticum L.",NA,"Linaceae",NA,13,1952,2025,NA,"Least concern",NA
1027210,241900,"Listera cordata (L.) R. Br.",NA,"Orchidaceae",NA,11,1964,2003,NA,"Near threatened",NA
1027220,242000,"Listera ovata (L.) R. Br.",NA,"Orchidaceae",NA,42,1980,2025,NA,"Least concern",NA
1027250,242500,"Lloydia serotina (L.) Rchb.",NA,"Liliaceae",NA,10,1880,2023,NA,"Least concern",NA
1027290,242600,"Loiseleuria procumbens (L.) Desv.",NA,"Ericaceae",NA,14,1878,2025,NA,"Least concern",NA
1027310,242800,"Lolium perenne L.",NA,"Poaceae",NA,1,2024,2024,NA,"Least concern",NA
1027370,243400,"Lonicera alpigena L.",NA,"Caprifoliaceae",NA,8,1966,2024,NA,"Least concern",NA
1027380,243500,"Lonicera caerulea L.",NA,"Caprifoliaceae",NA,11,1912,2025,NA,"Least concern",NA
1027440,243900,"Lonicera nigra L.",NA,"Caprifoliaceae",NA,8,1934,2024,NA,"Least concern",NA
1027490,244200,"Lonicera xylosteum L.",NA,"Caprifoliaceae",NA,4,1938,2024,NA,"Least concern",NA
1027500,244300,"Lotus alpinus (DC.) Ramond",NA,"Fabaceae",NA,9,1982,2025,NA,"Least concern",NA
1027520,244400,"Lotus corniculatus L.",NA,"Fabaceae",NA,18,1952,2025,NA,"Least concern",NA
1027510,244410,"Lotus corniculatus aggr.",NA,"Fabaceae",NA,32,1952,2025,NA,"Least concern",NA
1027610,245500,"Lunaria rediviva L.",NA,"Brassicaceae",NA,10,1929,2025,NA,"Least concern",NA
1027670,246000,"Luzula alpinopilosa (Chaix) Breistr.",NA,"Juncaceae",NA,4,1880,2024,NA,"Least concern",NA
1027700,246100,"Luzula campestris (L.) DC.",NA,"Juncaceae",NA,1,1981,1981,NA,"Least concern",NA
1027740,246600,"Luzula lutea (All.) DC.",NA,"Juncaceae",NA,1,1938,1966,NA,"Least concern",NA
1027750,246700,"Luzula luzulina (Vill.) Dalla Torre & Sarnth.",NA,"Juncaceae",NA,1,1962,1962,NA,"Least concern",NA
1027790,247100,"Luzula multiflora (Ehrh.) Lej.",NA,"Juncaceae",NA,3,1952,2017,NA,"Least concern",NA
1027785,247150,"Luzula multiflora aggr.",NA,"Juncaceae",NA,5,1952,2024,NA,"Least concern",NA
1027840,247500,"Luzula pilosa (L.) Willd.",NA,"Juncaceae",NA,2,2024,2024,NA,"Least concern",NA
1027850,247600,"Luzula sieberi Tausch",NA,"Juncaceae",NA,1,2024,2024,NA,"Least concern",NA
1027860,247800,"Luzula spicata (L.) DC.",NA,"Juncaceae",NA,6,1952,2024,NA,"Least concern",NA
1027880,248000,"Luzula spicata subsp. mutabilis Chrtek & Křísa",NA,"Juncaceae",NA,1,1968,1968,NA,"",NA
1027910,248300,"Luzula sylvatica (Huds.) Gaudin",NA,"Juncaceae",NA,3,1989,2004,NA,"Least concern",NA
1027920,248400,"Luzula sylvatica aggr.",NA,"Juncaceae",NA,4,1989,2024,NA,"Least concern",NA
1027980,249700,"Lycopodium annotinum L.",NA,"Lycopodiaceae",NA,7,1961,2024,NA,"Least concern",NA
1027990,249900,"Lycopodium clavatum L.",NA,"Lycopodiaceae",NA,1,2024,2024,NA,"Near threatened",NA
1028000,249950,"Lycopodium clavatum L. subsp. clavatum",NA,"Lycopodiaceae",NA,1,2024,2024,NA,"",NA
1028080,251400,"Lysimachia nemorum L.",NA,"Primulaceae",NA,8,1972,2025,NA,"Least concern",NA
1028090,251500,"Lysimachia nummularia L.",NA,"Primulaceae",NA,2,1999,2005,NA,"Least concern",NA
1028120,251800,"Lysimachia vulgaris L.",NA,"Primulaceae",NA,4,1989,2006,NA,"Least concern",NA
1028210,252400,"Maianthemum bifolium (L.) F. W. Schmidt",NA,"Asparagaceae",NA,6,1973,2024,NA,"Least concern",NA
1028220,252600,"Malaxis monophyllos (L.) Sw.",NA,"Orchidaceae",NA,14,1880,2021,NA,"Vulnerable",NA
1028530,255300,"Medicago lupulina L.",NA,"Fabaceae",NA,6,1989,2024,NA,"Least concern",NA
1028660,256600,"Melampyrum sylvaticum L.",NA,"Orobanchaceae",NA,6,1970,2024,NA,"Least concern",NA
1028690,256900,"Melica nutans L.",NA,"Poaceae",NA,6,1948,2024,NA,"Least concern",NA
1028730,257300,"Melilotus altissimus Thuill.",NA,"Fabaceae",NA,2,2001,2005,NA,"Least concern",NA
1028910,258800,"Menyanthes trifoliata L.",NA,"Menyanthaceae",NA,5,1880,2024,NA,"Least concern",NA
1028940,259100,"Mercurialis perennis L.",NA,"Euphorbiaceae",NA,6,2021,2024,NA,"Least concern",NA
1029020,259800,"Milium effusum L.",NA,"Poaceae",NA,4,1961,2024,NA,"Least concern",NA
1029230,261700,"Minuartia sedoides (L.) Hiern",NA,"Caryophyllaceae",NA,1,1880,1982,NA,"Least concern",NA
1029260,262000,"Minuartia verna (L.) Hiern",NA,"Caryophyllaceae",NA,8,1880,2024,NA,"Least concern",NA
1029390,262900,"Moehringia muscosa L.",NA,"Caryophyllaceae",NA,8,1945,2024,NA,"Least concern",NA
1029430,263300,"Molinia arundinacea Schrank",NA,"Poaceae",NA,1,2024,2024,NA,"Least concern",NA
1029470,263700,"Moneses uniflora (L.) A. Gray",NA,"Ericaceae",NA,4,1965,1985,NA,"Least concern",NA
1029680,265700,"Mycelis muralis (L.) Dumort.",NA,"Asteraceae",NA,5,2001,2024,NA,"Least concern",NA
1029690,265800,"Myosotis alpestris F. W. Schmidt",NA,"Boraginaceae",NA,9,1880,2024,NA,"Least concern",NA
1029700,265900,"Myosotis arvensis Hill",NA,"Boraginaceae",NA,1,2012,2012,NA,"Least concern",NA
1029820,267100,"Myosotis sylvatica Hoffm.",NA,"Boraginaceae",NA,7,1972,2024,NA,"Least concern",NA
1029815,267150,"Myosotis sylvatica aggr.",NA,"Boraginaceae",NA,7,1972,2024,NA,"",NA
1030080,269700,"Nardus stricta L.",NA,"Poaceae",NA,18,1952,2024,NA,"Least concern",NA
1030140,270100,"Neottia nidus-avis (L.) Rich.",NA,"Orchidaceae",NA,13,1970,2024,NA,"Least concern",NA
1030390,271655,"Nigritella rhellicani Teppner & E. Klein",NA,"Orchidaceae",NA,31,1967,2024,NA,"Least concern",NA
1030393,271670,"Nigritella rhellicani Teppner & E. Klein var. rhellicani",NA,"Orchidaceae",NA,2,1967,2017,NA,"",NA
1030380,271700,"Nigritella rhellicani aggr.",NA,"Orchidaceae",NA,41,1967,2024,NA,"Least concern",NA
50031,NA,"Nitella anarthrodactylée",NA,"Characeae",NA,5,2008,2008,NA,"",NA
50038,NA,"Nitella opaca (Bruzelius) C. Agardh",NA,"Characeae",NA,5,2008,2008,NA,"Vulnerable",NA
1030830,275300,"Onobrychis arenaria (Kit.) DC.",NA,"Fabaceae",NA,2,1968,1971,NA,"Near threatened",NA
1030840,275400,"Onobrychis montana DC.",NA,"Fabaceae",NA,23,1924,2024,NA,"Least concern",NA
1030860,275600,"Onobrychis viciifolia Scop.",NA,"Fabaceae",NA,3,1968,2024,NA,"",NA
1031070,277950,"Ophrys apifera Huds.",NA,"Orchidaceae",NA,1,1970,1970,NA,"Vulnerable",NA
1031160,279100,"Ophrys insectifera L.",NA,"Orchidaceae",NA,5,1980,2021,NA,"Vulnerable",NA
1031350,280900,"Orchis mascula (L.) L.",NA,"Orchidaceae",NA,16,1966,2025,NA,"Least concern",NA
1031360,280950,"Orchis mascula (L.) L. subsp. mascula",NA,"Orchidaceae",NA,1,2013,2013,NA,"",NA
1031390,281100,"Orchis morio L.",NA,"Orchidaceae",NA,1,1978,1978,NA,"Vulnerable",NA
1031500,282200,"Orchis ustulata L.",NA,"Orchidaceae",NA,20,1961,2024,NA,"Near threatened",NA
1031525,282210,"Orchis ustulata L. var. ustulata",NA,"Orchidaceae",NA,8,2003,2021,NA,"",NA
1031540,282400,"Oreopteris limbosperma (All.) Holub",NA,"Thelypteridaceae",NA,1,1971,1982,NA,"Least concern",NA
1031560,282600,"Origanum vulgare L.",NA,"Lamiaceae",NA,10,1982,2024,NA,"Least concern",NA
1031700,284000,"Orobanche alba Willd.",NA,"Orobanchaceae",NA,3,1965,2024,NA,"Least concern",NA
1031805,285000,"Orobanche flava aggr.",NA,"Orobanchaceae",NA,1,1965,1965,NA,"",NA
1031960,286400,"Orobanche reticulata Wallr.",NA,"Orobanchaceae",NA,3,1965,1982,NA,"Least concern",NA
1032000,286800,"Orthilia secunda (L.) House",NA,"Ericaceae",NA,9,1965,2024,NA,"Least concern",NA
1032070,287300,"Oxalis acetosella L.",NA,"Oxalidaceae",NA,5,1999,2024,NA,"Least concern",NA
1032180,288100,"Oxyria digyna (L.) Hill",NA,"Polygonaceae",NA,5,1937,2005,NA,"Least concern",NA
1032190,288200,"Oxytropis campestris (L.) DC.",NA,"Fabaceae",NA,6,1962,2021,NA,"Least concern",NA
1032240,288700,"Oxytropis halleri W. D. J. Koch",NA,"Fabaceae",NA,10,1880,2023,NA,"Near threatened",NA
1032250,288800,"Oxytropis halleri W. D. J. Koch subsp. halleri",NA,"Fabaceae",NA,10,1880,2023,NA,"Near threatened",NA
1032270,289300,"Oxytropis jacquinii Bunge",NA,"Fabaceae",NA,11,1880,2025,NA,"Least concern",NA
1032560,292100,"Paradisea liliastrum (L.) Bertol.",NA,"Asparagaceae",NA,19,1914,2024,NA,"Least concern",NA
1032590,292600,"Paris quadrifolia L.",NA,"Melanthiaceae",NA,7,1969,2024,NA,"Least concern",NA
1032600,292700,"Parnassia palustris L.",NA,"Celastraceae",NA,14,1952,2025,NA,"Least concern",NA
1032800,294200,"Pedicularis foliosa L.",NA,"Orobanchaceae",NA,14,1966,2024,NA,"Least concern",NA
1032820,294400,"Pedicularis kerneri Dalla Torre",NA,"Orobanchaceae",NA,0,1982,1982,NA,"Least concern",NA
1032830,294500,"Pedicularis oederi Hornem.",NA,"Orobanchaceae",NA,14,1880,2024,NA,"Least concern",NA
1032850,294700,"Pedicularis recutita L.",NA,"Orobanchaceae",NA,7,1966,2021,NA,"Least concern",NA
1032940,295500,"Pedicularis verticillata L.",NA,"Orobanchaceae",NA,22,1921,2024,NA,"Least concern",NA
1033000,295700,"Petasites albus (L.) Gaertn.",NA,"Asteraceae",NA,6,2023,2024,NA,"Least concern",NA
1033010,295900,"Petasites hybridus (L.) G. Gaertn. & al.",NA,"Asteraceae",NA,3,1981,2024,NA,"Least concern",NA
1033020,296000,"Petasites paradoxus (Retz.) Baumg.",NA,"Asteraceae",NA,10,1912,2024,NA,"Least concern",NA
1033060,296300,"Petrorhagia saxifraga (L.) Link",NA,"Caryophyllaceae",NA,1,2018,2018,NA,"Least concern",NA
1033160,297200,"Peucedanum ostruthium (L.) W. D. J. Koch",NA,"Apiaceae",NA,10,1965,2024,NA,"Least concern",NA
1033290,298400,"Phegopteris connectilis (Michx.) Watt",NA,"Thelypteridaceae",NA,2,1971,1979,NA,"Least concern",NA
1033340,298800,"Phleum alpinum L.",NA,"Poaceae",NA,2,1941,2024,NA,"Least concern",NA
1033330,298900,"Phleum alpinum aggr.",NA,"Poaceae",NA,14,1941,2025,NA,"Least concern",NA
1033370,299600,"Phleum hirsutum Honck.",NA,"Poaceae",NA,3,1982,2024,NA,"Least concern",NA
1033410,300000,"Phleum pratense L.",NA,"Poaceae",NA,2,2002,2017,NA,"Least concern",NA
1033400,300005,"Phleum pratense aggr.",NA,"Poaceae",NA,3,2002,2022,NA,"Least concern",NA
1033420,300200,"Phleum rhaeticum (Humphries) Rauschert",NA,"Poaceae",NA,7,1982,2024,NA,"Least concern",NA
1033480,300500,"Phyllitis scolopendrium (L.) Newman",NA,"Aspleniaceae",NA,1,2024,2024,NA,"Least concern",NA
1033570,300800,"Phyteuma betonicifolium Vill.",NA,"Campanulaceae",NA,6,1966,2025,NA,"Least concern",NA
1033630,301400,"Phyteuma hemisphaericum L.",NA,"Campanulaceae",NA,5,1880,2024,NA,"Least concern",NA
1033670,301800,"Phyteuma orbiculare L.",NA,"Campanulaceae",NA,22,1982,2024,NA,"Least concern",NA
1033740,302400,"Phyteuma spicatum L.",NA,"Campanulaceae",NA,12,1982,2025,NA,"Least concern",NA
1033750,302450,"Phyteuma spicatum L. subsp. spicatum",NA,"Campanulaceae",NA,3,2017,2019,NA,"Least concern",NA
1033800,302800,"Picea abies (L.) H. Karst.",NA,"Pinaceae",NA,12,1982,2025,NA,"Least concern",NA
1033830,303100,"Picris hieracioides L.",NA,"Asteraceae",NA,5,1973,2025,NA,"Least concern",NA
1033920,303800,"Pimpinella major (L.) Huds.",NA,"Apiaceae",NA,19,1952,2025,NA,"Least concern",NA
1033970,304000,"Pimpinella saxifraga L.",NA,"Apiaceae",NA,1,2002,2002,NA,"Least concern",NA
1033950,304100,"Pimpinella saxifraga aggr.",NA,"Apiaceae",NA,1,2002,2002,NA,"Least concern",NA
1033980,304300,"Pinguicula alpina L.",NA,"Lentibulariaceae",NA,15,1972,2024,NA,"Least concern",NA
1034050,304800,"Pinguicula vulgaris L.",NA,"Lentibulariaceae",NA,3,1974,2001,NA,"Near threatened",NA
1034060,304900,"Pinus cembra L.",NA,"Pinaceae",NA,1,2021,2021,NA,"Least concern",NA
1034080,305495,"Pinus mugo Turra",NA,"Pinaceae",NA,4,1982,2025,NA,"Least concern",NA
1034090,305500,"Pinus mugo Turra subsp. mugo",NA,"Pinaceae",NA,3,1982,2025,NA,"Least concern",NA
1034250,307000,"Plantago alpina L.",NA,"Plantaginaceae",NA,26,1949,2024,NA,"Least concern",NA
1034280,307250,"Plantago atrata Hoppe",NA,"Plantaginaceae",NA,17,1952,2024,NA,"Least concern",NA
1034290,307300,"Plantago atrata Hoppe subsp. atrata",NA,"Plantaginaceae",NA,6,1962,2017,NA,"",NA
1034330,307800,"Plantago lanceolata L.",NA,"Plantaginaceae",NA,10,1952,2024,NA,"Least concern",NA
1034350,307850,"Plantago major L.",NA,"Plantaginaceae",NA,7,1982,2024,NA,"Least concern",NA
1034390,308100,"Plantago media L.",NA,"Plantaginaceae",NA,13,1952,2024,NA,"Least concern",NA
1034405,308350,"Plantago serpentina aggr.",NA,"Plantaginaceae",NA,27,1949,2024,NA,"",NA
1034420,308400,"Platanthera bifolia (L.) Rich.",NA,"Orchidaceae",NA,5,2006,2022,NA,"Least concern",NA
1034430,308500,"Platanthera chlorantha (Custer) Rchb.",NA,"Orchidaceae",NA,1,2024,2024,NA,"Least concern",NA
1034470,309000,"Poa alpina L.",NA,"Poaceae",NA,26,1929,2024,NA,"Least concern",NA
1034490,309200,"Poa annua L.",NA,"Poaceae",NA,5,1958,2024,NA,"Least concern",NA
1034530,309600,"Poa cenisia All.",NA,"Poaceae",NA,3,1948,1982,NA,"Least concern",NA
1034580,310100,"Poa hybrida Gaudin",NA,"Poaceae",NA,2,1970,1993,NA,"Least concern",NA
1034590,310200,"Poa laxa Haenke",NA,"Poaceae",NA,1,1961,1961,NA,"Least concern",NA
1034600,310300,"Poa minor Gaudin",NA,"Poaceae",NA,2,1961,1982,NA,"Least concern",NA
1034620,310500,"Poa nemoralis L.",NA,"Poaceae",NA,1,1969,1982,NA,"Least concern",NA
1034660,310800,"Poa pratensis L.",NA,"Poaceae",NA,4,2017,2024,NA,"Least concern",NA
1034650,310900,"Poa pratensis aggr.",NA,"Poaceae",NA,4,2017,2024,NA,"Least concern",NA
1034680,311100,"Poa supina Schrad.",NA,"Poaceae",NA,5,1972,2024,NA,"Least concern",NA
1034690,311295,"Poa trivialis L.",NA,"Poaceae",NA,1,1952,1982,NA,"Least concern",NA
1034700,311300,"Poa trivialis L. subsp. trivialis",NA,"Poaceae",NA,0,1982,1982,NA,"Least concern",NA
1034770,312300,"Polygala alpestris Rchb.",NA,"Polygalaceae",NA,19,1880,2024,NA,"Least concern",NA
1034785,312490,"Polygala amara aggr.",NA,"Polygalaceae",NA,2,1965,2024,NA,"",NA
1034800,312500,"Polygala amarella Crantz",NA,"Polygalaceae",NA,1,1965,1965,NA,"Least concern",NA
1034830,312700,"Polygala chamaebuxus L.",NA,"Polygalaceae",NA,5,1982,2024,NA,"Least concern",NA
1034890,313195,"Polygala vulgaris L.",NA,"Polygalaceae",NA,2,2024,2024,NA,"Least concern",NA
1034920,313400,"Polygonatum multiflorum (L.) All.",NA,"Asparagaceae",NA,1,2024,2024,NA,"Least concern",NA
1034930,313500,"Polygonatum odoratum (Mill.) Druce",NA,"Asparagaceae",NA,7,1948,2024,NA,"Least concern",NA
1034940,313700,"Polygonatum verticillatum (L.) All.",NA,"Asparagaceae",NA,14,1962,2025,NA,"Least concern",NA
1035010,314400,"Polygonum bistorta L.",NA,"Polygonaceae",NA,6,1989,2024,NA,"Least concern",NA
1035170,315800,"Polygonum viviparum L.",NA,"Polygonaceae",NA,29,1952,2025,NA,"Least concern",NA
1035200,316400,"Polypodium vulgare L.",NA,"Polypodiaceae",NA,2,2020,2024,NA,"Least concern",NA
1035240,316500,"Polystichum aculeatum (L.) Roth",NA,"Dryopteridaceae",NA,4,1972,2024,NA,"Least concern",NA
1035260,316800,"Polystichum lonchitis (L.) Roth",NA,"Dryopteridaceae",NA,14,1921,2025,NA,"Least concern",NA
1035450,318100,"Potamogeton alpinus Balb.",NA,"Potamogetonaceae",NA,27,1929,2019,NA,"Near threatened",NA
1035460,318200,"Potamogeton berchtoldii Fieber",NA,"Potamogetonaceae",NA,4,1982,2024,NA,"Least concern",NA
1035500,318700,"Potamogeton filiformis Pers.",NA,"Potamogetonaceae",NA,5,1911,2017,NA,"Vulnerable",NA
1035520,318900,"Potamogeton gramineus L.",NA,"Potamogetonaceae",NA,5,1912,2025,NA,"Vulnerable",NA
1035580,319700,"Potamogeton pectinatus L.",NA,"Potamogetonaceae",NA,1,2024,2024,NA,"Least concern",NA
1035575,319750,"Potamogeton pectinatus aggr.",NA,"Potamogetonaceae",NA,6,1911,2024,NA,"",NA
1035620,320200,"Potamogeton pusillus L.",NA,"Potamogetonaceae",NA,1,1929,1984,NA,"Vulnerable",NA
1035615,320350,"Potamogeton pusillus aggr.",NA,"Potamogetonaceae",NA,5,1929,2024,NA,"",NA
1035660,320600,"Potamogeton ×nitens Weber",NA,"Potamogetonaceae",NA,1,2024,2024,NA,"Vulnerable",NA
1035700,320900,"Potentilla anserina L.",NA,"Rosaceae",NA,1,2024,2024,NA,"Least concern",NA
1035720,321300,"Potentilla aurea L.",NA,"Rosaceae",NA,20,1952,2025,NA,"Least concern",NA
1035730,321400,"Potentilla brauneana Hoppe",NA,"Rosaceae",NA,5,1947,2018,NA,"Least concern",NA
1035790,322100,"Potentilla crantzii (Crantz) Fritsch",NA,"Rosaceae",NA,11,1934,2024,NA,"Least concern",NA
1035810,322400,"Potentilla erecta (L.) Raeusch.",NA,"Rosaceae",NA,20,1952,2025,NA,"Least concern",NA
1035850,322700,"Potentilla grandiflora L.",NA,"Rosaceae",NA,3,1941,2017,NA,"Least concern",NA
1035900,323000,"Potentilla intermedia L.",NA,"Rosaceae",NA,4,1989,2006,NA,"",NA
1035990,323800,"Potentilla palustris (L.) Scop.",NA,"Rosaceae",NA,7,1929,2024,NA,"Near threatened",NA
1036040,324500,"Potentilla reptans L.",NA,"Rosaceae",NA,1,2024,2024,NA,"Least concern",NA
1036120,325200,"Prenanthes purpurea L.",NA,"Asteraceae",NA,13,1970,2025,NA,"Least concern",NA
1036180,325700,"Primula auricula L.",NA,"Primulaceae",NA,36,1938,2025,NA,"Least concern",NA
1036200,325950,"Primula elatior (L.) L.",NA,"Primulaceae",NA,11,1972,2025,NA,"Least concern",NA
1036210,326000,"Primula elatior (L.) L. subsp. elatior",NA,"Primulaceae",NA,2,1972,1982,NA,"",NA
1036230,326200,"Primula farinosa L.",NA,"Primulaceae",NA,17,1972,2024,NA,"Least concern",NA
1036280,326605,"Primula hirsuta All.",NA,"Primulaceae",NA,4,1962,2004,NA,"Least concern",NA
1036290,326700,"Primula integrifolia L.",NA,"Primulaceae",NA,9,1934,2024,NA,"Least concern",NA
1036430,327650,"Pritzelago alpina (L.) Kuntze",NA,"Brassicaceae",NA,11,1880,2024,NA,"Least concern",NA
1036440,327700,"Pritzelago alpina (L.) Kuntze subsp. alpina",NA,"Brassicaceae",NA,9,1880,2006,NA,"Least concern",NA
1036460,327900,"Prunella grandiflora (L.) Scholler",NA,"Lamiaceae",NA,13,1965,2024,NA,"Least concern",NA
1036480,328100,"Prunella vulgaris L.",NA,"Lamiaceae",NA,17,1952,2025,NA,"Least concern",NA
1036670,330300,"Prunus spinosa L.",NA,"Rosaceae",NA,1,1969,1969,NA,"Least concern",NA
1036710,330400,"Pseudorchis albida (L.) Á. Löve & D. Löve",NA,"Orchidaceae",NA,27,1966,2024,NA,"Least concern",NA
1036760,330800,"Pteridium aquilinum (L.) Kuhn",NA,"Dennstaedtiaceae",NA,2,2023,2024,NA,"Least concern",NA
1036980,333195,"Pulsatilla alpina (L.) Delarbre",NA,"Ranunculaceae",NA,20,1947,2024,NA,"Least concern",NA
1036990,333200,"Pulsatilla alpina (L.) Delarbre subsp. alpina",NA,"Ranunculaceae",NA,15,1947,2024,NA,"Least concern",NA
1037090,334100,"Pulsatilla vernalis (L.) Mill.",NA,"Ranunculaceae",NA,7,1925,2025,NA,"Least concern",NA
1037170,334600,"Pyrola minor L.",NA,"Ericaceae",NA,9,1938,2025,NA,"Least concern",NA
1037360,336500,"Ranunculus aconitifolius L.",NA,"Ranunculaceae",NA,17,1970,2025,NA,"Least concern",NA
1037370,336595,"Ranunculus acris L.",NA,"Ranunculaceae",NA,12,1952,2025,NA,"Least concern",NA
1037390,336700,"Ranunculus acris subsp. friesianus (Jord.) Syme",NA,"Ranunculaceae",NA,10,1952,2024,NA,"Least concern",NA
1037410,336800,"Ranunculus alpestris L.",NA,"Ranunculaceae",NA,16,1921,2024,NA,"Least concern",NA
1037500,337600,"Ranunculus breyninus Crantz",NA,"Ranunculaceae",NA,4,1967,2024,NA,"Least concern",NA
1037610,338700,"Ranunculus glacialis L.",NA,"Ranunculaceae",NA,3,1880,1982,NA,"Least concern",NA
1037670,339300,"Ranunculus lanuginosus L.",NA,"Ranunculaceae",NA,5,1927,2025,NA,"Least concern",NA
1037710,339500,"Ranunculus montanus Willd.",NA,"Ranunculaceae",NA,20,1921,2024,NA,"Least concern",NA
1037700,339505,"Ranunculus montanus aggr.",NA,"Ranunculaceae",NA,28,1921,2024,NA,"Least concern",NA
1037790,340300,"Ranunculus platanifolius L.",NA,"Ranunculaceae",NA,3,2024,2025,NA,"Least concern",NA
1037840,340900,"Ranunculus repens L.",NA,"Ranunculaceae",NA,4,1982,2024,NA,"Least concern",NA
1037910,341700,"Ranunculus serpens Schrank",NA,"Ranunculaceae",NA,1,1967,1982,NA,"Least concern",NA
1037940,341895,"Ranunculus trichophyllus Chaix",NA,"Ranunculaceae",NA,6,1910,2024,NA,"Least concern",NA
1037950,341900,"Ranunculus trichophyllus Chaix subsp. trichophyllus",NA,"Ranunculaceae",NA,3,1947,1982,NA,"Least concern",NA
1037960,342000,"Ranunculus trichophyllus subsp. eradicatus (Laest.) C. D. K. Cook",NA,"Ranunculaceae",NA,1,1910,1982,NA,"Least concern",NA
1037970,342200,"Ranunculus tuberosus Lapeyr.",NA,"Ranunculaceae",NA,2,2002,2024,NA,"Least concern",NA
1037965,342210,"Ranunculus tuberosus aggr.",NA,"Ranunculaceae",NA,7,1958,2024,NA,"Least concern",NA
1038135,343220,"Reynoutria japonica aggr.",NA,"Polygonaceae",NA,3,2010,2010,NA,"",NA
1038200,343600,"Rhamnus pumila Turra",NA,"Rhamnaceae",NA,15,1914,2025,NA,"Least concern",NA
1038230,344100,"Rhinanthus alectorolophus (Scop.) Pollich",NA,"Orobanchaceae",NA,20,1957,2025,NA,"Least concern",NA
1038240,344210,"Rhinanthus angustifolius C. C. Gmel.",NA,"Orobanchaceae",NA,1,1955,1955,NA,"Vulnerable",NA
1038280,344700,"Rhinanthus glacialis Personnat",NA,"Orobanchaceae",NA,12,1966,2025,NA,"Least concern",NA
1038290,344800,"Rhinanthus minor L.",NA,"Orobanchaceae",NA,1,2023,2023,NA,"Least concern",NA
1038330,345300,"Rhododendron ferrugineum L.",NA,"Ericaceae",NA,20,1965,2025,NA,"Least concern",NA
1038340,345400,"Rhododendron hirsutum L.",NA,"Ericaceae",NA,16,1880,2025,NA,"Least concern",NA
1038360,345450,"Rhododendron ×intermedium Wender.",NA,"Ericaceae",NA,2,2017,2024,NA,"",NA
1038420,346000,"Ribes alpinum L.",NA,"Grossulariaceae",NA,10,1912,2024,NA,"Least concern",NA
1038460,346300,"Ribes rubrum L.",NA,"Grossulariaceae",NA,1,2022,2022,NA,"",NA
1038500,346500,"Robinia pseudoacacia L.",NA,"Fabaceae",NA,1,2003,2003,NA,"",NA
1038550,346805,"Rorippa islandica aggr.",NA,"Brassicaceae",NA,1,1914,1982,NA,"Least concern",NA
1038560,346900,"Rorippa palustris (L.) Besser",NA,"Brassicaceae",NA,1,1914,1982,NA,"Least concern",NA
1038580,347200,"Rorippa sylvestris (L.) Besser",NA,"Brassicaceae",NA,1,2017,2017,NA,"Least concern",NA
1038650,347800,"Rosa canina L.",NA,"Rosaceae",NA,3,2021,2024,NA,"Least concern",NA
1038645,347850,"Rosa canina aggr.",NA,"Rosaceae",NA,16,1940,2024,NA,"Least concern",NA
1038665,348310,"Rosa corymbifera aggr.",NA,"Rosaceae",NA,2,2021,2021,NA,"",NA
1038720,348700,"Rosa glauca Pourr.",NA,"Rosaceae",NA,7,1978,2024,NA,"Least concern",NA
1038830,349500,"Rosa pendulina L.",NA,"Rosaceae",NA,42,1925,2025,NA,"Least concern",NA
1038850,349750,"Rosa pseudoscabriuscula (R. Keller) A. W. Hill",NA,"Rosaceae",NA,2,2021,2021,NA,"Least concern",NA
1038940,350400,"Rosa subcanina (Christ) R. Keller",NA,"Rosaceae",NA,12,1940,2021,NA,"Least concern",NA
1038980,350600,"Rosa tomentosa Sm.",NA,"Rosaceae",NA,2,1968,2021,NA,"Least concern",NA
1038970,350650,"Rosa tomentosa aggr.",NA,"Rosaceae",NA,28,1968,2025,NA,"Least concern",NA
1039000,350800,"Rosa villosa L.",NA,"Rosaceae",NA,22,1968,2025,NA,"Near threatened",NA
1039325,353120,"Rubus fruticosus aggr.",NA,"Rosaceae",NA,3,1978,2024,NA,"Least concern",NA
1039550,354400,"Rubus idaeus L.",NA,"Rosaceae",NA,5,2024,2025,NA,"Least concern",NA
1039950,357400,"Rubus saxatilis L.",NA,"Rosaceae",NA,6,1971,2021,NA,"Least concern",NA
1040140,358900,"Rumex acetosa L.",NA,"Polygonaceae",NA,5,1952,2025,NA,"Least concern",NA
1040190,359300,"Rumex alpestris Jacq.",NA,"Polygonaceae",NA,9,1972,2024,NA,"Least concern",NA
1040200,359400,"Rumex alpinus L.",NA,"Polygonaceae",NA,19,1948,2024,NA,"Least concern",NA
1040280,360300,"Rumex nivalis Hegetschw.",NA,"Polygonaceae",NA,6,1880,2020,NA,"Least concern",NA
1040290,360400,"Rumex obtusifolius L.",NA,"Polygonaceae",NA,4,1958,2024,NA,"Least concern",NA
1040360,360900,"Rumex scutatus L.",NA,"Polygonaceae",NA,9,1946,2024,NA,"Least concern",NA
1040480,362300,"Sagina saginoides (L.) H. Karst.",NA,"Caryophyllaceae",NA,8,1931,2024,NA,"Least concern",NA
1040590,363100,"Salix appendiculata Vill.",NA,"Salicaceae",NA,7,1982,2025,NA,"Least concern",NA
1040710,364000,"Salix elaeagnos Scop.",NA,"Salicaceae",NA,3,1973,2024,NA,"Least concern",NA
1040750,364200,"Salix foetida DC.",NA,"Salicaceae",NA,0,1966,1966,NA,"Least concern",NA
1040790,364600,"Salix hastata L.",NA,"Salicaceae",NA,9,1934,2025,NA,"Least concern",NA
1040810,364800,"Salix herbacea L.",NA,"Salicaceae",NA,8,1952,2024,NA,"Least concern",NA
1040860,365000,"Salix myrsinifolia Salisb.",NA,"Salicaceae",NA,2,2024,2024,NA,"Least concern",NA
1040980,366100,"Salix reticulata L.",NA,"Salicaceae",NA,15,1880,2025,NA,"Least concern",NA
1040990,366200,"Salix retusa L.",NA,"Salicaceae",NA,14,1880,2025,NA,"Least concern",NA
1041010,366300,"Salix serpillifolia Scop.",NA,"Salicaceae",NA,1,2025,2025,NA,"Least concern",NA
1041170,367300,"Salvia glutinosa L.",NA,"Lamiaceae",NA,7,1989,2024,NA,"Least concern",NA
1041200,367600,"Salvia pratensis L.",NA,"Lamiaceae",NA,1,2024,2024,NA,"Least concern",NA
1041270,368200,"Sambucus ebulus L.",NA,"Adoxaceae",NA,3,1989,2005,NA,"Least concern",NA
1041280,368300,"Sambucus nigra L.",NA,"Adoxaceae",NA,2,1970,2024,NA,"Least concern",NA
1041300,368400,"Sambucus racemosa L.",NA,"Adoxaceae",NA,5,1974,2025,NA,"Least concern",NA
1041340,368650,"Sanguisorba minor Scop.",NA,"Rosaceae",NA,4,2024,2024,NA,"Least concern",NA
1041380,369100,"Sanicula europaea L.",NA,"Apiaceae",NA,6,1972,2024,NA,"Least concern",NA
1041560,371600,"Saxifraga aizoides L.",NA,"Saxifragaceae",NA,14,1936,2025,NA,"Least concern",NA
1041570,371800,"Saxifraga androsacea L.",NA,"Saxifragaceae",NA,3,1936,2020,NA,"Least concern",NA
1041630,372300,"Saxifraga bryoides L.",NA,"Saxifragaceae",NA,3,1958,2016,NA,"Least concern",NA
1041680,372800,"Saxifraga cuneifolia L.",NA,"Saxifragaceae",NA,9,1931,2025,NA,"Least concern",NA
1041730,373050,"Saxifraga exarata Vill.",NA,"Saxifragaceae",NA,8,1880,2024,NA,"Least concern",NA
1041710,373200,"Saxifraga exarata subsp. moschata (Wulfen) Cavill.",NA,"Saxifragaceae",NA,6,1880,2024,NA,"Least concern",NA
1041860,374450,"Saxifraga oppositifolia L.",NA,"Saxifragaceae",NA,3,1880,1982,NA,"Least concern",NA
1041870,374500,"Saxifraga oppositifolia L. subsp. oppositifolia",NA,"Saxifragaceae",NA,1,1971,1982,NA,"Least concern",NA
1041890,374600,"Saxifraga paniculata Mill.",NA,"Saxifragaceae",NA,32,1972,2025,NA,"Least concern",NA
1041980,375400,"Saxifraga rotundifolia L.",NA,"Saxifragaceae",NA,25,1967,2025,NA,"Least concern",NA
1042000,375700,"Saxifraga seguieri Spreng.",NA,"Saxifragaceae",NA,2,1966,1976,NA,"Least concern",NA
1042010,375800,"Saxifraga stellaris L.",NA,"Saxifragaceae",NA,9,1937,2024,NA,"Least concern",NA
1042090,376500,"Scabiosa columbaria L.",NA,"Caprifoliaceae",NA,9,1952,2024,NA,"Least concern",NA
1042100,376600,"Scabiosa columbaria L. subsp. columbaria",NA,"Caprifoliaceae",NA,5,1989,2022,NA,"Least concern",NA
1042120,377100,"Scabiosa lucida Vill.",NA,"Caprifoliaceae",NA,18,1907,2025,NA,"Least concern",NA
1042620,382100,"Scrophularia nodosa L.",NA,"Scrophulariaceae",NA,2,2022,2024,NA,"Least concern",NA
1042750,383200,"Sedum album L.",NA,"Crassulaceae",NA,13,1940,2025,NA,"Least concern",NA
1042760,383300,"Sedum alpestre Vill.",NA,"Crassulaceae",NA,3,1938,2024,NA,"Least concern",NA
1042800,383700,"Sedum atratum L.",NA,"Crassulaceae",NA,15,1934,2024,NA,"Least concern",NA
1042840,383900,"Sedum dasyphyllum L.",NA,"Crassulaceae",NA,3,1965,2017,NA,"Least concern",NA
1043100,386300,"Selaginella selaginoides (L.) Schrank & Mart.",NA,"Selaginellaceae",NA,9,1927,2025,NA,"Least concern",NA
1043160,387000,"Sempervivum montanum L.",NA,"Crassulaceae",NA,5,1938,2024,NA,"Least concern",NA
1043170,387100,"Sempervivum tectorum L.",NA,"Crassulaceae",NA,14,1969,2025,NA,"Least concern",NA
1043250,387600,"Senecio alpinus (L.) Scop.",NA,"Asteraceae",NA,23,1965,2025,NA,"Least concern",NA
1043280,388200,"Senecio doronicum (L.) L.",NA,"Asteraceae",NA,21,1914,2025,NA,"Least concern",NA
1043410,389600,"Senecio jacobaea L.",NA,"Asteraceae",NA,2,1995,2001,NA,"Least concern",NA
1043430,389800,"Senecio ovatus (G. Gaertn. & al.) Willd.",NA,"Asteraceae",NA,6,1991,2024,NA,"Least concern",NA
1043425,389870,"Senecio ovatus aggr.",NA,"Asteraceae",NA,6,1991,2024,NA,"",NA
1043520,390400,"Senecio viscosus L.",NA,"Asteraceae",NA,3,1940,2024,NA,"Least concern",NA
1043660,391700,"Seseli libanotis (L.) W. D. J. Koch",NA,"Apiaceae",NA,20,1880,2025,NA,"Least concern",NA
1043700,392200,"Sesleria caerulea (L.) Ard.",NA,"Poaceae",NA,17,1962,2025,NA,"Least concern",NA
1043840,393700,"Sibbaldia procumbens L.",NA,"Rosaceae",NA,3,1941,1982,NA,"Least concern",NA
1043890,394300,"Silene acaulis (L.) Jacq.",NA,"Caryophyllaceae",NA,13,1979,2024,NA,"Least concern",NA
1043940,394900,"Silene dioica (L.) Clairv.",NA,"Caryophyllaceae",NA,23,1962,2024,NA,"Least concern",NA
1043960,395100,"Silene exscapa All.",NA,"Caryophyllaceae",NA,1,1880,1880,NA,"Least concern",NA
1044020,396050,"Silene nutans L.",NA,"Caryophyllaceae",NA,6,1982,2024,NA,"Least concern",NA
1044030,396100,"Silene nutans L. subsp. nutans",NA,"Caryophyllaceae",NA,5,1982,2017,NA,"Least concern",NA
1044080,396800,"Silene rupestris L.",NA,"Caryophyllaceae",NA,1,1938,1982,NA,"Least concern",NA
1044140,397295,"Silene vulgaris (Moench) Garcke",NA,"Caryophyllaceae",NA,22,1952,2025,NA,"Least concern",NA
1044150,397300,"Silene vulgaris (Moench) Garcke subsp. vulgaris",NA,"Caryophyllaceae",NA,6,1973,2017,NA,"Least concern",NA
1044160,397400,"Silene vulgaris subsp. glareosa (Jord.) Marsden-Jones & Turrill",NA,"Caryophyllaceae",NA,1,2024,2024,NA,"Least concern",NA
1044400,399500,"Solanum dulcamara L.",NA,"Solanaceae",NA,3,2017,2024,NA,"Least concern",NA
1044540,400600,"Soldanella alpina L.",NA,"Primulaceae",NA,12,1972,2024,NA,"Least concern",NA
1044560,400800,"Soldanella pusilla Baumg.",NA,"Primulaceae",NA,8,1934,2018,NA,"Least concern",NA
1044620,401395,"Solidago virgaurea L.",NA,"Asteraceae",NA,15,1982,2025,NA,"Least concern",NA
1044630,401400,"Solidago virgaurea L. subsp. virgaurea",NA,"Asteraceae",NA,1,1982,2025,NA,"Least concern",NA
1044640,401500,"Solidago virgaurea subsp. minuta (L.) Arcang.",NA,"Asteraceae",NA,9,1982,2024,NA,"Least concern",NA
1044680,401800,"Sonchus asper Hill",NA,"Asteraceae",NA,1,2024,2024,NA,"Least concern",NA
1044690,401900,"Sonchus oleraceus L.",NA,"Asteraceae",NA,3,1989,2005,NA,"Least concern",NA
1044730,402200,"Sorbus aria (L.) Crantz",NA,"Rosaceae",NA,4,2020,2024,NA,"Least concern",NA
1044725,402250,"Sorbus aria aggr.",NA,"Rosaceae",NA,5,1934,2024,NA,"",NA
1044740,402300,"Sorbus aucuparia L.",NA,"Rosaceae",NA,9,2017,2025,NA,"Least concern",NA
1044770,402400,"Sorbus chamaemespilus (L.) Crantz",NA,"Rosaceae",NA,10,1947,2025,NA,"Least concern",NA
1044810,402600,"Sorbus mougeotii Soy.-Will. & Godr.",NA,"Rosaceae",NA,1,1934,1934,NA,"Least concern",NA
1044870,402900,"Sparganium angustifolium Michx.",NA,"Typhaceae",NA,2,1929,1982,NA,"Near threatened",NA
1044950,403800,"Sparganium natans L.",NA,"Typhaceae",NA,1,1904,1904,NA,"Endangered",NA
1045180,405400,"Stachys alpina L.",NA,"Lamiaceae",NA,5,1979,2024,NA,"Least concern",NA
1045310,406800,"Stachys sylvatica L.",NA,"Lamiaceae",NA,2,2024,2024,NA,"Least concern",NA
1045360,407500,"Stellaria graminea L.",NA,"Caryophyllaceae",NA,2,2017,2024,NA,"Least concern",NA
1045390,407800,"Stellaria media (L.) Vill.",NA,"Caryophyllaceae",NA,3,1974,2024,NA,"Least concern",NA
1045400,407805,"Stellaria media aggr.",NA,"Caryophyllaceae",NA,3,1974,2024,NA,"Least concern",NA
1045420,408095,"Stellaria nemorum L.",NA,"Caryophyllaceae",NA,3,1973,2024,NA,"Least concern",NA
1045430,408100,"Stellaria nemorum L. subsp. nemorum",NA,"Caryophyllaceae",NA,1,1973,1973,NA,"Least concern",NA
1045670,409800,"Streptopus amplexifolius (L.) DC.",NA,"Liliaceae",NA,11,1948,2025,NA,"Least concern",NA
1045720,410300,"Swertia perennis L.",NA,"Gentianaceae",NA,3,1900,1900,NA,"Near threatened",NA
1045910,411200,"Tamus communis L.",NA,"Dioscoreaceae",NA,3,1989,2001,NA,"Least concern",NA
1046010,412000,"Taraxacum alpinum aggr.",NA,"Asteraceae",NA,1,1966,1982,NA,"Least concern",NA
1046070,412900,"Taraxacum laevigatum aggr.",NA,"Asteraceae",NA,2,1962,2024,NA,"Least concern",NA
1046080,413100,"Taraxacum officinale aggr.",NA,"Asteraceae",NA,10,1952,2024,NA,"Least concern",NA
1046120,413500,"Taraxacum schroeterianum Hand.-Mazz.",NA,"Asteraceae",NA,0,1982,1982,NA,"Near threatened",NA
1046300,415100,"Teucrium montanum L.",NA,"Lamiaceae",NA,9,1936,2024,NA,"Least concern",NA
1046320,415300,"Teucrium scorodonia L.",NA,"Lamiaceae",NA,2,1989,1999,NA,"Least concern",NA
1046340,415500,"Thalictrum aquilegiifolium L.",NA,"Ranunculaceae",NA,23,1954,2025,NA,"Least concern",NA
1046400,416195,"Thalictrum minus L.",NA,"Ranunculaceae",NA,10,1940,2025,NA,"Least concern",NA
1046410,416196,"Thalictrum minus L. subsp. minus",NA,"Ranunculaceae",NA,1,2020,2020,NA,"Least concern",NA
1046450,417200,"Thesium alpinum L.",NA,"Santalaceae",NA,21,1937,2025,NA,"Least concern",NA
1046630,419095,"Thlaspi rotundifolium (L.) Gaudin",NA,"Brassicaceae",NA,5,1880,2019,NA,"Least concern",NA
1046640,419100,"Thlaspi rotundifolium (L.) Gaudin subsp. rotundifolium",NA,"Brassicaceae",NA,5,1880,2019,NA,"Least concern",NA
1046840,420800,"Thymus praecox Opiz subsp. praecox",NA,"Lamiaceae",NA,1,2017,2017,NA,"Least concern",NA
1046860,420940,"Thymus pulegioides L.",NA,"Lamiaceae",NA,1,2025,2025,NA,"",NA
1046890,421200,"Thymus serpyllum aggr.",NA,"Lamiaceae",NA,24,1921,2025,NA,"Least concern",NA
1046990,421600,"Tofieldia calyculata (L.) Wahlenb.",NA,"Tofieldiaceae",NA,16,1941,2025,NA,"Least concern",NA
1047090,422400,"Tozzia alpina L.",NA,"Orobanchaceae",NA,6,1947,2006,NA,"Least concern",NA
1047180,422950,"Tragopogon pratensis L.",NA,"Asteraceae",NA,3,2024,2024,NA,"Least concern",NA
1047250,423600,"Traunsteinera globosa (L.) Rchb.",NA,"Orchidaceae",NA,23,1961,2025,NA,"Least concern",NA
1047280,423800,"Trichophorum alpinum (L.) Pers.",NA,"Cyperaceae",NA,0,1966,1966,NA,"Near threatened",NA
1047290,423900,"Trichophorum cespitosum (L.) Hartm.",NA,"Cyperaceae",NA,2,1982,2024,NA,"Least concern",NA
1047370,424500,"Trifolium alpinum L.",NA,"Fabaceae",NA,26,1880,2024,NA,"Least concern",NA
1047410,424900,"Trifolium badium Schreb.",NA,"Fabaceae",NA,30,1941,2024,NA,"Least concern",NA
1047460,425595,"Trifolium hybridum L.",NA,"Fabaceae",NA,4,2017,2025,NA,"",NA
1047470,425600,"Trifolium hybridum L. subsp. hybridum",NA,"Fabaceae",NA,1,2017,2017,NA,"",NA
1047520,426000,"Trifolium medium L.",NA,"Fabaceae",NA,7,1958,2024,NA,"Least concern",NA
1047540,426300,"Trifolium montanum L.",NA,"Fabaceae",NA,13,1989,2024,NA,"Least concern",NA
1047570,426700,"Trifolium pallescens Schreb.",NA,"Fabaceae",NA,1,2017,2017,NA,"Least concern",NA
1047600,426895,"Trifolium pratense L.",NA,"Fabaceae",NA,16,1908,2025,NA,"Least concern",NA
1047610,426900,"Trifolium pratense L. subsp. pratense",NA,"Fabaceae",NA,4,1908,2024,NA,"Least concern",NA
1047630,427100,"Trifolium repens L.",NA,"Fabaceae",NA,9,1952,2024,NA,"Least concern",NA
1047640,427200,"Trifolium repens L. subsp. repens",NA,"Fabaceae",NA,2,1962,2017,NA,"Least concern",NA
1047670,427500,"Trifolium rubens L.",NA,"Fabaceae",NA,1,1940,1940,NA,"Near threatened",NA
1047760,428100,"Trifolium thalii Vill.",NA,"Fabaceae",NA,13,1880,2024,NA,"Least concern",NA
1047840,428700,"Tripleurospermum inodorum (L.) Sch. Bip.",NA,"Asteraceae",NA,0,1982,1982,NA,"Least concern",NA
1047880,429300,"Trisetum distichophyllum (Vill.) P. Beauv.",NA,"Poaceae",NA,1,1982,2016,NA,"Least concern",NA
1047890,429400,"Trisetum flavescens (L.) P. Beauv.",NA,"Poaceae",NA,1,1927,1982,NA,"Least concern",NA
1047920,429500,"Trisetum spicatum (L.) K. Richt.",NA,"Poaceae",NA,0,1982,1982,NA,"Least concern",NA
1048030,430600,"Trollius europaeus L.",NA,"Ranunculaceae",NA,24,1880,2025,NA,"Least concern",NA
1048210,431900,"Turritis glabra L.",NA,"Brassicaceae",NA,1,2002,2002,NA,"Least concern",NA
1048220,432000,"Tussilago farfara L.",NA,"Asteraceae",NA,15,1962,2025,NA,"Least concern",NA
1048310,432800,"Ulmus glabra Huds.",NA,"Ulmaceae",NA,1,2024,2024,NA,"Least concern",NA
1048360,433400,"Urtica dioica L.",NA,"Urticaceae",NA,9,1980,2025,NA,"Least concern",NA
1048470,434500,"Vaccinium gaultherioides Bigelow",NA,"Ericaceae",NA,3,2024,2025,NA,"Least concern",NA
1048500,434800,"Vaccinium myrtillus L.",NA,"Ericaceae",NA,13,1952,2025,NA,"Least concern",NA
1048530,435000,"Vaccinium uliginosum L.",NA,"Ericaceae",NA,1,1969,1969,NA,"Near threatened",NA
1048520,435100,"Vaccinium uliginosum aggr.",NA,"Ericaceae",NA,5,1952,2025,NA,"Least concern",NA
1048540,435300,"Vaccinium vitis-idaea L.",NA,"Ericaceae",NA,4,1982,2024,NA,"Least concern",NA
1048590,435700,"Valeriana montana L.",NA,"Caprifoliaceae",NA,3,1961,2024,NA,"Least concern",NA
1048610,435800,"Valeriana officinalis L.",NA,"Caprifoliaceae",NA,1,2024,2024,NA,"Least concern",NA
1048600,435900,"Valeriana officinalis aggr.",NA,"Caprifoliaceae",NA,5,1980,2024,NA,"Least concern",NA
1048690,436700,"Valeriana tripteris L.",NA,"Caprifoliaceae",NA,11,1967,2025,NA,"Least concern",NA
1048720,437000,"Valeriana wallrothii Kreyer",NA,"Caprifoliaceae",NA,1,1980,1980,NA,"Near threatened",NA
1048820,437800,"Veratrum album L.",NA,"Melanthiaceae",NA,26,1965,2025,NA,"Least concern",NA
1048830,437900,"Veratrum album L. subsp. album",NA,"Melanthiaceae",NA,6,1965,2006,NA,"Data deficient",NA
1048840,438000,"Veratrum album subsp. lobelianum (Bernh.) Arcang.",NA,"Melanthiaceae",NA,2,2022,2024,NA,"Least concern",NA
1048950,439100,"Verbascum nigrum L.",NA,"Scrophulariaceae",NA,1,2025,2025,NA,"Least concern",NA
1049070,440000,"Verbena officinalis L.",NA,"Verbenaceae",NA,3,1989,2004,NA,"Least concern",NA
1049120,440400,"Veronica alpina L.",NA,"Plantaginaceae",NA,11,1948,2024,NA,"Least concern",NA
1049150,440700,"Veronica aphylla L.",NA,"Plantaginaceae",NA,15,1965,2024,NA,"Least concern",NA
1049160,440800,"Veronica arvensis L.",NA,"Plantaginaceae",NA,2,2024,2024,NA,"Least concern",NA
1049180,441000,"Veronica beccabunga L.",NA,"Plantaginaceae",NA,12,1969,2024,NA,"Least concern",NA
1049190,441100,"Veronica bellidioides L.",NA,"Plantaginaceae",NA,2,1952,1982,NA,"Least concern",NA
1049210,441400,"Veronica chamaedrys L.",NA,"Plantaginaceae",NA,7,1962,2024,NA,"Least concern",NA
1049260,441600,"Veronica filiformis Sm.",NA,"Plantaginaceae",NA,1,2024,2024,NA,"",NA
1049270,441700,"Veronica fruticans Jacq.",NA,"Plantaginaceae",NA,17,1948,2024,NA,"Least concern",NA
1049280,441800,"Veronica fruticulosa L.",NA,"Plantaginaceae",NA,11,1965,2025,NA,"Least concern",NA
1049330,442300,"Veronica montana L.",NA,"Plantaginaceae",NA,1,2024,2024,NA,"Least concern",NA
1049460,443395,"Veronica serpyllifolia L.",NA,"Plantaginaceae",NA,8,1948,2024,NA,"Least concern",NA
1049470,443400,"Veronica serpyllifolia L. subsp. serpyllifolia",NA,"Plantaginaceae",NA,2,1948,1965,NA,"Least concern",NA
1049480,443500,"Veronica serpyllifolia subsp. humifusa (Dicks.) Syme",NA,"Plantaginaceae",NA,5,1982,2024,NA,"Least concern",NA
1049520,444100,"Veronica urticifolia Jacq.",NA,"Plantaginaceae",NA,6,2021,2024,NA,"Least concern",NA
1049540,444300,"Viburnum lantana L.",NA,"Adoxaceae",NA,3,2020,2025,NA,"Least concern",NA
1049860,447400,"Vicia sepium L.",NA,"Fabaceae",NA,9,1961,2024,NA,"Least concern",NA
1049880,447700,"Vicia sylvatica L.",NA,"Fabaceae",NA,2,2024,2024,NA,"Least concern",NA
1049960,448500,"Vincetoxicum hirundinaria Medik.",NA,"Apocynaceae",NA,10,1961,2024,NA,"Least concern",NA
1050010,449100,"Viola biflora L.",NA,"Violaceae",NA,19,1938,2024,NA,"Least concern",NA
1050020,449200,"Viola calcarata L.",NA,"Violaceae",NA,7,1952,2019,NA,"Least concern",NA
1050100,449700,"Viola cenisia L.",NA,"Violaceae",NA,0,1966,1966,NA,"Least concern",NA
1050110,449800,"Viola collina Besser",NA,"Violaceae",NA,1,1966,1966,NA,"Least concern",NA
1050170,450300,"Viola hirta L.",NA,"Violaceae",NA,4,1941,2024,NA,"Least concern",NA
1050190,450500,"Viola lutea Huds.",NA,"Violaceae",NA,30,1880,2025,NA,"Least concern",NA
1050200,450600,"Viola mirabilis L.",NA,"Violaceae",NA,6,1963,1981,NA,"Near threatened",NA
1050220,451100,"Viola palustris L.",NA,"Violaceae",NA,6,1934,2024,NA,"Least concern",NA
1050260,451500,"Viola pyrenaica DC.",NA,"Violaceae",NA,3,1966,1982,NA,"Near threatened",NA
1050270,451600,"Viola reichenbachiana Boreau",NA,"Violaceae",NA,1,2024,2024,NA,"Least concern",NA
1050280,451700,"Viola riviniana Rchb.",NA,"Violaceae",NA,2,1974,2024,NA,"Least concern",NA
1050340,452500,"Viola tricolor L.",NA,"Violaceae",NA,3,2018,2023,NA,"",NA
1050345,452501,"Viola tricolor L. subsp. tricolor",NA,"Violaceae",NA,1,2021,2021,NA,"Least concern",NA
1050330,452510,"Viola tricolor aggr.",NA,"Violaceae",NA,3,2018,2023,NA,"Least concern",NA
1050350,452505,"Viola tricolor subsp. subalpina Gaudin",NA,"Violaceae",NA,2,2018,2023,NA,"Least concern",NA
1000000,100,"Abies alba Mill.",NA,"Pinaceae",NA,5,2009,2024,NA,"Least concern",NA
1000130,800,"Acer pseudoplatanus L.",NA,"Sapindaceae",NA,10,1982,2024,NA,"Least concern",NA
1000180,1000,"Achillea atrata L.",NA,"Asteraceae",NA,1,1982,1984,NA,"Least concern",NA
1000310,1600,"Achillea macrophylla L.",NA,"Asteraceae",NA,6,1914,2024,NA,"Least concern",NA
1000330,1700,"Achillea millefolium L.",NA,"Asteraceae",NA,2,2017,2024,NA,"Least concern",NA
1000320,1706,"Achillea millefolium aggr.",NA,"Asteraceae",NA,9,2004,2024,NA,"Least concern",NA
1000460,2800,"Acinos alpinus (L.) Moench",NA,"Lamiaceae",NA,13,1982,2024,NA,"Least concern",NA
1000543,3510,"Aconitum lycoctonum L.",NA,"Ranunculaceae",NA,12,1982,2024,NA,"Least concern",NA
1000548,3520,"Aconitum lycoctonum subsp. neapolitanum (Ten.) Nyman",NA,"Ranunculaceae",NA,3,1982,2023,NA,"Least concern",NA
1000563,3540,"Aconitum napellus L.",NA,"Ranunculaceae",NA,17,1982,2024,NA,"Least concern",NA
1000567,3580,"Aconitum napellus subsp. vulgare Rouy & Foucaud",NA,"Ranunculaceae",NA,2,2015,2017,NA,"Least concern",NA
1000620,4390,"Aconitum variegatum L.",NA,"Ranunculaceae",NA,5,2004,2024,NA,"Least concern",NA
1000660,4600,"Aconitum variegatum subsp. paniculatum (Arcang.) Negodi",NA,"Ranunculaceae",NA,2,2024,2024,NA,"Least concern",NA
1000730,5200,"Actaea spicata L.",NA,"Ranunculaceae",NA,2,2004,2009,NA,"Least concern",NA
1000770,5400,"Adenostyles alliariae (Gouan) A. Kern.",NA,"Asteraceae",NA,12,1982,2024,NA,"Least concern",NA
1000780,5450,"Adenostyles alpina (L.) Bluff & Fingerh.",NA,"Asteraceae",NA,9,1982,2024,NA,"Least concern",NA
1001060,8400,"Agrostis alpina Scop.",NA,"Poaceae",NA,2,1982,2009,NA,"Least concern",NA
1001080,8600,"Agrostis capillaris L.",NA,"Poaceae",NA,12,1958,2024,NA,"Least concern",NA
1001090,8700,"Agrostis gigantea Roth",NA,"Poaceae",NA,3,2004,2014,NA,"Least concern",NA
1001100,8900,"Agrostis rupestris All.",NA,"Poaceae",NA,10,1958,2014,NA,"Least concern",NA
1001110,9000,"Agrostis schleicheri Jord. & Verl.",NA,"Poaceae",NA,2,2024,2024,NA,"Least concern",NA
1001120,9100,"Agrostis schraderiana Bech.",NA,"Poaceae",NA,5,1982,2024,NA,"Least concern",NA
1001130,9300,"Agrostis stolonifera L.",NA,"Poaceae",NA,6,1982,2024,NA,"Least concern",NA
1001220,10300,"Ajuga pyramidalis L.",NA,"Lamiaceae",NA,8,1982,2024,NA,"Least concern",NA
1001230,10400,"Ajuga reptans L.",NA,"Lamiaceae",NA,10,2009,2024,NA,"Least concern",NA
1001340,11200,"Alchemilla alpina aggr.",NA,"Rosaceae",NA,4,1958,2024,NA,"Least concern",NA
1001330,11100,"Alchemilla alpina superaggr.",NA,"",NA,5,1958,2024,NA,"",NA
1001420,12000,"Alchemilla conjuncta aggr.",NA,"Rosaceae",NA,1,2014,2014,NA,"Least concern",NA
1001410,12100,"Alchemilla conjuncta superaggr.",NA,"",NA,5,1963,2024,NA,"",NA
1001470,12500,"Alchemilla coriacea aggr.",NA,"Rosaceae",NA,3,2023,2023,NA,"Least concern",NA
1001650,13890,"Alchemilla fissa Günther & Schummel",NA,"Rosaceae",NA,2,1962,2024,NA,"Least concern",NA
1001640,14000,"Alchemilla fissa aggr.",NA,"Rosaceae",NA,2,1962,2024,NA,"Least concern",NA
1001750,14895,"Alchemilla glabra Neygenf.",NA,"Rosaceae",NA,1,2022,2022,NA,"Least concern",NA
1001740,15000,"Alchemilla glabra aggr.",NA,"Rosaceae",NA,2,1982,2024,NA,"Least concern",NA
1002050,17500,"Alchemilla nitida Buser",NA,"Rosaceae",NA,2,2024,2024,NA,"Least concern",NA
1002110,18100,"Alchemilla pentaphyllea L.",NA,"Rosaceae",NA,3,1962,2024,NA,"Least concern",NA
1002150,18500,"Alchemilla plicatula aggr.",NA,"Rosaceae",NA,2,2024,2024,NA,"Least concern",NA
1002440,21100,"Alchemilla vulgaris aggr.",NA,"Rosaceae",NA,20,1958,2024,NA,"Least concern",NA
1002640,23100,"Allium lusitanicum Lam.",NA,"Amaryllidaceae",NA,0,1982,1982,NA,"Least concern",NA
1002740,24200,"Allium schoenoprasum L.",NA,"Amaryllidaceae",NA,10,1982,2024,NA,"Least concern",NA
1002800,24900,"Allium victorialis L.",NA,"Amaryllidaceae",NA,3,1982,2024,NA,"Least concern",NA
1002870,25400,"Alnus viridis (Chaix) DC.",NA,"Betulaceae",NA,11,2004,2024,NA,"Least concern",NA
1002920,26000,"Alopecurus pratensis L.",NA,"Poaceae",NA,1,2019,2019,NA,"Least concern",NA
1003540,31800,"Androsace chamaejasme Wulfen",NA,"Primulaceae",NA,13,1962,2024,NA,"Least concern",NA
1003570,32100,"Androsace helvetica (L.) All.",NA,"Primulaceae",NA,5,1962,2024,NA,"Least concern",NA
1003620,32600,"Androsace pubescens DC.",NA,"Primulaceae",NA,0,1982,1982,NA,"Near threatened",NA
1003760,33400,"Anemone narcissiflora L.",NA,"Ranunculaceae",NA,13,1994,2024,NA,"Least concern",NA
1003780,33700,"Anemone ranunculoides L.",NA,"Ranunculaceae",NA,1,2014,2014,NA,"Least concern",NA
1003820,34100,"Angelica sylvestris L.",NA,"Apiaceae",NA,1,2024,2024,NA,"Least concern",NA
1003850,34400,"Antennaria dioica (L.) Gaertn.",NA,"Asteraceae",NA,2,1982,2024,NA,"Least concern",NA
1003940,35300,"Anthoxanthum alpinum Á. Löve & D. Löve",NA,"Poaceae",NA,4,1982,2024,NA,"Least concern",NA
1003970,35400,"Anthoxanthum odoratum L.",NA,"Poaceae",NA,11,1958,2024,NA,"Least concern",NA
1003960,35500,"Anthoxanthum odoratum aggr.",NA,"Poaceae",NA,25,1958,2024,NA,"Least concern",NA
1004070,36790,"Anthyllis vulneraria L.",NA,"Fabaceae",NA,14,1982,2024,NA,"Least concern",NA
1004090,36900,"Anthyllis vulneraria subsp. alpestris (Schult.) Asch. & Graebn.",NA,"Fabaceae",NA,4,1982,2024,NA,"Least concern",NA
1004100,37000,"Anthyllis vulneraria subsp. carpatica (Pant.) Nyman",NA,"Fabaceae",NA,0,1982,1982,NA,"Least concern",NA
1004300,38800,"Aquilegia alpina L.",NA,"Ranunculaceae",NA,11,1900,2024,NA,"Near threatened",NA
1004360,39350,"Arabis alpina L.",NA,"Brassicaceae",NA,16,1962,2024,NA,"Least concern",NA
1004370,39400,"Arabis alpina L. subsp. alpina",NA,"Brassicaceae",NA,4,1962,2020,NA,"",NA
1004440,40200,"Arabis ciliata Clairv.",NA,"Brassicaceae",NA,7,1982,2024,NA,"Least concern",NA
1004470,40605,"Arabis hirsuta aggr.",NA,"Brassicaceae",NA,5,1982,2024,NA,"Least concern",NA
1004570,42000,"Arabis subcoriacea Gren.",NA,"Brassicaceae",NA,9,1962,2024,NA,"Least concern",NA
1004680,43000,"Arctostaphylos alpina (L.) Spreng.",NA,"Ericaceae",NA,4,2004,2024,NA,"Least concern",NA
1004690,43100,"Arctostaphylos uva-ursi (L.) Spreng.",NA,"Ericaceae",NA,3,1982,2024,NA,"Least concern",NA
1004740,43500,"Arenaria ciliata L.",NA,"Caryophyllaceae",NA,2,1962,2024,NA,"",NA
1004730,43505,"Arenaria ciliata aggr.",NA,"Caryophyllaceae",NA,5,1962,2024,NA,"Least concern",NA
1004910,45700,"Arnica montana L.",NA,"Asteraceae",NA,17,1958,2025,NA,"Least concern",NA
1005130,47700,"Artemisia umbelliformis Lam.",NA,"Asteraceae",NA,11,1962,2024,NA,"Least concern",NA
1005280,49100,"Asperugo procumbens L.",NA,"Boraginaceae",NA,0,1982,1982,NA,"Near threatened",NA
1005380,49900,"Asplenium adiantum-nigrum L.",NA,"Aspleniaceae",NA,1,2014,2014,NA,"Least concern",NA
1005639,49910,"Asplenium adiantum-nigrum aggr.",NA,"Aspleniaceae",NA,1,2014,2014,NA,"",NA
1005500,50900,"Asplenium ruta-muraria L.",NA,"Aspleniaceae",NA,7,2004,2024,NA,"Least concern",NA
1005550,51400,"Asplenium trichomanes L.",NA,"Aspleniaceae",NA,6,1982,2024,NA,"Least concern",NA
1005610,51500,"Asplenium viride Huds.",NA,"Aspleniaceae",NA,12,1982,2024,NA,"Least concern",NA
1005640,51800,"Aster alpinus L.",NA,"Asteraceae",NA,12,1880,2024,NA,"Least concern",NA
1005660,52000,"Aster bellidiastrum (L.) Scop.",NA,"Asteraceae",NA,29,1982,2024,NA,"Least concern",NA
1005790,53200,"Astragalus alpinus L.",NA,"Fabaceae",NA,12,1982,2024,NA,"Least concern",NA
1005870,53900,"Astragalus frigidus (L.) A. Gray",NA,"Fabaceae",NA,9,1982,2024,NA,"Least concern",NA
1005880,54000,"Astragalus glycyphyllos L.",NA,"Fabaceae",NA,2,2019,2019,NA,"Least concern",NA
1005940,54600,"Astragalus penduliflorus Lam.",NA,"Fabaceae",NA,2,1982,2021,NA,"Least concern",NA
1006020,55200,"Astrantia major L.",NA,"Apiaceae",NA,9,2004,2024,NA,"Least concern",NA
1006050,55300,"Astrantia minor L.",NA,"Apiaceae",NA,8,1982,2024,NA,"Least concern",NA
1006060,55400,"Athamanta cretensis L.",NA,"Apiaceae",NA,12,1980,2024,NA,"Least concern",NA
1006080,55600,"Athyrium distentifolium Opiz",NA,"Athyriaceae",NA,1,2022,2022,NA,"Least concern",NA
1006090,55700,"Athyrium filix-femina (L.) Roth",NA,"Athyriaceae",NA,9,2004,2024,NA,"Least concern",NA
1006320,57400,"Avenella flexuosa (L.) Drejer",NA,"Poaceae",NA,8,1958,2024,NA,"Least concern",NA
1006420,58300,"Barbarea intermedia Boreau",NA,"Brassicaceae",NA,1,1984,1984,NA,"Least concern",NA
1006460,58700,"Bartsia alpina L.",NA,"Orobanchaceae",NA,32,1980,2024,NA,"Least concern",NA
1006490,59100,"Bellis perennis L.",NA,"Asteraceae",NA,9,1982,2025,NA,"Least concern",NA
1006600,60400,"Betula pendula Roth",NA,"Betulaceae",NA,5,2009,2024,NA,"Least concern",NA
1006595,60450,"Betula pendula aggr.",NA,"Betulaceae",NA,6,2004,2024,NA,"",NA
1006610,60500,"Betula pubescens Ehrh.",NA,"Betulaceae",NA,1,2004,2004,NA,"Least concern",NA
1006780,62000,"Biscutella laevigata L.",NA,"Brassicaceae",NA,10,1980,2024,NA,"Least concern",NA
1006900,62800,"Blysmus compressus (L.) Link",NA,"Cyperaceae",NA,13,1967,2024,NA,"Least concern",NA
1006990,63300,"Botrychium lunaria (L.) Sw.",NA,"Ophioglossaceae",NA,13,1982,2024,NA,"Least concern",NA
1007090,64200,"Brachypodium sylvaticum (Huds.) P. Beauv.",NA,"Poaceae",NA,1,2004,2004,NA,"Least concern",NA
1007200,65200,"Briza media L.",NA,"Poaceae",NA,22,1982,2024,NA,"Least concern",NA
1007800,69900,"Bupleurum ranunculoides L.",NA,"Apiaceae",NA,16,1915,2024,NA,"Least concern",NA
1007810,70000,"Bupleurum ranunculoides L. subsp. ranunculoides",NA,"Apiaceae",NA,7,1915,2024,NA,"Least concern",NA
1007840,70300,"Bupleurum stellatum L.",NA,"Apiaceae",NA,1,1982,2014,NA,"Least concern",NA
1007940,71400,"Calamagrostis varia (Schrad.) Host",NA,"Poaceae",NA,5,2004,2024,NA,"Least concern",NA
1007950,71500,"Calamagrostis villosa (Chaix) J. F. Gmel.",NA,"Poaceae",NA,2,2004,2019,NA,"Least concern",NA
1008130,73300,"Callitriche palustris L.",NA,"Plantaginaceae",NA,1,1969,1969,NA,"Least concern",NA
1008160,73600,"Calluna vulgaris (L.) Hull",NA,"Ericaceae",NA,25,1958,2025,NA,"Least concern",NA
1008180,73700,"Caltha palustris L.",NA,"Ranunculaceae",NA,33,1980,2024,NA,"Least concern",NA
1008300,74700,"Campanula barbata L.",NA,"Campanulaceae",NA,15,1958,2025,NA,"Least concern",NA
1008370,75000,"Campanula cenisia L.",NA,"Campanulaceae",NA,4,1914,2020,NA,"Least concern",NA
1008390,75200,"Campanula cochleariifolia Lam.",NA,"Campanulaceae",NA,9,1962,2024,NA,"Least concern",NA
1008630,77000,"Campanula rhomboidalis L.",NA,"Campanulaceae",NA,7,2004,2024,NA,"Least concern",NA
1008640,77100,"Campanula rotundifolia L.",NA,"Campanulaceae",NA,5,2004,2021,NA,"Least concern",NA
1008650,77200,"Campanula scheuchzeri Vill.",NA,"Campanulaceae",NA,16,1958,2024,NA,"Least concern",NA
1008680,77500,"Campanula thyrsoides L.",NA,"Campanulaceae",NA,6,1982,2022,NA,"Least concern",NA
1008720,77900,"Capsella bursa-pastoris (L.) Medik.",NA,"Brassicaceae",NA,7,2004,2024,NA,"Least concern",NA
1008790,78300,"Cardamine amara L.",NA,"Brassicaceae",NA,3,1982,2024,NA,"Least concern",NA
1008870,78690,"Cardamine flexuosa With.",NA,"Brassicaceae",NA,1,2024,2024,NA,"",NA
1008855,78700,"Cardamine flexuosa aggr.",NA,"Brassicaceae",NA,5,2004,2024,NA,"Least concern",NA
1008890,78900,"Cardamine hirsuta L.",NA,"Brassicaceae",NA,1,2004,2004,NA,"Least concern",NA
1008950,79600,"Cardamine pentaphyllos (L.) Crantz",NA,"Brassicaceae",NA,5,1980,2024,NA,"Least concern",NA
1008970,79900,"Cardamine pratensis aggr.",NA,"Brassicaceae",NA,6,2014,2024,NA,"Least concern",NA
1009020,80300,"Cardamine resedifolia L.",NA,"Brassicaceae",NA,2,1880,1982,NA,"Least concern",NA
1009170,81595,"Carduus defloratus L.",NA,"Asteraceae",NA,15,2004,2024,NA,"Least concern",NA
1009330,83350,"Carex atrata L.",NA,"Cyperaceae",NA,2,1982,2024,NA,"Least concern",NA
1009340,83400,"Carex atrata L. subsp. atrata",NA,"Cyperaceae",NA,1,1982,2024,NA,"Least concern",NA
1009320,83405,"Carex atrata aggr.",NA,"Cyperaceae",NA,6,1962,2024,NA,"",NA
1009410,84100,"Carex brachystachys Schrank",NA,"Cyperaceae",NA,2,2024,2024,NA,"Least concern",NA
1009440,84400,"Carex brunnescens (Pers.) Poir.",NA,"Cyperaceae",NA,1,1982,1984,NA,"Least concern",NA
1009480,84600,"Carex canescens L.",NA,"Cyperaceae",NA,9,1962,2024,NA,"Least concern",NA
1009490,84700,"Carex capillaris L.",NA,"Cyperaceae",NA,5,1968,2023,NA,"Least concern",NA
1009510,84900,"Carex caryophyllea Latourr.",NA,"Cyperaceae",NA,3,1982,2019,NA,"Least concern",NA
1009540,85395,"Carex curvula All.",NA,"Cyperaceae",NA,0,1982,1982,NA,"Least concern",NA
1009550,85400,"Carex curvula All. subsp. curvula",NA,"Cyperaceae",NA,0,1982,1982,NA,"Least concern",NA
1009570,85700,"Carex davalliana Sm.",NA,"Cyperaceae",NA,21,1982,2024,NA,"Least concern",NA
1009610,86100,"Carex digitata L.",NA,"Cyperaceae",NA,2,1982,2009,NA,"Least concern",NA
1009620,86200,"Carex dioica L.",NA,"Cyperaceae",NA,1,2023,2023,NA,"Vulnerable",NA
1009680,86700,"Carex echinata Murray",NA,"Cyperaceae",NA,16,1982,2024,NA,"Least concern",NA
1009730,87200,"Carex ferruginea Scop.",NA,"Cyperaceae",NA,17,1982,2024,NA,"Least concern",NA
1009750,87400,"Carex firma Host",NA,"Cyperaceae",NA,1,1962,1982,NA,"Least concern",NA
1009760,87500,"Carex flacca Schreb.",NA,"Cyperaceae",NA,15,2004,2024,NA,"Least concern",NA
1009780,87600,"Carex flava L.",NA,"Cyperaceae",NA,6,1982,2024,NA,"Least concern",NA
1009770,87605,"Carex flava aggr.",NA,"Cyperaceae",NA,24,1969,2024,NA,"Least concern",NA
1009800,87800,"Carex frigida All.",NA,"Cyperaceae",NA,3,1982,2014,NA,"Least concern",NA
1009870,88500,"Carex heleonastes L. f.",NA,"Cyperaceae",NA,0,1966,1966,NA,"Endangered",NA
1009880,88600,"Carex hirta L.",NA,"Cyperaceae",NA,1,2019,2019,NA,"Least concern",NA
1009920,89100,"Carex lachenalii Schkuhr",NA,"Cyperaceae",NA,1,1966,1968,NA,"Least concern",NA
1009970,89500,"Carex leporina L.",NA,"Cyperaceae",NA,6,1982,2024,NA,"Least concern",NA
1009980,89600,"Carex limosa L.",NA,"Cyperaceae",NA,1,1982,2014,NA,"Near threatened",NA
1010040,90300,"Carex montana L.",NA,"Cyperaceae",NA,3,2004,2019,NA,"Least concern",NA
1010070,90700,"Carex nigra (L.) Reichard",NA,"Cyperaceae",NA,23,1958,2024,NA,"Least concern",NA
1010090,91200,"Carex ornithopoda Willd.",NA,"Cyperaceae",NA,8,1982,2024,NA,"Least concern",NA
1010130,91600,"Carex pallescens L.",NA,"Cyperaceae",NA,13,1958,2024,NA,"Least concern",NA
1010140,91700,"Carex panicea L.",NA,"Cyperaceae",NA,10,1982,2024,NA,"Least concern",NA
1010150,91800,"Carex paniculata L.",NA,"Cyperaceae",NA,12,1982,2024,NA,"Least concern",NA
1010160,92000,"Carex parviflora Host",NA,"Cyperaceae",NA,4,1962,2014,NA,"Least concern",NA
1010170,92100,"Carex pauciflora Lightf.",NA,"Cyperaceae",NA,1,2014,2014,NA,"Near threatened",NA
1010180,92200,"Carex paupercula Michx.",NA,"Cyperaceae",NA,3,1880,2025,NA,"Near threatened",NA
1010210,92500,"Carex pilulifera L.",NA,"Cyperaceae",NA,4,1958,2023,NA,"Least concern",NA
1010320,93700,"Carex rostrata Stokes",NA,"Cyperaceae",NA,13,1982,2024,NA,"Least concern",NA
1010340,93900,"Carex sempervirens Vill.",NA,"Cyperaceae",NA,22,1958,2024,NA,"Least concern",NA
1010390,94700,"Carex sylvatica Huds.",NA,"Cyperaceae",NA,7,2004,2024,NA,"Least concern",NA
1010440,95400,"Carex viridula Michx.",NA,"Cyperaceae",NA,1,1969,1969,NA,"Near threatened",NA
1010490,95800,"Carlina acaulis L.",NA,"Asteraceae",NA,10,1982,2024,NA,"Least concern",NA
1010510,96000,"Carlina acaulis subsp. caulescens (Lam.) Schübl. & G. Martens",NA,"Asteraceae",NA,1,2004,2004,NA,"",NA
1010610,97100,"Carum carvi L.",NA,"Apiaceae",NA,7,2004,2024,NA,"Least concern",NA
1010820,98750,"Centaurea jacea L.",NA,"Asteraceae",NA,1,2017,2017,NA,"Least concern",NA
1010865,99030,"Centaurea jacea aggr.",NA,"Asteraceae",NA,1,2017,2017,NA,"",NA
1010890,99200,"Centaurea montana L.",NA,"Asteraceae",NA,12,1982,2024,NA,"Least concern",NA
1010980,99995,"Centaurea scabiosa L.",NA,"Asteraceae",NA,3,2021,2024,NA,"Least concern",NA
1011000,100100,"Centaurea scabiosa subsp. alpestris (Hegetschw.) Nyman",NA,"Asteraceae",NA,1,2021,2021,NA,"Least concern",NA
1011250,102200,"Cerastium alpinum L.",NA,"Caryophyllaceae",NA,2,1982,2009,NA,"Least concern",NA
1011270,102595,"Cerastium arvense L.",NA,"Caryophyllaceae",NA,12,1970,2024,NA,"Least concern",NA
1011300,102700,"Cerastium arvense subsp. strictum (W. D. J. Koch) Schinz & R. Keller",NA,"Caryophyllaceae",NA,4,1970,2024,NA,"Least concern",NA
1011370,103400,"Cerastium cerastoides (L.) Britton",NA,"Caryophyllaceae",NA,3,1967,2014,NA,"Least concern",NA
1011390,103595,"Cerastium fontanum Baumg.",NA,"Caryophyllaceae",NA,8,1958,2024,NA,"Least concern",NA
1011420,103800,"Cerastium fontanum subsp. vulgare (Hartm.) Greuter & Burdet",NA,"Caryophyllaceae",NA,2,1958,1982,NA,"Least concern",NA
1011450,104200,"Cerastium latifolium L.",NA,"Caryophyllaceae",NA,2,1982,2020,NA,"Least concern",NA
1011590,105700,"Cerinthe glabra Mill.",NA,"Boraginaceae",NA,14,1962,2025,NA,"Least concern",NA
1011710,106700,"Chaerophyllum hirsutum L.",NA,"Apiaceae",NA,9,1982,2023,NA,"Least concern",NA
1011700,106705,"Chaerophyllum hirsutum aggr.",NA,"Apiaceae",NA,16,1982,2024,NA,"Least concern",NA
1011810,107700,"Chamorchis alpina (L.) Rich.",NA,"Orchidaceae",NA,15,1886,2022,NA,"Least concern",NA
50021,NA,"Chara vulgaris L.",NA,"Characeae",NA,1,2024,2024,NA,"Vulnerable",NA
50010,NA,"Chara vulgaris aggr.",NA,"Characeae",NA,3,2024,2024,NA,"",NA
1011880,108500,"Chenopodium bonus-henricus L.",NA,"Amaranthaceae",NA,10,1982,2025,NA,"Least concern",NA
1012160,112500,"Chrysosplenium alternifolium L.",NA,"Saxifragaceae",NA,3,2004,2019,NA,"Least concern",NA
1012190,112800,"Cicerbita alpina (L.) Wallr.",NA,"Asteraceae",NA,7,2004,2023,NA,"Least concern",NA
1012300,113700,"Cirsium acaule Scop.",NA,"Asteraceae",NA,8,1982,2024,NA,"Least concern",NA
1012400,114800,"Cirsium oleraceum (L.) Scop.",NA,"Asteraceae",NA,9,2004,2024,NA,"Least concern",NA
1012420,114900,"Cirsium palustre (L.) Scop.",NA,"Asteraceae",NA,2,2019,2019,NA,"Least concern",NA
1012450,115300,"Cirsium spinosissimum (L.) Scop.",NA,"Asteraceae",NA,14,1958,2024,NA,"Least concern",NA
1012660,116600,"Clinopodium vulgare L.",NA,"Lamiaceae",NA,5,2004,2024,NA,"Least concern",NA
1012750,117200,"Coeloglossum viride (L.) Hartm.",NA,"Orchidaceae",NA,22,1962,2024,NA,"Least concern",NA
1013020,118800,"Convallaria majalis L.",NA,"Asparagaceae",NA,3,2019,2023,NA,"Least concern",NA
1013090,119400,"Corallorhiza trifida Châtel.",NA,"Orchidaceae",NA,4,2008,2024,NA,"Least concern",NA
1013210,120400,"Coronilla vaginalis Lam.",NA,"Fabaceae",NA,6,2004,2024,NA,"Least concern",NA
1013450,121800,"Cotoneaster integerrimus Medik.",NA,"Rosaceae",NA,7,1982,2024,NA,"Least concern",NA
1013510,122000,"Cotoneaster tomentosus Lindl.",NA,"Rosaceae",NA,3,2004,2024,NA,"Least concern",NA
1013620,122900,"Crepis alpestris (Jacq.) Tausch",NA,"Asteraceae",NA,1,2024,2024,NA,"Least concern",NA
1013630,123000,"Crepis aurea (L.) Cass.",NA,"Asteraceae",NA,17,1958,2024,NA,"Least concern",NA
1013760,124300,"Crepis paludosa (L.) Moench",NA,"Asteraceae",NA,20,2004,2024,NA,"Least concern",NA
1013800,124800,"Crepis pyrenaica (L.) Greuter",NA,"Asteraceae",NA,8,2004,2024,NA,"Least concern",NA
1013880,125800,"Crocus albiflorus Kit.",NA,"Iridaceae",NA,8,1982,2024,NA,"Least concern",NA
1014130,127800,"Cuscuta epithymum (L.) L.",NA,"Convolvulaceae",NA,4,2009,2023,NA,"Least concern",NA
1014320,129400,"Cynosurus cristatus L.",NA,"Poaceae",NA,1,2009,2009,NA,"Least concern",NA
1014500,130500,"Cystopteris alpina (Lam.) Desv.",NA,"Cystopteridaceae",NA,5,1982,2024,NA,"Least concern",NA
1014520,130700,"Cystopteris fragilis (L.) Bernh.",NA,"Cystopteridaceae",NA,4,1982,2024,NA,"Least concern",NA
1014515,130750,"Cystopteris fragilis aggr.",NA,"Cystopteridaceae",NA,11,1982,2024,NA,"",NA
1014530,130800,"Cystopteris montana (Lam.) Desv.",NA,"Cystopteridaceae",NA,5,2004,2024,NA,"Least concern",NA
1014610,131800,"Dactylis glomerata L.",NA,"Poaceae",NA,14,1982,2025,NA,"Least concern",NA
1014750,132500,"Dactylorhiza lapponica (Hartm.) Soó",NA,"Orchidaceae",NA,1,1993,1993,NA,"Near threatened",NA
1014760,132600,"Dactylorhiza maculata (L.) Soó",NA,"Orchidaceae",NA,45,1987,2024,NA,"Least concern",NA
1014775,132630,"Dactylorhiza maculata subsp. fuchsii (Druce) Hyl.",NA,"Orchidaceae",NA,26,1987,2023,NA,"Least concern",NA
1014800,132700,"Dactylorhiza majalis (Rchb.) P. F. Hunt & Summerh.",NA,"Orchidaceae",NA,14,1969,2024,NA,"Least concern",NA
1014840,132900,"Dactylorhiza traunsteineri (Rchb.) Soó",NA,"Orchidaceae",NA,2,1993,2004,NA,"Near threatened",NA
1014900,133600,"Daphne mezereum L.",NA,"Thymelaeaceae",NA,22,1980,2024,NA,"Least concern",NA
1015010,134300,"Delphinium elatum L.",NA,"Ranunculaceae",NA,21,1900,2024,NA,"Near threatened",NA
1015040,134800,"Deschampsia cespitosa (L.) P. Beauv.",NA,"Poaceae",NA,23,1958,2024,NA,"Least concern",NA
1015280,136800,"Dianthus superbus L.",NA,"Caryophyllaceae",NA,1,2017,2017,NA,"Least concern",NA
1015310,136900,"Dianthus sylvestris Wulfen",NA,"Caryophyllaceae",NA,13,1989,2024,NA,"Least concern",NA
1015340,137100,"Digitalis grandiflora Mill.",NA,"Plantaginaceae",NA,1,1970,1970,NA,"Least concern",NA
1015420,137800,"Diphasiastrum alpinum (L.) Holub",NA,"Lycopodiaceae",NA,1,1982,2022,NA,"Least concern",NA
1015590,140000,"Doronicum grandiflorum Lam.",NA,"Asteraceae",NA,8,1982,2024,NA,"Least concern",NA
1015670,140500,"Draba aizoides L.",NA,"Brassicaceae",NA,7,1962,2024,NA,"Least concern",NA
1015680,140700,"Draba dubia Suter",NA,"Brassicaceae",NA,1,1962,1982,NA,"Least concern",NA
1015780,141600,"Draba tomentosa Clairv.",NA,"Brassicaceae",NA,2,1962,2021,NA,"Least concern",NA
1015860,142500,"Dryas octopetala L.",NA,"Rosaceae",NA,17,1980,2024,NA,"Least concern",NA
1015870,142600,"Dryopteris affinis (Lowe) Fraser-Jenk.",NA,"Dryopteridaceae",NA,3,2009,2024,NA,"Least concern",NA
1015910,143100,"Dryopteris carthusiana (Vill.) H. P. Fuchs",NA,"Dryopteridaceae",NA,3,1982,2019,NA,"Least concern",NA
1015930,143300,"Dryopteris dilatata (Hoffm.) A. Gray",NA,"Dryopteridaceae",NA,8,2004,2024,NA,"Least concern",NA
1015925,143350,"Dryopteris dilatata aggr.",NA,"Dryopteridaceae",NA,8,2004,2024,NA,"",NA
1015950,143500,"Dryopteris filix-mas (L.) Schott",NA,"Dryopteridaceae",NA,7,2004,2024,NA,"Least concern",NA
1015980,143900,"Dryopteris villarii (Bellardi) Schinz & Thell.",NA,"Dryopteridaceae",NA,10,1982,2024,NA,"Least concern",NA
1016320,145900,"Eleocharis quinqueflora (Hartmann) O. Schwarz",NA,"Cyperaceae",NA,1,1982,2021,NA,"Least concern",NA
1016400,146460,"Elymus caninus (L.) L.",NA,"Poaceae",NA,2,2019,2021,NA,"Least concern",NA
1016460,146600,"Elyna myosuroides (Vill.) Fritsch",NA,"Cyperaceae",NA,3,1968,2024,NA,"Least concern",NA
1016470,146795,"Empetrum nigrum L.",NA,"Ericaceae",NA,0,1982,1982,NA,"Least concern",NA
1016490,146900,"Empetrum nigrum subsp. hermaphroditum (Hagerup) Böcher",NA,"Ericaceae",NA,0,1982,1982,NA,"Least concern",NA
1016510,147300,"Epilobium alpestre (Jacq.) Krock.",NA,"Onagraceae",NA,9,2004,2024,NA,"Least concern",NA
1016520,147500,"Epilobium alsinifolium Vill.",NA,"Onagraceae",NA,6,1962,2024,NA,"Least concern",NA
1016530,147600,"Epilobium anagallidifolium Lam.",NA,"Onagraceae",NA,1,1982,2017,NA,"Least concern",NA
1016540,147700,"Epilobium angustifolium L.",NA,"Onagraceae",NA,8,1982,2024,NA,"Least concern",NA
1016590,148200,"Epilobium fleischeri Hochst.",NA,"Onagraceae",NA,1,2017,2017,NA,"Least concern",NA
1016620,148600,"Epilobium montanum L.",NA,"Onagraceae",NA,8,2004,2024,NA,"Least concern",NA
1016630,148700,"Epilobium nutans F. W. Schmidt",NA,"Onagraceae",NA,2,2014,2014,NA,"Least concern",NA
1016650,148900,"Epilobium palustre L.",NA,"Onagraceae",NA,6,2014,2014,NA,"Least concern",NA
1016740,149600,"Epipactis atrorubens Besser",NA,"Orchidaceae",NA,12,2009,2024,NA,"Least concern",NA
1016770,149660,"Epipactis helleborine (L.) Crantz",NA,"Orchidaceae",NA,3,2009,2023,NA,"Least concern",NA
1016780,149800,"Epipactis helleborine aggr.",NA,"Orchidaceae",NA,3,2009,2023,NA,"Least concern",NA
1016910,150500,"Epipogium aphyllum Sw.",NA,"Orchidaceae",NA,1,1970,1970,NA,"Vulnerable",NA
1016920,150600,"Equisetum arvense L.",NA,"Equisetaceae",NA,6,2009,2024,NA,"Least concern",NA
1016950,151100,"Equisetum palustre L.",NA,"Equisetaceae",NA,13,2004,2024,NA,"Least concern",NA
1016980,151400,"Equisetum sylvaticum L.",NA,"Equisetaceae",NA,1,2009,2009,NA,"Least concern",NA
1017000,151600,"Equisetum variegatum Schleich.",NA,"Equisetaceae",NA,4,2020,2024,NA,"Least concern",NA
1017400,152400,"Erica carnea L.",NA,"Ericaceae",NA,7,2004,2024,NA,"Least concern",NA
1017490,153600,"Erigeron alpinus L.",NA,"Asteraceae",NA,4,1982,2024,NA,"Least concern",NA
1017485,153650,"Erigeron alpinus aggr.",NA,"Asteraceae",NA,13,1962,2024,NA,"",NA
1017570,154500,"Erigeron glabratus Bluff & Fingerh.",NA,"Asteraceae",NA,4,1982,2024,NA,"Least concern",NA
1017590,154700,"Erigeron neglectus A. Kern.",NA,"Asteraceae",NA,3,1962,2015,NA,"Least concern",NA
1017610,155000,"Erigeron uniflorus L.",NA,"Asteraceae",NA,2,1982,2022,NA,"Least concern",NA
1017620,155100,"Erinus alpinus L.",NA,"Plantaginaceae",NA,12,1982,2024,NA,"Least concern",NA
1017640,155200,"Eriophorum angustifolium Honck.",NA,"Cyperaceae",NA,16,1980,2025,NA,"Least concern",NA
1017660,155400,"Eriophorum latifolium Hoppe",NA,"Cyperaceae",NA,11,2014,2024,NA,"Least concern",NA
1017670,155500,"Eriophorum scheuchzeri Hoppe",NA,"Cyperaceae",NA,6,1962,2024,NA,"Least concern",NA
1017680,155600,"Eriophorum vaginatum L.",NA,"Cyperaceae",NA,5,1982,2024,NA,"Near threatened",NA
1017840,157200,"Eryngium alpinum L.",NA,"Apiaceae",NA,2,1966,2021,NA,"Vulnerable",NA
1018170,159800,"Euphorbia cyparissias L.",NA,"Euphorbiaceae",NA,5,2020,2024,NA,"Least concern",NA
1018560,162500,"Euphrasia hirtella Reut.",NA,"Orobanchaceae",NA,2,1982,2024,NA,"Least concern",NA
1018600,162750,"Euphrasia minima Schleich.",NA,"Orobanchaceae",NA,12,1958,2024,NA,"Least concern",NA
1018700,163450,"Euphrasia rostkoviana Hayne",NA,"Orobanchaceae",NA,10,2004,2019,NA,"Least concern",NA
1018710,163500,"Euphrasia rostkoviana Hayne subsp. rostkoviana",NA,"Orobanchaceae",NA,1,2019,2019,NA,"Least concern",NA
1018685,163850,"Euphrasia rostkoviana aggr.",NA,"Orobanchaceae",NA,10,2004,2019,NA,"",NA
1018730,163800,"Euphrasia rostkoviana subsp. montana (Jord.) Wettst.",NA,"Orobanchaceae",NA,1,2004,2004,NA,"Least concern",NA
1018740,163900,"Euphrasia salisburgensis Hoppe",NA,"Orobanchaceae",NA,6,2004,2024,NA,"Least concern",NA
1019150,167500,"Festuca guestfalica Boenn.",NA,"Poaceae",NA,1,2020,2020,NA,"Least concern",NA
1019180,167600,"Festuca halleri All.",NA,"Poaceae",NA,0,1982,1982,NA,"Least concern",NA
1019160,167650,"Festuca halleri aggr.",NA,"Poaceae",NA,0,1982,1982,NA,"Least concern",NA
1019240,168150,"Festuca laevigata Gaudin",NA,"Poaceae",NA,0,1982,1982,NA,"",NA
1019290,168300,"Festuca nigrescens Lam.",NA,"Poaceae",NA,1,2020,2020,NA,"Least concern",NA
1019310,168590,"Festuca ovina aggr.",NA,"Poaceae",NA,2,1982,2024,NA,"Least concern",NA
1019309,168580,"Festuca ovina superaggr.",NA,"",NA,3,1982,2024,NA,"",NA
1019380,169100,"Festuca pratensis Huds.",NA,"Poaceae",NA,8,1982,2024,NA,"Least concern",NA
1019420,169600,"Festuca pulchella Schrad.",NA,"Poaceae",NA,6,1982,2024,NA,"Least concern",NA
1019450,170000,"Festuca quadriflora Honck.",NA,"Poaceae",NA,3,1962,2024,NA,"Least concern",NA
1019480,170100,"Festuca rubra L.",NA,"Poaceae",NA,4,2019,2023,NA,"Least concern",NA
1019470,170200,"Festuca rubra aggr.",NA,"Poaceae",NA,24,1958,2024,NA,"Least concern",NA
1019510,170400,"Festuca rupicaprina (Hack.) A. Kern.",NA,"Poaceae",NA,3,1962,2024,NA,"Least concern",NA
1019670,172100,"Festuca violacea aggr.",NA,"Poaceae",NA,3,1982,2024,NA,"Least concern",NA
1019920,173800,"Fragaria vesca L.",NA,"Rosaceae",NA,9,2004,2024,NA,"Least concern",NA
1020160,175620,"Gagea fragifera (Vill.) Ehr. Bayer & G. López",NA,"Liliaceae",NA,8,1967,2023,NA,"Least concern",NA
1020170,175700,"Gagea lutea (L.) Ker Gawl.",NA,"Liliaceae",NA,3,1967,1994,NA,"Near threatened",NA
1020350,177100,"Galeopsis tetrahit L.",NA,"Lamiaceae",NA,8,2004,2025,NA,"Least concern",NA
1020380,177400,"Galium album Mill.",NA,"Rubiaceae",NA,1,2024,2024,NA,"Least concern",NA
1020390,177500,"Galium anisophyllon Vill.",NA,"Rubiaceae",NA,8,2004,2024,NA,"Least concern",NA
1020500,178800,"Galium megalospermum All.",NA,"Rubiaceae",NA,3,1982,2024,NA,"Least concern",NA
1020510,179000,"Galium mollugo aggr.",NA,"Rubiaceae",NA,5,2004,2024,NA,"Least concern",NA
1020600,179700,"Galium pumilum Murray",NA,"Rubiaceae",NA,5,1962,2017,NA,"Least concern",NA
1020595,179650,"Galium pumilum aggr.",NA,"Rubiaceae",NA,13,1962,2024,NA,"",NA
1020710,180700,"Galium uliginosum L.",NA,"Rubiaceae",NA,1,2023,2023,NA,"Least concern",NA
1020890,182200,"Gentiana acaulis L.",NA,"Gentianaceae",NA,10,1958,2024,NA,"Least concern",NA
1020970,182900,"Gentiana bavarica L.",NA,"Gentianaceae",NA,11,1962,2024,NA,"Least concern",NA
1020975,182930,"Gentiana bavarica L. subsp. bavarica",NA,"Gentianaceae",NA,3,2020,2023,NA,"Least concern",NA
1020990,183000,"Gentiana brachyphylla Vill.",NA,"Gentianaceae",NA,0,1982,1982,NA,"Least concern",NA
1021000,183100,"Gentiana campestris L.",NA,"Gentianaceae",NA,8,1962,2025,NA,"Least concern",NA
1021010,183200,"Gentiana campestris L. subsp. campestris",NA,"Gentianaceae",NA,2,1962,2004,NA,"Least concern",NA
1021030,183400,"Gentiana ciliata L.",NA,"Gentianaceae",NA,3,2009,2025,NA,"Least concern",NA
1021040,183500,"Gentiana clusii E. P. Perrier & Songeon",NA,"Gentianaceae",NA,13,1962,2024,NA,"Least concern",NA
1021120,184100,"Gentiana lutea L.",NA,"Gentianaceae",NA,12,1982,2024,NA,"Least concern",NA
1021140,184300,"Gentiana nivalis L.",NA,"Gentianaceae",NA,6,1962,2025,NA,"Least concern",NA
1021150,184400,"Gentiana orbicularis Schur",NA,"Gentianaceae",NA,1,1968,1982,NA,"Least concern",NA
1021200,184900,"Gentiana purpurea L.",NA,"Gentianaceae",NA,13,1958,2024,NA,"Least concern",NA
1021250,185400,"Gentiana verna L.",NA,"Gentianaceae",NA,12,1967,2024,NA,"Least concern",NA
1021470,188795,"Geranium robertianum L.",NA,"Geraniaceae",NA,8,2004,2024,NA,"Least concern",NA
1021530,189300,"Geranium sylvaticum L.",NA,"Geraniaceae",NA,17,1982,2024,NA,"Least concern",NA
1021540,189400,"Geum montanum L.",NA,"Rosaceae",NA,12,1958,2024,NA,"Least concern",NA
1021560,189500,"Geum reptans L.",NA,"Rosaceae",NA,1,1914,1982,NA,"Least concern",NA
1021570,189600,"Geum rivale L.",NA,"Rosaceae",NA,15,2004,2024,NA,"Least concern",NA
1021580,189700,"Geum urbanum L.",NA,"Rosaceae",NA,2,2009,2014,NA,"Least concern",NA
1021740,191000,"Globularia cordifolia L.",NA,"Plantaginaceae",NA,16,1974,2024,NA,"Least concern",NA
1021750,191200,"Globularia nudicaulis L.",NA,"Plantaginaceae",NA,13,1982,2024,NA,"Least concern",NA
1021870,192500,"Gnaphalium supinum L.",NA,"Asteraceae",NA,1,1958,1982,NA,"Least concern",NA
1021880,192600,"Gnaphalium sylvaticum L.",NA,"Asteraceae",NA,2,2019,2024,NA,"Least concern",NA
1021950,193200,"Gymnadenia conopsea (L.) R. Br.",NA,"Orchidaceae",NA,43,1982,2024,NA,"Least concern",NA
1021970,193300,"Gymnadenia odoratissima (L.) Rich.",NA,"Orchidaceae",NA,1,2019,2019,NA,"Least concern",NA
1021980,193400,"Gymnocarpium dryopteris (L.) Newman",NA,"Cystopteridaceae",NA,8,1982,2024,NA,"Least concern",NA
1021990,193500,"Gymnocarpium robertianum (Hoffm.) Newman",NA,"Cystopteridaceae",NA,8,2004,2024,NA,"Least concern",NA
1022020,193800,"Gypsophila repens L.",NA,"Caryophyllaceae",NA,14,1962,2024,NA,"Least concern",NA
1022110,194100,"Hedysarum hedysaroides (L.) Schinz & Thell.",NA,"Fabaceae",NA,10,1980,2024,NA,"Least concern",NA
1022140,194300,"Helianthemum alpestre (Jacq.) DC.",NA,"Cistaceae",NA,5,1982,2024,NA,"Least concern",NA
1022180,194895,"Helianthemum nummularium (L.) Mill.",NA,"Cistaceae",NA,13,1982,2024,NA,"Least concern",NA
1022210,195100,"Helianthemum nummularium subsp. grandiflorum (Scop.) Schinz & Thell.",NA,"Cistaceae",NA,3,1982,2024,NA,"Least concern",NA
1022220,195200,"Helianthemum nummularium subsp. obscurum (Čelak.) Holub",NA,"Cistaceae",NA,0,1982,1982,NA,"Least concern",NA
1022440,197100,"Helictotrichon versicolor (Vill.) Pilg.",NA,"Poaceae",NA,2,1962,1982,NA,"Least concern",NA
1022590,198595,"Heracleum sphondylium L.",NA,"Apiaceae",NA,9,2004,2025,NA,"Least concern",NA
1022620,198800,"Heracleum sphondylium subsp. elegans (Crantz) Schübl. & G. Martens",NA,"Apiaceae",NA,1,2025,2025,NA,"Least concern",NA
1022790,199900,"Hieracium alpinum L.",NA,"Asteraceae",NA,2,1982,1984,NA,"Least concern",NA
1022810,200100,"Hieracium angustifolium Hoppe",NA,"Asteraceae",NA,2,1946,1966,NA,"Least concern",NA
1022820,200200,"Hieracium aurantiacum L.",NA,"Asteraceae",NA,3,1958,2024,NA,"Least concern",NA
1022840,200600,"Hieracium bifidum aggr.",NA,"Asteraceae",NA,1,2024,2024,NA,"Least concern",NA
1023000,201800,"Hieracium humile Jacq.",NA,"Asteraceae",NA,1,1962,1962,NA,"Least concern",NA
1023040,202100,"Hieracium lactucella Wallr.",NA,"Asteraceae",NA,6,1958,2019,NA,"Least concern",NA
1023110,202700,"Hieracium murorum aggr.",NA,"Asteraceae",NA,6,1877,2024,NA,"Least concern",NA
1023200,203400,"Hieracium pilosella L.",NA,"Asteraceae",NA,0,1982,1982,NA,"Least concern",NA
1023220,203600,"Hieracium pilosum Froel.",NA,"Asteraceae",NA,3,1962,2024,NA,"Least concern",NA
1023270,203900,"Hieracium prenanthoides aggr.",NA,"Asteraceae",NA,5,2014,2024,NA,"Least concern",NA
1023500,205800,"Hieracium villosum Jacq.",NA,"Asteraceae",NA,6,1982,2024,NA,"Least concern",NA
1023490,205900,"Hieracium villosum aggr.",NA,"Asteraceae",NA,12,1962,2024,NA,"Least concern",NA
1023580,206300,"Hippocrepis comosa L.",NA,"Fabaceae",NA,11,2004,2024,NA,"Least concern",NA
1023680,207300,"Homogyne alpina (L.) Cass.",NA,"Asteraceae",NA,23,1958,2025,NA,"Least concern",NA
1023860,208900,"Huperzia selago (L.) Schrank & Mart.",NA,"Lycopodiaceae",NA,8,1982,2024,NA,"Least concern",NA
1024060,210695,"Hypericum maculatum Crantz",NA,"Hypericaceae",NA,14,1962,2024,NA,"Least concern",NA
1024070,210700,"Hypericum maculatum Crantz subsp. maculatum",NA,"Hypericaceae",NA,2,1962,2024,NA,"Least concern",NA
1024130,211050,"Hypericum perforatum L.",NA,"Hypericaceae",NA,1,2014,2014,NA,"Least concern",NA
1024230,212100,"Hypochaeris radicata L.",NA,"Asteraceae",NA,3,2004,2019,NA,"Least concern",NA
1024900,217700,"Juncus alpinoarticulatus Chaix",NA,"Juncaceae",NA,8,1962,2024,NA,"Least concern",NA
1024930,218100,"Juncus articulatus L.",NA,"Juncaceae",NA,12,1982,2023,NA,"Least concern",NA
1024925,218150,"Juncus articulatus aggr.",NA,"Juncaceae",NA,20,1962,2024,NA,"",NA
1025000,218800,"Juncus effusus L.",NA,"Juncaceae",NA,7,2014,2022,NA,"Least concern",NA
1025010,218900,"Juncus filiformis L.",NA,"Juncaceae",NA,8,1969,2024,NA,"Least concern",NA
1025040,219200,"Juncus jacquinii L.",NA,"Juncaceae",NA,2,2017,2020,NA,"Least concern",NA
1025130,220300,"Juncus triglumis L.",NA,"Juncaceae",NA,6,1880,2021,NA,"Least concern",NA
1025140,220395,"Juniperus communis L.",NA,"Cupressaceae",NA,17,1958,2024,NA,"Least concern",NA
1025160,220500,"Juniperus communis subsp. alpina Čelak.",NA,"Cupressaceae",NA,12,1958,2024,NA,"Least concern",NA
1025190,221000,"Kernera saxatilis (L.) Sweet",NA,"Brassicaceae",NA,11,1980,2024,NA,"Least concern",NA
1025230,221400,"Knautia arvensis (L.) Coult.",NA,"Caprifoliaceae",NA,1,2023,2023,NA,"Least concern",NA
1025240,221450,"Knautia dipsacifolia Kreutzer",NA,"Caprifoliaceae",NA,10,2004,2024,NA,"Least concern",NA
1025670,225750,"Lamium galeobdolon (L.) L.",NA,"Lamiaceae",NA,8,2004,2024,NA,"Least concern",NA
1025710,226000,"Lamium galeobdolon subsp. montanum (Pers.) Hayek",NA,"Lamiaceae",NA,1,2023,2023,NA,"Least concern",NA
1025730,226200,"Lamium maculatum (L.) L.",NA,"Lamiaceae",NA,11,1982,2024,NA,"Least concern",NA
1025750,226500,"Lamium purpureum L.",NA,"Lamiaceae",NA,3,2004,2014,NA,"Least concern",NA
1025810,227200,"Larix decidua Mill.",NA,"Pinaceae",NA,1,2023,2023,NA,"Least concern",NA
1025860,227700,"Laserpitium latifolium L.",NA,"Apiaceae",NA,11,1982,2024,NA,"Least concern",NA
1025900,228100,"Laserpitium siler L.",NA,"Apiaceae",NA,6,1982,2022,NA,"Least concern",NA
1026050,230400,"Lathyrus pratensis L.",NA,"Fabaceae",NA,8,2004,2024,NA,"Least concern",NA
1026290,232700,"Leontodon autumnalis L.",NA,"Asteraceae",NA,14,1958,2024,NA,"Least concern",NA
1026310,232900,"Leontodon helveticus Mérat",NA,"Asteraceae",NA,14,1958,2024,NA,"Least concern",NA
1026330,233000,"Leontodon hispidus L.",NA,"Asteraceae",NA,21,1982,2024,NA,"Least concern",NA
1026470,234600,"Leontopodium alpinum Cass.",NA,"Asteraceae",NA,4,1968,2024,NA,"Least concern",NA
1026600,236000,"Leucanthemopsis alpina (L.) Heywood",NA,"Asteraceae",NA,2,1958,2022,NA,"Least concern",NA
1026610,236020,"Leucanthemopsis alpina (L.) Heywood subsp. alpina",NA,"Asteraceae",NA,1,2022,2022,NA,"Least concern",NA
1026650,236200,"Leucanthemum adustum (W. D. J. Koch) Gremli",NA,"Asteraceae",NA,4,1982,2024,NA,"Least concern",NA
1026680,236500,"Leucanthemum halleri (Vitman) Ducommun",NA,"Asteraceae",NA,1,1915,1982,NA,"Least concern",NA
1026730,236800,"Leucanthemum vulgare Lam.",NA,"Asteraceae",NA,0,1982,1982,NA,"Least concern",NA
1026710,236905,"Leucanthemum vulgare aggr.",NA,"Asteraceae",NA,12,1982,2024,NA,"Least concern",NA
1026810,237800,"Ligusticum mutellina (L.) Crantz",NA,"Apiaceae",NA,20,1958,2025,NA,"Least concern",NA
1026820,237900,"Ligusticum mutellinoides Vill.",NA,"Apiaceae",NA,2,1982,2020,NA,"Least concern",NA
1026890,238500,"Lilium martagon L.",NA,"Liliaceae",NA,10,1982,2024,NA,"Least concern",NA
1026920,238800,"Linaria alpina (L.) Mill.",NA,"Plantaginaceae",NA,12,1962,2024,NA,"Least concern",NA
1026930,238900,"Linaria alpina (L.) Mill. subsp. alpina",NA,"Plantaginaceae",NA,5,1962,2024,NA,"Least concern",NA
1027130,241100,"Linum catharticum L.",NA,"Linaceae",NA,13,1982,2024,NA,"Least concern",NA
1027210,241900,"Listera cordata (L.) R. Br.",NA,"Orchidaceae",NA,5,1993,2009,NA,"Near threatened",NA
1027220,242000,"Listera ovata (L.) R. Br.",NA,"Orchidaceae",NA,25,1993,2024,NA,"Least concern",NA
1027250,242500,"Lloydia serotina (L.) Rchb.",NA,"Liliaceae",NA,5,1914,2024,NA,"Least concern",NA
1027290,242600,"Loiseleuria procumbens (L.) Desv.",NA,"Ericaceae",NA,3,1982,2024,NA,"Least concern",NA
1027300,242700,"Lolium multiflorum Lam.",NA,"Poaceae",NA,2,2019,2024,NA,"",NA
1027310,242800,"Lolium perenne L.",NA,"Poaceae",NA,5,2004,2024,NA,"Least concern",NA
1027370,243400,"Lonicera alpigena L.",NA,"Caprifoliaceae",NA,7,2004,2024,NA,"Least concern",NA
1027380,243500,"Lonicera caerulea L.",NA,"Caprifoliaceae",NA,1,1982,2019,NA,"Least concern",NA
1027440,243900,"Lonicera nigra L.",NA,"Caprifoliaceae",NA,6,2009,2024,NA,"Least concern",NA
1027500,244300,"Lotus alpinus (DC.) Ramond",NA,"Fabaceae",NA,6,1982,2024,NA,"Least concern",NA
1027520,244400,"Lotus corniculatus L.",NA,"Fabaceae",NA,5,1982,2024,NA,"Least concern",NA
1027510,244410,"Lotus corniculatus aggr.",NA,"Fabaceae",NA,19,1982,2024,NA,"Least concern",NA
1027660,245900,"Luzula alpina Hoppe",NA,"Juncaceae",NA,1,2024,2024,NA,"Least concern",NA
1027670,246000,"Luzula alpinopilosa (Chaix) Breistr.",NA,"Juncaceae",NA,2,1982,2017,NA,"Least concern",NA
1027740,246600,"Luzula lutea (All.) DC.",NA,"Juncaceae",NA,0,1982,1982,NA,"Least concern",NA
1027750,246700,"Luzula luzulina (Vill.) Dalla Torre & Sarnth.",NA,"Juncaceae",NA,3,2014,2018,NA,"Least concern",NA
1027790,247100,"Luzula multiflora (Ehrh.) Lej.",NA,"Juncaceae",NA,11,1958,2024,NA,"Least concern",NA
1027785,247150,"Luzula multiflora aggr.",NA,"Juncaceae",NA,18,1958,2024,NA,"Least concern",NA
1027860,247800,"Luzula spicata (L.) DC.",NA,"Juncaceae",NA,0,1982,1982,NA,"Least concern",NA
1027890,248100,"Luzula sudetica (Willd.) Schult.",NA,"Juncaceae",NA,3,2023,2023,NA,"Least concern",NA
1027910,248300,"Luzula sylvatica (Huds.) Gaudin",NA,"Juncaceae",NA,2,2014,2024,NA,"Least concern",NA
1027920,248400,"Luzula sylvatica aggr.",NA,"Juncaceae",NA,11,1982,2024,NA,"Least concern",NA
1027980,249700,"Lycopodium annotinum L.",NA,"Lycopodiaceae",NA,7,2004,2024,NA,"Least concern",NA
1027990,249900,"Lycopodium clavatum L.",NA,"Lycopodiaceae",NA,2,2017,2023,NA,"Near threatened",NA
1028080,251400,"Lysimachia nemorum L.",NA,"Primulaceae",NA,8,2004,2024,NA,"Least concern",NA
1028090,251500,"Lysimachia nummularia L.",NA,"Primulaceae",NA,1,2004,2004,NA,"Least concern",NA
1028210,252400,"Maianthemum bifolium (L.) F. W. Schmidt",NA,"Asparagaceae",NA,5,2009,2024,NA,"Least concern",NA
1028220,252600,"Malaxis monophyllos (L.) Sw.",NA,"Orchidaceae",NA,8,2004,2024,NA,"Vulnerable",NA
1028530,255300,"Medicago lupulina L.",NA,"Fabaceae",NA,1,2019,2019,NA,"Least concern",NA
1028640,256500,"Melampyrum pratense L.",NA,"Orobanchaceae",NA,2,2009,2017,NA,"Least concern",NA
1028660,256600,"Melampyrum sylvaticum L.",NA,"Orobanchaceae",NA,8,2004,2024,NA,"Least concern",NA
1028690,256900,"Melica nutans L.",NA,"Poaceae",NA,6,2004,2024,NA,"Least concern",NA
1028910,258800,"Menyanthes trifoliata L.",NA,"Menyanthaceae",NA,4,1982,2022,NA,"Least concern",NA
1029230,261700,"Minuartia sedoides (L.) Hiern",NA,"Caryophyllaceae",NA,2,1962,1982,NA,"Least concern",NA
1029350,262500,"Moehringia ciliata (Scop.) Dalla Torre",NA,"Caryophyllaceae",NA,3,1982,2014,NA,"Least concern",NA
1029390,262900,"Moehringia muscosa L.",NA,"Caryophyllaceae",NA,4,2004,2024,NA,"Least concern",NA
1029440,263400,"Molinia caerulea (L.) Moench",NA,"Poaceae",NA,0,1982,1982,NA,"Least concern",NA
1029680,265700,"Mycelis muralis (L.) Dumort.",NA,"Asteraceae",NA,6,2004,2024,NA,"Least concern",NA
1029690,265800,"Myosotis alpestris F. W. Schmidt",NA,"Boraginaceae",NA,12,1962,2024,NA,"Least concern",NA
1029700,265900,"Myosotis arvensis Hill",NA,"Boraginaceae",NA,3,2009,2023,NA,"Least concern",NA
1029770,266400,"Myosotis nemorosa Besser",NA,"Boraginaceae",NA,1,2024,2024,NA,"Least concern",NA
1029800,266800,"Myosotis scorpioides L.",NA,"Boraginaceae",NA,1,2023,2023,NA,"Least concern",NA
1029795,266850,"Myosotis scorpioides aggr.",NA,"Boraginaceae",NA,6,2014,2024,NA,"",NA
1029820,267100,"Myosotis sylvatica Hoffm.",NA,"Boraginaceae",NA,6,2004,2024,NA,"Least concern",NA
1029815,267150,"Myosotis sylvatica aggr.",NA,"Boraginaceae",NA,8,1982,2024,NA,"",NA
1030080,269700,"Nardus stricta L.",NA,"Poaceae",NA,34,1958,2025,NA,"Least concern",NA
1030140,270100,"Neottia nidus-avis (L.) Rich.",NA,"Orchidaceae",NA,2,2006,2014,NA,"Least concern",NA
1030390,271655,"Nigritella rhellicani Teppner & E. Klein",NA,"Orchidaceae",NA,14,1987,2023,NA,"Least concern",NA
1030380,271700,"Nigritella rhellicani aggr.",NA,"Orchidaceae",NA,20,1982,2024,NA,"Least concern",NA
1030840,275400,"Onobrychis montana DC.",NA,"Fabaceae",NA,16,1982,2024,NA,"Least concern",NA
1030860,275600,"Onobrychis viciifolia Scop.",NA,"Fabaceae",NA,2,2004,2022,NA,"",NA
1031350,280900,"Orchis mascula (L.) L.",NA,"Orchidaceae",NA,8,1970,2024,NA,"Least concern",NA
1031360,280950,"Orchis mascula (L.) L. subsp. mascula",NA,"Orchidaceae",NA,3,2012,2023,NA,"",NA
1031500,282200,"Orchis ustulata L.",NA,"Orchidaceae",NA,5,1982,2023,NA,"Near threatened",NA
1031525,282210,"Orchis ustulata L. var. ustulata",NA,"Orchidaceae",NA,1,2006,2006,NA,"",NA
1031540,282400,"Oreopteris limbosperma (All.) Holub",NA,"Thelypteridaceae",NA,2,1982,2019,NA,"Least concern",NA
1031560,282600,"Origanum vulgare L.",NA,"Lamiaceae",NA,3,2004,2021,NA,"Least concern",NA
1031700,284000,"Orobanche alba Willd.",NA,"Orobanchaceae",NA,1,2025,2025,NA,"Least concern",NA
1032070,287300,"Oxalis acetosella L.",NA,"Oxalidaceae",NA,7,2004,2024,NA,"Least concern",NA
1032190,288200,"Oxytropis campestris (L.) DC.",NA,"Fabaceae",NA,2,1982,2022,NA,"Least concern",NA
1032270,289300,"Oxytropis jacquinii Bunge",NA,"Fabaceae",NA,12,1879,2024,NA,"Least concern",NA
1032560,292100,"Paradisea liliastrum (L.) Bertol.",NA,"Asparagaceae",NA,12,1896,2024,NA,"Least concern",NA
1032590,292600,"Paris quadrifolia L.",NA,"Melanthiaceae",NA,7,2004,2024,NA,"Least concern",NA
1032600,292700,"Parnassia palustris L.",NA,"Celastraceae",NA,21,1982,2024,NA,"Least concern",NA
1032800,294200,"Pedicularis foliosa L.",NA,"Orobanchaceae",NA,3,1980,2014,NA,"Least concern",NA
1032830,294500,"Pedicularis oederi Hornem.",NA,"Orobanchaceae",NA,5,1982,2024,NA,"Least concern",NA
1032940,295500,"Pedicularis verticillata L.",NA,"Orobanchaceae",NA,14,1982,2024,NA,"Least concern",NA
1033000,295700,"Petasites albus (L.) Gaertn.",NA,"Asteraceae",NA,9,2004,2024,NA,"Least concern",NA
1033010,295900,"Petasites hybridus (L.) G. Gaertn. & al.",NA,"Asteraceae",NA,2,2019,2024,NA,"Least concern",NA
1033020,296000,"Petasites paradoxus (Retz.) Baumg.",NA,"Asteraceae",NA,8,1982,2024,NA,"Least concern",NA
1033160,297200,"Peucedanum ostruthium (L.) W. D. J. Koch",NA,"Apiaceae",NA,14,1962,2024,NA,"Least concern",NA
1033290,298400,"Phegopteris connectilis (Michx.) Watt",NA,"Thelypteridaceae",NA,5,1982,2024,NA,"Least concern",NA
1033340,298800,"Phleum alpinum L.",NA,"Poaceae",NA,2,1962,2024,NA,"Least concern",NA
1033330,298900,"Phleum alpinum aggr.",NA,"Poaceae",NA,13,1958,2024,NA,"Least concern",NA
1033370,299600,"Phleum hirsutum Honck.",NA,"Poaceae",NA,8,2004,2024,NA,"Least concern",NA
1033410,300000,"Phleum pratense L.",NA,"Poaceae",NA,1,2017,2017,NA,"Least concern",NA
1033400,300005,"Phleum pratense aggr.",NA,"Poaceae",NA,7,2004,2024,NA,"Least concern",NA
1033420,300200,"Phleum rhaeticum (Humphries) Rauschert",NA,"Poaceae",NA,4,1982,2024,NA,"Least concern",NA
1033570,300800,"Phyteuma betonicifolium Vill.",NA,"Campanulaceae",NA,9,1958,2024,NA,"Least concern",NA
1033630,301400,"Phyteuma hemisphaericum L.",NA,"Campanulaceae",NA,3,1958,2024,NA,"Least concern",NA
1033670,301800,"Phyteuma orbiculare L.",NA,"Campanulaceae",NA,9,1982,2024,NA,"Least concern",NA
1033740,302400,"Phyteuma spicatum L.",NA,"Campanulaceae",NA,8,1982,2024,NA,"Least concern",NA
1033800,302800,"Picea abies (L.) H. Karst.",NA,"Pinaceae",NA,15,1982,2025,NA,"Least concern",NA
1033920,303800,"Pimpinella major (L.) Huds.",NA,"Apiaceae",NA,11,2004,2024,NA,"Least concern",NA
1033950,304100,"Pimpinella saxifraga aggr.",NA,"Apiaceae",NA,4,2004,2019,NA,"Least concern",NA
1033980,304300,"Pinguicula alpina L.",NA,"Lentibulariaceae",NA,19,1982,2024,NA,"Least concern",NA
1034050,304800,"Pinguicula vulgaris L.",NA,"Lentibulariaceae",NA,4,2014,2014,NA,"Near threatened",NA
1034060,304900,"Pinus cembra L.",NA,"Pinaceae",NA,7,1959,2025,NA,"Least concern",NA
1034080,305495,"Pinus mugo Turra",NA,"Pinaceae",NA,3,1982,2024,NA,"Least concern",NA
1034090,305500,"Pinus mugo Turra subsp. mugo",NA,"Pinaceae",NA,2,1982,2024,NA,"Least concern",NA
1034070,305800,"Pinus mugo subsp. uncinata (DC.) Domin",NA,"Pinaceae",NA,1,2017,2017,NA,"Least concern",NA
1034130,306100,"Pinus sylvestris L.",NA,"Pinaceae",NA,1,2023,2023,NA,"Least concern",NA
1034250,307000,"Plantago alpina L.",NA,"Plantaginaceae",NA,24,1958,2024,NA,"Least concern",NA
1034280,307250,"Plantago atrata Hoppe",NA,"Plantaginaceae",NA,13,1982,2024,NA,"Least concern",NA
1034290,307300,"Plantago atrata Hoppe subsp. atrata",NA,"Plantaginaceae",NA,1,1982,2004,NA,"",NA
1034330,307800,"Plantago lanceolata L.",NA,"Plantaginaceae",NA,6,2009,2024,NA,"Least concern",NA
1034350,307850,"Plantago major L.",NA,"Plantaginaceae",NA,10,2004,2025,NA,"Least concern",NA
1034360,307900,"Plantago major L. subsp. major",NA,"Plantaginaceae",NA,2,2017,2024,NA,"Least concern",NA
1034390,308100,"Plantago media L.",NA,"Plantaginaceae",NA,7,2004,2024,NA,"Least concern",NA
1034405,308350,"Plantago serpentina aggr.",NA,"Plantaginaceae",NA,24,1958,2024,NA,"",NA
1034430,308500,"Platanthera chlorantha (Custer) Rchb.",NA,"Orchidaceae",NA,1,2021,2021,NA,"Least concern",NA
1034470,309000,"Poa alpina L.",NA,"Poaceae",NA,22,1958,2024,NA,"Least concern",NA
1034490,309200,"Poa annua L.",NA,"Poaceae",NA,7,1958,2024,NA,"Least concern",NA
1034530,309600,"Poa cenisia All.",NA,"Poaceae",NA,4,1982,2024,NA,"Least concern",NA
1034560,310000,"Poa glauca Vahl",NA,"Poaceae",NA,2,2020,2020,NA,"Least concern",NA
1034580,310100,"Poa hybrida Gaudin",NA,"Poaceae",NA,5,2004,2024,NA,"Least concern",NA
1034590,310200,"Poa laxa Haenke",NA,"Poaceae",NA,0,1966,1966,NA,"Least concern",NA
1034600,310300,"Poa minor Gaudin",NA,"Poaceae",NA,2,1969,1999,NA,"Least concern",NA
1034620,310500,"Poa nemoralis L.",NA,"Poaceae",NA,7,1982,2024,NA,"Least concern",NA
1034660,310800,"Poa pratensis L.",NA,"Poaceae",NA,4,2023,2024,NA,"Least concern",NA
1034650,310900,"Poa pratensis aggr.",NA,"Poaceae",NA,8,1982,2024,NA,"Least concern",NA
1034680,311100,"Poa supina Schrad.",NA,"Poaceae",NA,8,1982,2025,NA,"Least concern",NA
1034690,311295,"Poa trivialis L.",NA,"Poaceae",NA,2,2009,2024,NA,"Least concern",NA
1034770,312300,"Polygala alpestris Rchb.",NA,"Polygalaceae",NA,8,1982,2024,NA,"Least concern",NA
1034830,312700,"Polygala chamaebuxus L.",NA,"Polygalaceae",NA,12,2004,2024,NA,"Least concern",NA
1034840,312800,"Polygala comosa Schkuhr",NA,"Polygalaceae",NA,3,2004,2024,NA,"Near threatened",NA
1034930,313500,"Polygonatum odoratum (Mill.) Druce",NA,"Asparagaceae",NA,3,2019,2024,NA,"Least concern",NA
1034940,313700,"Polygonatum verticillatum (L.) All.",NA,"Asparagaceae",NA,8,2004,2024,NA,"Least concern",NA
1035170,315800,"Polygonum viviparum L.",NA,"Polygonaceae",NA,16,1962,2025,NA,"Least concern",NA
1035200,316400,"Polypodium vulgare L.",NA,"Polypodiaceae",NA,6,2004,2024,NA,"Least concern",NA
1035240,316500,"Polystichum aculeatum (L.) Roth",NA,"Dryopteridaceae",NA,6,2004,2024,NA,"Least concern",NA
1035260,316800,"Polystichum lonchitis (L.) Roth",NA,"Dryopteridaceae",NA,13,1982,2024,NA,"Least concern",NA
1035450,318100,"Potamogeton alpinus Balb.",NA,"Potamogetonaceae",NA,3,1982,2024,NA,"Near threatened",NA
1035500,318700,"Potamogeton filiformis Pers.",NA,"Potamogetonaceae",NA,0,1982,1982,NA,"Vulnerable",NA
1035575,319750,"Potamogeton pectinatus aggr.",NA,"Potamogetonaceae",NA,0,1982,1982,NA,"",NA
1035720,321300,"Potentilla aurea L.",NA,"Rosaceae",NA,17,1958,2024,NA,"Least concern",NA
1035730,321400,"Potentilla brauneana Hoppe",NA,"Rosaceae",NA,5,1968,2019,NA,"Least concern",NA
1035790,322100,"Potentilla crantzii (Crantz) Fritsch",NA,"Rosaceae",NA,11,1980,2024,NA,"Least concern",NA
1035810,322400,"Potentilla erecta (L.) Raeusch.",NA,"Rosaceae",NA,33,1958,2024,NA,"Least concern",NA
1035850,322700,"Potentilla grandiflora L.",NA,"Rosaceae",NA,1,1973,1973,NA,"Least concern",NA
1035990,323800,"Potentilla palustris (L.) Scop.",NA,"Rosaceae",NA,2,1982,2022,NA,"Near threatened",NA
1036090,325100,"Potentilla verna L.",NA,"Rosaceae",NA,1,2009,2009,NA,"Least concern",NA
1036120,325200,"Prenanthes purpurea L.",NA,"Asteraceae",NA,7,2004,2024,NA,"Least concern",NA
1036180,325700,"Primula auricula L.",NA,"Primulaceae",NA,14,1982,2024,NA,"Least concern",NA
1036200,325950,"Primula elatior (L.) L.",NA,"Primulaceae",NA,11,1982,2024,NA,"Least concern",NA
1036210,326000,"Primula elatior (L.) L. subsp. elatior",NA,"Primulaceae",NA,2,1982,2017,NA,"",NA
1036230,326200,"Primula farinosa L.",NA,"Primulaceae",NA,18,1980,2024,NA,"Least concern",NA
1036280,326605,"Primula hirsuta All.",NA,"Primulaceae",NA,1,1982,2021,NA,"Least concern",NA
1036290,326700,"Primula integrifolia L.",NA,"Primulaceae",NA,6,1889,2024,NA,"Least concern",NA
1036330,327195,"Primula veris L.",NA,"Primulaceae",NA,3,2019,2023,NA,"Least concern",NA
1036430,327650,"Pritzelago alpina (L.) Kuntze",NA,"Brassicaceae",NA,10,1980,2024,NA,"Least concern",NA
1036440,327700,"Pritzelago alpina (L.) Kuntze subsp. alpina",NA,"Brassicaceae",NA,1,1980,1982,NA,"Least concern",NA
1036480,328100,"Prunella vulgaris L.",NA,"Lamiaceae",NA,22,1982,2024,NA,"Least concern",NA
1036710,330400,"Pseudorchis albida (L.) Á. Löve & D. Löve",NA,"Orchidaceae",NA,17,1958,2024,NA,"Least concern",NA
1036980,333195,"Pulsatilla alpina (L.) Delarbre",NA,"Ranunculaceae",NA,16,1962,2024,NA,"Least concern",NA
1036990,333200,"Pulsatilla alpina (L.) Delarbre subsp. alpina",NA,"Ranunculaceae",NA,4,1980,2019,NA,"Least concern",NA
1037010,333390,"Pulsatilla alpina subsp. apiifolia (Scop.) Nyman",NA,"Ranunculaceae",NA,3,1962,2019,NA,"Least concern",NA
1037090,334100,"Pulsatilla vernalis (L.) Mill.",NA,"Ranunculaceae",NA,5,1982,2024,NA,"Least concern",NA
1037360,336500,"Ranunculus aconitifolius L.",NA,"Ranunculaceae",NA,27,1967,2025,NA,"Least concern",NA
1037370,336595,"Ranunculus acris L.",NA,"Ranunculaceae",NA,9,2004,2024,NA,"Least concern",NA
1037390,336700,"Ranunculus acris subsp. friesianus (Jord.) Syme",NA,"Ranunculaceae",NA,1,2024,2024,NA,"Least concern",NA
1037410,336800,"Ranunculus alpestris L.",NA,"Ranunculaceae",NA,10,1982,2024,NA,"Least concern",NA
1037590,338400,"Ranunculus flammula L.",NA,"Ranunculaceae",NA,3,2016,2025,NA,"Near threatened",NA
1037610,338700,"Ranunculus glacialis L.",NA,"Ranunculaceae",NA,5,1914,2021,NA,"Least concern",NA
1037670,339300,"Ranunculus lanuginosus L.",NA,"Ranunculaceae",NA,6,2004,2024,NA,"Least concern",NA
1037710,339500,"Ranunculus montanus Willd.",NA,"Ranunculaceae",NA,14,1958,2024,NA,"Least concern",NA
1037700,339505,"Ranunculus montanus aggr.",NA,"Ranunculaceae",NA,28,1958,2024,NA,"Least concern",NA
1037790,340300,"Ranunculus platanifolius L.",NA,"Ranunculaceae",NA,4,2004,2024,NA,"Least concern",NA
1037840,340900,"Ranunculus repens L.",NA,"Ranunculaceae",NA,9,1982,2024,NA,"Least concern",NA
1037940,341895,"Ranunculus trichophyllus Chaix",NA,"Ranunculaceae",NA,4,2024,2024,NA,"Least concern",NA
1037970,342200,"Ranunculus tuberosus Lapeyr.",NA,"Ranunculaceae",NA,2,2024,2024,NA,"Least concern",NA
1037965,342210,"Ranunculus tuberosus aggr.",NA,"Ranunculaceae",NA,6,2004,2024,NA,"Least concern",NA
1038180,343400,"Rhamnus alpina L.",NA,"Rhamnaceae",NA,2,2004,2023,NA,"Least concern",NA
1038185,343450,"Rhamnus alpina L. subsp. alpina",NA,"Rhamnaceae",NA,1,2023,2023,NA,"",NA
1038200,343600,"Rhamnus pumila Turra",NA,"Rhamnaceae",NA,14,1880,2024,NA,"Least concern",NA
1038230,344100,"Rhinanthus alectorolophus (Scop.) Pollich",NA,"Orobanchaceae",NA,11,1959,2025,NA,"Least concern",NA
1038290,344800,"Rhinanthus minor L.",NA,"Orobanchaceae",NA,4,2009,2024,NA,"Least concern",NA
1038330,345300,"Rhododendron ferrugineum L.",NA,"Ericaceae",NA,12,1958,2025,NA,"Least concern",NA
1038340,345400,"Rhododendron hirsutum L.",NA,"Ericaceae",NA,10,1982,2024,NA,"Least concern",NA
1038420,346000,"Ribes alpinum L.",NA,"Grossulariaceae",NA,2,2009,2014,NA,"Least concern",NA
1038450,346200,"Ribes petraeum Wulfen",NA,"Grossulariaceae",NA,1,1972,1972,NA,"Least concern",NA
1038650,347800,"Rosa canina L.",NA,"Rosaceae",NA,4,2022,2022,NA,"Least concern",NA
1038645,347850,"Rosa canina aggr.",NA,"Rosaceae",NA,4,2022,2022,NA,"Least concern",NA
1038720,348700,"Rosa glauca Pourr.",NA,"Rosaceae",NA,1,2022,2022,NA,"Least concern",NA
1038830,349500,"Rosa pendulina L.",NA,"Rosaceae",NA,21,1982,2024,NA,"Least concern",NA
1038970,350650,"Rosa tomentosa aggr.",NA,"Rosaceae",NA,2,2022,2023,NA,"Least concern",NA
1039000,350800,"Rosa villosa L.",NA,"Rosaceae",NA,2,2022,2023,NA,"Near threatened",NA
1039550,354400,"Rubus idaeus L.",NA,"Rosaceae",NA,10,2004,2024,NA,"Least concern",NA
1039950,357400,"Rubus saxatilis L.",NA,"Rosaceae",NA,7,2004,2024,NA,"Least concern",NA
1040140,358900,"Rumex acetosa L.",NA,"Polygonaceae",NA,1,2024,2024,NA,"Least concern",NA
1040190,359300,"Rumex alpestris Jacq.",NA,"Polygonaceae",NA,8,1982,2024,NA,"Least concern",NA
1040200,359400,"Rumex alpinus L.",NA,"Polygonaceae",NA,11,1982,2024,NA,"Least concern",NA
1040290,360400,"Rumex obtusifolius L.",NA,"Polygonaceae",NA,4,2004,2019,NA,"Least concern",NA
1040360,360900,"Rumex scutatus L.",NA,"Polygonaceae",NA,7,1980,2024,NA,"Least concern",NA
1040480,362300,"Sagina saginoides (L.) H. Karst.",NA,"Caryophyllaceae",NA,6,1982,2024,NA,"Least concern",NA
1040590,363100,"Salix appendiculata Vill.",NA,"Salicaceae",NA,10,2004,2024,NA,"Least concern",NA
1040650,363500,"Salix breviserrata Flod.",NA,"Salicaceae",NA,3,1966,2024,NA,"Least concern",NA
1040670,363700,"Salix caprea L.",NA,"Salicaceae",NA,6,2004,2024,NA,"Least concern",NA
1040690,363900,"Salix daphnoides Vill.",NA,"Salicaceae",NA,0,1982,1982,NA,"Least concern",NA
1040750,364200,"Salix foetida DC.",NA,"Salicaceae",NA,1,2019,2019,NA,"Least concern",NA
1040790,364600,"Salix hastata L.",NA,"Salicaceae",NA,5,2014,2024,NA,"Least concern",NA
1040800,364700,"Salix helvetica Vill.",NA,"Salicaceae",NA,0,1966,1966,NA,"Least concern",NA
1040810,364800,"Salix herbacea L.",NA,"Salicaceae",NA,2,1982,2019,NA,"Least concern",NA
1040860,365000,"Salix myrsinifolia Salisb.",NA,"Salicaceae",NA,1,2019,2019,NA,"Least concern",NA
1040980,366100,"Salix reticulata L.",NA,"Salicaceae",NA,14,1977,2024,NA,"Least concern",NA
1040990,366200,"Salix retusa L.",NA,"Salicaceae",NA,14,1962,2024,NA,"Least concern",NA
1041010,366300,"Salix serpillifolia Scop.",NA,"Salicaceae",NA,2,1962,2012,NA,"Least concern",NA
1041300,368400,"Sambucus racemosa L.",NA,"Adoxaceae",NA,7,2004,2024,NA,"Least concern",NA
1041370,369000,"Sanguisorba officinalis L.",NA,"Rosaceae",NA,2,2004,2009,NA,"Near threatened",NA
1041380,369100,"Sanicula europaea L.",NA,"Apiaceae",NA,1,2009,2009,NA,"Least concern",NA
1041560,371600,"Saxifraga aizoides L.",NA,"Saxifragaceae",NA,14,1962,2024,NA,"Least concern",NA
1041570,371800,"Saxifraga androsacea L.",NA,"Saxifragaceae",NA,8,1962,2024,NA,"Least concern",NA
1041590,372000,"Saxifraga aspera L.",NA,"Saxifragaceae",NA,3,1989,2001,NA,"Least concern",NA
1041610,372240,"Saxifraga biflora All.",NA,"Saxifragaceae",NA,1,1968,1982,NA,"Least concern",NA
1041600,372250,"Saxifraga biflora aggr.",NA,"Saxifragaceae",NA,5,1968,2009,NA,"",NA
1041630,372300,"Saxifraga bryoides L.",NA,"Saxifragaceae",NA,0,1982,1982,NA,"Least concern",NA
1041730,373050,"Saxifraga exarata Vill.",NA,"Saxifragaceae",NA,13,1962,2024,NA,"Least concern",NA
1041710,373200,"Saxifraga exarata subsp. moschata (Wulfen) Cavill.",NA,"Saxifragaceae",NA,7,1962,2024,NA,"Least concern",NA
1041840,374300,"Saxifraga muscoides All.",NA,"Saxifragaceae",NA,2,2004,2021,NA,"Least concern",NA
1041860,374450,"Saxifraga oppositifolia L.",NA,"Saxifragaceae",NA,4,1962,2024,NA,"Least concern",NA
1041870,374500,"Saxifraga oppositifolia L. subsp. oppositifolia",NA,"Saxifragaceae",NA,1,1972,1982,NA,"Least concern",NA
1041890,374600,"Saxifraga paniculata Mill.",NA,"Saxifragaceae",NA,20,1962,2024,NA,"Least concern",NA
1041980,375400,"Saxifraga rotundifolia L.",NA,"Saxifragaceae",NA,12,1962,2024,NA,"Least concern",NA
1042000,375700,"Saxifraga seguieri Spreng.",NA,"Saxifragaceae",NA,2,1962,1982,NA,"Least concern",NA
1042010,375800,"Saxifraga stellaris L.",NA,"Saxifragaceae",NA,6,1982,2017,NA,"Least concern",NA
1041775,376350,"Saxifraga ×kochii Hornung",NA,"Saxifragaceae",NA,3,1968,1999,NA,"",NA
1042090,376500,"Scabiosa columbaria L.",NA,"Caprifoliaceae",NA,3,1982,2019,NA,"Least concern",NA
1042120,377100,"Scabiosa lucida Vill.",NA,"Caprifoliaceae",NA,15,1982,2025,NA,"Least concern",NA
1042750,383200,"Sedum album L.",NA,"Crassulaceae",NA,7,1982,2023,NA,"Least concern",NA
1042760,383300,"Sedum alpestre Vill.",NA,"Crassulaceae",NA,5,1967,2024,NA,"Least concern",NA
1042780,383500,"Sedum annuum L.",NA,"Crassulaceae",NA,1,2024,2024,NA,"Least concern",NA
1042800,383700,"Sedum atratum L.",NA,"Crassulaceae",NA,12,1877,2024,NA,"Least concern",NA
1042840,383900,"Sedum dasyphyllum L.",NA,"Crassulaceae",NA,3,2020,2024,NA,"Least concern",NA
1043100,386300,"Selaginella selaginoides (L.) Schrank & Mart.",NA,"Selaginellaceae",NA,14,1962,2024,NA,"Least concern",NA
1043120,386700,"Sempervivum arachnoideum L.",NA,"Crassulaceae",NA,0,1966,1966,NA,"Least concern",NA
1043160,387000,"Sempervivum montanum L.",NA,"Crassulaceae",NA,3,1962,2021,NA,"Least concern",NA
1043170,387100,"Sempervivum tectorum L.",NA,"Crassulaceae",NA,9,1946,2024,NA,"Least concern",NA
1043250,387600,"Senecio alpinus (L.) Scop.",NA,"Asteraceae",NA,18,2004,2024,NA,"Least concern",NA
1043280,388200,"Senecio doronicum (L.) L.",NA,"Asteraceae",NA,12,1980,2024,NA,"Least concern",NA
1043350,388900,"Senecio hercynicus Herborg",NA,"Asteraceae",NA,2,2009,2019,NA,"Least concern",NA
1043430,389800,"Senecio ovatus (G. Gaertn. & al.) Willd.",NA,"Asteraceae",NA,7,2004,2024,NA,"Least concern",NA
1043425,389870,"Senecio ovatus aggr.",NA,"Asteraceae",NA,9,2004,2024,NA,"",NA
1043520,390400,"Senecio viscosus L.",NA,"Asteraceae",NA,7,2017,2024,NA,"Least concern",NA
1043660,391700,"Seseli libanotis (L.) W. D. J. Koch",NA,"Apiaceae",NA,16,1982,2024,NA,"Least concern",NA
1043700,392200,"Sesleria caerulea (L.) Ard.",NA,"Poaceae",NA,13,1982,2024,NA,"Least concern",NA
1043840,393700,"Sibbaldia procumbens L.",NA,"Rosaceae",NA,1,1962,1962,NA,"Least concern",NA
1043890,394300,"Silene acaulis (L.) Jacq.",NA,"Caryophyllaceae",NA,12,1980,2024,NA,"Least concern",NA
1043940,394900,"Silene dioica (L.) Clairv.",NA,"Caryophyllaceae",NA,12,1982,2025,NA,"Least concern",NA
1043960,395100,"Silene exscapa All.",NA,"Caryophyllaceae",NA,1,1962,1982,NA,"Least concern",NA
1044020,396050,"Silene nutans L.",NA,"Caryophyllaceae",NA,6,1962,2024,NA,"Least concern",NA
1044030,396100,"Silene nutans L. subsp. nutans",NA,"Caryophyllaceae",NA,2,1962,2017,NA,"Least concern",NA
1044080,396800,"Silene rupestris L.",NA,"Caryophyllaceae",NA,2,1962,2017,NA,"Least concern",NA
1044140,397295,"Silene vulgaris (Moench) Garcke",NA,"Caryophyllaceae",NA,13,2004,2024,NA,"Least concern",NA
1044540,400600,"Soldanella alpina L.",NA,"Primulaceae",NA,25,1958,2024,NA,"Least concern",NA
1044560,400800,"Soldanella pusilla Baumg.",NA,"Primulaceae",NA,2,1982,2021,NA,"Least concern",NA
1044620,401395,"Solidago virgaurea L.",NA,"Asteraceae",NA,13,1958,2024,NA,"Least concern",NA
1044640,401500,"Solidago virgaurea subsp. minuta (L.) Arcang.",NA,"Asteraceae",NA,1,1982,2024,NA,"Least concern",NA
1044730,402200,"Sorbus aria (L.) Crantz",NA,"Rosaceae",NA,5,2009,2024,NA,"Least concern",NA
1044725,402250,"Sorbus aria aggr.",NA,"Rosaceae",NA,5,2009,2024,NA,"",NA
1044740,402300,"Sorbus aucuparia L.",NA,"Rosaceae",NA,9,2004,2024,NA,"Least concern",NA
1044770,402400,"Sorbus chamaemespilus (L.) Crantz",NA,"Rosaceae",NA,7,2004,2024,NA,"Least concern",NA
1044870,402900,"Sparganium angustifolium Michx.",NA,"Typhaceae",NA,0,1982,1982,NA,"Near threatened",NA
1045180,405400,"Stachys alpina L.",NA,"Lamiaceae",NA,5,2019,2024,NA,"Least concern",NA
1045350,407100,"Stellaria alsine Grimm",NA,"Caryophyllaceae",NA,0,1982,1982,NA,"Least concern",NA
1045360,407500,"Stellaria graminea L.",NA,"Caryophyllaceae",NA,1,2019,2019,NA,"Least concern",NA
1045400,407805,"Stellaria media aggr.",NA,"Caryophyllaceae",NA,3,2004,2019,NA,"Least concern",NA
1045420,408095,"Stellaria nemorum L.",NA,"Caryophyllaceae",NA,6,2004,2024,NA,"Least concern",NA
1045670,409800,"Streptopus amplexifolius (L.) DC.",NA,"Liliaceae",NA,2,1972,2015,NA,"Least concern",NA
1046040,412500,"Taraxacum cucullatum aggr.",NA,"Asteraceae",NA,2,1984,1999,NA,"Near threatened",NA
1046070,412900,"Taraxacum laevigatum aggr.",NA,"Asteraceae",NA,1,1969,1969,NA,"Least concern",NA
1046080,413100,"Taraxacum officinale aggr.",NA,"Asteraceae",NA,11,1982,2025,NA,"Least concern",NA
1046300,415100,"Teucrium montanum L.",NA,"Lamiaceae",NA,2,2016,2020,NA,"Least concern",NA
1046340,415500,"Thalictrum aquilegiifolium L.",NA,"Ranunculaceae",NA,14,1980,2024,NA,"Least concern",NA
1046400,416195,"Thalictrum minus L.",NA,"Ranunculaceae",NA,12,1982,2025,NA,"Least concern",NA
1046410,416196,"Thalictrum minus L. subsp. minus",NA,"Ranunculaceae",NA,3,2019,2019,NA,"Least concern",NA
1046420,416300,"Thalictrum minus subsp. saxatile Ces.",NA,"Ranunculaceae",NA,1,2022,2022,NA,"Least concern",NA
1046450,417200,"Thesium alpinum L.",NA,"Santalaceae",NA,14,1982,2024,NA,"Least concern",NA
1046500,417700,"Thesium pyrenaicum Pourr.",NA,"Santalaceae",NA,3,2004,2014,NA,"Least concern",NA
1046630,419095,"Thlaspi rotundifolium (L.) Gaudin",NA,"Brassicaceae",NA,4,1902,2024,NA,"Least concern",NA
1046640,419100,"Thlaspi rotundifolium (L.) Gaudin subsp. rotundifolium",NA,"Brassicaceae",NA,3,1902,2024,NA,"Least concern",NA
1046830,420750,"Thymus praecox Opiz",NA,"Lamiaceae",NA,3,1982,2023,NA,"",NA
1046850,420900,"Thymus praecox subsp. polytrichus (Borbás) Jalas",NA,"Lamiaceae",NA,2,1982,2023,NA,"Least concern",NA
1046890,421200,"Thymus serpyllum aggr.",NA,"Lamiaceae",NA,14,1962,2024,NA,"Least concern",NA
1046990,421600,"Tofieldia calyculata (L.) Wahlenb.",NA,"Tofieldiaceae",NA,23,1969,2024,NA,"Least concern",NA
1047090,422400,"Tozzia alpina L.",NA,"Orobanchaceae",NA,1,1914,1914,NA,"Least concern",NA
1047250,423600,"Traunsteinera globosa (L.) Rchb.",NA,"Orchidaceae",NA,17,1982,2024,NA,"Least concern",NA
1047290,423900,"Trichophorum cespitosum (L.) Hartm.",NA,"Cyperaceae",NA,13,1980,2024,NA,"Least concern",NA
1047300,423930,"Trichophorum cespitosum (L.) Hartm. subsp. cespitosum",NA,"Cyperaceae",NA,2,2022,2024,NA,"",NA
1047370,424500,"Trifolium alpinum L.",NA,"Fabaceae",NA,18,1958,2025,NA,"Least concern",NA
1047410,424900,"Trifolium badium Schreb.",NA,"Fabaceae",NA,22,1982,2024,NA,"Least concern",NA
1047460,425595,"Trifolium hybridum L.",NA,"Fabaceae",NA,1,2024,2024,NA,"",NA
1047520,426000,"Trifolium medium L.",NA,"Fabaceae",NA,0,1982,1982,NA,"Least concern",NA
1047570,426700,"Trifolium pallescens Schreb.",NA,"Fabaceae",NA,1,2004,2004,NA,"Least concern",NA
1047600,426895,"Trifolium pratense L.",NA,"Fabaceae",NA,21,1958,2024,NA,"Least concern",NA
1047610,426900,"Trifolium pratense L. subsp. pratense",NA,"Fabaceae",NA,2,1982,2024,NA,"Least concern",NA
1047620,427000,"Trifolium pratense subsp. nivale (W. D. J. Koch) Ces.",NA,"Fabaceae",NA,1,2019,2019,NA,"Least concern",NA
1047630,427100,"Trifolium repens L.",NA,"Fabaceae",NA,14,1958,2025,NA,"Least concern",NA
1047640,427200,"Trifolium repens L. subsp. repens",NA,"Fabaceae",NA,1,1962,1962,NA,"Least concern",NA
1047760,428100,"Trifolium thalii Vill.",NA,"Fabaceae",NA,10,1959,2024,NA,"Least concern",NA
1047770,428200,"Triglochin palustris L.",NA,"Juncaginaceae",NA,5,1969,2024,NA,"Least concern",NA
1047880,429300,"Trisetum distichophyllum (Vill.) P. Beauv.",NA,"Poaceae",NA,1,2024,2024,NA,"Least concern",NA
1048030,430600,"Trollius europaeus L.",NA,"Ranunculaceae",NA,25,1982,2025,NA,"Least concern",NA
1048220,432000,"Tussilago farfara L.",NA,"Asteraceae",NA,13,1982,2024,NA,"Least concern",NA
1048360,433400,"Urtica dioica L.",NA,"Urticaceae",NA,12,1982,2024,NA,"Least concern",NA
1048470,434500,"Vaccinium gaultherioides Bigelow",NA,"Ericaceae",NA,9,2024,2025,NA,"Least concern",NA
1048500,434800,"Vaccinium myrtillus L.",NA,"Ericaceae",NA,29,1958,2025,NA,"Least concern",NA
1048530,435000,"Vaccinium uliginosum L.",NA,"Ericaceae",NA,1,2017,2017,NA,"Near threatened",NA
1048520,435100,"Vaccinium uliginosum aggr.",NA,"Ericaceae",NA,21,1958,2025,NA,"Least concern",NA
1048540,435300,"Vaccinium vitis-idaea L.",NA,"Ericaceae",NA,11,1958,2024,NA,"Least concern",NA
1048580,435600,"Valeriana dioica L.",NA,"Caprifoliaceae",NA,1,2014,2014,NA,"Least concern",NA
1048590,435700,"Valeriana montana L.",NA,"Caprifoliaceae",NA,1,1982,2024,NA,"Least concern",NA
1048600,435900,"Valeriana officinalis aggr.",NA,"Caprifoliaceae",NA,9,1982,2024,NA,"Least concern",NA
1048620,436000,"Valeriana pratensis Dierb.",NA,"Caprifoliaceae",NA,1,1982,1982,NA,"Data deficient",NA
1048690,436700,"Valeriana tripteris L.",NA,"Caprifoliaceae",NA,9,1982,2024,NA,"Least concern",NA
1048820,437800,"Veratrum album L.",NA,"Melanthiaceae",NA,25,1982,2024,NA,"Least concern",NA
1048840,438000,"Veratrum album subsp. lobelianum (Bernh.) Arcang.",NA,"Melanthiaceae",NA,2,2023,2024,NA,"Least concern",NA
1049120,440400,"Veronica alpina L.",NA,"Plantaginaceae",NA,7,1962,2024,NA,"Least concern",NA
1049150,440700,"Veronica aphylla L.",NA,"Plantaginaceae",NA,14,1969,2024,NA,"Least concern",NA
1049180,441000,"Veronica beccabunga L.",NA,"Plantaginaceae",NA,9,1982,2024,NA,"Least concern",NA
1049190,441100,"Veronica bellidioides L.",NA,"Plantaginaceae",NA,2,1962,2024,NA,"Least concern",NA
1049210,441400,"Veronica chamaedrys L.",NA,"Plantaginaceae",NA,8,1982,2024,NA,"Least concern",NA
1049270,441700,"Veronica fruticans Jacq.",NA,"Plantaginaceae",NA,14,1877,2024,NA,"Least concern",NA
1049280,441800,"Veronica fruticulosa L.",NA,"Plantaginaceae",NA,4,1982,2021,NA,"Least concern",NA
1049330,442300,"Veronica montana L.",NA,"Plantaginaceae",NA,1,2019,2019,NA,"Least concern",NA
1049340,442400,"Veronica officinalis L.",NA,"Plantaginaceae",NA,5,1982,2024,NA,"Least concern",NA
1049460,443395,"Veronica serpyllifolia L.",NA,"Plantaginaceae",NA,10,1968,2024,NA,"Least concern",NA
1049470,443400,"Veronica serpyllifolia L. subsp. serpyllifolia",NA,"Plantaginaceae",NA,1,1968,1968,NA,"Least concern",NA
1049480,443500,"Veronica serpyllifolia subsp. humifusa (Dicks.) Syme",NA,"Plantaginaceae",NA,2,1982,2024,NA,"Least concern",NA
1049520,444100,"Veronica urticifolia Jacq.",NA,"Plantaginaceae",NA,6,2004,2024,NA,"Least concern",NA
1049860,447400,"Vicia sepium L.",NA,"Fabaceae",NA,9,2004,2024,NA,"Least concern",NA
1049880,447700,"Vicia sylvatica L.",NA,"Fabaceae",NA,6,2009,2024,NA,"Least concern",NA
1050010,449100,"Viola biflora L.",NA,"Violaceae",NA,11,1982,2024,NA,"Least concern",NA
1050020,449200,"Viola calcarata L.",NA,"Violaceae",NA,2,1982,2017,NA,"Least concern",NA
1050100,449700,"Viola cenisia L.",NA,"Violaceae",NA,1,1908,1982,NA,"Least concern",NA
1050190,450500,"Viola lutea Huds.",NA,"Violaceae",NA,16,1910,2024,NA,"Least concern",NA
1050220,451100,"Viola palustris L.",NA,"Violaceae",NA,11,1980,2024,NA,"Least concern",NA
