"TaxonID","SIFS","Scientific.name","Vernacular.name","Family","Introduced","Nb..Obs.","Years..min.","Years..max.","Doubtful....","IUCN.status","WS.Code"
1000180,1000,"Achillea atrata L.",NA,"Asteraceae",NA,0,1982,1982,NA,"Least concern",NA
1000543,3510,"Aconitum lycoctonum L.",NA,"Ranunculaceae",NA,0,1982,1982,NA,"Least concern",NA
1000545,3530,"Aconitum lycoctonum subsp. vulparia (Rchb.) Nyman",NA,"Ranunculaceae",NA,0,1982,1982,NA,"Least concern",NA
1000620,4390,"Aconitum variegatum L.",NA,"Ranunculaceae",NA,0,1982,1982,NA,"Least concern",NA
1001130,9300,"Agrostis stolonifera L.",NA,"Poaceae",NA,0,1982,1982,NA,"Least concern",NA
1001340,11200,"Alchemilla alpina aggr.",NA,"Rosaceae",NA,1,2021,2021,NA,"Least concern",NA
1001330,11100,"Alchemilla alpina superaggr.",NA,"",NA,1,2021,2021,NA,"",NA
1004360,39350,"Arabis alpina L.",NA,"Brassicaceae",NA,0,1982,1982,NA,"Least concern",NA
1004370,39400,"Arabis alpina L. subsp. alpina",NA,"Brassicaceae",NA,0,1982,1982,NA,"",NA
1005080,47000,"Artemisia genipi Weber",NA,"Asteraceae",NA,0,1982,1982,NA,"Least concern",NA
1005540,51200,"Asplenium septentrionale (L.) Hoffm.",NA,"Aspleniaceae",NA,0,1982,1982,NA,"Least concern",NA
1005550,51400,"Asplenium trichomanes L.",NA,"Aspleniaceae",NA,0,1982,1982,NA,"Least concern",NA
1006870,62500,"Blechnum spicant (L.) Roth",NA,"Blechnaceae",NA,0,1982,1982,NA,"Least concern",NA
1008180,73700,"Caltha palustris L.",NA,"Ranunculaceae",NA,0,1982,1982,NA,"Least concern",NA
1009490,84700,"Carex capillaris L.",NA,"Cyperaceae",NA,0,1982,1982,NA,"Least concern",NA
1009760,87500,"Carex flacca Schreb.",NA,"Cyperaceae",NA,0,1982,1982,NA,"Least concern",NA
1010140,91700,"Carex panicea L.",NA,"Cyperaceae",NA,0,1982,1982,NA,"Least concern",NA
1012370,114400,"Cirsium helenioides (L.) Hill",NA,"Asteraceae",NA,0,1982,1982,NA,"Least concern",NA
1013670,123500,"Crepis conyzifolia (Gouan) A. Kern.",NA,"Asteraceae",NA,0,1982,1982,NA,"Least concern",NA
1014000,126600,"Cryptogramma crispa (L.) Hook.",NA,"Pteridaceae",NA,1,1982,2021,NA,"Least concern",NA
1014840,132900,"Dactylorhiza traunsteineri (Rchb.) Soó",NA,"Orchidaceae",NA,0,1982,1982,NA,"Near threatened",NA
1015560,139700,"Doronicum clusii (All.) Tausch",NA,"Asteraceae",NA,1,1982,2021,NA,"Least concern",NA
1015870,142600,"Dryopteris affinis (Lowe) Fraser-Jenk.",NA,"Dryopteridaceae",NA,0,1982,1982,NA,"Least concern",NA
1016510,147300,"Epilobium alpestre (Jacq.) Krock.",NA,"Onagraceae",NA,0,1982,1982,NA,"Least concern",NA
1018600,162750,"Euphrasia minima Schleich.",NA,"Orobanchaceae",NA,1,1982,2021,NA,"Least concern",NA
1018980,165700,"Festuca alpina Suter",NA,"Poaceae",NA,0,1982,1982,NA,"Least concern",NA
1019160,167650,"Festuca halleri aggr.",NA,"Poaceae",NA,0,1982,1982,NA,"Least concern",NA
1019230,168000,"Festuca intercedens (Hack.) Lüdi",NA,"Poaceae",NA,0,1982,1982,NA,"Least concern",NA
1019450,170000,"Festuca quadriflora Honck.",NA,"Poaceae",NA,0,1982,1982,NA,"Least concern",NA
1019650,171800,"Festuca varia aggr.",NA,"Poaceae",NA,0,1982,1982,NA,"Least concern",NA
1019670,172100,"Festuca violacea aggr.",NA,"Poaceae",NA,0,1982,1982,NA,"Least concern",NA
1021870,192500,"Gnaphalium supinum L.",NA,"Asteraceae",NA,1,1982,2021,NA,"Least concern",NA
1023110,202700,"Hieracium murorum aggr.",NA,"Asteraceae",NA,0,1982,1982,NA,"Least concern",NA
1023360,204700,"Hieracium schmidtii aggr.",NA,"Asteraceae",NA,0,1982,1982,NA,"Near threatened",NA
1025130,220300,"Juncus triglumis L.",NA,"Juncaceae",NA,0,1982,1982,NA,"Least concern",NA
1025190,221000,"Kernera saxatilis (L.) Sweet",NA,"Brassicaceae",NA,0,1982,1982,NA,"Least concern",NA
1026470,234600,"Leontopodium alpinum Cass.",NA,"Asteraceae",NA,0,1982,1982,NA,"Least concern",NA
1026600,236000,"Leucanthemopsis alpina (L.) Heywood",NA,"Asteraceae",NA,1,2021,2021,NA,"Least concern",NA
1026610,236020,"Leucanthemopsis alpina (L.) Heywood subsp. alpina",NA,"Asteraceae",NA,1,2021,2021,NA,"Least concern",NA
1026650,236200,"Leucanthemum adustum (W. D. J. Koch) Gremli",NA,"Asteraceae",NA,0,1982,1982,NA,"Least concern",NA
1026710,236905,"Leucanthemum vulgare aggr.",NA,"Asteraceae",NA,0,1982,1982,NA,"Least concern",NA
1027210,241900,"Listera cordata (L.) R. Br.",NA,"Orchidaceae",NA,0,1982,1982,NA,"Near threatened",NA
1027500,244300,"Lotus alpinus (DC.) Ramond",NA,"Fabaceae",NA,1,1982,2021,NA,"Least concern",NA
1027510,244410,"Lotus corniculatus aggr.",NA,"Fabaceae",NA,1,1982,2021,NA,"Least concern",NA
1027670,246000,"Luzula alpinopilosa (Chaix) Breistr.",NA,"Juncaceae",NA,1,1982,2021,NA,"Least concern",NA
1027790,247100,"Luzula multiflora (Ehrh.) Lej.",NA,"Juncaceae",NA,0,1982,1982,NA,"Least concern",NA
1027785,247150,"Luzula multiflora aggr.",NA,"Juncaceae",NA,0,1982,1982,NA,"Least concern",NA
1027920,248400,"Luzula sylvatica aggr.",NA,"Juncaceae",NA,0,1982,1982,NA,"Least concern",NA
1029020,259800,"Milium effusum L.",NA,"Poaceae",NA,0,1982,1982,NA,"Least concern",NA
1029350,262500,"Moehringia ciliata (Scop.) Dalla Torre",NA,"Caryophyllaceae",NA,0,1982,1982,NA,"Least concern",NA
1030380,271700,"Nigritella rhellicani aggr.",NA,"Orchidaceae",NA,0,1982,1982,NA,"Least concern",NA
1032820,294400,"Pedicularis kerneri Dalla Torre",NA,"Orobanchaceae",NA,1,1982,2021,NA,"Least concern",NA
1033630,301400,"Phyteuma hemisphaericum L.",NA,"Campanulaceae",NA,1,1982,2021,NA,"Least concern",NA
1033800,302800,"Picea abies (L.) H. Karst.",NA,"Pinaceae",NA,1,1982,2021,NA,"Least concern",NA
1034080,305495,"Pinus mugo Turra",NA,"Pinaceae",NA,0,1982,1982,NA,"Least concern",NA
1034070,305800,"Pinus mugo subsp. uncinata (DC.) Domin",NA,"Pinaceae",NA,0,1982,1982,NA,"Least concern",NA
1034250,307000,"Plantago alpina L.",NA,"Plantaginaceae",NA,0,1982,1982,NA,"Least concern",NA
1034405,308350,"Plantago serpentina aggr.",NA,"Plantaginaceae",NA,0,1982,1982,NA,"",NA
1034620,310500,"Poa nemoralis L.",NA,"Poaceae",NA,0,1982,1982,NA,"Least concern",NA
1034680,311100,"Poa supina Schrad.",NA,"Poaceae",NA,0,1982,1982,NA,"Least concern",NA
1035200,316400,"Polypodium vulgare L.",NA,"Polypodiaceae",NA,0,1982,1982,NA,"Least concern",NA
1036430,327650,"Pritzelago alpina (L.) Kuntze",NA,"Brassicaceae",NA,0,1982,1982,NA,"Least concern",NA
1036450,327800,"Pritzelago alpina subsp. brevicaulis (Spreng.) Greuter & Burdet",NA,"Brassicaceae",NA,0,1982,1982,NA,"Least concern",NA
1037360,336500,"Ranunculus aconitifolius L.",NA,"Ranunculaceae",NA,0,1982,1982,NA,"Least concern",NA
1037610,338700,"Ranunculus glacialis L.",NA,"Ranunculaceae",NA,1,1982,2021,NA,"Least concern",NA
1037710,339500,"Ranunculus montanus Willd.",NA,"Ranunculaceae",NA,0,1982,1982,NA,"Least concern",NA
1037700,339505,"Ranunculus montanus aggr.",NA,"Ranunculaceae",NA,0,1982,1982,NA,"Least concern",NA
1038000,342400,"Ranunculus villarsii DC.",NA,"Ranunculaceae",NA,0,1982,1982,NA,"Least concern",NA
1038200,343600,"Rhamnus pumila Turra",NA,"Rhamnaceae",NA,0,1982,1982,NA,"Least concern",NA
1040200,359400,"Rumex alpinus L.",NA,"Polygonaceae",NA,0,1982,1982,NA,"Least concern",NA
1040590,363100,"Salix appendiculata Vill.",NA,"Salicaceae",NA,0,1982,1982,NA,"Least concern",NA
1041510,371050,"Saussurea alpina (L.) DC.",NA,"Asteraceae",NA,0,1982,1982,NA,"Least concern",NA
1041520,371100,"Saussurea alpina (L.) DC. subsp. alpina",NA,"Asteraceae",NA,0,1982,1982,NA,"Least concern",NA
1041630,372300,"Saxifraga bryoides L.",NA,"Saxifragaceae",NA,1,1982,2021,NA,"Least concern",NA
1041670,372700,"Saxifraga cotyledon L.",NA,"Saxifragaceae",NA,0,1982,1982,NA,"Least concern",NA
1041730,373050,"Saxifraga exarata Vill.",NA,"Saxifragaceae",NA,0,1982,1982,NA,"Least concern",NA
1041740,373100,"Saxifraga exarata Vill. subsp. exarata",NA,"Saxifragaceae",NA,0,1982,1982,NA,"Least concern",NA
1043120,386700,"Sempervivum arachnoideum L.",NA,"Crassulaceae",NA,0,1982,1982,NA,"Least concern",NA
1043280,388200,"Senecio doronicum (L.) L.",NA,"Asteraceae",NA,0,1982,1982,NA,"Least concern",NA
1043840,393700,"Sibbaldia procumbens L.",NA,"Rosaceae",NA,1,1982,2021,NA,"Least concern",NA
1043940,394900,"Silene dioica (L.) Clairv.",NA,"Caryophyllaceae",NA,0,1982,1982,NA,"Least concern",NA
1043960,395100,"Silene exscapa All.",NA,"Caryophyllaceae",NA,1,1982,2021,NA,"Least concern",NA
1045420,408095,"Stellaria nemorum L.",NA,"Caryophyllaceae",NA,0,1982,1982,NA,"Least concern",NA
1045430,408100,"Stellaria nemorum L. subsp. nemorum",NA,"Caryophyllaceae",NA,0,1982,1982,NA,"Least concern",NA
1046090,413200,"Taraxacum pacheri Sch. Bip.",NA,"Asteraceae",NA,0,1982,1982,NA,"Vulnerable",NA
1046340,415500,"Thalictrum aquilegiifolium L.",NA,"Ranunculaceae",NA,0,1982,1982,NA,"Least concern",NA
1047090,422400,"Tozzia alpina L.",NA,"Orobanchaceae",NA,0,1982,1982,NA,"Least concern",NA
1047600,426895,"Trifolium pratense L.",NA,"Fabaceae",NA,0,1982,1982,NA,"Least concern",NA
1047620,427000,"Trifolium pratense subsp. nivale (W. D. J. Koch) Ces.",NA,"Fabaceae",NA,0,1982,1982,NA,"Least concern",NA
1048590,435700,"Valeriana montana L.",NA,"Caprifoliaceae",NA,0,1982,1982,NA,"Least concern",NA
1048820,437800,"Veratrum album L.",NA,"Melanthiaceae",NA,1,2021,2021,NA,"Least concern",NA
1048840,438000,"Veratrum album subsp. lobelianum (Bernh.) Arcang.",NA,"Melanthiaceae",NA,1,2021,2021,NA,"Least concern",NA
1049120,440400,"Veronica alpina L.",NA,"Plantaginaceae",NA,1,1982,2021,NA,"Least concern",NA
1049460,443395,"Veronica serpyllifolia L.",NA,"Plantaginaceae",NA,0,1982,1982,NA,"Least concern",NA
1049480,443500,"Veronica serpyllifolia subsp. humifusa (Dicks.) Syme",NA,"Plantaginaceae",NA,0,1982,1982,NA,"Least concern",NA
1000180,1000,"Achillea atrata L.",NA,"Asteraceae",NA,2,2022,2022,NA,"Least concern",NA
1000260,1350,"Achillea erba-rotta All.",NA,"Asteraceae",NA,5,1982,2022,NA,"Least concern",NA
1000290,1500,"Achillea erba-rotta subsp. moschata (Wulfen) Vacc.",NA,"Asteraceae",NA,5,1982,2022,NA,"Least concern",NA
1000310,1600,"Achillea macrophylla L.",NA,"Asteraceae",NA,1,1982,2021,NA,"Least concern",NA
1000360,1900,"Achillea nana L.",NA,"Asteraceae",NA,2,2019,2019,NA,"Least concern",NA
1000770,5400,"Adenostyles alliariae (Gouan) A. Kern.",NA,"Asteraceae",NA,5,1982,2023,NA,"Least concern",NA
1000800,5600,"Adenostyles leucophylla (Willd.) Rchb.",NA,"Asteraceae",NA,0,1982,1982,NA,"Least concern",NA
1001060,8400,"Agrostis alpina Scop.",NA,"Poaceae",NA,4,1982,2022,NA,"Least concern",NA
1001080,8600,"Agrostis capillaris L.",NA,"Poaceae",NA,1,2022,2022,NA,"Least concern",NA
1001100,8900,"Agrostis rupestris All.",NA,"Poaceae",NA,9,1982,2022,NA,"Least concern",NA
1001120,9100,"Agrostis schraderiana Bech.",NA,"Poaceae",NA,6,1982,2022,NA,"Least concern",NA
1001130,9300,"Agrostis stolonifera L.",NA,"Poaceae",NA,1,2007,2007,NA,"Least concern",NA
1001220,10300,"Ajuga pyramidalis L.",NA,"Lamiaceae",NA,3,1982,2023,NA,"Least concern",NA
1001350,10990,"Alchemilla alpina L.",NA,"Rosaceae",NA,13,2015,2022,NA,"Least concern",NA
1001340,11200,"Alchemilla alpina aggr.",NA,"Rosaceae",NA,14,2010,2022,NA,"Least concern",NA
1001330,11100,"Alchemilla alpina superaggr.",NA,"",NA,23,1982,2022,NA,"",NA
1001410,12100,"Alchemilla conjuncta superaggr.",NA,"",NA,1,2022,2022,NA,"",NA
1001490,12700,"Alchemilla crinita Buser",NA,"Rosaceae",NA,7,2015,2022,NA,"Least concern",NA
1001560,12990,"Alchemilla decumbens Buser",NA,"Rosaceae",NA,5,2015,2022,NA,"Least concern",NA
1001530,13100,"Alchemilla decumbens aggr.",NA,"Rosaceae",NA,5,2015,2022,NA,"Least concern",NA
1001580,13200,"Alchemilla demissa Buser",NA,"Rosaceae",NA,3,2015,2015,NA,"Least concern",NA
1001570,13300,"Alchemilla demissa aggr.",NA,"Rosaceae",NA,3,2015,2015,NA,"Least concern",NA
1001650,13890,"Alchemilla fissa Günther & Schummel",NA,"Rosaceae",NA,10,2015,2022,NA,"Least concern",NA
1001640,14000,"Alchemilla fissa aggr.",NA,"Rosaceae",NA,10,2015,2022,NA,"Least concern",NA
1001680,14300,"Alchemilla flavicoma Buser",NA,"Rosaceae",NA,1,2022,2022,NA,"Least concern",NA
1001720,14700,"Alchemilla frigens Buser",NA,"Rosaceae",NA,4,2015,2015,NA,"Least concern",NA
1001750,14895,"Alchemilla glabra Neygenf.",NA,"Rosaceae",NA,8,2015,2022,NA,"Least concern",NA
1001740,15000,"Alchemilla glabra aggr.",NA,"Rosaceae",NA,22,2015,2022,NA,"Least concern",NA
1001800,15400,"Alchemilla grossidens aggr.",NA,"Rosaceae",NA,1,2022,2022,NA,"Least concern",NA
1001960,16700,"Alchemilla lineata Buser",NA,"Rosaceae",NA,6,2015,2022,NA,"Least concern",NA
1002030,17300,"Alchemilla monticola Opiz",NA,"Rosaceae",NA,9,2015,2022,NA,"Data deficient",NA
1002070,17700,"Alchemilla obtusa Buser",NA,"Rosaceae",NA,4,2015,2015,NA,"Least concern",NA
1002100,17990,"Alchemilla pallens Buser",NA,"Rosaceae",NA,1,2022,2022,NA,"Least concern",NA
1002110,18100,"Alchemilla pentaphyllea L.",NA,"Rosaceae",NA,11,1982,2023,NA,"Least concern",NA
1002340,20200,"Alchemilla subcrenata Buser",NA,"Rosaceae",NA,7,2015,2022,NA,"Least concern",NA
1002360,20300,"Alchemilla subsericea Reut.",NA,"Rosaceae",NA,9,2015,2022,NA,"Least concern",NA
1002350,20400,"Alchemilla subsericea aggr.",NA,"Rosaceae",NA,9,2015,2022,NA,"Least concern",NA
1002440,21100,"Alchemilla vulgaris aggr.",NA,"Rosaceae",NA,27,2015,2022,NA,"Least concern",NA
1002870,25400,"Alnus viridis (Chaix) DC.",NA,"Betulaceae",NA,2,1982,2021,NA,"Least concern",NA
1003490,31000,"Andromeda polifolia L.",NA,"Ericaceae",NA,2,2022,2022,NA,"Near threatened",NA
1003840,34300,"Antennaria carpatica (Wahlenb.) Bluff & Fingerh.",NA,"Asteraceae",NA,1,1982,2023,NA,"Least concern",NA
1003850,34400,"Antennaria dioica (L.) Gaertn.",NA,"Asteraceae",NA,2,1982,2023,NA,"Least concern",NA
1003940,35300,"Anthoxanthum alpinum Á. Löve & D. Löve",NA,"Poaceae",NA,4,1982,2022,NA,"Least concern",NA
1003970,35400,"Anthoxanthum odoratum L.",NA,"Poaceae",NA,3,1982,2022,NA,"Least concern",NA
1003960,35500,"Anthoxanthum odoratum aggr.",NA,"Poaceae",NA,10,1982,2022,NA,"Least concern",NA
1004360,39350,"Arabis alpina L.",NA,"Brassicaceae",NA,2,1982,2023,NA,"Least concern",NA
1004680,43000,"Arctostaphylos alpina (L.) Spreng.",NA,"Ericaceae",NA,0,1982,1982,NA,"Least concern",NA
1004690,43100,"Arctostaphylos uva-ursi (L.) Spreng.",NA,"Ericaceae",NA,3,1982,2023,NA,"Least concern",NA
1004720,43400,"Arenaria biflora L.",NA,"Caryophyllaceae",NA,6,1982,2021,NA,"Least concern",NA
1004910,45700,"Arnica montana L.",NA,"Asteraceae",NA,6,1982,2021,NA,"Least concern",NA
1005540,51200,"Asplenium septentrionale (L.) Hoffm.",NA,"Aspleniaceae",NA,1,1982,2022,NA,"Least concern",NA
1005610,51500,"Asplenium viride Huds.",NA,"Aspleniaceae",NA,1,1982,2022,NA,"Least concern",NA
1005640,51800,"Aster alpinus L.",NA,"Asteraceae",NA,1,1982,2019,NA,"Least concern",NA
1005660,52000,"Aster bellidiastrum (L.) Scop.",NA,"Asteraceae",NA,3,1982,2018,NA,"Least concern",NA
1006050,55300,"Astrantia minor L.",NA,"Apiaceae",NA,9,1982,2023,NA,"Least concern",NA
1006080,55600,"Athyrium distentifolium Opiz",NA,"Athyriaceae",NA,5,1982,2022,NA,"Least concern",NA
1006090,55700,"Athyrium filix-femina (L.) Roth",NA,"Athyriaceae",NA,0,1982,1982,NA,"Least concern",NA
1006320,57400,"Avenella flexuosa (L.) Drejer",NA,"Poaceae",NA,6,1982,2022,NA,"Least concern",NA
1006460,58700,"Bartsia alpina L.",NA,"Orobanchaceae",NA,1,1982,2021,NA,"Least concern",NA
1006595,60450,"Betula pendula aggr.",NA,"Betulaceae",NA,2,2010,2022,NA,"",NA
1006610,60500,"Betula pubescens Ehrh.",NA,"Betulaceae",NA,1,2022,2022,NA,"Least concern",NA
1006990,63300,"Botrychium lunaria (L.) Sw.",NA,"Ophioglossaceae",NA,1,1982,2020,NA,"Least concern",NA
1007800,69900,"Bupleurum ranunculoides L.",NA,"Apiaceae",NA,1,2023,2023,NA,"Least concern",NA
1007810,70000,"Bupleurum ranunculoides L. subsp. ranunculoides",NA,"Apiaceae",NA,1,2023,2023,NA,"Least concern",NA
1007840,70300,"Bupleurum stellatum L.",NA,"Apiaceae",NA,10,1982,2024,NA,"Least concern",NA
1007950,71500,"Calamagrostis villosa (Chaix) J. F. Gmel.",NA,"Poaceae",NA,1,1982,2021,NA,"Least concern",NA
1008160,73600,"Calluna vulgaris (L.) Hull",NA,"Ericaceae",NA,12,1982,2023,NA,"Least concern",NA
1008300,74700,"Campanula barbata L.",NA,"Campanulaceae",NA,10,1982,2023,NA,"Least concern",NA
1008650,77200,"Campanula scheuchzeri Vill.",NA,"Campanulaceae",NA,14,1982,2023,NA,"Least concern",NA
1008780,78200,"Cardamine alpina Willd.",NA,"Brassicaceae",NA,2,1982,2012,NA,"Least concern",NA
1009020,80300,"Cardamine resedifolia L.",NA,"Brassicaceae",NA,7,1982,2025,NA,"Least concern",NA
1009390,83900,"Carex bicolor All.",NA,"Cyperaceae",NA,0,1966,1966,NA,"Near threatened",NA
1009440,84400,"Carex brunnescens (Pers.) Poir.",NA,"Cyperaceae",NA,5,1982,2022,NA,"Least concern",NA
1009540,85395,"Carex curvula All.",NA,"Cyperaceae",NA,5,2007,2023,NA,"Least concern",NA
1009680,86700,"Carex echinata Murray",NA,"Cyperaceae",NA,3,1982,2022,NA,"Least concern",NA
1009790,87700,"Carex foetida All.",NA,"Cyperaceae",NA,8,1982,2023,NA,"Least concern",NA
1009800,87800,"Carex frigida All.",NA,"Cyperaceae",NA,5,1982,2022,NA,"Least concern",NA
1009920,89100,"Carex lachenalii Schkuhr",NA,"Cyperaceae",NA,4,1982,2018,NA,"Least concern",NA
1010060,90500,"Carex muricata aggr.",NA,"Cyperaceae",NA,1,2019,2019,NA,"Least concern",NA
1010070,90700,"Carex nigra (L.) Reichard",NA,"Cyperaceae",NA,5,1982,2025,NA,"Least concern",NA
1010180,92200,"Carex paupercula Michx.",NA,"Cyperaceae",NA,2,1966,2022,NA,"Near threatened",NA
1010320,93700,"Carex rostrata Stokes",NA,"Cyperaceae",NA,1,2022,2022,NA,"Least concern",NA
1010340,93900,"Carex sempervirens Vill.",NA,"Cyperaceae",NA,6,1982,2023,NA,"Least concern",NA
1010350,94200,"Carex spicata Huds.",NA,"Cyperaceae",NA,1,2019,2019,NA,"Least concern",NA
1010490,95800,"Carlina acaulis L.",NA,"Asteraceae",NA,8,1982,2023,NA,"Least concern",NA
1010510,96000,"Carlina acaulis subsp. caulescens (Lam.) Schübl. & G. Martens",NA,"Asteraceae",NA,4,2019,2023,NA,"",NA
1011390,103595,"Cerastium fontanum Baumg.",NA,"Caryophyllaceae",NA,2,1982,2021,NA,"Least concern",NA
1011400,103600,"Cerastium fontanum Baumg. subsp. fontanum",NA,"Caryophyllaceae",NA,0,1982,1982,NA,"Least concern",NA
1011420,103800,"Cerastium fontanum subsp. vulgare (Hartm.) Greuter & Burdet",NA,"Caryophyllaceae",NA,2,1982,2021,NA,"Least concern",NA
1011480,104600,"Cerastium pedunculatum Gaudin",NA,"Caryophyllaceae",NA,2,1982,2025,NA,"Least concern",NA
1011530,105400,"Cerastium uniflorum Clairv.",NA,"Caryophyllaceae",NA,2,1982,2022,NA,"Least concern",NA
1011700,106705,"Chaerophyllum hirsutum aggr.",NA,"Apiaceae",NA,2,2002,2007,NA,"Least concern",NA
1011810,107700,"Chamorchis alpina (L.) Rich.",NA,"Orchidaceae",NA,6,1970,2019,NA,"Least concern",NA
1012190,112800,"Cicerbita alpina (L.) Wallr.",NA,"Asteraceae",NA,2,2021,2023,NA,"Least concern",NA
1012370,114400,"Cirsium helenioides (L.) Hill",NA,"Asteraceae",NA,2,2021,2022,NA,"Least concern",NA
1012400,114800,"Cirsium oleraceum (L.) Scop.",NA,"Asteraceae",NA,1,2022,2022,NA,"Least concern",NA
1012450,115300,"Cirsium spinosissimum (L.) Scop.",NA,"Asteraceae",NA,12,1982,2023,NA,"Least concern",NA
1012660,116600,"Clinopodium vulgare L.",NA,"Lamiaceae",NA,1,2021,2021,NA,"Least concern",NA
1013450,121800,"Cotoneaster integerrimus Medik.",NA,"Rosaceae",NA,0,1982,1982,NA,"Least concern",NA
1013630,123000,"Crepis aurea (L.) Cass.",NA,"Asteraceae",NA,3,1982,2021,NA,"Least concern",NA
1013670,123500,"Crepis conyzifolia (Gouan) A. Kern.",NA,"Asteraceae",NA,2,1982,2022,NA,"Least concern",NA
1014000,126600,"Cryptogramma crispa (L.) Hook.",NA,"Pteridaceae",NA,13,1982,2024,NA,"Least concern",NA
1014500,130500,"Cystopteris alpina (Lam.) Desv.",NA,"Cystopteridaceae",NA,1,2022,2022,NA,"Least concern",NA
1014520,130700,"Cystopteris fragilis (L.) Bernh.",NA,"Cystopteridaceae",NA,1,2023,2023,NA,"Least concern",NA
1014515,130750,"Cystopteris fragilis aggr.",NA,"Cystopteridaceae",NA,1,2023,2023,NA,"",NA
1014690,132300,"Dactylorhiza incarnata (L.) Soó",NA,"Orchidaceae",NA,1,1984,1984,NA,"Near threatened",NA
1014700,132350,"Dactylorhiza incarnata (L.) Soó subsp. incarnata",NA,"Orchidaceae",NA,1,1984,1984,NA,"Near threatened",NA
1014760,132600,"Dactylorhiza maculata (L.) Soó",NA,"Orchidaceae",NA,15,1982,2024,NA,"Least concern",NA
1014775,132630,"Dactylorhiza maculata subsp. fuchsii (Druce) Hyl.",NA,"Orchidaceae",NA,14,1989,2024,NA,"Least concern",NA
1014800,132700,"Dactylorhiza majalis (Rchb.) P. F. Hunt & Summerh.",NA,"Orchidaceae",NA,5,1982,2023,NA,"Least concern",NA
1015040,134800,"Deschampsia cespitosa (L.) P. Beauv.",NA,"Poaceae",NA,2,1982,2022,NA,"Least concern",NA
1015420,137800,"Diphasiastrum alpinum (L.) Holub",NA,"Lycopodiaceae",NA,5,1982,2022,NA,"Least concern",NA
1015560,139700,"Doronicum clusii (All.) Tausch",NA,"Asteraceae",NA,3,1982,2012,NA,"Least concern",NA
1015680,140700,"Draba dubia Suter",NA,"Brassicaceae",NA,2,1982,2023,NA,"Least concern",NA
1015690,140800,"Draba fladnizensis Wulfen",NA,"Brassicaceae",NA,0,1966,1966,NA,"Least concern",NA
1015820,142000,"Drosera anglica Huds.",NA,"Droseraceae",NA,15,2022,2025,NA,"Vulnerable",NA
1015830,142100,"Drosera intermedia Hayne",NA,"Droseraceae",NA,1,2021,2021,NA,"Endangered",NA
1015840,142300,"Drosera rotundifolia L.",NA,"Droseraceae",NA,17,2021,2024,NA,"Near threatened",NA
1015870,142600,"Dryopteris affinis (Lowe) Fraser-Jenk.",NA,"Dryopteridaceae",NA,2,1982,2022,NA,"Least concern",NA
1015910,143100,"Dryopteris carthusiana (Vill.) H. P. Fuchs",NA,"Dryopteridaceae",NA,1,2002,2002,NA,"Least concern",NA
1015930,143300,"Dryopteris dilatata (Hoffm.) A. Gray",NA,"Dryopteridaceae",NA,2,1982,2022,NA,"Least concern",NA
1015925,143350,"Dryopteris dilatata aggr.",NA,"Dryopteridaceae",NA,6,1982,2022,NA,"",NA
1015950,143500,"Dryopteris filix-mas (L.) Schott",NA,"Dryopteridaceae",NA,2,1982,2023,NA,"Least concern",NA
1016470,146795,"Empetrum nigrum L.",NA,"Ericaceae",NA,8,1982,2025,NA,"Least concern",NA
1016490,146900,"Empetrum nigrum subsp. hermaphroditum (Hagerup) Böcher",NA,"Ericaceae",NA,5,1982,2025,NA,"Least concern",NA
1016530,147600,"Epilobium anagallidifolium Lam.",NA,"Onagraceae",NA,2,1982,2010,NA,"Least concern",NA
1016540,147700,"Epilobium angustifolium L.",NA,"Onagraceae",NA,2,1982,2022,NA,"Least concern",NA
1016590,148200,"Epilobium fleischeri Hochst.",NA,"Onagraceae",NA,2,1982,2022,NA,"Least concern",NA
1016630,148700,"Epilobium nutans F. W. Schmidt",NA,"Onagraceae",NA,2,2002,2012,NA,"Least concern",NA
1016920,150600,"Equisetum arvense L.",NA,"Equisetaceae",NA,0,1982,1982,NA,"Least concern",NA
1016980,151400,"Equisetum sylvaticum L.",NA,"Equisetaceae",NA,5,2021,2024,NA,"Least concern",NA
1017000,151600,"Equisetum variegatum Schleich.",NA,"Equisetaceae",NA,1,1982,2025,NA,"Least concern",NA
1017490,153600,"Erigeron alpinus L.",NA,"Asteraceae",NA,1,1982,2023,NA,"Least concern",NA
1017485,153650,"Erigeron alpinus aggr.",NA,"Asteraceae",NA,4,1982,2023,NA,"",NA
1017610,155000,"Erigeron uniflorus L.",NA,"Asteraceae",NA,2,1982,2021,NA,"Least concern",NA
1017640,155200,"Eriophorum angustifolium Honck.",NA,"Cyperaceae",NA,6,1982,2023,NA,"Least concern",NA
1017670,155500,"Eriophorum scheuchzeri Hoppe",NA,"Cyperaceae",NA,5,1982,2022,NA,"Least concern",NA
1017680,155600,"Eriophorum vaginatum L.",NA,"Cyperaceae",NA,3,2021,2024,NA,"Near threatened",NA
1017690,155700,"Eritrichium nanum (L.) Gaudin",NA,"Boraginaceae",NA,0,1982,1982,NA,"Least concern",NA
1018480,161600,"Euphorbia stricta L.",NA,"Euphorbiaceae",NA,1,2022,2022,NA,"Least concern",NA
1018520,162000,"Euphrasia alpina Lam.",NA,"Orobanchaceae",NA,3,2010,2022,NA,"Least concern",NA
1018600,162750,"Euphrasia minima Schleich.",NA,"Orobanchaceae",NA,12,1982,2023,NA,"Least concern",NA
1018660,163150,"Euphrasia picta Wimm.",NA,"Orobanchaceae",NA,2,2022,2022,NA,"Near threatened",NA
1018700,163450,"Euphrasia rostkoviana Hayne",NA,"Orobanchaceae",NA,2,2019,2023,NA,"Least concern",NA
1018685,163850,"Euphrasia rostkoviana aggr.",NA,"Orobanchaceae",NA,4,2019,2023,NA,"",NA
1018730,163800,"Euphrasia rostkoviana subsp. montana (Jord.) Wettst.",NA,"Orobanchaceae",NA,1,2019,2019,NA,"Least concern",NA
1019180,167600,"Festuca halleri All.",NA,"Poaceae",NA,0,1982,1982,NA,"Least concern",NA
1019290,168300,"Festuca nigrescens Lam.",NA,"Poaceae",NA,2,2022,2022,NA,"Least concern",NA
1019470,170200,"Festuca rubra aggr.",NA,"Poaceae",NA,7,1982,2022,NA,"Least concern",NA
1019510,170400,"Festuca rupicaprina (Hack.) A. Kern.",NA,"Poaceae",NA,1,2022,2022,NA,"Least concern",NA
1019670,172100,"Festuca violacea aggr.",NA,"Poaceae",NA,2,1982,2012,NA,"Least concern",NA
1020350,177100,"Galeopsis tetrahit L.",NA,"Lamiaceae",NA,1,2023,2023,NA,"Least concern",NA
1020390,177500,"Galium anisophyllon Vill.",NA,"Rubiaceae",NA,5,1982,2022,NA,"Least concern",NA
1020500,178800,"Galium megalospermum All.",NA,"Rubiaceae",NA,1,2002,2002,NA,"Least concern",NA
1020600,179700,"Galium pumilum Murray",NA,"Rubiaceae",NA,5,2007,2022,NA,"Least concern",NA
1020595,179650,"Galium pumilum aggr.",NA,"Rubiaceae",NA,10,1982,2022,NA,"",NA
1020890,182200,"Gentiana acaulis L.",NA,"Gentianaceae",NA,8,1982,2022,NA,"Least concern",NA
1021090,183800,"Gentiana germanica Willd.",NA,"Gentianaceae",NA,2,2020,2020,NA,"Vulnerable",NA
1021140,184300,"Gentiana nivalis L.",NA,"Gentianaceae",NA,4,1982,2021,NA,"Least concern",NA
1021190,184800,"Gentiana punctata L.",NA,"Gentianaceae",NA,3,1895,2022,NA,"Least concern",NA
1021200,184900,"Gentiana purpurea L.",NA,"Gentianaceae",NA,14,1982,2024,NA,"Least concern",NA
1021210,185000,"Gentiana ramosa Hegetschw.",NA,"Gentianaceae",NA,8,1982,2024,NA,"Least concern",NA
1021230,185200,"Gentiana tenella Rottb.",NA,"Gentianaceae",NA,1,1986,1986,NA,"Least concern",NA
1021250,185400,"Gentiana verna L.",NA,"Gentianaceae",NA,1,1982,2002,NA,"Least concern",NA
1021530,189300,"Geranium sylvaticum L.",NA,"Geraniaceae",NA,3,1982,2022,NA,"Least concern",NA
1021540,189400,"Geum montanum L.",NA,"Rosaceae",NA,12,1982,2023,NA,"Least concern",NA
1021560,189500,"Geum reptans L.",NA,"Rosaceae",NA,2,1982,2019,NA,"Least concern",NA
1021860,192400,"Gnaphalium norvegicum Gunnerus",NA,"Asteraceae",NA,4,1982,2023,NA,"Least concern",NA
1021870,192500,"Gnaphalium supinum L.",NA,"Asteraceae",NA,10,1982,2022,NA,"Least concern",NA
1021880,192600,"Gnaphalium sylvaticum L.",NA,"Asteraceae",NA,5,2007,2024,NA,"Least concern",NA
1021950,193200,"Gymnadenia conopsea (L.) R. Br.",NA,"Orchidaceae",NA,8,1982,2024,NA,"Least concern",NA
1021980,193400,"Gymnocarpium dryopteris (L.) Newman",NA,"Cystopteridaceae",NA,2,1982,2012,NA,"Least concern",NA
1022180,194895,"Helianthemum nummularium (L.) Mill.",NA,"Cistaceae",NA,0,1982,1982,NA,"Least concern",NA
1022220,195200,"Helianthemum nummularium subsp. obscurum (Čelak.) Holub",NA,"Cistaceae",NA,0,1982,1982,NA,"Least concern",NA
1022440,197100,"Helictotrichon versicolor (Vill.) Pilg.",NA,"Poaceae",NA,6,1982,2022,NA,"Least concern",NA
1022790,199900,"Hieracium alpinum L.",NA,"Asteraceae",NA,7,1982,2022,NA,"Least concern",NA
1022810,200100,"Hieracium angustifolium Hoppe",NA,"Asteraceae",NA,1,1982,2021,NA,"Least concern",NA
1022930,201200,"Hieracium glanduliferum Hoppe",NA,"Asteraceae",NA,3,2022,2023,NA,"Least concern",NA
1023010,201900,"Hieracium intybaceum All.",NA,"Asteraceae",NA,12,1982,2022,NA,"Least concern",NA
1023170,203200,"Hieracium piliferum aggr.",NA,"Asteraceae",NA,3,2022,2023,NA,"Least concern",NA
1023270,203900,"Hieracium prenanthoides aggr.",NA,"Asteraceae",NA,2,1982,2022,NA,"Least concern",NA
1023500,205800,"Hieracium villosum Jacq.",NA,"Asteraceae",NA,1,2002,2002,NA,"Least concern",NA
1023490,205900,"Hieracium villosum aggr.",NA,"Asteraceae",NA,1,2002,2002,NA,"Least concern",NA
1023680,207300,"Homogyne alpina (L.) Cass.",NA,"Asteraceae",NA,8,1982,2023,NA,"Least concern",NA
1023860,208900,"Huperzia selago (L.) Schrank & Mart.",NA,"Lycopodiaceae",NA,7,1982,2022,NA,"Least concern",NA
1024060,210695,"Hypericum maculatum Crantz",NA,"Hypericaceae",NA,0,1982,1982,NA,"Least concern",NA
1024070,210700,"Hypericum maculatum Crantz subsp. maculatum",NA,"Hypericaceae",NA,0,1982,1982,NA,"Least concern",NA
1024250,212200,"Hypochaeris uniflora Vill.",NA,"Asteraceae",NA,3,1982,2024,NA,"Least concern",NA
1024900,217700,"Juncus alpinoarticulatus Chaix",NA,"Juncaceae",NA,1,2022,2022,NA,"Least concern",NA
1024925,218150,"Juncus articulatus aggr.",NA,"Juncaceae",NA,1,2022,2022,NA,"",NA
1025010,218900,"Juncus filiformis L.",NA,"Juncaceae",NA,3,1982,2022,NA,"Least concern",NA
1025040,219200,"Juncus jacquinii L.",NA,"Juncaceae",NA,5,1982,2022,NA,"Least concern",NA
1025120,220100,"Juncus trifidus L.",NA,"Juncaceae",NA,10,1982,2022,NA,"Least concern",NA
1025140,220395,"Juniperus communis L.",NA,"Cupressaceae",NA,12,1982,2023,NA,"Least concern",NA
1025160,220500,"Juniperus communis subsp. alpina Čelak.",NA,"Cupressaceae",NA,8,1982,2023,NA,"Least concern",NA
1025240,221450,"Knautia dipsacifolia Kreutzer",NA,"Caprifoliaceae",NA,2,2021,2022,NA,"Least concern",NA
1025850,227500,"Laserpitium halleri Crantz",NA,"Apiaceae",NA,3,1982,2024,NA,"Least concern",NA
1026310,232900,"Leontodon helveticus Mérat",NA,"Asteraceae",NA,8,1982,2022,NA,"Least concern",NA
1026330,233000,"Leontodon hispidus L.",NA,"Asteraceae",NA,4,1982,2023,NA,"Least concern",NA
1026340,233100,"Leontodon hispidus L. subsp. hispidus",NA,"Asteraceae",NA,2,2022,2023,NA,"Least concern",NA
1026380,233600,"Leontodon hispidus subsp. pseudocrispus (Bisch.) Murr",NA,"Asteraceae",NA,0,1982,1982,NA,"Least concern",NA
1026600,236000,"Leucanthemopsis alpina (L.) Heywood",NA,"Asteraceae",NA,10,1982,2025,NA,"Least concern",NA
1026810,237800,"Ligusticum mutellina (L.) Crantz",NA,"Apiaceae",NA,8,1982,2023,NA,"Least concern",NA
1026820,237900,"Ligusticum mutellinoides Vill.",NA,"Apiaceae",NA,2,1982,2007,NA,"Least concern",NA
1026920,238800,"Linaria alpina (L.) Mill.",NA,"Plantaginaceae",NA,2,1895,2010,NA,"Least concern",NA
1026930,238900,"Linaria alpina (L.) Mill. subsp. alpina",NA,"Plantaginaceae",NA,2,1895,2010,NA,"Least concern",NA
1027250,242500,"Lloydia serotina (L.) Rchb.",NA,"Liliaceae",NA,1,1982,2023,NA,"Least concern",NA
1027290,242600,"Loiseleuria procumbens (L.) Desv.",NA,"Ericaceae",NA,7,1892,2022,NA,"Least concern",NA
1027380,243500,"Lonicera caerulea L.",NA,"Caprifoliaceae",NA,2,2022,2025,NA,"Least concern",NA
1027500,244300,"Lotus alpinus (DC.) Ramond",NA,"Fabaceae",NA,7,1982,2023,NA,"Least concern",NA
1027510,244410,"Lotus corniculatus aggr.",NA,"Fabaceae",NA,10,1982,2023,NA,"Least concern",NA
1027670,246000,"Luzula alpinopilosa (Chaix) Breistr.",NA,"Juncaceae",NA,9,1982,2022,NA,"Least concern",NA
1027860,247800,"Luzula spicata (L.) DC.",NA,"Juncaceae",NA,4,1982,2022,NA,"Least concern",NA
1027870,247900,"Luzula spicata (L.) DC. subsp. spicata",NA,"Juncaceae",NA,1,2021,2021,NA,"",NA
1027980,249700,"Lycopodium annotinum L.",NA,"Lycopodiaceae",NA,1,2022,2022,NA,"Least concern",NA
1028210,252400,"Maianthemum bifolium (L.) F. W. Schmidt",NA,"Asparagaceae",NA,1,2021,2021,NA,"Least concern",NA
1028640,256500,"Melampyrum pratense L.",NA,"Orobanchaceae",NA,1,1982,2023,NA,"Least concern",NA
1028660,256600,"Melampyrum sylvaticum L.",NA,"Orobanchaceae",NA,1,1982,2002,NA,"Least concern",NA
1029230,261700,"Minuartia sedoides (L.) Hiern",NA,"Caryophyllaceae",NA,1,1982,2007,NA,"Least concern",NA
1029260,262000,"Minuartia verna (L.) Hiern",NA,"Caryophyllaceae",NA,1,1982,2019,NA,"Least concern",NA
1029440,263400,"Molinia caerulea (L.) Moench",NA,"Poaceae",NA,3,2002,2022,NA,"Least concern",NA
1029690,265800,"Myosotis alpestris F. W. Schmidt",NA,"Boraginaceae",NA,3,1982,2023,NA,"Least concern",NA
1030080,269700,"Nardus stricta L.",NA,"Poaceae",NA,7,1982,2022,NA,"Least concern",NA
1030390,271655,"Nigritella rhellicani Teppner & E. Klein",NA,"Orchidaceae",NA,1,1984,1984,NA,"Least concern",NA
1030380,271700,"Nigritella rhellicani aggr.",NA,"Orchidaceae",NA,2,1982,2019,NA,"Least concern",NA
1031530,282300,"Oreochloa disticha (Wulfen) Link",NA,"Poaceae",NA,0,1982,1982,NA,"Least concern",NA
1031540,282400,"Oreopteris limbosperma (All.) Holub",NA,"Thelypteridaceae",NA,2,1982,2012,NA,"Least concern",NA
1032180,288100,"Oxyria digyna (L.) Hill",NA,"Polygonaceae",NA,1,1982,2022,NA,"Least concern",NA
1032560,292100,"Paradisea liliastrum (L.) Bertol.",NA,"Asparagaceae",NA,4,2019,2024,NA,"Least concern",NA
1032600,292700,"Parnassia palustris L.",NA,"Celastraceae",NA,4,1982,2023,NA,"Least concern",NA
1032800,294200,"Pedicularis foliosa L.",NA,"Orobanchaceae",NA,0,1982,1982,NA,"Least concern",NA
1032820,294400,"Pedicularis kerneri Dalla Torre",NA,"Orobanchaceae",NA,7,1982,2019,NA,"Least concern",NA
1032840,294600,"Pedicularis palustris L.",NA,"Orobanchaceae",NA,2,2024,2024,NA,"Near threatened",NA
1033160,297200,"Peucedanum ostruthium (L.) W. D. J. Koch",NA,"Apiaceae",NA,3,1982,2021,NA,"Least concern",NA
1033290,298400,"Phegopteris connectilis (Michx.) Watt",NA,"Thelypteridaceae",NA,2,1982,2021,NA,"Least concern",NA
1033340,298800,"Phleum alpinum L.",NA,"Poaceae",NA,5,1982,2023,NA,"Least concern",NA
1033330,298900,"Phleum alpinum aggr.",NA,"Poaceae",NA,13,1982,2023,NA,"Least concern",NA
1033420,300200,"Phleum rhaeticum (Humphries) Rauschert",NA,"Poaceae",NA,5,1982,2022,NA,"Least concern",NA
1033570,300800,"Phyteuma betonicifolium Vill.",NA,"Campanulaceae",NA,7,1982,2021,NA,"Least concern",NA
1033630,301400,"Phyteuma hemisphaericum L.",NA,"Campanulaceae",NA,13,1982,2023,NA,"Least concern",NA
1033690,302000,"Phyteuma scheuchzeri All.",NA,"Campanulaceae",NA,1,2022,2022,NA,"Least concern",NA
1033800,302800,"Picea abies (L.) H. Karst.",NA,"Pinaceae",NA,1,2010,2010,NA,"Least concern",NA
1033980,304300,"Pinguicula alpina L.",NA,"Lentibulariaceae",NA,2,1982,2023,NA,"Least concern",NA
1034050,304800,"Pinguicula vulgaris L.",NA,"Lentibulariaceae",NA,2,2019,2021,NA,"Near threatened",NA
1034060,304900,"Pinus cembra L.",NA,"Pinaceae",NA,0,1982,1982,NA,"Least concern",NA
1034090,305500,"Pinus mugo Turra subsp. mugo",NA,"Pinaceae",NA,0,1982,1982,NA,"Least concern",NA
1034350,307850,"Plantago major L.",NA,"Plantaginaceae",NA,1,2021,2021,NA,"Least concern",NA
1034420,308400,"Platanthera bifolia (L.) Rich.",NA,"Orchidaceae",NA,4,1994,2024,NA,"Least concern",NA
1034470,309000,"Poa alpina L.",NA,"Poaceae",NA,6,1982,2022,NA,"Least concern",NA
1034490,309200,"Poa annua L.",NA,"Poaceae",NA,1,2019,2019,NA,"Least concern",NA
1034560,310000,"Poa glauca Vahl",NA,"Poaceae",NA,1,2010,2010,NA,"Least concern",NA
1034590,310200,"Poa laxa Haenke",NA,"Poaceae",NA,4,1982,2022,NA,"Least concern",NA
1034620,310500,"Poa nemoralis L.",NA,"Poaceae",NA,1,1982,2002,NA,"Least concern",NA
1034680,311100,"Poa supina Schrad.",NA,"Poaceae",NA,2,1982,2012,NA,"Least concern",NA
1034770,312300,"Polygala alpestris Rchb.",NA,"Polygalaceae",NA,0,1982,1982,NA,"Least concern",NA
1035170,315800,"Polygonum viviparum L.",NA,"Polygonaceae",NA,1,1982,2019,NA,"Least concern",NA
1035260,316800,"Polystichum lonchitis (L.) Roth",NA,"Dryopteridaceae",NA,3,1982,2022,NA,"Least concern",NA
1035720,321300,"Potentilla aurea L.",NA,"Rosaceae",NA,7,1982,2023,NA,"Least concern",NA
1035730,321400,"Potentilla brauneana Hoppe",NA,"Rosaceae",NA,0,1982,1982,NA,"Least concern",NA
1035790,322100,"Potentilla crantzii (Crantz) Fritsch",NA,"Rosaceae",NA,2,2022,2022,NA,"Least concern",NA
1035810,322400,"Potentilla erecta (L.) Raeusch.",NA,"Rosaceae",NA,5,1982,2022,NA,"Least concern",NA
1035820,322500,"Potentilla frigida Vill.",NA,"Rosaceae",NA,0,1982,1982,NA,"Least concern",NA
1036120,325200,"Prenanthes purpurea L.",NA,"Asteraceae",NA,1,2021,2021,NA,"Least concern",NA
1036230,326200,"Primula farinosa L.",NA,"Primulaceae",NA,1,1982,2023,NA,"Least concern",NA
1036280,326605,"Primula hirsuta All.",NA,"Primulaceae",NA,7,1982,2023,NA,"Least concern",NA
1036430,327650,"Pritzelago alpina (L.) Kuntze",NA,"Brassicaceae",NA,1,2020,2020,NA,"Least concern",NA
1036480,328100,"Prunella vulgaris L.",NA,"Lamiaceae",NA,1,2021,2021,NA,"Least concern",NA
1036710,330400,"Pseudorchis albida (L.) Á. Löve & D. Löve",NA,"Orchidaceae",NA,15,1982,2023,NA,"Least concern",NA
1036980,333195,"Pulsatilla alpina (L.) Delarbre",NA,"Ranunculaceae",NA,10,1982,2024,NA,"Least concern",NA
1037010,333390,"Pulsatilla alpina subsp. apiifolia (Scop.) Nyman",NA,"Ranunculaceae",NA,7,1982,2024,NA,"Least concern",NA
1037360,336500,"Ranunculus aconitifolius L.",NA,"Ranunculaceae",NA,1,1982,2022,NA,"Least concern",NA
1037610,338700,"Ranunculus glacialis L.",NA,"Ranunculaceae",NA,3,1982,2019,NA,"Least concern",NA
1037710,339500,"Ranunculus montanus Willd.",NA,"Ranunculaceae",NA,1,1982,2021,NA,"Least concern",NA
1037700,339505,"Ranunculus montanus aggr.",NA,"Ranunculaceae",NA,8,1982,2022,NA,"Least concern",NA
1038000,342400,"Ranunculus villarsii DC.",NA,"Ranunculaceae",NA,1,1982,2022,NA,"Least concern",NA
1038230,344100,"Rhinanthus alectorolophus (Scop.) Pollich",NA,"Orobanchaceae",NA,1,2023,2023,NA,"Least concern",NA
1038280,344700,"Rhinanthus glacialis Personnat",NA,"Orobanchaceae",NA,1,1982,2021,NA,"Least concern",NA
1038330,345300,"Rhododendron ferrugineum L.",NA,"Ericaceae",NA,7,1982,2023,NA,"Least concern",NA
1040190,359300,"Rumex alpestris Jacq.",NA,"Polygonaceae",NA,5,1982,2022,NA,"Least concern",NA
1040200,359400,"Rumex alpinus L.",NA,"Polygonaceae",NA,1,1982,2023,NA,"Least concern",NA
1040360,360900,"Rumex scutatus L.",NA,"Polygonaceae",NA,7,1982,2025,NA,"Least concern",NA
1040480,362300,"Sagina saginoides (L.) H. Karst.",NA,"Caryophyllaceae",NA,3,1982,2022,NA,"Least concern",NA
1040590,363100,"Salix appendiculata Vill.",NA,"Salicaceae",NA,2,2010,2022,NA,"Least concern",NA
1040690,363900,"Salix daphnoides Vill.",NA,"Salicaceae",NA,1,2022,2022,NA,"Least concern",NA
1040790,364600,"Salix hastata L.",NA,"Salicaceae",NA,1,1982,2022,NA,"Least concern",NA
1040800,364700,"Salix helvetica Vill.",NA,"Salicaceae",NA,6,1982,2021,NA,"Least concern",NA
1040810,364800,"Salix herbacea L.",NA,"Salicaceae",NA,6,1982,2022,NA,"Least concern",NA
1040900,365500,"Salix pentandra L.",NA,"Salicaceae",NA,1,2022,2022,NA,"Near threatened",NA
1041010,366300,"Salix serpillifolia Scop.",NA,"Salicaceae",NA,0,1982,1982,NA,"Least concern",NA
1041060,366700,"Salix ×hegetschweileri Heer",NA,"Salicaceae",NA,0,1994,1994,NA,"Endangered",NA
1041630,372300,"Saxifraga bryoides L.",NA,"Saxifragaceae",NA,11,1982,2023,NA,"Least concern",NA
1041860,374450,"Saxifraga oppositifolia L.",NA,"Saxifragaceae",NA,1,1982,2019,NA,"Least concern",NA
1041870,374500,"Saxifraga oppositifolia L. subsp. oppositifolia",NA,"Saxifragaceae",NA,1,1982,2019,NA,"Least concern",NA
1042010,375800,"Saxifraga stellaris L.",NA,"Saxifragaceae",NA,10,1982,2022,NA,"Least concern",NA
1042220,378000,"Scheuchzeria palustris L.",NA,"Scheuchzeriaceae",NA,1,2022,2022,NA,"Vulnerable",NA
1042760,383300,"Sedum alpestre Vill.",NA,"Crassulaceae",NA,4,1982,2021,NA,"Least concern",NA
1042800,383700,"Sedum atratum L.",NA,"Crassulaceae",NA,1,1982,2022,NA,"Least concern",NA
1043080,386000,"Sedum villosum L.",NA,"Crassulaceae",NA,0,1966,1966,NA,"Vulnerable",NA
1043100,386300,"Selaginella selaginoides (L.) Schrank & Mart.",NA,"Selaginellaceae",NA,5,1982,2022,NA,"Least concern",NA
1043160,387000,"Sempervivum montanum L.",NA,"Crassulaceae",NA,11,1982,2023,NA,"Least concern",NA
1043280,388200,"Senecio doronicum (L.) L.",NA,"Asteraceae",NA,2,1982,2023,NA,"Least concern",NA
1043370,389005,"Senecio incanus L.",NA,"Asteraceae",NA,10,1982,2022,NA,"Least concern",NA
1043380,389100,"Senecio incanus L. subsp. incanus",NA,"Asteraceae",NA,10,1982,2022,NA,"Least concern",NA
1043840,393700,"Sibbaldia procumbens L.",NA,"Rosaceae",NA,10,1982,2022,NA,"Least concern",NA
1043890,394300,"Silene acaulis (L.) Jacq.",NA,"Caryophyllaceae",NA,1,2002,2002,NA,"Least concern",NA
1043960,395100,"Silene exscapa All.",NA,"Caryophyllaceae",NA,9,1982,2024,NA,"Least concern",NA
1044020,396050,"Silene nutans L.",NA,"Caryophyllaceae",NA,1,2022,2022,NA,"Least concern",NA
1044080,396800,"Silene rupestris L.",NA,"Caryophyllaceae",NA,9,1982,2022,NA,"Least concern",NA
1044140,397295,"Silene vulgaris (Moench) Garcke",NA,"Caryophyllaceae",NA,5,1982,2023,NA,"Least concern",NA
1044150,397300,"Silene vulgaris (Moench) Garcke subsp. vulgaris",NA,"Caryophyllaceae",NA,0,1982,1982,NA,"Least concern",NA
1044540,400600,"Soldanella alpina L.",NA,"Primulaceae",NA,4,1982,2019,NA,"Least concern",NA
1044560,400800,"Soldanella pusilla Baumg.",NA,"Primulaceae",NA,6,1982,2022,NA,"Least concern",NA
1044565,400830,"Soldanella pusilla subsp. alpicola (F. K. Mey.) Chrtek",NA,"Primulaceae",NA,1,2002,2002,NA,"",NA
1044620,401395,"Solidago virgaurea L.",NA,"Asteraceae",NA,12,1982,2023,NA,"Least concern",NA
1044630,401400,"Solidago virgaurea L. subsp. virgaurea",NA,"Asteraceae",NA,1,2021,2021,NA,"Least concern",NA
1044640,401500,"Solidago virgaurea subsp. minuta (L.) Arcang.",NA,"Asteraceae",NA,2,1982,2022,NA,"Least concern",NA
1044740,402300,"Sorbus aucuparia L.",NA,"Rosaceae",NA,1,2021,2021,NA,"Least concern",NA
1045670,409800,"Streptopus amplexifolius (L.) DC.",NA,"Liliaceae",NA,3,2022,2025,NA,"Least concern",NA
1046010,412000,"Taraxacum alpinum aggr.",NA,"Asteraceae",NA,1,1982,2021,NA,"Least concern",NA
1046340,415500,"Thalictrum aquilegiifolium L.",NA,"Ranunculaceae",NA,2,2021,2023,NA,"Least concern",NA
1046450,417200,"Thesium alpinum L.",NA,"Santalaceae",NA,5,1982,2023,NA,"Least concern",NA
1046740,419900,"Thymus alpestris (Čelak.) A. Kern.",NA,"Lamiaceae",NA,1,2022,2022,NA,"Least concern",NA
1046830,420750,"Thymus praecox Opiz",NA,"Lamiaceae",NA,2,1982,2022,NA,"",NA
1046850,420900,"Thymus praecox subsp. polytrichus (Borbás) Jalas",NA,"Lamiaceae",NA,2,1982,2022,NA,"Least concern",NA
1046890,421200,"Thymus serpyllum aggr.",NA,"Lamiaceae",NA,6,1982,2022,NA,"Least concern",NA
1046990,421600,"Tofieldia calyculata (L.) Wahlenb.",NA,"Tofieldiaceae",NA,6,1982,2024,NA,"Least concern",NA
1047290,423900,"Trichophorum cespitosum (L.) Hartm.",NA,"Cyperaceae",NA,7,1982,2022,NA,"Least concern",NA
1047370,424500,"Trifolium alpinum L.",NA,"Fabaceae",NA,9,1982,2022,NA,"Least concern",NA
1047570,426700,"Trifolium pallescens Schreb.",NA,"Fabaceae",NA,2,1966,2019,NA,"Least concern",NA
1047600,426895,"Trifolium pratense L.",NA,"Fabaceae",NA,1,1982,2010,NA,"Least concern",NA
1047620,427000,"Trifolium pratense subsp. nivale (W. D. J. Koch) Ces.",NA,"Fabaceae",NA,1,1982,2010,NA,"Least concern",NA
1047880,429300,"Trisetum distichophyllum (Vill.) P. Beauv.",NA,"Poaceae",NA,0,1982,1982,NA,"Least concern",NA
1048030,430600,"Trollius europaeus L.",NA,"Ranunculaceae",NA,1,1982,2021,NA,"Least concern",NA
1048470,434500,"Vaccinium gaultherioides Bigelow",NA,"Ericaceae",NA,4,2021,2022,NA,"Least concern",NA
1048500,434800,"Vaccinium myrtillus L.",NA,"Ericaceae",NA,10,1982,2023,NA,"Least concern",NA
1048520,435100,"Vaccinium uliginosum aggr.",NA,"Ericaceae",NA,8,1982,2022,NA,"Least concern",NA
1048540,435300,"Vaccinium vitis-idaea L.",NA,"Ericaceae",NA,7,1982,2022,NA,"Least concern",NA
1048820,437800,"Veratrum album L.",NA,"Melanthiaceae",NA,7,1982,2023,NA,"Least concern",NA
1048840,438000,"Veratrum album subsp. lobelianum (Bernh.) Arcang.",NA,"Melanthiaceae",NA,3,2021,2023,NA,"Least concern",NA
1049120,440400,"Veronica alpina L.",NA,"Plantaginaceae",NA,6,1982,2022,NA,"Least concern",NA
1049190,441100,"Veronica bellidioides L.",NA,"Plantaginaceae",NA,1,1982,2002,NA,"Least concern",NA
1049270,441700,"Veronica fruticans Jacq.",NA,"Plantaginaceae",NA,1,1982,2022,NA,"Least concern",NA
1049460,443395,"Veronica serpyllifolia L.",NA,"Plantaginaceae",NA,2,1982,2022,NA,"Least concern",NA
1050010,449100,"Viola biflora L.",NA,"Violaceae",NA,11,1982,2023,NA,"Least concern",NA
1050220,451100,"Viola palustris L.",NA,"Violaceae",NA,1,1982,2024,NA,"Least concern",NA
1050320,452400,"Viola thomasiana Songeon & E. P. Perrier",NA,"Violaceae",NA,0,1982,1982,NA,"Least concern",NA
1000130,800,"Acer pseudoplatanus L.",NA,"Sapindaceae",NA,2,1982,2023,NA,"Least concern",NA
1000180,1000,"Achillea atrata L.",NA,"Asteraceae",NA,1,2022,2022,NA,"Least concern",NA
1000260,1350,"Achillea erba-rotta All.",NA,"Asteraceae",NA,1,1982,2021,NA,"Least concern",NA
1000290,1500,"Achillea erba-rotta subsp. moschata (Wulfen) Vacc.",NA,"Asteraceae",NA,1,1982,2021,NA,"Least concern",NA
1000310,1600,"Achillea macrophylla L.",NA,"Asteraceae",NA,7,1982,2025,NA,"Least concern",NA
1000330,1700,"Achillea millefolium L.",NA,"Asteraceae",NA,5,1884,2025,NA,"Least concern",NA
1000320,1706,"Achillea millefolium aggr.",NA,"Asteraceae",NA,5,1884,2025,NA,"Least concern",NA
1000770,5400,"Adenostyles alliariae (Gouan) A. Kern.",NA,"Asteraceae",NA,2,1982,2023,NA,"Least concern",NA
1000780,5450,"Adenostyles alpina (L.) Bluff & Fingerh.",NA,"Asteraceae",NA,1,1982,2023,NA,"Least concern",NA
1000990,7200,"Aethusa cynapium L.",NA,"Apiaceae",NA,0,1982,1982,NA,"Least concern",NA
1001060,8400,"Agrostis alpina Scop.",NA,"Poaceae",NA,0,1982,1982,NA,"Least concern",NA
1001080,8600,"Agrostis capillaris L.",NA,"Poaceae",NA,7,1929,2022,NA,"Least concern",NA
1001090,8700,"Agrostis gigantea Roth",NA,"Poaceae",NA,1,2022,2022,NA,"Least concern",NA
1001100,8900,"Agrostis rupestris All.",NA,"Poaceae",NA,2,1982,2022,NA,"Least concern",NA
1001120,9100,"Agrostis schraderiana Bech.",NA,"Poaceae",NA,2,1982,2022,NA,"Least concern",NA
1001220,10300,"Ajuga pyramidalis L.",NA,"Lamiaceae",NA,2,1982,2023,NA,"Least concern",NA
1001300,10790,"Alchemilla acutiloba Opiz",NA,"Rosaceae",NA,1,2015,2015,NA,"Least concern",NA
1001350,10990,"Alchemilla alpina L.",NA,"Rosaceae",NA,18,2009,2022,NA,"Least concern",NA
1001340,11200,"Alchemilla alpina aggr.",NA,"Rosaceae",NA,21,2009,2023,NA,"Least concern",NA
1001330,11100,"Alchemilla alpina superaggr.",NA,"",NA,28,2009,2023,NA,"",NA
1001410,12100,"Alchemilla conjuncta superaggr.",NA,"",NA,4,2021,2022,NA,"",NA
1001490,12700,"Alchemilla crinita Buser",NA,"Rosaceae",NA,14,2009,2022,NA,"Least concern",NA
1001560,12990,"Alchemilla decumbens Buser",NA,"Rosaceae",NA,9,2015,2022,NA,"Least concern",NA
1001530,13100,"Alchemilla decumbens aggr.",NA,"Rosaceae",NA,9,2015,2022,NA,"Least concern",NA
1001580,13200,"Alchemilla demissa Buser",NA,"Rosaceae",NA,4,2015,2021,NA,"Least concern",NA
1001570,13300,"Alchemilla demissa aggr.",NA,"Rosaceae",NA,4,2015,2021,NA,"Least concern",NA
1001590,13400,"Alchemilla effusa Buser",NA,"Rosaceae",NA,3,2022,2022,NA,"Least concern",NA
1001650,13890,"Alchemilla fissa Günther & Schummel",NA,"Rosaceae",NA,9,2015,2022,NA,"Least concern",NA
1001640,14000,"Alchemilla fissa aggr.",NA,"Rosaceae",NA,9,2015,2022,NA,"Least concern",NA
1001670,14200,"Alchemilla flabellata Buser",NA,"Rosaceae",NA,2,2021,2021,NA,"Least concern",NA
1001720,14700,"Alchemilla frigens Buser",NA,"Rosaceae",NA,3,2015,2015,NA,"Least concern",NA
1001750,14895,"Alchemilla glabra Neygenf.",NA,"Rosaceae",NA,17,2009,2023,NA,"Least concern",NA
1001740,15000,"Alchemilla glabra aggr.",NA,"Rosaceae",NA,36,2009,2023,NA,"Least concern",NA
1001800,15400,"Alchemilla grossidens aggr.",NA,"Rosaceae",NA,4,2021,2022,NA,"Least concern",NA
1001890,16000,"Alchemilla hybrida aggr.",NA,"Rosaceae",NA,2,2021,2021,NA,"Least concern",NA
1001960,16700,"Alchemilla lineata Buser",NA,"Rosaceae",NA,10,2009,2022,NA,"Least concern",NA
1002030,17300,"Alchemilla monticola Opiz",NA,"Rosaceae",NA,15,2009,2022,NA,"Data deficient",NA
1002070,17700,"Alchemilla obtusa Buser",NA,"Rosaceae",NA,3,2015,2015,NA,"Least concern",NA
1002100,17990,"Alchemilla pallens Buser",NA,"Rosaceae",NA,4,2021,2022,NA,"Least concern",NA
1002110,18100,"Alchemilla pentaphyllea L.",NA,"Rosaceae",NA,7,1982,2022,NA,"Least concern",NA
1002220,19000,"Alchemilla saxatilis Buser",NA,"Rosaceae",NA,2,2009,2021,NA,"Least concern",NA
1002340,20200,"Alchemilla subcrenata Buser",NA,"Rosaceae",NA,10,2009,2022,NA,"Least concern",NA
1002360,20300,"Alchemilla subsericea Reut.",NA,"Rosaceae",NA,7,2015,2022,NA,"Least concern",NA
1002350,20400,"Alchemilla subsericea aggr.",NA,"Rosaceae",NA,7,2015,2022,NA,"Least concern",NA
1002440,21100,"Alchemilla vulgaris aggr.",NA,"Rosaceae",NA,47,1929,2022,NA,"Least concern",NA
1002470,21300,"Alchemilla xanthochlora Rothm.",NA,"Rosaceae",NA,4,2021,2021,NA,"Least concern",NA
1002870,25400,"Alnus viridis (Chaix) DC.",NA,"Betulaceae",NA,7,1982,2025,NA,"Least concern",NA
1002880,25500,"Alopecurus aequalis Sobol.",NA,"Poaceae",NA,1,2023,2023,NA,"Vulnerable",NA
1002900,25700,"Alopecurus geniculatus L.",NA,"Poaceae",NA,2,1996,1996,NA,"Vulnerable",NA
1002920,26000,"Alopecurus pratensis L.",NA,"Poaceae",NA,1,1982,2022,NA,"Least concern",NA
1003290,29300,"Amelanchier ovalis Medik.",NA,"Rosaceae",NA,1,1982,2004,NA,"Least concern",NA
1003490,31000,"Andromeda polifolia L.",NA,"Ericaceae",NA,8,1980,2024,NA,"Near threatened",NA
1003540,31800,"Androsace chamaejasme Wulfen",NA,"Primulaceae",NA,0,1966,1966,NA,"Least concern",NA
1003940,35300,"Anthoxanthum alpinum Á. Löve & D. Löve",NA,"Poaceae",NA,2,1982,2021,NA,"Least concern",NA
1003970,35400,"Anthoxanthum odoratum L.",NA,"Poaceae",NA,11,1929,2025,NA,"Least concern",NA
1003960,35500,"Anthoxanthum odoratum aggr.",NA,"Poaceae",NA,14,1929,2025,NA,"Least concern",NA
1004010,35900,"Anthriscus sylvestris (L.) Hoffm.",NA,"Apiaceae",NA,1,1982,2004,NA,"Least concern",NA
1004360,39350,"Arabis alpina L.",NA,"Brassicaceae",NA,1,1982,2004,NA,"Least concern",NA
1004370,39400,"Arabis alpina L. subsp. alpina",NA,"Brassicaceae",NA,1,1982,2004,NA,"",NA
1004580,42100,"Arabis turrita L.",NA,"Brassicaceae",NA,0,1966,1966,NA,"Least concern",NA
1004690,43100,"Arctostaphylos uva-ursi (L.) Spreng.",NA,"Ericaceae",NA,1,1982,2024,NA,"Least concern",NA
1004910,45700,"Arnica montana L.",NA,"Asteraceae",NA,7,1982,2025,NA,"Least concern",NA
1005160,48000,"Artemisia vulgaris L.",NA,"Asteraceae",NA,1,1982,2004,NA,"Least concern",NA
1005380,49900,"Asplenium adiantum-nigrum L.",NA,"Aspleniaceae",NA,1,1983,1994,NA,"Least concern",NA
1005639,49910,"Asplenium adiantum-nigrum aggr.",NA,"Aspleniaceae",NA,1,1983,1994,NA,"",NA
1000377,50200,"Asplenium ceterach L.",NA,"Aspleniaceae",NA,1,2025,2025,NA,"Least concern",NA
1005540,51200,"Asplenium septentrionale (L.) Hoffm.",NA,"Aspleniaceae",NA,3,1982,2022,NA,"Least concern",NA
1005620,51600,"Asplenium ×alternifolium Wulfen",NA,"Aspleniaceae",NA,0,1982,1982,NA,"",NA
1006050,55300,"Astrantia minor L.",NA,"Apiaceae",NA,12,1929,2024,NA,"Least concern",NA
1006060,55400,"Athamanta cretensis L.",NA,"Apiaceae",NA,0,1982,1982,NA,"Least concern",NA
1006080,55600,"Athyrium distentifolium Opiz",NA,"Athyriaceae",NA,4,1982,2022,NA,"Least concern",NA
1006090,55700,"Athyrium filix-femina (L.) Roth",NA,"Athyriaceae",NA,1,1982,2004,NA,"Least concern",NA
1006140,56300,"Atriplex patula L.",NA,"Amaranthaceae",NA,0,1982,1982,NA,"Least concern",NA
1006240,56900,"Avena fatua L.",NA,"Poaceae",NA,0,1982,1982,NA,"Least concern",NA
1006260,57050,"Avena sativa L.",NA,"Poaceae",NA,0,1982,1982,NA,"",NA
1006320,57400,"Avenella flexuosa (L.) Drejer",NA,"Poaceae",NA,3,1982,2022,NA,"Least concern",NA
1006360,57995,"Ballota nigra L.",NA,"Lamiaceae",NA,0,1982,1982,NA,"Near threatened",NA
1006380,58150,"Ballota nigra subsp. meridionalis (Bég.) Bég.",NA,"Lamiaceae",NA,0,1982,1982,NA,"Near threatened",NA
1006550,59400,"Berteroa incana (L.) DC.",NA,"Brassicaceae",NA,0,1966,1966,NA,"",NA
1006600,60400,"Betula pendula Roth",NA,"Betulaceae",NA,2,1982,2023,NA,"Least concern",NA
1006595,60450,"Betula pendula aggr.",NA,"Betulaceae",NA,10,1982,2023,NA,"",NA
1006610,60500,"Betula pubescens Ehrh.",NA,"Betulaceae",NA,6,1982,2023,NA,"Least concern",NA
1006780,62000,"Biscutella laevigata L.",NA,"Brassicaceae",NA,0,1982,1982,NA,"Least concern",NA
1006870,62500,"Blechnum spicant (L.) Roth",NA,"Blechnaceae",NA,5,1982,2025,NA,"Least concern",NA
1006980,63200,"Botrychium lanceolatum (S. G. Gmel.) Ångstr.",NA,"Ophioglossaceae",NA,0,1966,1966,NA,"Critically endangered",NA
1007200,65200,"Briza media L.",NA,"Poaceae",NA,1,1982,1997,NA,"Least concern",NA
1007230,65400,"Bromus benekenii (Lange) Trimen",NA,"Poaceae",NA,0,1966,1966,NA,"Least concern",NA
1007840,70300,"Bupleurum stellatum L.",NA,"Apiaceae",NA,6,1982,2023,NA,"Least concern",NA
1007950,71500,"Calamagrostis villosa (Chaix) J. F. Gmel.",NA,"Poaceae",NA,3,1982,2022,NA,"Least concern",NA
1008130,73300,"Callitriche palustris L.",NA,"Plantaginaceae",NA,0,1966,1966,NA,"Least concern",NA
1008160,73600,"Calluna vulgaris (L.) Hull",NA,"Ericaceae",NA,17,1980,2025,NA,"Least concern",NA
1008180,73700,"Caltha palustris L.",NA,"Ranunculaceae",NA,1,1982,2024,NA,"Least concern",NA
1008220,74100,"Camelina alyssum (Mill.) Thell.",NA,"Brassicaceae",NA,0,1966,1966,NA,"Regionally extinct",NA
1008300,74700,"Campanula barbata L.",NA,"Campanulaceae",NA,9,1982,2025,NA,"Least concern",NA
1008550,76500,"Campanula persicifolia L.",NA,"Campanulaceae",NA,1,2025,2025,NA,"Least concern",NA
1008630,77000,"Campanula rhomboidalis L.",NA,"Campanulaceae",NA,9,1982,2022,NA,"Least concern",NA
1008650,77200,"Campanula scheuchzeri Vill.",NA,"Campanulaceae",NA,9,1929,2023,NA,"Least concern",NA
1008790,78300,"Cardamine amara L.",NA,"Brassicaceae",NA,3,1982,2025,NA,"Least concern",NA
1008900,79000,"Cardamine impatiens L.",NA,"Brassicaceae",NA,0,1982,1982,NA,"Least concern",NA
1009020,80300,"Cardamine resedifolia L.",NA,"Brassicaceae",NA,2,1982,2021,NA,"Least concern",NA
1009080,80695,"Cardaminopsis arenosa (L.) Hayek",NA,"Brassicaceae",NA,1,1982,2021,NA,"",NA
1009090,80700,"Cardaminopsis arenosa (L.) Hayek subsp. arenosa",NA,"Brassicaceae",NA,1,1982,2021,NA,"",NA
1009110,81000,"Cardaminopsis halleri (L.) Hayek",NA,"Brassicaceae",NA,2,1969,2004,NA,"Least concern",NA
1009480,84600,"Carex canescens L.",NA,"Cyperaceae",NA,2,1982,2021,NA,"Least concern",NA
1009510,84900,"Carex caryophyllea Latourr.",NA,"Cyperaceae",NA,1,1982,2004,NA,"Least concern",NA
1009570,85700,"Carex davalliana Sm.",NA,"Cyperaceae",NA,1,1982,2021,NA,"Least concern",NA
1009580,85800,"Carex demissa Hornem.",NA,"Cyperaceae",NA,6,1982,2025,NA,"Near threatened",NA
1009680,86700,"Carex echinata Murray",NA,"Cyperaceae",NA,12,1982,2025,NA,"Least concern",NA
1009770,87605,"Carex flava aggr.",NA,"Cyperaceae",NA,7,1982,2025,NA,"Least concern",NA
1009800,87800,"Carex frigida All.",NA,"Cyperaceae",NA,6,1982,2025,NA,"Least concern",NA
1009900,88800,"Carex humilis Leyss.",NA,"Cyperaceae",NA,0,1982,1982,NA,"Least concern",NA
1009960,89400,"Carex lepidocarpa Tausch",NA,"Cyperaceae",NA,0,1982,1982,NA,"Least concern",NA
1009970,89500,"Carex leporina L.",NA,"Cyperaceae",NA,7,1980,2025,NA,"Least concern",NA
1009980,89600,"Carex limosa L.",NA,"Cyperaceae",NA,5,1980,2025,NA,"Near threatened",NA
1010070,90700,"Carex nigra (L.) Reichard",NA,"Cyperaceae",NA,13,1982,2025,NA,"Least concern",NA
1010130,91600,"Carex pallescens L.",NA,"Cyperaceae",NA,6,1982,2025,NA,"Least concern",NA
1010140,91700,"Carex panicea L.",NA,"Cyperaceae",NA,1,1982,2023,NA,"Least concern",NA
1010170,92100,"Carex pauciflora Lightf.",NA,"Cyperaceae",NA,3,1980,2021,NA,"Near threatened",NA
1010180,92200,"Carex paupercula Michx.",NA,"Cyperaceae",NA,8,1980,2025,NA,"Near threatened",NA
1010320,93700,"Carex rostrata Stokes",NA,"Cyperaceae",NA,3,1975,2025,NA,"Least concern",NA
1010340,93900,"Carex sempervirens Vill.",NA,"Cyperaceae",NA,1,1982,1997,NA,"Least concern",NA
1010400,94800,"Carex tomentosa L.",NA,"Cyperaceae",NA,0,1966,1966,NA,"Near threatened",NA
1010490,95800,"Carlina acaulis L.",NA,"Asteraceae",NA,2,1982,2021,NA,"Least concern",NA
1010640,97200,"Castanea sativa Mill.",NA,"Fagaceae",NA,1,1982,2020,NA,"Least concern",NA
1011270,102595,"Cerastium arvense L.",NA,"Caryophyllaceae",NA,1,1982,2020,NA,"Least concern",NA
1011300,102700,"Cerastium arvense subsp. strictum (W. D. J. Koch) Schinz & R. Keller",NA,"Caryophyllaceae",NA,1,1982,2020,NA,"Least concern",NA
1011330,102950,"Cerastium brachypetalum Pers.",NA,"Caryophyllaceae",NA,0,1994,1994,NA,"Least concern",NA
1011340,103000,"Cerastium brachypetalum Pers. subsp. brachypetalum",NA,"Caryophyllaceae",NA,0,1994,1994,NA,"Least concern",NA
1011390,103595,"Cerastium fontanum Baumg.",NA,"Caryophyllaceae",NA,5,1929,2023,NA,"Least concern",NA
1011420,103800,"Cerastium fontanum subsp. vulgare (Hartm.) Greuter & Burdet",NA,"Caryophyllaceae",NA,3,1929,2022,NA,"Least concern",NA
1011700,106705,"Chaerophyllum hirsutum aggr.",NA,"Apiaceae",NA,3,1982,2022,NA,"Least concern",NA
1011730,107100,"Chaerophyllum villarsii W. D. J. Koch",NA,"Apiaceae",NA,3,1982,2022,NA,"Least concern",NA
1011810,107700,"Chamorchis alpina (L.) Rich.",NA,"Orchidaceae",NA,1,1890,1890,NA,"Least concern",NA
1011880,108500,"Chenopodium bonus-henricus L.",NA,"Amaranthaceae",NA,2,1982,2025,NA,"Least concern",NA
1012160,112500,"Chrysosplenium alternifolium L.",NA,"Saxifragaceae",NA,1,1982,2021,NA,"Least concern",NA
1012190,112800,"Cicerbita alpina (L.) Wallr.",NA,"Asteraceae",NA,6,1982,2025,NA,"Least concern",NA
1012270,113400,"Circaea alpina L.",NA,"Onagraceae",NA,0,1966,1966,NA,"Least concern",NA
1012370,114400,"Cirsium helenioides (L.) Hill",NA,"Asteraceae",NA,7,1982,2025,NA,"Least concern",NA
1012420,114900,"Cirsium palustre (L.) Scop.",NA,"Asteraceae",NA,5,1982,2023,NA,"Least concern",NA
1012660,116600,"Clinopodium vulgare L.",NA,"Lamiaceae",NA,1,1982,2022,NA,"Least concern",NA
1012750,117200,"Coeloglossum viride (L.) Hartm.",NA,"Orchidaceae",NA,1,1982,1984,NA,"Least concern",NA
1012810,117700,"Colchicum autumnale L.",NA,"Colchicaceae",NA,0,1982,1982,NA,"Least concern",NA
1013020,118800,"Convallaria majalis L.",NA,"Asparagaceae",NA,0,1982,1982,NA,"Least concern",NA
1013090,119400,"Corallorhiza trifida Châtel.",NA,"Orchidaceae",NA,3,2019,2021,NA,"Least concern",NA
1013320,121600,"Corylus avellana L.",NA,"Betulaceae",NA,2,1982,2023,NA,"Least concern",NA
1013670,123500,"Crepis conyzifolia (Gouan) A. Kern.",NA,"Asteraceae",NA,1,1969,1982,NA,"Least concern",NA
1013800,124800,"Crepis pyrenaica (L.) Greuter",NA,"Asteraceae",NA,1,1982,2022,NA,"Least concern",NA
1014000,126600,"Cryptogramma crispa (L.) Hook.",NA,"Pteridaceae",NA,5,1980,2024,NA,"Least concern",NA
1014520,130700,"Cystopteris fragilis (L.) Bernh.",NA,"Cystopteridaceae",NA,1,1982,2022,NA,"Least concern",NA
1014515,130750,"Cystopteris fragilis aggr.",NA,"Cystopteridaceae",NA,1,1982,2022,NA,"",NA
1014610,131800,"Dactylis glomerata L.",NA,"Poaceae",NA,4,1982,2023,NA,"Least concern",NA
1014750,132500,"Dactylorhiza lapponica (Hartm.) Soó",NA,"Orchidaceae",NA,1,2003,2003,NA,"Near threatened",NA
1014760,132600,"Dactylorhiza maculata (L.) Soó",NA,"Orchidaceae",NA,47,1982,2025,NA,"Least concern",NA
1014775,132630,"Dactylorhiza maculata subsp. fuchsii (Druce) Hyl.",NA,"Orchidaceae",NA,43,1983,2024,NA,"Least concern",NA
1014800,132700,"Dactylorhiza majalis (Rchb.) P. F. Hunt & Summerh.",NA,"Orchidaceae",NA,3,1982,2003,NA,"Least concern",NA
1015040,134800,"Deschampsia cespitosa (L.) P. Beauv.",NA,"Poaceae",NA,8,1982,2025,NA,"Least concern",NA
1015340,137100,"Digitalis grandiflora Mill.",NA,"Plantaginaceae",NA,2,1982,2023,NA,"Least concern",NA
1015420,137800,"Diphasiastrum alpinum (L.) Holub",NA,"Lycopodiaceae",NA,8,1982,2025,NA,"Least concern",NA
1015820,142000,"Drosera anglica Huds.",NA,"Droseraceae",NA,5,1982,2025,NA,"Vulnerable",NA
1015830,142100,"Drosera intermedia Hayne",NA,"Droseraceae",NA,4,1980,2025,NA,"Endangered",NA
1015840,142300,"Drosera rotundifolia L.",NA,"Droseraceae",NA,21,1980,2025,NA,"Near threatened",NA
1015870,142600,"Dryopteris affinis (Lowe) Fraser-Jenk.",NA,"Dryopteridaceae",NA,2,1975,2022,NA,"Least concern",NA
1015880,142700,"Dryopteris affinis subsp. borreri (Newman) Fraser-Jenk.",NA,"Dryopteridaceae",NA,2,1975,2022,NA,"Least concern",NA
1015925,143350,"Dryopteris dilatata aggr.",NA,"Dryopteridaceae",NA,3,1982,2022,NA,"",NA
1016120,144500,"Echium vulgare L.",NA,"Boraginaceae",NA,1,1982,2004,NA,"Least concern",NA
1016300,145700,"Eleocharis palustris (L.) Roem. & Schult.",NA,"Cyperaceae",NA,0,1966,1966,NA,"Near threatened",NA
1016310,145705,"Eleocharis palustris aggr.",NA,"Cyperaceae",NA,1,1966,2023,NA,"Near threatened",NA
1016330,146000,"Eleocharis uniglumis (Link) Schult.",NA,"Cyperaceae",NA,1,2023,2023,NA,"Vulnerable",NA
1016470,146795,"Empetrum nigrum L.",NA,"Ericaceae",NA,8,1980,2024,NA,"Least concern",NA
1016490,146900,"Empetrum nigrum subsp. hermaphroditum (Hagerup) Böcher",NA,"Ericaceae",NA,5,1982,2024,NA,"Least concern",NA
1016510,147300,"Epilobium alpestre (Jacq.) Krock.",NA,"Onagraceae",NA,2,1982,2023,NA,"Least concern",NA
1016520,147500,"Epilobium alsinifolium Vill.",NA,"Onagraceae",NA,1,1982,2022,NA,"Least concern",NA
1016530,147600,"Epilobium anagallidifolium Lam.",NA,"Onagraceae",NA,3,1982,2025,NA,"Least concern",NA
1016540,147700,"Epilobium angustifolium L.",NA,"Onagraceae",NA,11,1982,2025,NA,"Least concern",NA
1016560,147900,"Epilobium collinum C. C. Gmel.",NA,"Onagraceae",NA,1,1982,2023,NA,"Least concern",NA
1016570,148000,"Epilobium dodonaei Vill.",NA,"Onagraceae",NA,1,2023,2023,NA,"Near threatened",NA
1016590,148200,"Epilobium fleischeri Hochst.",NA,"Onagraceae",NA,10,1982,2025,NA,"Least concern",NA
1016620,148600,"Epilobium montanum L.",NA,"Onagraceae",NA,1,1982,2022,NA,"Least concern",NA
1016630,148700,"Epilobium nutans F. W. Schmidt",NA,"Onagraceae",NA,1,1982,2025,NA,"Least concern",NA
1016640,148800,"Epilobium obscurum Schreb.",NA,"Onagraceae",NA,0,1982,1982,NA,"Least concern",NA
1016650,148900,"Epilobium palustre L.",NA,"Onagraceae",NA,6,1982,2022,NA,"Least concern",NA
1016740,149600,"Epipactis atrorubens Besser",NA,"Orchidaceae",NA,3,1982,2023,NA,"Least concern",NA
1016770,149660,"Epipactis helleborine (L.) Crantz",NA,"Orchidaceae",NA,12,2017,2022,NA,"Least concern",NA
1016780,149800,"Epipactis helleborine aggr.",NA,"Orchidaceae",NA,12,2017,2022,NA,"Least concern",NA
1016930,150700,"Equisetum fluviatile L.",NA,"Equisetaceae",NA,1,1987,1987,NA,"Least concern",NA
1016950,151100,"Equisetum palustre L.",NA,"Equisetaceae",NA,1,1982,2025,NA,"Least concern",NA
1016980,151400,"Equisetum sylvaticum L.",NA,"Equisetaceae",NA,1,1982,2023,NA,"Least concern",NA
1017440,153300,"Erigeron acris L.",NA,"Asteraceae",NA,1,2021,2021,NA,"Least concern",NA
1017450,153350,"Erigeron acris L. subsp. acris",NA,"Asteraceae",NA,1,2021,2021,NA,"Least concern",NA
1017490,153600,"Erigeron alpinus L.",NA,"Asteraceae",NA,1,1982,2020,NA,"Least concern",NA
1017485,153650,"Erigeron alpinus aggr.",NA,"Asteraceae",NA,1,1982,2020,NA,"",NA
1017570,154500,"Erigeron glabratus Bluff & Fingerh.",NA,"Asteraceae",NA,0,1982,1982,NA,"Least concern",NA
1017640,155200,"Eriophorum angustifolium Honck.",NA,"Cyperaceae",NA,4,1982,2025,NA,"Least concern",NA
1017660,155400,"Eriophorum latifolium Hoppe",NA,"Cyperaceae",NA,2,1982,2023,NA,"Least concern",NA
1017680,155600,"Eriophorum vaginatum L.",NA,"Cyperaceae",NA,6,1980,2023,NA,"Near threatened",NA
1017840,157200,"Eryngium alpinum L.",NA,"Apiaceae",NA,1,2020,2020,NA,"Vulnerable",NA
1018170,159800,"Euphorbia cyparissias L.",NA,"Euphorbiaceae",NA,1,1982,2004,NA,"Least concern",NA
1018520,162000,"Euphrasia alpina Lam.",NA,"Orobanchaceae",NA,1,1982,2021,NA,"Least concern",NA
1018540,162200,"Euphrasia christii Gremli",NA,"Orobanchaceae",NA,2,2025,2025,NA,"Near threatened",NA
1018560,162500,"Euphrasia hirtella Reut.",NA,"Orobanchaceae",NA,2,1982,2023,NA,"Least concern",NA
1018600,162750,"Euphrasia minima Schleich.",NA,"Orobanchaceae",NA,12,1982,2025,NA,"Least concern",NA
1018700,163450,"Euphrasia rostkoviana Hayne",NA,"Orobanchaceae",NA,5,1929,2022,NA,"Least concern",NA
1018685,163850,"Euphrasia rostkoviana aggr.",NA,"Orobanchaceae",NA,5,1929,2022,NA,"",NA
1018730,163800,"Euphrasia rostkoviana subsp. montana (Jord.) Wettst.",NA,"Orobanchaceae",NA,1,1996,1996,NA,"Least concern",NA
1018740,163900,"Euphrasia salisburgensis Hoppe",NA,"Orobanchaceae",NA,0,1982,1982,NA,"Least concern",NA
1018750,164000,"Euphrasia stricta J. F. Lehm.",NA,"Orobanchaceae",NA,0,1982,1982,NA,"Near threatened",NA
1018840,165000,"Fagus sylvatica L.",NA,"Fagaceae",NA,2,1982,2020,NA,"Least concern",NA
1019020,166100,"Festuca arundinacea Schreb.",NA,"Poaceae",NA,0,1982,1982,NA,"Least concern",NA
1019240,168150,"Festuca laevigata Gaudin",NA,"Poaceae",NA,0,1982,1982,NA,"",NA
1019310,168590,"Festuca ovina aggr.",NA,"Poaceae",NA,0,1982,1982,NA,"Least concern",NA
1019309,168580,"Festuca ovina superaggr.",NA,"",NA,0,1982,1982,NA,"",NA
1019480,170100,"Festuca rubra L.",NA,"Poaceae",NA,14,1929,2025,NA,"Least concern",NA
1019470,170200,"Festuca rubra aggr.",NA,"Poaceae",NA,16,1929,2025,NA,"Least concern",NA
1019920,173800,"Fragaria vesca L.",NA,"Rosaceae",NA,3,1982,2023,NA,"Least concern",NA
1020350,177100,"Galeopsis tetrahit L.",NA,"Lamiaceae",NA,4,1982,2025,NA,"Least concern",NA
1020390,177500,"Galium anisophyllon Vill.",NA,"Rubiaceae",NA,1,1982,2020,NA,"Least concern",NA
1020520,178900,"Galium mollugo L.",NA,"Rubiaceae",NA,1,2022,2022,NA,"Least concern",NA
1020510,179000,"Galium mollugo aggr.",NA,"Rubiaceae",NA,1,2022,2022,NA,"Least concern",NA
1020600,179700,"Galium pumilum Murray",NA,"Rubiaceae",NA,2,1982,2023,NA,"Least concern",NA
1020595,179650,"Galium pumilum aggr.",NA,"Rubiaceae",NA,3,1982,2023,NA,"",NA
1020890,182200,"Gentiana acaulis L.",NA,"Gentianaceae",NA,4,1982,2023,NA,"Least concern",NA
1020940,182700,"Gentiana asclepiadea L.",NA,"Gentianaceae",NA,1,1982,2025,NA,"Least concern",NA
1021000,183100,"Gentiana campestris L.",NA,"Gentianaceae",NA,1,1982,2020,NA,"Least concern",NA
1021030,183400,"Gentiana ciliata L.",NA,"Gentianaceae",NA,0,1982,1982,NA,"Least concern",NA
1021190,184800,"Gentiana punctata L.",NA,"Gentianaceae",NA,0,1982,1982,NA,"Least concern",NA
1021200,184900,"Gentiana purpurea L.",NA,"Gentianaceae",NA,7,1978,2025,NA,"Least concern",NA
1021210,185000,"Gentiana ramosa Hegetschw.",NA,"Gentianaceae",NA,4,1982,2025,NA,"Least concern",NA
1021250,185400,"Gentiana verna L.",NA,"Gentianaceae",NA,0,1982,1982,NA,"Least concern",NA
1021400,187995,"Geranium phaeum L.",NA,"Geraniaceae",NA,1,2004,2004,NA,"",NA
1021401,188000,"Geranium phaeum L. subsp. phaeum",NA,"Geraniaceae",NA,1,2004,2004,NA,"",NA
1021530,189300,"Geranium sylvaticum L.",NA,"Geraniaceae",NA,5,1982,2025,NA,"Least concern",NA
1021540,189400,"Geum montanum L.",NA,"Rosaceae",NA,2,1982,2023,NA,"Least concern",NA
1021560,189500,"Geum reptans L.",NA,"Rosaceae",NA,1,2021,2021,NA,"Least concern",NA
1021740,191000,"Globularia cordifolia L.",NA,"Plantaginaceae",NA,0,1982,1982,NA,"Least concern",NA
1021770,191500,"Glyceria fluitans (L.) R. Br.",NA,"Poaceae",NA,0,1966,1966,NA,"Least concern",NA
1021765,191550,"Glyceria fluitans aggr.",NA,"Poaceae",NA,0,1966,1966,NA,"",NA
1021840,192200,"Gnaphalium hoppeanum W. D. J. Koch",NA,"Asteraceae",NA,1,1988,1988,NA,"Least concern",NA
1021860,192400,"Gnaphalium norvegicum Gunnerus",NA,"Asteraceae",NA,12,1978,2025,NA,"Least concern",NA
1021880,192600,"Gnaphalium sylvaticum L.",NA,"Asteraceae",NA,5,1980,2023,NA,"Least concern",NA
1021950,193200,"Gymnadenia conopsea (L.) R. Br.",NA,"Orchidaceae",NA,10,1982,2025,NA,"Least concern",NA
1022020,193800,"Gypsophila repens L.",NA,"Caryophyllaceae",NA,1,1982,2023,NA,"Least concern",NA
1022180,194895,"Helianthemum nummularium (L.) Mill.",NA,"Cistaceae",NA,1,1982,1997,NA,"Least concern",NA
1022590,198595,"Heracleum sphondylium L.",NA,"Apiaceae",NA,2,1982,2025,NA,"Least concern",NA
1022620,198800,"Heracleum sphondylium subsp. elegans (Crantz) Schübl. & G. Martens",NA,"Apiaceae",NA,0,1982,1982,NA,"Least concern",NA
1022790,199900,"Hieracium alpinum L.",NA,"Asteraceae",NA,3,1982,2022,NA,"Least concern",NA
1022810,200100,"Hieracium angustifolium Hoppe",NA,"Asteraceae",NA,1,1966,2021,NA,"Least concern",NA
1022820,200200,"Hieracium aurantiacum L.",NA,"Asteraceae",NA,1,1982,2023,NA,"Least concern",NA
1022860,200700,"Hieracium bupleuroides C. C. Gmel.",NA,"Asteraceae",NA,1,2022,2022,NA,"Least concern",NA
1022930,201200,"Hieracium glanduliferum Hoppe",NA,"Asteraceae",NA,1,2020,2020,NA,"Least concern",NA
1023000,201800,"Hieracium humile Jacq.",NA,"Asteraceae",NA,0,1994,1994,NA,"Least concern",NA
1023010,201900,"Hieracium intybaceum All.",NA,"Asteraceae",NA,16,1969,2025,NA,"Least concern",NA
1023030,202000,"Hieracium lachenalii C. C. Gmel.",NA,"Asteraceae",NA,6,1969,2022,NA,"Least concern",NA
1023040,202100,"Hieracium lactucella Wallr.",NA,"Asteraceae",NA,8,1982,2025,NA,"Least concern",NA
1023050,202300,"Hieracium laevigatum aggr.",NA,"Asteraceae",NA,1,1982,2022,NA,"Least concern",NA
1023110,202700,"Hieracium murorum aggr.",NA,"Asteraceae",NA,9,1969,2025,NA,"Least concern",NA
1023170,203200,"Hieracium piliferum aggr.",NA,"Asteraceae",NA,1,2020,2020,NA,"Least concern",NA
1023200,203400,"Hieracium pilosella L.",NA,"Asteraceae",NA,4,1982,2023,NA,"Least concern",NA
1023210,203500,"Hieracium piloselloides Vill.",NA,"Asteraceae",NA,1,1929,1966,NA,"Least concern",NA
1023220,203600,"Hieracium pilosum Froel.",NA,"Asteraceae",NA,0,1982,1982,NA,"Least concern",NA
1023270,203900,"Hieracium prenanthoides aggr.",NA,"Asteraceae",NA,11,1969,2025,NA,"Least concern",NA
1023490,205900,"Hieracium villosum aggr.",NA,"Asteraceae",NA,0,1982,1982,NA,"Least concern",NA
1023680,207300,"Homogyne alpina (L.) Cass.",NA,"Asteraceae",NA,6,1982,2025,NA,"Least concern",NA
1023860,208900,"Huperzia selago (L.) Schrank & Mart.",NA,"Lycopodiaceae",NA,10,1982,2024,NA,"Least concern",NA
1024060,210695,"Hypericum maculatum Crantz",NA,"Hypericaceae",NA,2,2021,2023,NA,"Least concern",NA
1024250,212200,"Hypochaeris uniflora Vill.",NA,"Asteraceae",NA,2,1982,2023,NA,"Least concern",NA
1024420,213700,"Impatiens noli-tangere L.",NA,"Balsaminaceae",NA,0,1982,1982,NA,"Least concern",NA
1024900,217700,"Juncus alpinoarticulatus Chaix",NA,"Juncaceae",NA,12,1982,2025,NA,"Least concern",NA
1024930,218100,"Juncus articulatus L.",NA,"Juncaceae",NA,1,1982,2023,NA,"Least concern",NA
1024925,218150,"Juncus articulatus aggr.",NA,"Juncaceae",NA,13,1982,2025,NA,"",NA
1025000,218800,"Juncus effusus L.",NA,"Juncaceae",NA,1,1982,2023,NA,"Least concern",NA
1025010,218900,"Juncus filiformis L.",NA,"Juncaceae",NA,9,1982,2025,NA,"Least concern",NA
1025030,219100,"Juncus inflexus L.",NA,"Juncaceae",NA,1,1987,1987,NA,"Least concern",NA
1025070,219600,"Juncus squarrosus L.",NA,"Juncaceae",NA,0,1966,1966,NA,"Endangered",NA
1025120,220100,"Juncus trifidus L.",NA,"Juncaceae",NA,1,1982,2020,NA,"Least concern",NA
1025130,220300,"Juncus triglumis L.",NA,"Juncaceae",NA,0,1966,1966,NA,"Least concern",NA
1025140,220395,"Juniperus communis L.",NA,"Cupressaceae",NA,9,1982,2025,NA,"Least concern",NA
1025160,220500,"Juniperus communis subsp. alpina Čelak.",NA,"Cupressaceae",NA,6,1982,2023,NA,"Least concern",NA
1025670,225750,"Lamium galeobdolon (L.) L.",NA,"Lamiaceae",NA,1,1982,2004,NA,"Least concern",NA
1025710,226000,"Lamium galeobdolon subsp. montanum (Pers.) Hayek",NA,"Lamiaceae",NA,1,1982,2004,NA,"Least concern",NA
1025850,227500,"Laserpitium halleri Crantz",NA,"Apiaceae",NA,3,1982,2019,NA,"Least concern",NA
1026090,230800,"Lathyrus sylvestris L.",NA,"Fabaceae",NA,1,1982,2025,NA,"Least concern",NA
1026290,232700,"Leontodon autumnalis L.",NA,"Asteraceae",NA,4,1929,2022,NA,"Least concern",NA
1026310,232900,"Leontodon helveticus Mérat",NA,"Asteraceae",NA,2,1982,2021,NA,"Least concern",NA
1026330,233000,"Leontodon hispidus L.",NA,"Asteraceae",NA,3,1982,2025,NA,"Least concern",NA
1026360,233400,"Leontodon hispidus subsp. hyoseroides (Rchb.) Murr",NA,"Asteraceae",NA,2,1982,2025,NA,"Least concern",NA
1026600,236000,"Leucanthemopsis alpina (L.) Heywood",NA,"Asteraceae",NA,5,1895,2022,NA,"Least concern",NA
1026610,236020,"Leucanthemopsis alpina (L.) Heywood subsp. alpina",NA,"Asteraceae",NA,1,2020,2020,NA,"Least concern",NA
1026650,236200,"Leucanthemum adustum (W. D. J. Koch) Gremli",NA,"Asteraceae",NA,1,1982,2022,NA,"Least concern",NA
1026670,236400,"Leucanthemum gaudinii Dalla Torre",NA,"Asteraceae",NA,1,1977,1977,NA,"Least concern",NA
1026700,236700,"Leucanthemum praecox (Horvatić) Horvatić",NA,"Asteraceae",NA,0,1982,1982,NA,"",NA
1026730,236800,"Leucanthemum vulgare Lam.",NA,"Asteraceae",NA,2,1982,2022,NA,"Least concern",NA
1026710,236905,"Leucanthemum vulgare aggr.",NA,"Asteraceae",NA,6,1977,2025,NA,"Least concern",NA
1026810,237800,"Ligusticum mutellina (L.) Crantz",NA,"Apiaceae",NA,1,1982,2022,NA,"Least concern",NA
1026890,238500,"Lilium martagon L.",NA,"Liliaceae",NA,3,1982,2024,NA,"Least concern",NA
1026920,238800,"Linaria alpina (L.) Mill.",NA,"Plantaginaceae",NA,3,1895,2024,NA,"Least concern",NA
1026930,238900,"Linaria alpina (L.) Mill. subsp. alpina",NA,"Plantaginaceae",NA,2,1895,2021,NA,"Least concern",NA
1027130,241100,"Linum catharticum L.",NA,"Linaceae",NA,1,1982,1997,NA,"Least concern",NA
1027210,241900,"Listera cordata (L.) R. Br.",NA,"Orchidaceae",NA,20,1865,2021,NA,"Near threatened",NA
1027220,242000,"Listera ovata (L.) R. Br.",NA,"Orchidaceae",NA,5,1982,2019,NA,"Least concern",NA
1027290,242600,"Loiseleuria procumbens (L.) Desv.",NA,"Ericaceae",NA,2,1982,2022,NA,"Least concern",NA
1027310,242800,"Lolium perenne L.",NA,"Poaceae",NA,1,1982,2023,NA,"Least concern",NA
1027380,243500,"Lonicera caerulea L.",NA,"Caprifoliaceae",NA,6,1890,2025,NA,"Least concern",NA
1027440,243900,"Lonicera nigra L.",NA,"Caprifoliaceae",NA,2,1982,2023,NA,"Least concern",NA
1027500,244300,"Lotus alpinus (DC.) Ramond",NA,"Fabaceae",NA,6,1982,2022,NA,"Least concern",NA
1027520,244400,"Lotus corniculatus L.",NA,"Fabaceae",NA,5,1929,2025,NA,"Least concern",NA
1027510,244410,"Lotus corniculatus aggr.",NA,"Fabaceae",NA,12,1929,2025,NA,"Least concern",NA
1027600,245400,"Lunaria annua L.",NA,"Brassicaceae",NA,0,1982,1982,NA,"",NA
1027670,246000,"Luzula alpinopilosa (Chaix) Breistr.",NA,"Juncaceae",NA,2,1982,2022,NA,"Least concern",NA
1027700,246100,"Luzula campestris (L.) DC.",NA,"Juncaceae",NA,1,1929,1982,NA,"Least concern",NA
1027740,246600,"Luzula lutea (All.) DC.",NA,"Juncaceae",NA,2,1982,2021,NA,"Least concern",NA
1027750,246700,"Luzula luzulina (Vill.) Dalla Torre & Sarnth.",NA,"Juncaceae",NA,0,1966,1966,NA,"Least concern",NA
1027790,247100,"Luzula multiflora (Ehrh.) Lej.",NA,"Juncaceae",NA,2,1982,2025,NA,"Least concern",NA
1027785,247150,"Luzula multiflora aggr.",NA,"Juncaceae",NA,13,1982,2025,NA,"Least concern",NA
1027820,247300,"Luzula nivea (L.) DC.",NA,"Juncaceae",NA,1,1982,2004,NA,"Least concern",NA
1027890,248100,"Luzula sudetica (Willd.) Schult.",NA,"Juncaceae",NA,10,2025,2025,NA,"Least concern",NA
1027910,248300,"Luzula sylvatica (Huds.) Gaudin",NA,"Juncaceae",NA,1,2021,2021,NA,"Least concern",NA
1027920,248400,"Luzula sylvatica aggr.",NA,"Juncaceae",NA,1,2021,2021,NA,"Least concern",NA
1027960,249400,"Lycopodiella inundata (L.) Holub",NA,"Lycopodiaceae",NA,0,1966,1966,NA,"Vulnerable",NA
1027980,249700,"Lycopodium annotinum L.",NA,"Lycopodiaceae",NA,9,1982,2025,NA,"Least concern",NA
1027990,249900,"Lycopodium clavatum L.",NA,"Lycopodiaceae",NA,2,1984,2021,NA,"Near threatened",NA
1028000,249950,"Lycopodium clavatum L. subsp. clavatum",NA,"Lycopodiaceae",NA,2,2021,2021,NA,"",NA
1028080,251400,"Lysimachia nemorum L.",NA,"Primulaceae",NA,1,1982,2019,NA,"Least concern",NA
1028210,252400,"Maianthemum bifolium (L.) F. W. Schmidt",NA,"Asparagaceae",NA,2,1982,2025,NA,"Least concern",NA
1028430,254100,"Matricaria discoidea DC.",NA,"Asteraceae",NA,4,1982,2022,NA,"",NA
1028640,256500,"Melampyrum pratense L.",NA,"Orobanchaceae",NA,7,1980,2025,NA,"Least concern",NA
1028660,256600,"Melampyrum sylvaticum L.",NA,"Orobanchaceae",NA,2,1982,2025,NA,"Least concern",NA
1028810,258100,"Mentha arvensis L.",NA,"Lamiaceae",NA,0,1982,1982,NA,"Least concern",NA
1029020,259800,"Milium effusum L.",NA,"Poaceae",NA,2,1982,2022,NA,"Least concern",NA
1029440,263400,"Molinia caerulea (L.) Moench",NA,"Poaceae",NA,6,1982,2024,NA,"Least concern",NA
1029690,265800,"Myosotis alpestris F. W. Schmidt",NA,"Boraginaceae",NA,2,1982,2023,NA,"Least concern",NA
1029770,266400,"Myosotis nemorosa Besser",NA,"Boraginaceae",NA,1,1982,2023,NA,"Least concern",NA
1029800,266800,"Myosotis scorpioides L.",NA,"Boraginaceae",NA,2,2025,2025,NA,"Least concern",NA
1029795,266850,"Myosotis scorpioides aggr.",NA,"Boraginaceae",NA,3,1982,2025,NA,"",NA
1030080,269700,"Nardus stricta L.",NA,"Poaceae",NA,18,1929,2025,NA,"Least concern",NA
1030390,271655,"Nigritella rhellicani Teppner & E. Klein",NA,"Orchidaceae",NA,1,1989,1989,NA,"Least concern",NA
1030380,271700,"Nigritella rhellicani aggr.",NA,"Orchidaceae",NA,2,1989,1997,NA,"Least concern",NA
1031350,280900,"Orchis mascula (L.) L.",NA,"Orchidaceae",NA,4,1982,2021,NA,"Least concern",NA
1031360,280950,"Orchis mascula (L.) L. subsp. mascula",NA,"Orchidaceae",NA,2,2021,2021,NA,"",NA
1031540,282400,"Oreopteris limbosperma (All.) Holub",NA,"Thelypteridaceae",NA,1,1982,2021,NA,"Least concern",NA
1032070,287300,"Oxalis acetosella L.",NA,"Oxalidaceae",NA,1,1982,2021,NA,"Least concern",NA
1032150,287750,"Oxalis stricta L.",NA,"Oxalidaceae",NA,0,1982,1982,NA,"",NA
1032560,292100,"Paradisea liliastrum (L.) Bertol.",NA,"Asparagaceae",NA,2,1997,1997,NA,"Least concern",NA
1032600,292700,"Parnassia palustris L.",NA,"Celastraceae",NA,3,1982,2025,NA,"Least concern",NA
1032820,294400,"Pedicularis kerneri Dalla Torre",NA,"Orobanchaceae",NA,1,2020,2020,NA,"Least concern",NA
1032930,295400,"Pedicularis tuberosa L.",NA,"Orobanchaceae",NA,2,1982,2021,NA,"Least concern",NA
1033020,296000,"Petasites paradoxus (Retz.) Baumg.",NA,"Asteraceae",NA,0,1982,1982,NA,"Least concern",NA
1033090,296700,"Peucedanum austriacum (Jacq.) W. D. J. Koch",NA,"Apiaceae",NA,1,2025,2025,NA,"Least concern",NA
1033100,296750,"Peucedanum austriacum (Jacq.) W. D. J. Koch subsp. austriacum",NA,"Apiaceae",NA,1,2025,2025,NA,"Least concern",NA
1033160,297200,"Peucedanum ostruthium (L.) W. D. J. Koch",NA,"Apiaceae",NA,7,1982,2023,NA,"Least concern",NA
1033290,298400,"Phegopteris connectilis (Michx.) Watt",NA,"Thelypteridaceae",NA,2,1982,2024,NA,"Least concern",NA
1033340,298800,"Phleum alpinum L.",NA,"Poaceae",NA,2,1982,2025,NA,"Least concern",NA
1033330,298900,"Phleum alpinum aggr.",NA,"Poaceae",NA,4,1982,2025,NA,"Least concern",NA
1033360,299300,"Phleum bertolonii DC.",NA,"Poaceae",NA,0,1982,1982,NA,"Least concern",NA
1033370,299600,"Phleum hirsutum Honck.",NA,"Poaceae",NA,0,1982,1982,NA,"Least concern",NA
1033410,300000,"Phleum pratense L.",NA,"Poaceae",NA,2,1982,2022,NA,"Least concern",NA
1033400,300005,"Phleum pratense aggr.",NA,"Poaceae",NA,2,1982,2022,NA,"Least concern",NA
1033420,300200,"Phleum rhaeticum (Humphries) Rauschert",NA,"Poaceae",NA,1,1982,1987,NA,"Least concern",NA
1033570,300800,"Phyteuma betonicifolium Vill.",NA,"Campanulaceae",NA,6,1982,2023,NA,"Least concern",NA
1033630,301400,"Phyteuma hemisphaericum L.",NA,"Campanulaceae",NA,3,1982,2021,NA,"Least concern",NA
1033680,301900,"Phyteuma ovatum Honck.",NA,"Campanulaceae",NA,3,1982,2021,NA,"Least concern",NA
1033690,302000,"Phyteuma scheuchzeri All.",NA,"Campanulaceae",NA,5,2022,2023,NA,"Least concern",NA
1033700,302050,"Phyteuma scheuchzeri All. subsp. scheuchzeri",NA,"Campanulaceae",NA,1,2022,2022,NA,"",NA
1033800,302800,"Picea abies (L.) H. Karst.",NA,"Pinaceae",NA,4,1982,2024,NA,"Least concern",NA
1033970,304000,"Pimpinella saxifraga L.",NA,"Apiaceae",NA,1,1929,1929,NA,"Least concern",NA
1033950,304100,"Pimpinella saxifraga aggr.",NA,"Apiaceae",NA,1,1929,1929,NA,"Least concern",NA
1034050,304800,"Pinguicula vulgaris L.",NA,"Lentibulariaceae",NA,6,1982,2025,NA,"Near threatened",NA
1034060,304900,"Pinus cembra L.",NA,"Pinaceae",NA,23,1982,2026,NA,"Least concern",NA
1034080,305495,"Pinus mugo Turra",NA,"Pinaceae",NA,4,1980,2023,NA,"Least concern",NA
1034090,305500,"Pinus mugo Turra subsp. mugo",NA,"Pinaceae",NA,1,1982,2022,NA,"Least concern",NA
1034070,305800,"Pinus mugo subsp. uncinata (DC.) Domin",NA,"Pinaceae",NA,1,1982,2023,NA,"Least concern",NA
1034280,307250,"Plantago atrata Hoppe",NA,"Plantaginaceae",NA,1,1929,1929,NA,"Least concern",NA
1034330,307800,"Plantago lanceolata L.",NA,"Plantaginaceae",NA,4,1982,2025,NA,"Least concern",NA
1034350,307850,"Plantago major L.",NA,"Plantaginaceae",NA,5,1982,2023,NA,"Least concern",NA
1034360,307900,"Plantago major L. subsp. major",NA,"Plantaginaceae",NA,1,1982,2022,NA,"Least concern",NA
1034420,308400,"Platanthera bifolia (L.) Rich.",NA,"Orchidaceae",NA,2,1982,2021,NA,"Least concern",NA
1034470,309000,"Poa alpina L.",NA,"Poaceae",NA,7,1929,2025,NA,"Least concern",NA
1034490,309200,"Poa annua L.",NA,"Poaceae",NA,1,1982,2022,NA,"Least concern",NA
1034530,309600,"Poa cenisia All.",NA,"Poaceae",NA,0,1982,1982,NA,"Least concern",NA
1034540,309700,"Poa chaixii Vill.",NA,"Poaceae",NA,4,1982,2021,NA,"Least concern",NA
1034590,310200,"Poa laxa Haenke",NA,"Poaceae",NA,1,1987,1987,NA,"Least concern",NA
1034600,310300,"Poa minor Gaudin",NA,"Poaceae",NA,0,1984,1984,NA,"Least concern",NA
1034620,310500,"Poa nemoralis L.",NA,"Poaceae",NA,2,1982,2022,NA,"Least concern",NA
1034650,310900,"Poa pratensis aggr.",NA,"Poaceae",NA,0,1982,1982,NA,"Least concern",NA
1034680,311100,"Poa supina Schrad.",NA,"Poaceae",NA,1,1982,2022,NA,"Least concern",NA
1034690,311295,"Poa trivialis L.",NA,"Poaceae",NA,1,2025,2025,NA,"Least concern",NA
1034890,313195,"Polygala vulgaris L.",NA,"Polygalaceae",NA,1,2023,2023,NA,"Least concern",NA
1034940,313700,"Polygonatum verticillatum (L.) All.",NA,"Asparagaceae",NA,1,2004,2004,NA,"Least concern",NA
1034990,314190,"Polygonum aviculare L.",NA,"Polygonaceae",NA,1,2022,2022,NA,"Least concern",NA
1034980,314300,"Polygonum aviculare aggr.",NA,"Polygonaceae",NA,2,1982,2022,NA,"Least concern",NA
1035010,314400,"Polygonum bistorta L.",NA,"Polygonaceae",NA,2,1982,2022,NA,"Least concern",NA
1035090,315300,"Polygonum minus Huds.",NA,"Polygonaceae",NA,0,1982,1982,NA,"Near threatened",NA
1035140,315600,"Polygonum persicaria L.",NA,"Polygonaceae",NA,1,1982,2017,NA,"Least concern",NA
1035200,316400,"Polypodium vulgare L.",NA,"Polypodiaceae",NA,3,1982,2022,NA,"Least concern",NA
1035360,317500,"Populus tremula L.",NA,"Salicaceae",NA,1,1982,2016,NA,"Least concern",NA
1035710,321100,"Potentilla argentea L.",NA,"Rosaceae",NA,1,1982,2021,NA,"Least concern",NA
1035720,321300,"Potentilla aurea L.",NA,"Rosaceae",NA,4,1929,2021,NA,"Least concern",NA
1035790,322100,"Potentilla crantzii (Crantz) Fritsch",NA,"Rosaceae",NA,1,2022,2022,NA,"Least concern",NA
1035810,322400,"Potentilla erecta (L.) Raeusch.",NA,"Rosaceae",NA,19,1929,2025,NA,"Least concern",NA
1035850,322700,"Potentilla grandiflora L.",NA,"Rosaceae",NA,5,1982,2021,NA,"Least concern",NA
1036040,324500,"Potentilla reptans L.",NA,"Rosaceae",NA,1,1982,2023,NA,"Least concern",NA
1036120,325200,"Prenanthes purpurea L.",NA,"Asteraceae",NA,4,1982,2025,NA,"Least concern",NA
1036280,326605,"Primula hirsuta All.",NA,"Primulaceae",NA,11,1982,2025,NA,"Least concern",NA
1036480,328100,"Prunella vulgaris L.",NA,"Lamiaceae",NA,4,1929,2025,NA,"Least concern",NA
1036650,330000,"Prunus persica (L.) Batsch",NA,"Rosaceae",NA,0,1982,1982,NA,"",NA
1036710,330400,"Pseudorchis albida (L.) Á. Löve & D. Löve",NA,"Orchidaceae",NA,12,1982,2025,NA,"Least concern",NA
1036980,333195,"Pulsatilla alpina (L.) Delarbre",NA,"Ranunculaceae",NA,2,1982,1997,NA,"Least concern",NA
1037010,333390,"Pulsatilla alpina subsp. apiifolia (Scop.) Nyman",NA,"Ranunculaceae",NA,2,1982,1997,NA,"Least concern",NA
1037310,335900,"Quercus petraea Liebl.",NA,"Fagaceae",NA,1,1982,2020,NA,"Least concern",NA
1037370,336595,"Ranunculus acris L.",NA,"Ranunculaceae",NA,3,1929,2023,NA,"Least concern",NA
1037390,336700,"Ranunculus acris subsp. friesianus (Jord.) Syme",NA,"Ranunculaceae",NA,1,1982,2022,NA,"Least concern",NA
1037710,339500,"Ranunculus montanus Willd.",NA,"Ranunculaceae",NA,6,1929,2025,NA,"Least concern",NA
1037700,339505,"Ranunculus montanus aggr.",NA,"Ranunculaceae",NA,8,1929,2025,NA,"Least concern",NA
1037790,340300,"Ranunculus platanifolius L.",NA,"Ranunculaceae",NA,5,1982,2023,NA,"Least concern",NA
1038000,342400,"Ranunculus villarsii DC.",NA,"Ranunculaceae",NA,2,1982,2022,NA,"Least concern",NA
1038110,342900,"Reseda lutea L.",NA,"Resedaceae",NA,1,2023,2023,NA,"Least concern",NA
1038280,344700,"Rhinanthus glacialis Personnat",NA,"Orobanchaceae",NA,4,1982,2023,NA,"Least concern",NA
1038330,345300,"Rhododendron ferrugineum L.",NA,"Ericaceae",NA,7,1982,2025,NA,"Least concern",NA
1038550,346805,"Rorippa islandica aggr.",NA,"Brassicaceae",NA,0,1982,1982,NA,"Least concern",NA
1038560,346900,"Rorippa palustris (L.) Besser",NA,"Brassicaceae",NA,0,1982,1982,NA,"Least concern",NA
1038830,349500,"Rosa pendulina L.",NA,"Rosaceae",NA,1,1982,2004,NA,"Least concern",NA
1038850,349750,"Rosa pseudoscabriuscula (R. Keller) A. W. Hill",NA,"Rosaceae",NA,1,2020,2020,NA,"Least concern",NA
1038970,350650,"Rosa tomentosa aggr.",NA,"Rosaceae",NA,9,1982,2023,NA,"Least concern",NA
1039000,350800,"Rosa villosa L.",NA,"Rosaceae",NA,8,1982,2023,NA,"Near threatened",NA
1039550,354400,"Rubus idaeus L.",NA,"Rosaceae",NA,6,1982,2025,NA,"Least concern",NA
1040140,358900,"Rumex acetosa L.",NA,"Polygonaceae",NA,1,1982,2025,NA,"Least concern",NA
1040190,359300,"Rumex alpestris Jacq.",NA,"Polygonaceae",NA,3,1982,2023,NA,"Least concern",NA
1040200,359400,"Rumex alpinus L.",NA,"Polygonaceae",NA,6,1929,2023,NA,"Least concern",NA
1040290,360400,"Rumex obtusifolius L.",NA,"Polygonaceae",NA,1,1982,2025,NA,"Least concern",NA
1040360,360900,"Rumex scutatus L.",NA,"Polygonaceae",NA,3,1982,2025,NA,"Least concern",NA
1040590,363100,"Salix appendiculata Vill.",NA,"Salicaceae",NA,7,1982,2025,NA,"Least concern",NA
1040610,363200,"Salix aurita L.",NA,"Salicaceae",NA,0,1982,1982,NA,"Least concern",NA
1040630,363400,"Salix bicolor Willd.",NA,"Salicaceae",NA,0,1994,1994,NA,"Critically endangered",NA
1040670,363700,"Salix caprea L.",NA,"Salicaceae",NA,1,1982,2022,NA,"Least concern",NA
1040690,363900,"Salix daphnoides Vill.",NA,"Salicaceae",NA,4,1982,2025,NA,"Least concern",NA
1040750,364200,"Salix foetida DC.",NA,"Salicaceae",NA,3,1982,2025,NA,"Least concern",NA
1040780,364500,"Salix glaucosericea Flod.",NA,"Salicaceae",NA,1,2022,2022,NA,"Least concern",NA
1040790,364600,"Salix hastata L.",NA,"Salicaceae",NA,2,1982,2025,NA,"Least concern",NA
1040800,364700,"Salix helvetica Vill.",NA,"Salicaceae",NA,5,1969,2023,NA,"Least concern",NA
1040820,364900,"Salix laggeri Wimm.",NA,"Salicaceae",NA,4,1994,1996,NA,"Vulnerable",NA
1040860,365000,"Salix myrsinifolia Salisb.",NA,"Salicaceae",NA,1,2023,2023,NA,"Least concern",NA
1040900,365500,"Salix pentandra L.",NA,"Salicaceae",NA,7,1982,2025,NA,"Near threatened",NA
1040920,365800,"Salix purpurea L.",NA,"Salicaceae",NA,2,2022,2025,NA,"Least concern",NA
1040960,366000,"Salix repens L.",NA,"Salicaceae",NA,1,2025,2025,NA,"Vulnerable",NA
1040980,366100,"Salix reticulata L.",NA,"Salicaceae",NA,0,1982,1982,NA,"Least concern",NA
1040990,366200,"Salix retusa L.",NA,"Salicaceae",NA,0,1982,1982,NA,"Least concern",NA
1041060,366700,"Salix ×hegetschweileri Heer",NA,"Salicaceae",NA,10,1982,2025,NA,"Endangered",NA
1041280,368300,"Sambucus nigra L.",NA,"Adoxaceae",NA,1,1982,2004,NA,"Least concern",NA
1041300,368400,"Sambucus racemosa L.",NA,"Adoxaceae",NA,4,1982,2023,NA,"Least concern",NA
1041590,372000,"Saxifraga aspera L.",NA,"Saxifragaceae",NA,2,1982,2021,NA,"Least concern",NA
1041630,372300,"Saxifraga bryoides L.",NA,"Saxifragaceae",NA,1,2020,2020,NA,"Least concern",NA
1041680,372800,"Saxifraga cuneifolia L.",NA,"Saxifragaceae",NA,2,1982,2023,NA,"Least concern",NA
1041860,374450,"Saxifraga oppositifolia L.",NA,"Saxifragaceae",NA,0,1982,1982,NA,"Least concern",NA
1041870,374500,"Saxifraga oppositifolia L. subsp. oppositifolia",NA,"Saxifragaceae",NA,0,1982,1982,NA,"Least concern",NA
1041980,375400,"Saxifraga rotundifolia L.",NA,"Saxifragaceae",NA,1,1982,2004,NA,"Least concern",NA
1042010,375800,"Saxifraga stellaris L.",NA,"Saxifragaceae",NA,12,1895,2025,NA,"Least concern",NA
1042220,378000,"Scheuchzeria palustris L.",NA,"Scheuchzeriaceae",NA,8,1975,2023,NA,"Vulnerable",NA
1042420,379700,"Scirpus sylvaticus L.",NA,"Cyperaceae",NA,0,1982,1982,NA,"Least concern",NA
1042730,383100,"Sedum acre L.",NA,"Crassulaceae",NA,1,1982,2021,NA,"Least concern",NA
1042760,383300,"Sedum alpestre Vill.",NA,"Crassulaceae",NA,2,1982,2024,NA,"Least concern",NA
1042780,383500,"Sedum annuum L.",NA,"Crassulaceae",NA,2,1982,2021,NA,"Least concern",NA
1043000,385500,"Sedum sexangulare L.",NA,"Crassulaceae",NA,4,1982,2025,NA,"Least concern",NA
1043100,386300,"Selaginella selaginoides (L.) Schrank & Mart.",NA,"Selaginellaceae",NA,4,1982,2022,NA,"Least concern",NA
1043160,387000,"Sempervivum montanum L.",NA,"Crassulaceae",NA,5,1982,2022,NA,"Least concern",NA
1043790,393200,"Setaria pumila (Poir.) Roem. & Schult.",NA,"Poaceae",NA,0,1982,1982,NA,"Least concern",NA
1043820,393500,"Setaria viridis (L.) P. Beauv.",NA,"Poaceae",NA,0,1982,1982,NA,"Least concern",NA
1043840,393700,"Sibbaldia procumbens L.",NA,"Rosaceae",NA,2,1982,2022,NA,"Least concern",NA
1043890,394300,"Silene acaulis (L.) Jacq.",NA,"Caryophyllaceae",NA,0,1982,1982,NA,"Least concern",NA
1043940,394900,"Silene dioica (L.) Clairv.",NA,"Caryophyllaceae",NA,4,1982,2023,NA,"Least concern",NA
1043960,395100,"Silene exscapa All.",NA,"Caryophyllaceae",NA,1,2022,2022,NA,"Least concern",NA
1044020,396050,"Silene nutans L.",NA,"Caryophyllaceae",NA,4,1982,2023,NA,"Least concern",NA
1044030,396100,"Silene nutans L. subsp. nutans",NA,"Caryophyllaceae",NA,2,1982,2017,NA,"Least concern",NA
1044080,396800,"Silene rupestris L.",NA,"Caryophyllaceae",NA,12,1982,2025,NA,"Least concern",NA
1044140,397295,"Silene vulgaris (Moench) Garcke",NA,"Caryophyllaceae",NA,8,1982,2025,NA,"Least concern",NA
1044150,397300,"Silene vulgaris (Moench) Garcke subsp. vulgaris",NA,"Caryophyllaceae",NA,1,1982,2021,NA,"Least concern",NA
1044220,398000,"Sinapis arvensis L.",NA,"Brassicaceae",NA,0,1982,1982,NA,"Least concern",NA
1044490,400400,"Solanum tuberosum L.",NA,"Solanaceae",NA,0,1982,1982,NA,"",NA
1044560,400800,"Soldanella pusilla Baumg.",NA,"Primulaceae",NA,1,1982,2020,NA,"Least concern",NA
1044620,401395,"Solidago virgaurea L.",NA,"Asteraceae",NA,10,1982,2025,NA,"Least concern",NA
1044630,401400,"Solidago virgaurea L. subsp. virgaurea",NA,"Asteraceae",NA,2,1982,2022,NA,"Least concern",NA
1044640,401500,"Solidago virgaurea subsp. minuta (L.) Arcang.",NA,"Asteraceae",NA,2,1982,2024,NA,"Least concern",NA
1044740,402300,"Sorbus aucuparia L.",NA,"Rosaceae",NA,4,1982,2025,NA,"Least concern",NA
1045000,404700,"Spergularia rubra (L.) J. Presl & C. Presl",NA,"Caryophyllaceae",NA,4,1982,2025,NA,"Least concern",NA
1045110,405000,"Spiranthes aestivalis (Poir.) Rich.",NA,"Orchidaceae",NA,1,1895,1895,NA,"Vulnerable",NA
1045360,407500,"Stellaria graminea L.",NA,"Caryophyllaceae",NA,1,1982,2024,NA,"Least concern",NA
1045390,407800,"Stellaria media (L.) Vill.",NA,"Caryophyllaceae",NA,1,1929,1982,NA,"Least concern",NA
1045400,407805,"Stellaria media aggr.",NA,"Caryophyllaceae",NA,2,1929,2004,NA,"Least concern",NA
1045420,408095,"Stellaria nemorum L.",NA,"Caryophyllaceae",NA,4,2021,2022,NA,"Least concern",NA
1045670,409800,"Streptopus amplexifolius (L.) DC.",NA,"Liliaceae",NA,5,1982,2025,NA,"Least concern",NA
1045790,410800,"Symphytum officinale L.",NA,"Boraginaceae",NA,2,1849,2021,NA,"Least concern",NA
1045785,410850,"Symphytum officinale aggr.",NA,"Boraginaceae",NA,2,1849,2021,NA,"",NA
1046010,412000,"Taraxacum alpinum aggr.",NA,"Asteraceae",NA,0,1982,1982,NA,"Least concern",NA
1046070,412900,"Taraxacum laevigatum aggr.",NA,"Asteraceae",NA,0,1982,1982,NA,"Least concern",NA
1046080,413100,"Taraxacum officinale aggr.",NA,"Asteraceae",NA,5,1929,2025,NA,"Least concern",NA
1046340,415500,"Thalictrum aquilegiifolium L.",NA,"Ranunculaceae",NA,2,1982,2023,NA,"Least concern",NA
1046400,416195,"Thalictrum minus L.",NA,"Ranunculaceae",NA,0,1982,1982,NA,"Least concern",NA
1046450,417200,"Thesium alpinum L.",NA,"Santalaceae",NA,1,1982,2023,NA,"Least concern",NA
1046890,421200,"Thymus serpyllum aggr.",NA,"Lamiaceae",NA,4,1982,2023,NA,"Least concern",NA
1046970,421500,"Tilia platyphyllos Scop.",NA,"Malvaceae",NA,0,1982,1982,NA,"Least concern",NA
1046990,421600,"Tofieldia calyculata (L.) Wahlenb.",NA,"Tofieldiaceae",NA,1,1982,2021,NA,"Least concern",NA
1047000,421700,"Tofieldia pusilla (Michx.) Pers.",NA,"Tofieldiaceae",NA,0,1966,1966,NA,"Near threatened",NA
1047090,422400,"Tozzia alpina L.",NA,"Orobanchaceae",NA,5,1982,2021,NA,"Least concern",NA
1047180,422950,"Tragopogon pratensis L.",NA,"Asteraceae",NA,1,2004,2004,NA,"Least concern",NA
1047190,423000,"Tragopogon pratensis L. subsp. pratensis",NA,"Asteraceae",NA,1,2004,2004,NA,"Near threatened",NA
1047290,423900,"Trichophorum cespitosum (L.) Hartm.",NA,"Cyperaceae",NA,11,1980,2025,NA,"Least concern",NA
1047300,423930,"Trichophorum cespitosum (L.) Hartm. subsp. cespitosum",NA,"Cyperaceae",NA,2,2021,2025,NA,"",NA
1047370,424500,"Trifolium alpinum L.",NA,"Fabaceae",NA,1,1982,2023,NA,"Least concern",NA
1047410,424900,"Trifolium badium Schreb.",NA,"Fabaceae",NA,3,1982,2023,NA,"Least concern",NA
1047420,425000,"Trifolium campestre Schreb.",NA,"Fabaceae",NA,1,1895,1895,NA,"Least concern",NA
1047460,425595,"Trifolium hybridum L.",NA,"Fabaceae",NA,1,1980,1982,NA,"",NA
1047470,425600,"Trifolium hybridum L. subsp. hybridum",NA,"Fabaceae",NA,1,1980,1982,NA,"",NA
1047600,426895,"Trifolium pratense L.",NA,"Fabaceae",NA,10,1929,2025,NA,"Least concern",NA
1047610,426900,"Trifolium pratense L. subsp. pratense",NA,"Fabaceae",NA,1,1982,2022,NA,"Least concern",NA
1047620,427000,"Trifolium pratense subsp. nivale (W. D. J. Koch) Ces.",NA,"Fabaceae",NA,3,1982,2023,NA,"Least concern",NA
1047630,427100,"Trifolium repens L.",NA,"Fabaceae",NA,8,1929,2025,NA,"Least concern",NA
1047760,428100,"Trifolium thalii Vill.",NA,"Fabaceae",NA,1,2021,2021,NA,"Least concern",NA
1048220,432000,"Tussilago farfara L.",NA,"Asteraceae",NA,4,1982,2023,NA,"Least concern",NA
1048360,433400,"Urtica dioica L.",NA,"Urticaceae",NA,5,1982,2025,NA,"Least concern",NA
1048470,434500,"Vaccinium gaultherioides Bigelow",NA,"Ericaceae",NA,3,2022,2022,NA,"Least concern",NA
1048500,434800,"Vaccinium myrtillus L.",NA,"Ericaceae",NA,13,1980,2025,NA,"Least concern",NA
1048510,434900,"Vaccinium oxycoccos L.",NA,"Ericaceae",NA,1,1980,1980,NA,"Near threatened",NA
1048530,435000,"Vaccinium uliginosum L.",NA,"Ericaceae",NA,4,2021,2025,NA,"Near threatened",NA
1048520,435100,"Vaccinium uliginosum aggr.",NA,"Ericaceae",NA,9,1980,2025,NA,"Least concern",NA
1048540,435300,"Vaccinium vitis-idaea L.",NA,"Ericaceae",NA,12,1980,2025,NA,"Least concern",NA
1048610,435800,"Valeriana officinalis L.",NA,"Caprifoliaceae",NA,1,1987,1987,NA,"Least concern",NA
1048600,435900,"Valeriana officinalis aggr.",NA,"Caprifoliaceae",NA,1,1987,1987,NA,"Least concern",NA
1048820,437800,"Veratrum album L.",NA,"Melanthiaceae",NA,7,1982,2025,NA,"Least concern",NA
1048840,438000,"Veratrum album subsp. lobelianum (Bernh.) Arcang.",NA,"Melanthiaceae",NA,1,2023,2023,NA,"Least concern",NA
1049020,439650,"Verbascum thapsus L.",NA,"Scrophulariaceae",NA,0,1982,1982,NA,"Least concern",NA
1049030,439700,"Verbascum thapsus L. subsp. thapsus",NA,"Scrophulariaceae",NA,0,1982,1982,NA,"Least concern",NA
1049120,440400,"Veronica alpina L.",NA,"Plantaginaceae",NA,2,1982,2024,NA,"Least concern",NA
1049210,441400,"Veronica chamaedrys L.",NA,"Plantaginaceae",NA,1,1929,1982,NA,"Least concern",NA
1049270,441700,"Veronica fruticans Jacq.",NA,"Plantaginaceae",NA,4,1895,2022,NA,"Least concern",NA
1049380,442700,"Veronica persica Poir.",NA,"Plantaginaceae",NA,1,1982,2022,NA,"",NA
1049460,443395,"Veronica serpyllifolia L.",NA,"Plantaginaceae",NA,1,1982,2020,NA,"Least concern",NA
1049480,443500,"Veronica serpyllifolia subsp. humifusa (Dicks.) Syme",NA,"Plantaginaceae",NA,1,1982,2020,NA,"Least concern",NA
1049490,443900,"Veronica teucrium L.",NA,"Plantaginaceae",NA,1,2025,2025,NA,"Least concern",NA
1049620,444995,"Vicia cracca L.",NA,"Fabaceae",NA,2,1982,2021,NA,"Least concern",NA
1049630,445000,"Vicia cracca L. subsp. cracca",NA,"Fabaceae",NA,2,1982,2021,NA,"Least concern",NA
1049860,447400,"Vicia sepium L.",NA,"Fabaceae",NA,1,1982,2004,NA,"Least concern",NA
1050010,449100,"Viola biflora L.",NA,"Violaceae",NA,4,1982,2022,NA,"Least concern",NA
1050220,451100,"Viola palustris L.",NA,"Violaceae",NA,13,1982,2025,NA,"Least concern",NA
1050340,452500,"Viola tricolor L.",NA,"Violaceae",NA,1,2021,2021,NA,"",NA
1050330,452510,"Viola tricolor aggr.",NA,"Violaceae",NA,1,2021,2021,NA,"Least concern",NA
1050350,452505,"Viola tricolor subsp. subalpina Gaudin",NA,"Violaceae",NA,1,2021,2021,NA,"Least concern",NA
1050380,452600,"Viscum album L.",NA,"Santalaceae",NA,0,1982,1982,NA,"Least concern",NA
1000260,1350,"Achillea erba-rotta All.",NA,"Asteraceae",NA,1,1889,1982,NA,"Least concern",NA
1000290,1500,"Achillea erba-rotta subsp. moschata (Wulfen) Vacc.",NA,"Asteraceae",NA,1,1889,1982,NA,"Least concern",NA
1000320,1706,"Achillea millefolium aggr.",NA,"Asteraceae",NA,0,1982,1982,NA,"Least concern",NA
1000430,2500,"Achillea stricta Gremli",NA,"Asteraceae",NA,0,1982,1982,NA,"Near threatened",NA
1000563,3540,"Aconitum napellus L.",NA,"Ranunculaceae",NA,0,1982,1982,NA,"Least concern",NA
1000800,5600,"Adenostyles leucophylla (Willd.) Rchb.",NA,"Asteraceae",NA,0,1966,1966,NA,"Least concern",NA
1001100,8900,"Agrostis rupestris All.",NA,"Poaceae",NA,1,1982,2025,NA,"Least concern",NA
1001120,9100,"Agrostis schraderiana Bech.",NA,"Poaceae",NA,1,2025,2025,NA,"Least concern",NA
1001340,11200,"Alchemilla alpina aggr.",NA,"Rosaceae",NA,1,1884,1884,NA,"Least concern",NA
1001330,11100,"Alchemilla alpina superaggr.",NA,"",NA,1,1884,1982,NA,"",NA
1001410,12100,"Alchemilla conjuncta superaggr.",NA,"",NA,0,1982,1982,NA,"",NA
1001740,15000,"Alchemilla glabra aggr.",NA,"Rosaceae",NA,0,1982,1982,NA,"Least concern",NA
1002920,26000,"Alopecurus pratensis L.",NA,"Poaceae",NA,0,1982,1982,NA,"Least concern",NA
1003840,34300,"Antennaria carpatica (Wahlenb.) Bluff & Fingerh.",NA,"Asteraceae",NA,1,1883,1982,NA,"Least concern",NA
1004070,36790,"Anthyllis vulneraria L.",NA,"Fabaceae",NA,0,1982,1982,NA,"Least concern",NA
1004090,36900,"Anthyllis vulneraria subsp. alpestris (Schult.) Asch. & Graebn.",NA,"Fabaceae",NA,0,1982,1982,NA,"Least concern",NA
1004430,40000,"Arabis caerulea All.",NA,"Brassicaceae",NA,0,1966,1966,NA,"Least concern",NA
1004570,42000,"Arabis subcoriacea Gren.",NA,"Brassicaceae",NA,0,1982,1982,NA,"Least concern",NA
1004690,43100,"Arctostaphylos uva-ursi (L.) Spreng.",NA,"Ericaceae",NA,1,1883,1982,NA,"Least concern",NA
1004740,43500,"Arenaria ciliata L.",NA,"Caryophyllaceae",NA,0,1982,1982,NA,"",NA
1004730,43505,"Arenaria ciliata aggr.",NA,"Caryophyllaceae",NA,0,1982,1982,NA,"Least concern",NA
1004780,44100,"Arenaria marschlinsii W. D. J. Koch",NA,"Caryophyllaceae",NA,1,1883,1883,NA,"Near threatened",NA
1005940,54600,"Astragalus penduliflorus Lam.",NA,"Fabaceae",NA,1,1950,1950,NA,"Least concern",NA
1008300,74700,"Campanula barbata L.",NA,"Campanulaceae",NA,1,1982,2025,NA,"Least concern",NA
1008790,78300,"Cardamine amara L.",NA,"Brassicaceae",NA,0,1982,1982,NA,"Least concern",NA
1009020,80300,"Cardamine resedifolia L.",NA,"Brassicaceae",NA,1,1982,2025,NA,"Least concern",NA
1009330,83350,"Carex atrata L.",NA,"Cyperaceae",NA,0,1982,1982,NA,"Least concern",NA
1009340,83400,"Carex atrata L. subsp. atrata",NA,"Cyperaceae",NA,0,1982,1982,NA,"Least concern",NA
1009320,83405,"Carex atrata aggr.",NA,"Cyperaceae",NA,0,1982,1982,NA,"",NA
1009570,85700,"Carex davalliana Sm.",NA,"Cyperaceae",NA,0,1966,1966,NA,"Least concern",NA
1009780,87600,"Carex flava L.",NA,"Cyperaceae",NA,0,1982,1982,NA,"Least concern",NA
1009770,87605,"Carex flava aggr.",NA,"Cyperaceae",NA,0,1982,1982,NA,"Least concern",NA
1009790,87700,"Carex foetida All.",NA,"Cyperaceae",NA,1,1982,2025,NA,"Least concern",NA
1009920,89100,"Carex lachenalii Schkuhr",NA,"Cyperaceae",NA,2,1982,2025,NA,"Least concern",NA
1010150,91800,"Carex paniculata L.",NA,"Cyperaceae",NA,0,1982,1982,NA,"Least concern",NA
1010170,92100,"Carex pauciflora Lightf.",NA,"Cyperaceae",NA,0,1966,1966,NA,"Near threatened",NA
1011880,108500,"Chenopodium bonus-henricus L.",NA,"Amaranthaceae",NA,0,1982,1982,NA,"Least concern",NA
1012450,115300,"Cirsium spinosissimum (L.) Scop.",NA,"Asteraceae",NA,2,1982,2025,NA,"Least concern",NA
1013760,124300,"Crepis paludosa (L.) Moench",NA,"Asteraceae",NA,0,1982,1982,NA,"Least concern",NA
1015120,135500,"Dianthus carthusianorum L.",NA,"Caryophyllaceae",NA,2,1889,1982,NA,"Least concern",NA
1015130,135600,"Dianthus carthusianorum L. subsp. carthusianorum",NA,"Caryophyllaceae",NA,1,1900,1900,NA,"Least concern",NA
1015560,139700,"Doronicum clusii (All.) Tausch",NA,"Asteraceae",NA,4,1883,2025,NA,"Least concern",NA
1015680,140700,"Draba dubia Suter",NA,"Brassicaceae",NA,0,1982,1982,NA,"Least concern",NA
1015930,143300,"Dryopteris dilatata (Hoffm.) A. Gray",NA,"Dryopteridaceae",NA,0,1982,1982,NA,"Least concern",NA
1015925,143350,"Dryopteris dilatata aggr.",NA,"Dryopteridaceae",NA,0,1982,1982,NA,"",NA
1016320,145900,"Eleocharis quinqueflora (Hartmann) O. Schwarz",NA,"Cyperaceae",NA,0,1966,1966,NA,"Least concern",NA
1016530,147600,"Epilobium anagallidifolium Lam.",NA,"Onagraceae",NA,1,1982,2025,NA,"Least concern",NA
1016950,151100,"Equisetum palustre L.",NA,"Equisetaceae",NA,0,1982,1982,NA,"Least concern",NA
1017000,151600,"Equisetum variegatum Schleich.",NA,"Equisetaceae",NA,0,1982,1982,NA,"Least concern",NA
1017485,153650,"Erigeron alpinus aggr.",NA,"Asteraceae",NA,0,1966,1966,NA,"",NA
1017570,154500,"Erigeron glabratus Bluff & Fingerh.",NA,"Asteraceae",NA,0,1966,1966,NA,"Least concern",NA
1018600,162750,"Euphrasia minima Schleich.",NA,"Orobanchaceae",NA,1,1982,2020,NA,"Least concern",NA
1018660,163150,"Euphrasia picta Wimm.",NA,"Orobanchaceae",NA,0,1982,1982,NA,"Near threatened",NA
1018670,163200,"Euphrasia picta Wimm. subsp. picta",NA,"Orobanchaceae",NA,0,1982,1982,NA,"Data deficient",NA
1018685,163850,"Euphrasia rostkoviana aggr.",NA,"Orobanchaceae",NA,0,1982,1982,NA,"",NA
1019180,167600,"Festuca halleri All.",NA,"Poaceae",NA,1,1982,2025,NA,"Least concern",NA
1019160,167650,"Festuca halleri aggr.",NA,"Poaceae",NA,1,1982,2025,NA,"Least concern",NA
1020970,182900,"Gentiana bavarica L.",NA,"Gentianaceae",NA,2,1982,2025,NA,"Least concern",NA
1020975,182930,"Gentiana bavarica L. subsp. bavarica",NA,"Gentianaceae",NA,1,2020,2020,NA,"Least concern",NA
1020990,183000,"Gentiana brachyphylla Vill.",NA,"Gentianaceae",NA,1,1982,2025,NA,"Least concern",NA
1021140,184300,"Gentiana nivalis L.",NA,"Gentianaceae",NA,1,1982,2020,NA,"Least concern",NA
1021190,184800,"Gentiana punctata L.",NA,"Gentianaceae",NA,2,1869,1982,NA,"Least concern",NA
1021200,184900,"Gentiana purpurea L.",NA,"Gentianaceae",NA,1,1890,1982,NA,"Least concern",NA
1021210,185000,"Gentiana ramosa Hegetschw.",NA,"Gentianaceae",NA,1,1982,2020,NA,"Least concern",NA
1021540,189400,"Geum montanum L.",NA,"Rosaceae",NA,1,1982,2020,NA,"Least concern",NA
1021870,192500,"Gnaphalium supinum L.",NA,"Asteraceae",NA,1,1982,2025,NA,"Least concern",NA
1022110,194100,"Hedysarum hedysaroides (L.) Schinz & Thell.",NA,"Fabaceae",NA,0,1982,1982,NA,"Least concern",NA
1022210,195100,"Helianthemum nummularium subsp. grandiflorum (Scop.) Schinz & Thell.",NA,"Cistaceae",NA,0,1982,1982,NA,"Least concern",NA
1022390,196800,"Helictotrichon pubescens (Huds.) Pilg.",NA,"Poaceae",NA,0,1982,1982,NA,"Least concern",NA
1022590,198595,"Heracleum sphondylium L.",NA,"Apiaceae",NA,0,1982,1982,NA,"Least concern",NA
1022600,198600,"Heracleum sphondylium L. subsp. sphondylium",NA,"Apiaceae",NA,0,1982,1982,NA,"Least concern",NA
1022810,200100,"Hieracium angustifolium Hoppe",NA,"Asteraceae",NA,1,1883,1966,NA,"Least concern",NA
1022820,200200,"Hieracium aurantiacum L.",NA,"Asteraceae",NA,0,1966,1966,NA,"Least concern",NA
1022840,200600,"Hieracium bifidum aggr.",NA,"Asteraceae",NA,0,1966,1966,NA,"Least concern",NA
1023010,201900,"Hieracium intybaceum All.",NA,"Asteraceae",NA,2,1982,2025,NA,"Least concern",NA
1023030,202000,"Hieracium lachenalii C. C. Gmel.",NA,"Asteraceae",NA,0,1966,1966,NA,"Least concern",NA
1023170,203200,"Hieracium piliferum aggr.",NA,"Asteraceae",NA,1,1889,1966,NA,"Least concern",NA
1025040,219200,"Juncus jacquinii L.",NA,"Juncaceae",NA,1,1982,2025,NA,"Least concern",NA
1025240,221450,"Knautia dipsacifolia Kreutzer",NA,"Caprifoliaceae",NA,0,1982,1982,NA,"Least concern",NA
1025250,221500,"Knautia dipsacifolia Kreutzer subsp. dipsacifolia",NA,"Caprifoliaceae",NA,0,1982,1982,NA,"Least concern",NA
1025450,223500,"Koeleria hirsuta Gaudin",NA,"Poaceae",NA,3,1886,1982,NA,"Least concern",NA
1026310,232900,"Leontodon helveticus Mérat",NA,"Asteraceae",NA,1,1982,2025,NA,"Least concern",NA
1026600,236000,"Leucanthemopsis alpina (L.) Heywood",NA,"Asteraceae",NA,2,1889,2025,NA,"Least concern",NA
1026730,236800,"Leucanthemum vulgare Lam.",NA,"Asteraceae",NA,0,1982,1982,NA,"Least concern",NA
1027670,246000,"Luzula alpinopilosa (Chaix) Breistr.",NA,"Juncaceae",NA,1,1982,2025,NA,"Least concern",NA
1028970,259300,"Meum athamanticum Jacq.",NA,"Apiaceae",NA,0,1982,1982,NA,"Vulnerable",NA
1029170,261400,"Minuartia recurva (All.) Schinz & Thell.",NA,"Caryophyllaceae",NA,0,1966,1966,NA,"Least concern",NA
1029230,261700,"Minuartia sedoides (L.) Hiern",NA,"Caryophyllaceae",NA,2,1883,2025,NA,"Least concern",NA
1032750,293700,"Pedicularis ascendens Gaudin",NA,"Orobanchaceae",NA,0,1966,1966,NA,"Least concern",NA
1032820,294400,"Pedicularis kerneri Dalla Torre",NA,"Orobanchaceae",NA,1,1982,2020,NA,"Least concern",NA
1032930,295400,"Pedicularis tuberosa L.",NA,"Orobanchaceae",NA,1,1889,1982,NA,"Least concern",NA
1033330,298900,"Phleum alpinum aggr.",NA,"Poaceae",NA,2,1982,2025,NA,"Least concern",NA
1033410,300000,"Phleum pratense L.",NA,"Poaceae",NA,0,1982,1982,NA,"Least concern",NA
1033400,300005,"Phleum pratense aggr.",NA,"Poaceae",NA,0,1982,1982,NA,"Least concern",NA
1033420,300200,"Phleum rhaeticum (Humphries) Rauschert",NA,"Poaceae",NA,2,1982,2025,NA,"Least concern",NA
1033980,304300,"Pinguicula alpina L.",NA,"Lentibulariaceae",NA,1,1883,1982,NA,"Least concern",NA
1034080,305495,"Pinus mugo Turra",NA,"Pinaceae",NA,0,1966,1966,NA,"Least concern",NA
1034090,305500,"Pinus mugo Turra subsp. mugo",NA,"Pinaceae",NA,0,1966,1966,NA,"Least concern",NA
1034280,307250,"Plantago atrata Hoppe",NA,"Plantaginaceae",NA,0,1982,1982,NA,"Least concern",NA
1034290,307300,"Plantago atrata Hoppe subsp. atrata",NA,"Plantaginaceae",NA,0,1982,1982,NA,"",NA
1034470,309000,"Poa alpina L.",NA,"Poaceae",NA,1,1982,2025,NA,"Least concern",NA
1034590,310200,"Poa laxa Haenke",NA,"Poaceae",NA,1,1982,2025,NA,"Least concern",NA
1034780,312400,"Polygala alpina (DC.) Steud.",NA,"Polygalaceae",NA,0,1982,1982,NA,"Least concern",NA
1035720,321300,"Potentilla aurea L.",NA,"Rosaceae",NA,1,1889,1982,NA,"Least concern",NA
1035810,322400,"Potentilla erecta (L.) Raeusch.",NA,"Rosaceae",NA,1,1886,1982,NA,"Least concern",NA
1036280,326605,"Primula hirsuta All.",NA,"Primulaceae",NA,1,1883,1982,NA,"Least concern",NA
1036980,333195,"Pulsatilla alpina (L.) Delarbre",NA,"Ranunculaceae",NA,3,1850,1982,NA,"Least concern",NA
1037010,333390,"Pulsatilla alpina subsp. apiifolia (Scop.) Nyman",NA,"Ranunculaceae",NA,3,1850,1982,NA,"Least concern",NA
1037090,334100,"Pulsatilla vernalis (L.) Mill.",NA,"Ranunculaceae",NA,1,1883,1982,NA,"Least concern",NA
1037370,336595,"Ranunculus acris L.",NA,"Ranunculaceae",NA,0,1982,1982,NA,"Least concern",NA
1037390,336700,"Ranunculus acris subsp. friesianus (Jord.) Syme",NA,"Ranunculaceae",NA,0,1982,1982,NA,"Least concern",NA
1037660,339200,"Ranunculus kuepferi Greuter & Burdet",NA,"Ranunculaceae",NA,1,1883,1982,NA,"Least concern",NA
1038570,347150,"Rorippa stylosa (Pers.) Mansf. & Rothm.",NA,"Brassicaceae",NA,1,1886,1886,NA,"Vulnerable",NA
1040480,362300,"Sagina saginoides (L.) H. Karst.",NA,"Caryophyllaceae",NA,1,1982,2025,NA,"Least concern",NA
1040780,364500,"Salix glaucosericea Flod.",NA,"Salicaceae",NA,1,1883,1966,NA,"Least concern",NA
1040800,364700,"Salix helvetica Vill.",NA,"Salicaceae",NA,5,1862,2025,NA,"Least concern",NA
1041630,372300,"Saxifraga bryoides L.",NA,"Saxifragaceae",NA,2,1889,2025,NA,"Least concern",NA
1042000,375700,"Saxifraga seguieri Spreng.",NA,"Saxifragaceae",NA,1,1982,2025,NA,"Least concern",NA
1042010,375800,"Saxifraga stellaris L.",NA,"Saxifragaceae",NA,1,1982,2025,NA,"Least concern",NA
1042760,383300,"Sedum alpestre Vill.",NA,"Crassulaceae",NA,1,1982,2025,NA,"Least concern",NA
1043000,385500,"Sedum sexangulare L.",NA,"Crassulaceae",NA,0,1982,1982,NA,"Least concern",NA
1043280,388200,"Senecio doronicum (L.) L.",NA,"Asteraceae",NA,1,1889,1982,NA,"Least concern",NA
1043370,389005,"Senecio incanus L.",NA,"Asteraceae",NA,4,1880,2025,NA,"Least concern",NA
1043380,389100,"Senecio incanus L. subsp. incanus",NA,"Asteraceae",NA,3,1880,2025,NA,"Least concern",NA
1043840,393700,"Sibbaldia procumbens L.",NA,"Rosaceae",NA,1,1982,2025,NA,"Least concern",NA
1043890,394300,"Silene acaulis (L.) Jacq.",NA,"Caryophyllaceae",NA,1,1889,1982,NA,"Least concern",NA
1043960,395100,"Silene exscapa All.",NA,"Caryophyllaceae",NA,2,1982,2025,NA,"Least concern",NA
1044950,403800,"Sparganium natans L.",NA,"Typhaceae",NA,0,1966,1966,NA,"Endangered",NA
1045350,407100,"Stellaria alsine Grimm",NA,"Caryophyllaceae",NA,0,1982,1982,NA,"Least concern",NA
1046120,413500,"Taraxacum schroeterianum Hand.-Mazz.",NA,"Asteraceae",NA,0,1982,1982,NA,"Near threatened",NA
1046830,420750,"Thymus praecox Opiz",NA,"Lamiaceae",NA,0,1982,1982,NA,"",NA
1046850,420900,"Thymus praecox subsp. polytrichus (Borbás) Jalas",NA,"Lamiaceae",NA,0,1982,1982,NA,"Least concern",NA
1046890,421200,"Thymus serpyllum aggr.",NA,"Lamiaceae",NA,0,1982,1982,NA,"Least concern",NA
1047090,422400,"Tozzia alpina L.",NA,"Orobanchaceae",NA,1,1883,1883,NA,"Least concern",NA
1047400,424800,"Trifolium aureum Pollich",NA,"Fabaceae",NA,0,1982,1982,NA,"Near threatened",NA
1047460,425595,"Trifolium hybridum L.",NA,"Fabaceae",NA,0,1982,1982,NA,"",NA
1047470,425600,"Trifolium hybridum L. subsp. hybridum",NA,"Fabaceae",NA,0,1982,1982,NA,"",NA
1048030,430600,"Trollius europaeus L.",NA,"Ranunculaceae",NA,0,1982,1982,NA,"Least concern",NA
1049120,440400,"Veronica alpina L.",NA,"Plantaginaceae",NA,1,1982,2025,NA,"Least concern",NA
1049190,441100,"Veronica bellidioides L.",NA,"Plantaginaceae",NA,1,1982,2025,NA,"Least concern",NA
1050020,449200,"Viola calcarata L.",NA,"Violaceae",NA,1,1877,1982,NA,"Least concern",NA
1000260,1350,"Achillea erba-rotta All.",NA,"Asteraceae",NA,3,1982,2025,NA,"Least concern",NA
1000290,1500,"Achillea erba-rotta subsp. moschata (Wulfen) Vacc.",NA,"Asteraceae",NA,3,1982,2025,NA,"Least concern",NA
1000330,1700,"Achillea millefolium L.",NA,"Asteraceae",NA,3,2018,2024,NA,"Least concern",NA
1000320,1706,"Achillea millefolium aggr.",NA,"Asteraceae",NA,7,2018,2025,NA,"Least concern",NA
1000360,1900,"Achillea nana L.",NA,"Asteraceae",NA,1,2024,2024,NA,"Least concern",NA
1000430,2500,"Achillea stricta Gremli",NA,"Asteraceae",NA,1,2024,2024,NA,"Near threatened",NA
1000460,2800,"Acinos alpinus (L.) Moench",NA,"Lamiaceae",NA,5,1952,2025,NA,"Least concern",NA
1000770,5400,"Adenostyles alliariae (Gouan) A. Kern.",NA,"Asteraceae",NA,4,1982,2025,NA,"Least concern",NA
1001060,8400,"Agrostis alpina Scop.",NA,"Poaceae",NA,1,1982,2021,NA,"Least concern",NA
1001080,8600,"Agrostis capillaris L.",NA,"Poaceae",NA,28,1952,2025,NA,"Least concern",NA
1001090,8700,"Agrostis gigantea Roth",NA,"Poaceae",NA,1,2010,2010,NA,"Least concern",NA
1001100,8900,"Agrostis rupestris All.",NA,"Poaceae",NA,7,1952,1982,NA,"Least concern",NA
1001120,9100,"Agrostis schraderiana Bech.",NA,"Poaceae",NA,1,1982,2025,NA,"Least concern",NA
1001130,9300,"Agrostis stolonifera L.",NA,"Poaceae",NA,1,2005,2005,NA,"Least concern",NA
1001220,10300,"Ajuga pyramidalis L.",NA,"Lamiaceae",NA,4,1963,2025,NA,"Least concern",NA
1001230,10400,"Ajuga reptans L.",NA,"Lamiaceae",NA,2,2005,2024,NA,"Least concern",NA
1001300,10790,"Alchemilla acutiloba Opiz",NA,"Rosaceae",NA,2,2024,2025,NA,"Least concern",NA
1001350,10990,"Alchemilla alpina L.",NA,"Rosaceae",NA,3,2017,2017,NA,"Least concern",NA
1001340,11200,"Alchemilla alpina aggr.",NA,"Rosaceae",NA,5,1952,2017,NA,"Least concern",NA
1001330,11100,"Alchemilla alpina superaggr.",NA,"",NA,8,1952,2017,NA,"",NA
1001400,11800,"Alchemilla colorata Buser",NA,"Rosaceae",NA,4,2012,2017,NA,"Least concern",NA
1001480,12400,"Alchemilla coriacea Buser",NA,"Rosaceae",NA,1,2017,2017,NA,"Least concern",NA
1001470,12500,"Alchemilla coriacea aggr.",NA,"Rosaceae",NA,1,2017,2017,NA,"Least concern",NA
1001490,12700,"Alchemilla crinita Buser",NA,"Rosaceae",NA,9,2008,2024,NA,"Least concern",NA
1001560,12990,"Alchemilla decumbens Buser",NA,"Rosaceae",NA,4,2012,2017,NA,"Least concern",NA
1001530,13100,"Alchemilla decumbens aggr.",NA,"Rosaceae",NA,5,2012,2017,NA,"Least concern",NA
1001580,13200,"Alchemilla demissa Buser",NA,"Rosaceae",NA,1,2024,2024,NA,"Least concern",NA
1001570,13300,"Alchemilla demissa aggr.",NA,"Rosaceae",NA,1,2024,2024,NA,"Least concern",NA
1001590,13400,"Alchemilla effusa Buser",NA,"Rosaceae",NA,8,2008,2024,NA,"Least concern",NA
1001610,13600,"Alchemilla fallax Buser",NA,"Rosaceae",NA,1,2024,2024,NA,"Least concern",NA
1001650,13890,"Alchemilla fissa Günther & Schummel",NA,"Rosaceae",NA,7,2012,2024,NA,"Least concern",NA
1001640,14000,"Alchemilla fissa aggr.",NA,"Rosaceae",NA,11,1952,2025,NA,"Least concern",NA
1001670,14200,"Alchemilla flabellata Buser",NA,"Rosaceae",NA,2,2012,2012,NA,"Least concern",NA
1001680,14300,"Alchemilla flavicoma Buser",NA,"Rosaceae",NA,4,2017,2024,NA,"Least concern",NA
1001720,14700,"Alchemilla frigens Buser",NA,"Rosaceae",NA,6,2012,2024,NA,"Least concern",NA
1001750,14895,"Alchemilla glabra Neygenf.",NA,"Rosaceae",NA,9,2008,2024,NA,"Least concern",NA
1001740,15000,"Alchemilla glabra aggr.",NA,"Rosaceae",NA,38,2008,2024,NA,"Least concern",NA
1001780,15200,"Alchemilla glomerulans Buser",NA,"Rosaceae",NA,8,2008,2024,NA,"Least concern",NA
1001840,15800,"Alchemilla heteropoda aggr.",NA,"Rosaceae",NA,4,2012,2017,NA,"Least concern",NA
1001890,16000,"Alchemilla hybrida aggr.",NA,"Rosaceae",NA,6,2012,2017,NA,"Least concern",NA
1001910,16200,"Alchemilla impexa Buser",NA,"Rosaceae",NA,2,2012,2012,NA,"Least concern",NA
1001920,16300,"Alchemilla incisa Buser",NA,"Rosaceae",NA,1,2017,2017,NA,"Least concern",NA
1001990,16930,"Alchemilla lunaria S. E. Fröhner",NA,"Rosaceae",NA,2,2017,2017,NA,"Least concern",NA
1002020,17200,"Alchemilla mollis (Buser) Rothm.",NA,"Rosaceae",NA,1,2017,2017,NA,"",NA
1002030,17300,"Alchemilla monticola Opiz",NA,"Rosaceae",NA,9,2008,2024,NA,"Data deficient",NA
1002070,17700,"Alchemilla obtusa Buser",NA,"Rosaceae",NA,3,2012,2024,NA,"Least concern",NA
1002110,18100,"Alchemilla pentaphyllea L.",NA,"Rosaceae",NA,14,1883,2024,NA,"Least concern",NA
1002190,18800,"Alchemilla reniformis Buser",NA,"Rosaceae",NA,2,2024,2024,NA,"Least concern",NA
1002210,18950,"Alchemilla rubristipula Buser",NA,"Rosaceae",NA,2,2012,2012,NA,"Least concern",NA
1002340,20200,"Alchemilla subcrenata Buser",NA,"Rosaceae",NA,9,2008,2024,NA,"Least concern",NA
1002360,20300,"Alchemilla subsericea Reut.",NA,"Rosaceae",NA,3,2017,2017,NA,"Least concern",NA
1002350,20400,"Alchemilla subsericea aggr.",NA,"Rosaceae",NA,3,2017,2017,NA,"Least concern",NA
1002390,20700,"Alchemilla undulata Buser",NA,"Rosaceae",NA,1,2012,2012,NA,"Least concern",NA
1002440,21100,"Alchemilla vulgaris aggr.",NA,"Rosaceae",NA,49,1952,2025,NA,"Least concern",NA
1002470,21300,"Alchemilla xanthochlora Rothm.",NA,"Rosaceae",NA,6,2012,2017,NA,"Least concern",NA
1002640,23100,"Allium lusitanicum Lam.",NA,"Amaryllidaceae",NA,2,2018,2024,NA,"Least concern",NA
1002740,24200,"Allium schoenoprasum L.",NA,"Amaryllidaceae",NA,3,1982,2025,NA,"Least concern",NA
1002870,25400,"Alnus viridis (Chaix) DC.",NA,"Betulaceae",NA,4,1982,2025,NA,"Least concern",NA
1002920,26000,"Alopecurus pratensis L.",NA,"Poaceae",NA,1,2024,2024,NA,"Least concern",NA
1003500,31300,"Androsace alpina (L.) Lam.",NA,"Primulaceae",NA,3,2025,2025,NA,"Least concern",NA
1003840,34300,"Antennaria carpatica (Wahlenb.) Bluff & Fingerh.",NA,"Asteraceae",NA,0,1982,1982,NA,"Least concern",NA
1003850,34400,"Antennaria dioica (L.) Gaertn.",NA,"Asteraceae",NA,15,1952,2025,NA,"Least concern",NA
1003940,35300,"Anthoxanthum alpinum Á. Löve & D. Löve",NA,"Poaceae",NA,1,1982,2025,NA,"Least concern",NA
1003970,35400,"Anthoxanthum odoratum L.",NA,"Poaceae",NA,35,1952,2024,NA,"Least concern",NA
1003960,35500,"Anthoxanthum odoratum aggr.",NA,"Poaceae",NA,39,1952,2025,NA,"Least concern",NA
1004070,36790,"Anthyllis vulneraria L.",NA,"Fabaceae",NA,11,1952,2024,NA,"Least concern",NA
1004090,36900,"Anthyllis vulneraria subsp. alpestris (Schult.) Asch. & Graebn.",NA,"Fabaceae",NA,3,1982,2024,NA,"Least concern",NA
1004360,39350,"Arabis alpina L.",NA,"Brassicaceae",NA,2,1982,2025,NA,"Least concern",NA
1004440,40200,"Arabis ciliata Clairv.",NA,"Brassicaceae",NA,2,1997,2024,NA,"Least concern",NA
1004570,42000,"Arabis subcoriacea Gren.",NA,"Brassicaceae",NA,4,1883,2025,NA,"Least concern",NA
1004690,43100,"Arctostaphylos uva-ursi (L.) Spreng.",NA,"Ericaceae",NA,11,1982,2022,NA,"Least concern",NA
1004720,43400,"Arenaria biflora L.",NA,"Caryophyllaceae",NA,3,1963,2025,NA,"Least concern",NA
1004910,45700,"Arnica montana L.",NA,"Asteraceae",NA,27,1952,2025,NA,"Least concern",NA
1005500,50900,"Asplenium ruta-muraria L.",NA,"Aspleniaceae",NA,1,2024,2024,NA,"Least concern",NA
1005610,51500,"Asplenium viride Huds.",NA,"Aspleniaceae",NA,1,1982,2024,NA,"Least concern",NA
1005640,51800,"Aster alpinus L.",NA,"Asteraceae",NA,1,1883,1982,NA,"Least concern",NA
1005660,52000,"Aster bellidiastrum (L.) Scop.",NA,"Asteraceae",NA,4,1982,2024,NA,"Least concern",NA
1005940,54600,"Astragalus penduliflorus Lam.",NA,"Fabaceae",NA,16,1883,2025,NA,"Least concern",NA
1006080,55600,"Athyrium distentifolium Opiz",NA,"Athyriaceae",NA,7,1982,2025,NA,"Least concern",NA
1006320,57400,"Avenella flexuosa (L.) Drejer",NA,"Poaceae",NA,11,1952,2025,NA,"Least concern",NA
1006460,58700,"Bartsia alpina L.",NA,"Orobanchaceae",NA,6,1952,2024,NA,"Least concern",NA
1006490,59100,"Bellis perennis L.",NA,"Asteraceae",NA,1,1952,1952,NA,"Least concern",NA
1006780,62000,"Biscutella laevigata L.",NA,"Brassicaceae",NA,1,1982,2024,NA,"Least concern",NA
1006900,62800,"Blysmus compressus (L.) Link",NA,"Cyperaceae",NA,1,2024,2024,NA,"Least concern",NA
1006990,63300,"Botrychium lunaria (L.) Sw.",NA,"Ophioglossaceae",NA,2,1982,2024,NA,"Least concern",NA
1007070,64000,"Brachypodium pinnatum aggr.",NA,"Poaceae",NA,2,2018,2018,NA,"Least concern",NA
1007200,65200,"Briza media L.",NA,"Poaceae",NA,19,1952,2025,NA,"Least concern",NA
1007840,70300,"Bupleurum stellatum L.",NA,"Apiaceae",NA,2,1982,2024,NA,"Least concern",NA
1007940,71400,"Calamagrostis varia (Schrad.) Host",NA,"Poaceae",NA,13,2018,2022,NA,"Least concern",NA
1007950,71500,"Calamagrostis villosa (Chaix) J. F. Gmel.",NA,"Poaceae",NA,2,1982,2024,NA,"Least concern",NA
1008160,73600,"Calluna vulgaris (L.) Hull",NA,"Ericaceae",NA,16,1952,2025,NA,"Least concern",NA
1008180,73700,"Caltha palustris L.",NA,"Ranunculaceae",NA,5,1982,2025,NA,"Least concern",NA
1008250,74400,"Camelina sativa (L.) Crantz",NA,"Brassicaceae",NA,1,1883,1883,NA,"",NA
1008300,74700,"Campanula barbata L.",NA,"Campanulaceae",NA,36,1952,2025,NA,"Least concern",NA
1008390,75200,"Campanula cochleariifolia Lam.",NA,"Campanulaceae",NA,3,1982,2025,NA,"Least concern",NA
1008630,77000,"Campanula rhomboidalis L.",NA,"Campanulaceae",NA,1,2024,2024,NA,"Least concern",NA
1008640,77100,"Campanula rotundifolia L.",NA,"Campanulaceae",NA,9,2018,2024,NA,"Least concern",NA
1008650,77200,"Campanula scheuchzeri Vill.",NA,"Campanulaceae",NA,23,1952,2025,NA,"Least concern",NA
1008680,77500,"Campanula thyrsoides L.",NA,"Campanulaceae",NA,8,1982,2024,NA,"Least concern",NA
1008780,78200,"Cardamine alpina Willd.",NA,"Brassicaceae",NA,1,1982,2025,NA,"Least concern",NA
1008790,78300,"Cardamine amara L.",NA,"Brassicaceae",NA,1,2024,2024,NA,"Least concern",NA
1009020,80300,"Cardamine resedifolia L.",NA,"Brassicaceae",NA,2,1982,2024,NA,"Least concern",NA
1009080,80695,"Cardaminopsis arenosa (L.) Hayek",NA,"Brassicaceae",NA,1,2024,2024,NA,"",NA
1009170,81595,"Carduus defloratus L.",NA,"Asteraceae",NA,9,1997,2025,NA,"Least concern",NA
1009240,82400,"Carduus personata (L.) Jacq.",NA,"Asteraceae",NA,2,2024,2025,NA,"Least concern",NA
1009330,83350,"Carex atrata L.",NA,"Cyperaceae",NA,1,1982,2024,NA,"Least concern",NA
1009320,83405,"Carex atrata aggr.",NA,"Cyperaceae",NA,1,1982,2024,NA,"",NA
1009350,83500,"Carex atrata subsp. aterrima (Hoppe) Hartm.",NA,"Cyperaceae",NA,1,1982,2024,NA,"Least concern",NA
1009490,84700,"Carex capillaris L.",NA,"Cyperaceae",NA,3,1952,1952,NA,"Least concern",NA
1009510,84900,"Carex caryophyllea Latourr.",NA,"Cyperaceae",NA,1,1997,1997,NA,"Least concern",NA
1009540,85395,"Carex curvula All.",NA,"Cyperaceae",NA,9,1963,2025,NA,"Least concern",NA
1009560,85500,"Carex curvula subsp. rosae Gilomen",NA,"Cyperaceae",NA,1,2025,2025,NA,"Least concern",NA
1009570,85700,"Carex davalliana Sm.",NA,"Cyperaceae",NA,2,2021,2024,NA,"Least concern",NA
1009680,86700,"Carex echinata Murray",NA,"Cyperaceae",NA,6,1982,2025,NA,"Least concern",NA
1009730,87200,"Carex ferruginea Scop.",NA,"Cyperaceae",NA,2,1982,2024,NA,"Least concern",NA
1009760,87500,"Carex flacca Schreb.",NA,"Cyperaceae",NA,4,2010,2024,NA,"Least concern",NA
1009780,87600,"Carex flava L.",NA,"Cyperaceae",NA,4,2024,2025,NA,"Least concern",NA
1009770,87605,"Carex flava aggr.",NA,"Cyperaceae",NA,6,2024,2025,NA,"Least concern",NA
1009790,87700,"Carex foetida All.",NA,"Cyperaceae",NA,10,1963,2025,NA,"Least concern",NA
1009800,87800,"Carex frigida All.",NA,"Cyperaceae",NA,5,1982,2025,NA,"Least concern",NA
1009970,89500,"Carex leporina L.",NA,"Cyperaceae",NA,2,2024,2025,NA,"Least concern",NA
1010040,90300,"Carex montana L.",NA,"Cyperaceae",NA,1,1952,1952,NA,"Least concern",NA
1010070,90700,"Carex nigra (L.) Reichard",NA,"Cyperaceae",NA,9,1982,2025,NA,"Least concern",NA
1010090,91200,"Carex ornithopoda Willd.",NA,"Cyperaceae",NA,4,1952,2021,NA,"Least concern",NA
1010130,91600,"Carex pallescens L.",NA,"Cyperaceae",NA,7,1952,2025,NA,"Least concern",NA
1010140,91700,"Carex panicea L.",NA,"Cyperaceae",NA,2,2024,2025,NA,"Least concern",NA
1010150,91800,"Carex paniculata L.",NA,"Cyperaceae",NA,2,2024,2025,NA,"Least concern",NA
1010180,92200,"Carex paupercula Michx.",NA,"Cyperaceae",NA,3,1966,2025,NA,"Near threatened",NA
1010210,92500,"Carex pilulifera L.",NA,"Cyperaceae",NA,1,1952,1952,NA,"Least concern",NA
1010320,93700,"Carex rostrata Stokes",NA,"Cyperaceae",NA,4,2024,2025,NA,"Least concern",NA
1010340,93900,"Carex sempervirens Vill.",NA,"Cyperaceae",NA,52,1952,2025,NA,"Least concern",NA
1010390,94700,"Carex sylvatica Huds.",NA,"Cyperaceae",NA,1,2005,2005,NA,"Least concern",NA
1010490,95800,"Carlina acaulis L.",NA,"Asteraceae",NA,18,1952,2025,NA,"Least concern",NA
1010890,99200,"Centaurea montana L.",NA,"Asteraceae",NA,4,2023,2025,NA,"Least concern",NA
1010910,99400,"Centaurea nervosa Willd.",NA,"Asteraceae",NA,1,1997,1997,NA,"Least concern",NA
1010980,99995,"Centaurea scabiosa L.",NA,"Asteraceae",NA,7,1997,2024,NA,"Least concern",NA
1011000,100100,"Centaurea scabiosa subsp. alpestris (Hegetschw.) Nyman",NA,"Asteraceae",NA,1,2024,2024,NA,"Least concern",NA
1011250,102200,"Cerastium alpinum L.",NA,"Caryophyllaceae",NA,2,2025,2025,NA,"Least concern",NA
1011270,102595,"Cerastium arvense L.",NA,"Caryophyllaceae",NA,4,1952,2024,NA,"Least concern",NA
1011300,102700,"Cerastium arvense subsp. strictum (W. D. J. Koch) Schinz & R. Keller",NA,"Caryophyllaceae",NA,4,1952,2024,NA,"Least concern",NA
1011390,103595,"Cerastium fontanum Baumg.",NA,"Caryophyllaceae",NA,9,1952,2024,NA,"Least concern",NA
1011420,103800,"Cerastium fontanum subsp. vulgare (Hartm.) Greuter & Burdet",NA,"Caryophyllaceae",NA,5,1952,2024,NA,"Least concern",NA
1011480,104600,"Cerastium pedunculatum Gaudin",NA,"Caryophyllaceae",NA,1,1982,2024,NA,"Least concern",NA
1011530,105400,"Cerastium uniflorum Clairv.",NA,"Caryophyllaceae",NA,2,1982,2025,NA,"Least concern",NA
1011710,106700,"Chaerophyllum hirsutum L.",NA,"Apiaceae",NA,4,1952,2025,NA,"Least concern",NA
1011700,106705,"Chaerophyllum hirsutum aggr.",NA,"Apiaceae",NA,7,1952,2025,NA,"Least concern",NA
1011730,107100,"Chaerophyllum villarsii W. D. J. Koch",NA,"Apiaceae",NA,2,1982,2024,NA,"Least concern",NA
1011810,107700,"Chamorchis alpina (L.) Rich.",NA,"Orchidaceae",NA,2,1889,2024,NA,"Least concern",NA
1011880,108500,"Chenopodium bonus-henricus L.",NA,"Amaranthaceae",NA,2,1982,2024,NA,"Least concern",NA
1012190,112800,"Cicerbita alpina (L.) Wallr.",NA,"Asteraceae",NA,3,2024,2025,NA,"Least concern",NA
1012370,114400,"Cirsium helenioides (L.) Hill",NA,"Asteraceae",NA,7,2017,2025,NA,"Least concern",NA
1012450,115300,"Cirsium spinosissimum (L.) Scop.",NA,"Asteraceae",NA,7,1982,2025,NA,"Least concern",NA
1012470,115500,"Cirsium vulgare (Savi) Ten.",NA,"Asteraceae",NA,1,2024,2024,NA,"Least concern",NA
1012750,117200,"Coeloglossum viride (L.) Hartm.",NA,"Orchidaceae",NA,22,1952,2025,NA,"Least concern",NA
1013210,120400,"Coronilla vaginalis Lam.",NA,"Fabaceae",NA,1,2022,2022,NA,"Least concern",NA
1013630,123000,"Crepis aurea (L.) Cass.",NA,"Asteraceae",NA,10,1952,2025,NA,"Least concern",NA
1013640,123100,"Crepis biennis L.",NA,"Asteraceae",NA,1,2024,2024,NA,"Least concern",NA
1013670,123500,"Crepis conyzifolia (Gouan) A. Kern.",NA,"Asteraceae",NA,6,1982,2025,NA,"Least concern",NA
1013760,124300,"Crepis paludosa (L.) Moench",NA,"Asteraceae",NA,1,2024,2024,NA,"Least concern",NA
1013800,124800,"Crepis pyrenaica (L.) Greuter",NA,"Asteraceae",NA,2,2018,2022,NA,"Least concern",NA
1013880,125800,"Crocus albiflorus Kit.",NA,"Iridaceae",NA,5,1953,2024,NA,"Least concern",NA
1014000,126600,"Cryptogramma crispa (L.) Hook.",NA,"Pteridaceae",NA,3,1982,2025,NA,"Least concern",NA
1014130,127800,"Cuscuta epithymum (L.) L.",NA,"Convolvulaceae",NA,1,2024,2024,NA,"Least concern",NA
1014520,130700,"Cystopteris fragilis (L.) Bernh.",NA,"Cystopteridaceae",NA,2,2024,2025,NA,"Least concern",NA
1014515,130750,"Cystopteris fragilis aggr.",NA,"Cystopteridaceae",NA,2,2024,2025,NA,"",NA
1014610,131800,"Dactylis glomerata L.",NA,"Poaceae",NA,7,1952,2024,NA,"Least concern",NA
1014750,132500,"Dactylorhiza lapponica (Hartm.) Soó",NA,"Orchidaceae",NA,1,2025,2025,NA,"Near threatened",NA
1014760,132600,"Dactylorhiza maculata (L.) Soó",NA,"Orchidaceae",NA,20,1982,2025,NA,"Least concern",NA
1014775,132630,"Dactylorhiza maculata subsp. fuchsii (Druce) Hyl.",NA,"Orchidaceae",NA,12,1987,2024,NA,"Least concern",NA
1014777,132640,"Dactylorhiza maculata subsp. savogiensis (D. Tyteca & Gathoye) Kreutz",NA,"Orchidaceae",NA,3,1998,1998,NA,"",NA
1014800,132700,"Dactylorhiza majalis (Rchb.) P. F. Hunt & Summerh.",NA,"Orchidaceae",NA,11,1982,2025,NA,"Least concern",NA
1014820,132800,"Dactylorhiza sambucina (L.) Soó",NA,"Orchidaceae",NA,1,2024,2024,NA,"Near threatened",NA
1014840,132900,"Dactylorhiza traunsteineri (Rchb.) Soó",NA,"Orchidaceae",NA,1,2025,2025,NA,"Near threatened",NA
1014860,133100,"Danthonia decumbens (L.) DC.",NA,"Poaceae",NA,1,2022,2022,NA,"Least concern",NA
1015040,134800,"Deschampsia cespitosa (L.) P. Beauv.",NA,"Poaceae",NA,13,1952,2025,NA,"Least concern",NA
1015280,136800,"Dianthus superbus L.",NA,"Caryophyllaceae",NA,1,2023,2023,NA,"Least concern",NA
1015310,136900,"Dianthus sylvestris Wulfen",NA,"Caryophyllaceae",NA,3,2022,2024,NA,"Least concern",NA
1015420,137800,"Diphasiastrum alpinum (L.) Holub",NA,"Lycopodiaceae",NA,7,1952,2025,NA,"Least concern",NA
1015560,139700,"Doronicum clusii (All.) Tausch",NA,"Asteraceae",NA,4,1982,2025,NA,"Least concern",NA
1015590,140000,"Doronicum grandiflorum Lam.",NA,"Asteraceae",NA,1,2024,2024,NA,"Least concern",NA
1015860,142500,"Dryas octopetala L.",NA,"Rosaceae",NA,1,2024,2024,NA,"Least concern",NA
1015910,143100,"Dryopteris carthusiana (Vill.) H. P. Fuchs",NA,"Dryopteridaceae",NA,1,2025,2025,NA,"Least concern",NA
1015930,143300,"Dryopteris dilatata (Hoffm.) A. Gray",NA,"Dryopteridaceae",NA,2,1982,2025,NA,"Least concern",NA
1015925,143350,"Dryopteris dilatata aggr.",NA,"Dryopteridaceae",NA,3,1982,2025,NA,"",NA
1015940,143400,"Dryopteris expansa (C. Presl) Fraser-Jenk. & Jermy",NA,"Dryopteridaceae",NA,1,2025,2025,NA,"Least concern",NA
1015950,143500,"Dryopteris filix-mas (L.) Schott",NA,"Dryopteridaceae",NA,3,1982,2025,NA,"Least concern",NA
1016470,146795,"Empetrum nigrum L.",NA,"Ericaceae",NA,5,1982,2025,NA,"Least concern",NA
1016510,147300,"Epilobium alpestre (Jacq.) Krock.",NA,"Onagraceae",NA,3,2024,2024,NA,"Least concern",NA
1016520,147500,"Epilobium alsinifolium Vill.",NA,"Onagraceae",NA,3,2024,2025,NA,"Least concern",NA
1016530,147600,"Epilobium anagallidifolium Lam.",NA,"Onagraceae",NA,4,1982,2025,NA,"Least concern",NA
1016540,147700,"Epilobium angustifolium L.",NA,"Onagraceae",NA,4,1982,2025,NA,"Least concern",NA
1016560,147900,"Epilobium collinum C. C. Gmel.",NA,"Onagraceae",NA,1,2024,2024,NA,"Least concern",NA
1016590,148200,"Epilobium fleischeri Hochst.",NA,"Onagraceae",NA,11,1982,2025,NA,"Least concern",NA
1016620,148600,"Epilobium montanum L.",NA,"Onagraceae",NA,1,2024,2024,NA,"Least concern",NA
1016630,148700,"Epilobium nutans F. W. Schmidt",NA,"Onagraceae",NA,1,2024,2024,NA,"Least concern",NA
1016920,150600,"Equisetum arvense L.",NA,"Equisetaceae",NA,2,1982,2024,NA,"Least concern",NA
1016950,151100,"Equisetum palustre L.",NA,"Equisetaceae",NA,1,2024,2024,NA,"Least concern",NA
1016960,151200,"Equisetum pratense Ehrh.",NA,"Equisetaceae",NA,2,2024,2024,NA,"Least concern",NA
1016980,151400,"Equisetum sylvaticum L.",NA,"Equisetaceae",NA,1,2024,2024,NA,"Least concern",NA
1017000,151600,"Equisetum variegatum Schleich.",NA,"Equisetaceae",NA,2,1982,2025,NA,"Least concern",NA
1017440,153300,"Erigeron acris L.",NA,"Asteraceae",NA,1,2005,2005,NA,"Least concern",NA
1017490,153600,"Erigeron alpinus L.",NA,"Asteraceae",NA,2,1982,2025,NA,"Least concern",NA
1017485,153650,"Erigeron alpinus aggr.",NA,"Asteraceae",NA,3,1982,2025,NA,"",NA
1017610,155000,"Erigeron uniflorus L.",NA,"Asteraceae",NA,1,1982,2025,NA,"Least concern",NA
1017640,155200,"Eriophorum angustifolium Honck.",NA,"Cyperaceae",NA,10,1982,2025,NA,"Least concern",NA
1017670,155500,"Eriophorum scheuchzeri Hoppe",NA,"Cyperaceae",NA,5,1982,2025,NA,"Least concern",NA
1017680,155600,"Eriophorum vaginatum L.",NA,"Cyperaceae",NA,2,2022,2025,NA,"Near threatened",NA
1017840,157200,"Eryngium alpinum L.",NA,"Apiaceae",NA,4,2017,2024,NA,"Vulnerable",NA
1018040,158850,"Eschscholzia californica Cham.",NA,"Papaveraceae",NA,1,2024,2024,NA,"",NA
1018170,159800,"Euphorbia cyparissias L.",NA,"Euphorbiaceae",NA,3,1982,2024,NA,"Least concern",NA
1018520,162000,"Euphrasia alpina Lam.",NA,"Orobanchaceae",NA,1,2022,2022,NA,"Least concern",NA
1018600,162750,"Euphrasia minima Schleich.",NA,"Orobanchaceae",NA,29,1952,2025,NA,"Least concern",NA
1018700,163450,"Euphrasia rostkoviana Hayne",NA,"Orobanchaceae",NA,8,1952,2025,NA,"Least concern",NA
1018685,163850,"Euphrasia rostkoviana aggr.",NA,"Orobanchaceae",NA,9,1952,2025,NA,"",NA
1018730,163800,"Euphrasia rostkoviana subsp. montana (Jord.) Wettst.",NA,"Orobanchaceae",NA,5,1952,2025,NA,"Least concern",NA
1019240,168150,"Festuca laevigata Gaudin",NA,"Poaceae",NA,7,2022,2022,NA,"",NA
1019290,168300,"Festuca nigrescens Lam.",NA,"Poaceae",NA,1,2024,2024,NA,"Least concern",NA
1019330,168500,"Festuca ovina L.",NA,"Poaceae",NA,5,2018,2018,NA,"Least concern",NA
1019310,168590,"Festuca ovina aggr.",NA,"Poaceae",NA,14,1997,2022,NA,"Least concern",NA
1019309,168580,"Festuca ovina superaggr.",NA,"",NA,14,1997,2022,NA,"",NA
1019380,169100,"Festuca pratensis Huds.",NA,"Poaceae",NA,6,2005,2024,NA,"Least concern",NA
1019400,169300,"Festuca pratensis subsp. apennina (De Not.) Hegi",NA,"Poaceae",NA,3,2024,2024,NA,"Least concern",NA
1019470,170200,"Festuca rubra aggr.",NA,"Poaceae",NA,29,1952,2024,NA,"Least concern",NA
1019670,172100,"Festuca violacea aggr.",NA,"Poaceae",NA,5,1982,2024,NA,"Least concern",NA
1020350,177100,"Galeopsis tetrahit L.",NA,"Lamiaceae",NA,4,2024,2025,NA,"Least concern",NA
1020490,178700,"Galium lucidum All.",NA,"Rubiaceae",NA,1,2024,2024,NA,"Least concern",NA
1020600,179700,"Galium pumilum Murray",NA,"Rubiaceae",NA,10,1997,2024,NA,"Least concern",NA
1020595,179650,"Galium pumilum aggr.",NA,"Rubiaceae",NA,16,1952,2024,NA,"",NA
1020890,182200,"Gentiana acaulis L.",NA,"Gentianaceae",NA,13,1952,2025,NA,"Least concern",NA
1020970,182900,"Gentiana bavarica L.",NA,"Gentianaceae",NA,3,1982,2024,NA,"Least concern",NA
1021000,183100,"Gentiana campestris L.",NA,"Gentianaceae",NA,7,2018,2024,NA,"Least concern",NA
1021040,183500,"Gentiana clusii E. P. Perrier & Songeon",NA,"Gentianaceae",NA,2,2022,2022,NA,"Least concern",NA
1021090,183800,"Gentiana germanica Willd.",NA,"Gentianaceae",NA,1,2021,2021,NA,"Vulnerable",NA
1021100,183805,"Gentiana germanica Willd. subsp. germanica",NA,"Gentianaceae",NA,1,2021,2021,NA,"",NA
1021120,184100,"Gentiana lutea L.",NA,"Gentianaceae",NA,1,2025,2025,NA,"Least concern",NA
1021140,184300,"Gentiana nivalis L.",NA,"Gentianaceae",NA,3,1952,2024,NA,"Least concern",NA
1021190,184800,"Gentiana punctata L.",NA,"Gentianaceae",NA,4,1982,2024,NA,"Least concern",NA
1021200,184900,"Gentiana purpurea L.",NA,"Gentianaceae",NA,7,1982,2025,NA,"Least concern",NA
1021210,185000,"Gentiana ramosa Hegetschw.",NA,"Gentianaceae",NA,13,1952,2025,NA,"Least concern",NA
1021240,185300,"Gentiana utriculosa L.",NA,"Gentianaceae",NA,3,2005,2023,NA,"Near threatened",NA
1021250,185400,"Gentiana verna L.",NA,"Gentianaceae",NA,3,1982,2024,NA,"Least concern",NA
1021530,189300,"Geranium sylvaticum L.",NA,"Geraniaceae",NA,4,1982,2025,NA,"Least concern",NA
1021540,189400,"Geum montanum L.",NA,"Rosaceae",NA,40,1952,2025,NA,"Least concern",NA
1021560,189500,"Geum reptans L.",NA,"Rosaceae",NA,3,1982,2025,NA,"Least concern",NA
1021860,192400,"Gnaphalium norvegicum Gunnerus",NA,"Asteraceae",NA,22,1883,2025,NA,"Least concern",NA
1021870,192500,"Gnaphalium supinum L.",NA,"Asteraceae",NA,12,1883,2025,NA,"Least concern",NA
1021880,192600,"Gnaphalium sylvaticum L.",NA,"Asteraceae",NA,8,1963,2025,NA,"Least concern",NA
1021950,193200,"Gymnadenia conopsea (L.) R. Br.",NA,"Orchidaceae",NA,17,1982,2025,NA,"Least concern",NA
1021957,NA,"Gymnadenia conopsea × Nigritella rhellicani",NA,"Orchidaceae",NA,1,2007,2007,NA,"",NA
1022020,193800,"Gypsophila repens L.",NA,"Caryophyllaceae",NA,6,1982,2024,NA,"Least concern",NA
1022180,194895,"Helianthemum nummularium (L.) Mill.",NA,"Cistaceae",NA,15,1952,2024,NA,"Least concern",NA
1022210,195100,"Helianthemum nummularium subsp. grandiflorum (Scop.) Schinz & Thell.",NA,"Cistaceae",NA,2,1952,2024,NA,"Least concern",NA
1022390,196800,"Helictotrichon pubescens (Huds.) Pilg.",NA,"Poaceae",NA,3,2018,2022,NA,"Least concern",NA
1022440,197100,"Helictotrichon versicolor (Vill.) Pilg.",NA,"Poaceae",NA,16,1952,2025,NA,"Least concern",NA
1022590,198595,"Heracleum sphondylium L.",NA,"Apiaceae",NA,1,2024,2024,NA,"Least concern",NA
1022790,199900,"Hieracium alpinum L.",NA,"Asteraceae",NA,7,1952,2024,NA,"Least concern",NA
1022810,200100,"Hieracium angustifolium Hoppe",NA,"Asteraceae",NA,3,1982,2025,NA,"Least concern",NA
1022820,200200,"Hieracium aurantiacum L.",NA,"Asteraceae",NA,5,2024,2025,NA,"Least concern",NA
1023010,201900,"Hieracium intybaceum All.",NA,"Asteraceae",NA,11,1883,2025,NA,"Least concern",NA
1023030,202000,"Hieracium lachenalii C. C. Gmel.",NA,"Asteraceae",NA,1,2024,2024,NA,"Least concern",NA
1023040,202100,"Hieracium lactucella Wallr.",NA,"Asteraceae",NA,11,1952,2024,NA,"Least concern",NA
1023110,202700,"Hieracium murorum aggr.",NA,"Asteraceae",NA,4,1982,2020,NA,"Least concern",NA
1023170,203200,"Hieracium piliferum aggr.",NA,"Asteraceae",NA,2,1982,2022,NA,"Least concern",NA
1023200,203400,"Hieracium pilosella L.",NA,"Asteraceae",NA,22,1952,2025,NA,"Least concern",NA
1023220,203600,"Hieracium pilosum Froel.",NA,"Asteraceae",NA,2,1961,2024,NA,"Least concern",NA
1023500,205800,"Hieracium villosum Jacq.",NA,"Asteraceae",NA,1,2024,2024,NA,"Least concern",NA
1023490,205900,"Hieracium villosum aggr.",NA,"Asteraceae",NA,3,1961,2024,NA,"Least concern",NA
1023580,206300,"Hippocrepis comosa L.",NA,"Fabaceae",NA,13,1952,2022,NA,"Least concern",NA
1023680,207300,"Homogyne alpina (L.) Cass.",NA,"Asteraceae",NA,19,1952,2025,NA,"Least concern",NA
1023860,208900,"Huperzia selago (L.) Schrank & Mart.",NA,"Lycopodiaceae",NA,4,1982,2025,NA,"Least concern",NA
1024060,210695,"Hypericum maculatum Crantz",NA,"Hypericaceae",NA,3,1982,2024,NA,"Least concern",NA
1024250,212200,"Hypochaeris uniflora Vill.",NA,"Asteraceae",NA,8,1982,2025,NA,"Least concern",NA
1024900,217700,"Juncus alpinoarticulatus Chaix",NA,"Juncaceae",NA,3,2013,2025,NA,"Least concern",NA
1024925,218150,"Juncus articulatus aggr.",NA,"Juncaceae",NA,3,2013,2025,NA,"",NA
1025010,218900,"Juncus filiformis L.",NA,"Juncaceae",NA,6,1982,2025,NA,"Least concern",NA
1025040,219200,"Juncus jacquinii L.",NA,"Juncaceae",NA,5,1982,2025,NA,"Least concern",NA
1025070,219600,"Juncus squarrosus L.",NA,"Juncaceae",NA,1,1873,1873,NA,"Endangered",NA
1025120,220100,"Juncus trifidus L.",NA,"Juncaceae",NA,3,1963,2024,NA,"Least concern",NA
1025140,220395,"Juniperus communis L.",NA,"Cupressaceae",NA,4,1982,2025,NA,"Least concern",NA
1025160,220500,"Juniperus communis subsp. alpina Čelak.",NA,"Cupressaceae",NA,4,1982,2025,NA,"Least concern",NA
1025190,221000,"Kernera saxatilis (L.) Sweet",NA,"Brassicaceae",NA,1,2024,2024,NA,"Least concern",NA
1025240,221450,"Knautia dipsacifolia Kreutzer",NA,"Caprifoliaceae",NA,4,2022,2025,NA,"Least concern",NA
1025850,227500,"Laserpitium halleri Crantz",NA,"Apiaceae",NA,6,1982,2025,NA,"Least concern",NA
1025860,227700,"Laserpitium latifolium L.",NA,"Apiaceae",NA,3,2018,2022,NA,"Least concern",NA
1025900,228100,"Laserpitium siler L.",NA,"Apiaceae",NA,2,2018,2022,NA,"Least concern",NA
1026050,230400,"Lathyrus pratensis L.",NA,"Fabaceae",NA,3,2018,2024,NA,"Least concern",NA
1026290,232700,"Leontodon autumnalis L.",NA,"Asteraceae",NA,3,1952,2010,NA,"Least concern",NA
1026310,232900,"Leontodon helveticus Mérat",NA,"Asteraceae",NA,30,1952,2024,NA,"Least concern",NA
1026330,233000,"Leontodon hispidus L.",NA,"Asteraceae",NA,14,1952,2024,NA,"Least concern",NA
1026340,233100,"Leontodon hispidus L. subsp. hispidus",NA,"Asteraceae",NA,1,2022,2022,NA,"Least concern",NA
1026360,233400,"Leontodon hispidus subsp. hyoseroides (Rchb.) Murr",NA,"Asteraceae",NA,1,2022,2022,NA,"Least concern",NA
1026380,233600,"Leontodon hispidus subsp. pseudocrispus (Bisch.) Murr",NA,"Asteraceae",NA,1,1982,2022,NA,"Least concern",NA
1026430,234000,"Leontodon montanus Lam.",NA,"Asteraceae",NA,3,1988,2024,NA,"Least concern",NA
1026600,236000,"Leucanthemopsis alpina (L.) Heywood",NA,"Asteraceae",NA,15,1953,2025,NA,"Least concern",NA
1026650,236200,"Leucanthemum adustum (W. D. J. Koch) Gremli",NA,"Asteraceae",NA,3,2024,2024,NA,"Least concern",NA
1026730,236800,"Leucanthemum vulgare Lam.",NA,"Asteraceae",NA,3,1952,1982,NA,"Least concern",NA
1026710,236905,"Leucanthemum vulgare aggr.",NA,"Asteraceae",NA,6,1952,2024,NA,"Least concern",NA
1026810,237800,"Ligusticum mutellina (L.) Crantz",NA,"Apiaceae",NA,28,1952,2025,NA,"Least concern",NA
1026890,238500,"Lilium martagon L.",NA,"Liliaceae",NA,1,1982,2024,NA,"Least concern",NA
1027130,241100,"Linum catharticum L.",NA,"Linaceae",NA,9,1997,2024,NA,"Least concern",NA
1027250,242500,"Lloydia serotina (L.) Rchb.",NA,"Liliaceae",NA,0,1982,1982,NA,"Least concern",NA
1027290,242600,"Loiseleuria procumbens (L.) Desv.",NA,"Ericaceae",NA,7,1952,2024,NA,"Least concern",NA
1027500,244300,"Lotus alpinus (DC.) Ramond",NA,"Fabaceae",NA,5,1982,2025,NA,"Least concern",NA
1027520,244400,"Lotus corniculatus L.",NA,"Fabaceae",NA,15,1952,2022,NA,"Least concern",NA
1027510,244410,"Lotus corniculatus aggr.",NA,"Fabaceae",NA,22,1952,2025,NA,"Least concern",NA
1027640,245800,"Lupinus polyphyllus Lindl.",NA,"Fabaceae",NA,11,2003,2025,NA,"",NA
1027670,246000,"Luzula alpinopilosa (Chaix) Breistr.",NA,"Juncaceae",NA,4,1982,2025,NA,"Least concern",NA
1027700,246100,"Luzula campestris (L.) DC.",NA,"Juncaceae",NA,1,2024,2024,NA,"Least concern",NA
1027740,246600,"Luzula lutea (All.) DC.",NA,"Juncaceae",NA,8,1963,2025,NA,"Least concern",NA
1027790,247100,"Luzula multiflora (Ehrh.) Lej.",NA,"Juncaceae",NA,25,1952,2025,NA,"Least concern",NA
1027785,247150,"Luzula multiflora aggr.",NA,"Juncaceae",NA,29,1952,2025,NA,"Least concern",NA
1027850,247600,"Luzula sieberi Tausch",NA,"Juncaceae",NA,1,2024,2024,NA,"Least concern",NA
1027860,247800,"Luzula spicata (L.) DC.",NA,"Juncaceae",NA,9,1952,2025,NA,"Least concern",NA
1027910,248300,"Luzula sylvatica (Huds.) Gaudin",NA,"Juncaceae",NA,2,2024,2024,NA,"Least concern",NA
1027920,248400,"Luzula sylvatica aggr.",NA,"Juncaceae",NA,3,1982,2024,NA,"Least concern",NA
1027990,249900,"Lycopodium clavatum L.",NA,"Lycopodiaceae",NA,10,2024,2025,NA,"Near threatened",NA
1028000,249950,"Lycopodium clavatum L. subsp. clavatum",NA,"Lycopodiaceae",NA,9,2024,2025,NA,"",NA
1028430,254100,"Matricaria discoidea DC.",NA,"Asteraceae",NA,1,2025,2025,NA,"",NA
1028640,256500,"Melampyrum pratense L.",NA,"Orobanchaceae",NA,2,1982,2025,NA,"Least concern",NA
1028660,256600,"Melampyrum sylvaticum L.",NA,"Orobanchaceae",NA,1,1982,2024,NA,"Least concern",NA
1029260,262000,"Minuartia verna (L.) Hiern",NA,"Caryophyllaceae",NA,1,1982,2024,NA,"Least concern",NA
1029430,263300,"Molinia arundinacea Schrank",NA,"Poaceae",NA,5,2018,2022,NA,"Least concern",NA
1029440,263400,"Molinia caerulea (L.) Moench",NA,"Poaceae",NA,2,2024,2025,NA,"Least concern",NA
1029690,265800,"Myosotis alpestris F. W. Schmidt",NA,"Boraginaceae",NA,2,1982,2024,NA,"Least concern",NA
1029700,265900,"Myosotis arvensis Hill",NA,"Boraginaceae",NA,1,2024,2024,NA,"Least concern",NA
1029815,267150,"Myosotis sylvatica aggr.",NA,"Boraginaceae",NA,1,1952,1952,NA,"",NA
1030080,269700,"Nardus stricta L.",NA,"Poaceae",NA,47,1952,2025,NA,"Least concern",NA
1030390,271655,"Nigritella rhellicani Teppner & E. Klein",NA,"Orchidaceae",NA,15,1952,2024,NA,"Least concern",NA
1030380,271700,"Nigritella rhellicani aggr.",NA,"Orchidaceae",NA,16,1952,2025,NA,"Least concern",NA
1030400,271800,"Nigritella rubra (Wettst.) K. Richt.",NA,"Orchidaceae",NA,1,2025,2025,NA,"Near threatened",NA
1031350,280900,"Orchis mascula (L.) L.",NA,"Orchidaceae",NA,3,2007,2024,NA,"Least concern",NA
1031370,280980,"Orchis mascula subsp. speciosa (Mutel) Hegi",NA,"Orchidaceae",NA,1,2007,2007,NA,"",NA
1031540,282400,"Oreopteris limbosperma (All.) Holub",NA,"Thelypteridaceae",NA,2,1982,2025,NA,"Least concern",NA
1032180,288100,"Oxyria digyna (L.) Hill",NA,"Polygonaceae",NA,2,1982,2025,NA,"Least concern",NA
1032240,288700,"Oxytropis halleri W. D. J. Koch",NA,"Fabaceae",NA,1,1997,1997,NA,"Near threatened",NA
1032230,289000,"Oxytropis halleri subsp. velutina (Schur) O. Schwarz",NA,"Fabaceae",NA,1,1997,1997,NA,"Near threatened",NA
1032460,291000,"Papaver croceum Ledeb.",NA,"Papaveraceae",NA,1,2012,2012,NA,"",NA
1032560,292100,"Paradisea liliastrum (L.) Bertol.",NA,"Asparagaceae",NA,6,1997,2022,NA,"Least concern",NA
1032600,292700,"Parnassia palustris L.",NA,"Celastraceae",NA,13,1952,2025,NA,"Least concern",NA
1032800,294200,"Pedicularis foliosa L.",NA,"Orobanchaceae",NA,4,1982,2024,NA,"Least concern",NA
1032840,294600,"Pedicularis palustris L.",NA,"Orobanchaceae",NA,6,2024,2025,NA,"Near threatened",NA
1032850,294700,"Pedicularis recutita L.",NA,"Orobanchaceae",NA,4,1982,2025,NA,"Least concern",NA
1032930,295400,"Pedicularis tuberosa L.",NA,"Orobanchaceae",NA,12,1952,2025,NA,"Least concern",NA
1033160,297200,"Peucedanum ostruthium (L.) W. D. J. Koch",NA,"Apiaceae",NA,8,1982,2025,NA,"Least concern",NA
1033330,298900,"Phleum alpinum aggr.",NA,"Poaceae",NA,13,1952,2025,NA,"Least concern",NA
1033410,300000,"Phleum pratense L.",NA,"Poaceae",NA,1,2024,2024,NA,"Least concern",NA
1033400,300005,"Phleum pratense aggr.",NA,"Poaceae",NA,1,2024,2024,NA,"Least concern",NA
1033420,300200,"Phleum rhaeticum (Humphries) Rauschert",NA,"Poaceae",NA,2,1982,2024,NA,"Least concern",NA
1033570,300800,"Phyteuma betonicifolium Vill.",NA,"Campanulaceae",NA,29,1952,2025,NA,"Least concern",NA
1033630,301400,"Phyteuma hemisphaericum L.",NA,"Campanulaceae",NA,13,1953,2025,NA,"Least concern",NA
1033670,301800,"Phyteuma orbiculare L.",NA,"Campanulaceae",NA,2,1952,2024,NA,"Least concern",NA
1033690,302000,"Phyteuma scheuchzeri All.",NA,"Campanulaceae",NA,1,1996,1996,NA,"Least concern",NA
1033980,304300,"Pinguicula alpina L.",NA,"Lentibulariaceae",NA,2,1982,2025,NA,"Least concern",NA
1034040,304700,"Pinguicula leptoceras Rchb.",NA,"Lentibulariaceae",NA,1,1982,2024,NA,"Least concern",NA
1034050,304800,"Pinguicula vulgaris L.",NA,"Lentibulariaceae",NA,1,2024,2024,NA,"Near threatened",NA
1034250,307000,"Plantago alpina L.",NA,"Plantaginaceae",NA,1,2024,2024,NA,"Least concern",NA
1034330,307800,"Plantago lanceolata L.",NA,"Plantaginaceae",NA,7,1952,2024,NA,"Least concern",NA
1034350,307850,"Plantago major L.",NA,"Plantaginaceae",NA,2,2010,2024,NA,"Least concern",NA
1034390,308100,"Plantago media L.",NA,"Plantaginaceae",NA,7,1952,2024,NA,"Least concern",NA
1034405,308350,"Plantago serpentina aggr.",NA,"Plantaginaceae",NA,1,2024,2024,NA,"",NA
1034420,308400,"Platanthera bifolia (L.) Rich.",NA,"Orchidaceae",NA,12,1989,2025,NA,"Least concern",NA
1034470,309000,"Poa alpina L.",NA,"Poaceae",NA,20,1952,2024,NA,"Least concern",NA
1034540,309700,"Poa chaixii Vill.",NA,"Poaceae",NA,1,1982,2024,NA,"Least concern",NA
1034680,311100,"Poa supina Schrad.",NA,"Poaceae",NA,1,1982,2024,NA,"Least concern",NA
1034770,312300,"Polygala alpestris Rchb.",NA,"Polygalaceae",NA,1,1982,2005,NA,"Least concern",NA
1034780,312400,"Polygala alpina (DC.) Steud.",NA,"Polygalaceae",NA,1,2024,2024,NA,"Least concern",NA
1034830,312700,"Polygala chamaebuxus L.",NA,"Polygalaceae",NA,5,2022,2022,NA,"Least concern",NA
1034890,313195,"Polygala vulgaris L.",NA,"Polygalaceae",NA,1,1997,1997,NA,"Least concern",NA
1035010,314400,"Polygonum bistorta L.",NA,"Polygonaceae",NA,2,1997,2024,NA,"Least concern",NA
1035170,315800,"Polygonum viviparum L.",NA,"Polygonaceae",NA,5,1952,2024,NA,"Least concern",NA
1035200,316400,"Polypodium vulgare L.",NA,"Polypodiaceae",NA,1,2024,2024,NA,"Least concern",NA
1035720,321300,"Potentilla aurea L.",NA,"Rosaceae",NA,31,1952,2020,NA,"Least concern",NA
1035790,322100,"Potentilla crantzii (Crantz) Fritsch",NA,"Rosaceae",NA,2,2024,2024,NA,"Least concern",NA
1035810,322400,"Potentilla erecta (L.) Raeusch.",NA,"Rosaceae",NA,33,1952,2025,NA,"Least concern",NA
1035850,322700,"Potentilla grandiflora L.",NA,"Rosaceae",NA,9,1982,2025,NA,"Least concern",NA
1035990,323800,"Potentilla palustris (L.) Scop.",NA,"Rosaceae",NA,7,2024,2025,NA,"Near threatened",NA
1036230,326200,"Primula farinosa L.",NA,"Primulaceae",NA,5,1883,2024,NA,"Least concern",NA
1036280,326605,"Primula hirsuta All.",NA,"Primulaceae",NA,3,1982,2025,NA,"Least concern",NA
1036430,327650,"Pritzelago alpina (L.) Kuntze",NA,"Brassicaceae",NA,1,2025,2025,NA,"Least concern",NA
1036480,328100,"Prunella vulgaris L.",NA,"Lamiaceae",NA,5,1952,2024,NA,"Least concern",NA
1036710,330400,"Pseudorchis albida (L.) Á. Löve & D. Löve",NA,"Orchidaceae",NA,30,1952,2025,NA,"Least concern",NA
1036980,333195,"Pulsatilla alpina (L.) Delarbre",NA,"Ranunculaceae",NA,8,1982,2025,NA,"Least concern",NA
1037010,333390,"Pulsatilla alpina subsp. apiifolia (Scop.) Nyman",NA,"Ranunculaceae",NA,5,1982,2025,NA,"Least concern",NA
1037170,334600,"Pyrola minor L.",NA,"Ericaceae",NA,3,2024,2025,NA,"Least concern",NA
1037360,336500,"Ranunculus aconitifolius L.",NA,"Ranunculaceae",NA,1,1982,2024,NA,"Least concern",NA
1037370,336595,"Ranunculus acris L.",NA,"Ranunculaceae",NA,1,2024,2024,NA,"Least concern",NA
1037390,336700,"Ranunculus acris subsp. friesianus (Jord.) Syme",NA,"Ranunculaceae",NA,1,2024,2024,NA,"Least concern",NA
1037510,337700,"Ranunculus bulbosus L.",NA,"Ranunculaceae",NA,1,2022,2022,NA,"Least concern",NA
1037610,338700,"Ranunculus glacialis L.",NA,"Ranunculaceae",NA,2,1982,2025,NA,"Least concern",NA
1037710,339500,"Ranunculus montanus Willd.",NA,"Ranunculaceae",NA,17,1952,2025,NA,"Least concern",NA
1037700,339505,"Ranunculus montanus aggr.",NA,"Ranunculaceae",NA,21,1952,2025,NA,"Least concern",NA
1037965,342210,"Ranunculus tuberosus aggr.",NA,"Ranunculaceae",NA,4,1952,2018,NA,"Least concern",NA
1038000,342400,"Ranunculus villarsii DC.",NA,"Ranunculaceae",NA,3,1982,2024,NA,"Least concern",NA
1038230,344100,"Rhinanthus alectorolophus (Scop.) Pollich",NA,"Orobanchaceae",NA,8,2018,2024,NA,"Least concern",NA
1038280,344700,"Rhinanthus glacialis Personnat",NA,"Orobanchaceae",NA,6,1982,2025,NA,"Least concern",NA
1038290,344800,"Rhinanthus minor L.",NA,"Orobanchaceae",NA,3,2020,2024,NA,"Least concern",NA
1038330,345300,"Rhododendron ferrugineum L.",NA,"Ericaceae",NA,5,1982,2025,NA,"Least concern",NA
1038830,349500,"Rosa pendulina L.",NA,"Rosaceae",NA,2,1999,2024,NA,"Least concern",NA
1040140,358900,"Rumex acetosa L.",NA,"Polygonaceae",NA,1,2024,2024,NA,"Least concern",NA
1040190,359300,"Rumex alpestris Jacq.",NA,"Polygonaceae",NA,3,1982,2024,NA,"Least concern",NA
1040200,359400,"Rumex alpinus L.",NA,"Polygonaceae",NA,5,1982,2025,NA,"Least concern",NA
1040360,360900,"Rumex scutatus L.",NA,"Polygonaceae",NA,4,1982,2025,NA,"Least concern",NA
1040470,362200,"Sagina procumbens L.",NA,"Caryophyllaceae",NA,1,2024,2024,NA,"Least concern",NA
1040480,362300,"Sagina saginoides (L.) H. Karst.",NA,"Caryophyllaceae",NA,5,1952,2024,NA,"Least concern",NA
1040590,363100,"Salix appendiculata Vill.",NA,"Salicaceae",NA,2,2024,2024,NA,"Least concern",NA
1040650,363500,"Salix breviserrata Flod.",NA,"Salicaceae",NA,1,2020,2020,NA,"Least concern",NA
1040750,364200,"Salix foetida DC.",NA,"Salicaceae",NA,6,1982,2025,NA,"Least concern",NA
1040780,364500,"Salix glaucosericea Flod.",NA,"Salicaceae",NA,4,2012,2024,NA,"Least concern",NA
1040790,364600,"Salix hastata L.",NA,"Salicaceae",NA,3,1982,2024,NA,"Least concern",NA
1040800,364700,"Salix helvetica Vill.",NA,"Salicaceae",NA,5,1982,2025,NA,"Least concern",NA
1040810,364800,"Salix herbacea L.",NA,"Salicaceae",NA,5,1982,2025,NA,"Least concern",NA
1040860,365000,"Salix myrsinifolia Salisb.",NA,"Salicaceae",NA,2,2024,2024,NA,"Least concern",NA
1040900,365500,"Salix pentandra L.",NA,"Salicaceae",NA,1,1953,1953,NA,"Near threatened",NA
1040990,366200,"Salix retusa L.",NA,"Salicaceae",NA,2,1982,2022,NA,"Least concern",NA
1041560,371600,"Saxifraga aizoides L.",NA,"Saxifragaceae",NA,4,1982,2025,NA,"Least concern",NA
1041590,372000,"Saxifraga aspera L.",NA,"Saxifragaceae",NA,2,1982,2024,NA,"Least concern",NA
1041630,372300,"Saxifraga bryoides L.",NA,"Saxifragaceae",NA,2,1982,2025,NA,"Least concern",NA
1041890,374600,"Saxifraga paniculata Mill.",NA,"Saxifragaceae",NA,6,1982,2024,NA,"Least concern",NA
1041980,375400,"Saxifraga rotundifolia L.",NA,"Saxifragaceae",NA,1,1982,2024,NA,"Least concern",NA
1042010,375800,"Saxifraga stellaris L.",NA,"Saxifragaceae",NA,12,1982,2025,NA,"Least concern",NA
1042090,376500,"Scabiosa columbaria L.",NA,"Caprifoliaceae",NA,2,2024,2024,NA,"Least concern",NA
1042120,377100,"Scabiosa lucida Vill.",NA,"Caprifoliaceae",NA,17,1952,2025,NA,"Least concern",NA
1042760,383300,"Sedum alpestre Vill.",NA,"Crassulaceae",NA,3,1982,2025,NA,"Least concern",NA
1043020,385600,"Sedum spurium M. Bieb.",NA,"Crassulaceae",NA,1,2024,2024,NA,"",NA
1043100,386300,"Selaginella selaginoides (L.) Schrank & Mart.",NA,"Selaginellaceae",NA,4,1952,2025,NA,"Least concern",NA
1043120,386700,"Sempervivum arachnoideum L.",NA,"Crassulaceae",NA,1,1982,2024,NA,"Least concern",NA
1043160,387000,"Sempervivum montanum L.",NA,"Crassulaceae",NA,12,1952,2025,NA,"Least concern",NA
1043280,388200,"Senecio doronicum (L.) L.",NA,"Asteraceae",NA,5,1982,2024,NA,"Least concern",NA
1043370,389005,"Senecio incanus L.",NA,"Asteraceae",NA,4,1982,2025,NA,"Least concern",NA
1043380,389100,"Senecio incanus L. subsp. incanus",NA,"Asteraceae",NA,2,1982,2024,NA,"Least concern",NA
1043430,389800,"Senecio ovatus (G. Gaertn. & al.) Willd.",NA,"Asteraceae",NA,3,2024,2025,NA,"Least concern",NA
1043425,389870,"Senecio ovatus aggr.",NA,"Asteraceae",NA,3,2024,2025,NA,"",NA
1043450,389860,"Senecio ovatus subsp. alpestris (Gaudin) Herborg",NA,"Asteraceae",NA,2,2025,2025,NA,"",NA
1043470,390000,"Senecio rupestris Waldst. & Kit.",NA,"Asteraceae",NA,1,2003,2003,NA,"Least concern",NA
1043700,392200,"Sesleria caerulea (L.) Ard.",NA,"Poaceae",NA,14,1982,2024,NA,"Least concern",NA
1043840,393700,"Sibbaldia procumbens L.",NA,"Rosaceae",NA,3,1982,2023,NA,"Least concern",NA
1043890,394300,"Silene acaulis (L.) Jacq.",NA,"Caryophyllaceae",NA,1,2022,2022,NA,"Least concern",NA
1043940,394900,"Silene dioica (L.) Clairv.",NA,"Caryophyllaceae",NA,2,2024,2024,NA,"Least concern",NA
1043960,395100,"Silene exscapa All.",NA,"Caryophyllaceae",NA,4,1982,2025,NA,"Least concern",NA
1044020,396050,"Silene nutans L.",NA,"Caryophyllaceae",NA,14,1952,2025,NA,"Least concern",NA
1044030,396100,"Silene nutans L. subsp. nutans",NA,"Caryophyllaceae",NA,4,1977,1997,NA,"Least concern",NA
1044080,396800,"Silene rupestris L.",NA,"Caryophyllaceae",NA,6,1883,2025,NA,"Least concern",NA
1044140,397295,"Silene vulgaris (Moench) Garcke",NA,"Caryophyllaceae",NA,8,1952,2024,NA,"Least concern",NA
1044540,400600,"Soldanella alpina L.",NA,"Primulaceae",NA,5,1952,2024,NA,"Least concern",NA
1044560,400800,"Soldanella pusilla Baumg.",NA,"Primulaceae",NA,5,1961,2020,NA,"Least concern",NA
1044620,401395,"Solidago virgaurea L.",NA,"Asteraceae",NA,14,1952,2025,NA,"Least concern",NA
1044630,401400,"Solidago virgaurea L. subsp. virgaurea",NA,"Asteraceae",NA,1,2024,2024,NA,"Least concern",NA
1044640,401500,"Solidago virgaurea subsp. minuta (L.) Arcang.",NA,"Asteraceae",NA,1,1982,2024,NA,"Least concern",NA
1044740,402300,"Sorbus aucuparia L.",NA,"Rosaceae",NA,2,2024,2024,NA,"Least concern",NA
1045000,404700,"Spergularia rubra (L.) J. Presl & C. Presl",NA,"Caryophyllaceae",NA,3,1988,2024,NA,"Least concern",NA
1045350,407100,"Stellaria alsine Grimm",NA,"Caryophyllaceae",NA,3,2024,2025,NA,"Least concern",NA
1045670,409800,"Streptopus amplexifolius (L.) DC.",NA,"Liliaceae",NA,1,2024,2024,NA,"Least concern",NA
1046010,412000,"Taraxacum alpinum aggr.",NA,"Asteraceae",NA,1,1982,2024,NA,"Least concern",NA
1046080,413100,"Taraxacum officinale aggr.",NA,"Asteraceae",NA,8,1952,2024,NA,"Least concern",NA
1046300,415100,"Teucrium montanum L.",NA,"Lamiaceae",NA,4,2018,2022,NA,"Least concern",NA
1046340,415500,"Thalictrum aquilegiifolium L.",NA,"Ranunculaceae",NA,1,2024,2024,NA,"Least concern",NA
1046450,417200,"Thesium alpinum L.",NA,"Santalaceae",NA,9,1982,2025,NA,"Least concern",NA
1046830,420750,"Thymus praecox Opiz",NA,"Lamiaceae",NA,2,1982,2024,NA,"",NA
1046850,420900,"Thymus praecox subsp. polytrichus (Borbás) Jalas",NA,"Lamiaceae",NA,2,1982,2024,NA,"Least concern",NA
1046890,421200,"Thymus serpyllum aggr.",NA,"Lamiaceae",NA,17,1952,2024,NA,"Least concern",NA
1046990,421600,"Tofieldia calyculata (L.) Wahlenb.",NA,"Tofieldiaceae",NA,6,1982,2025,NA,"Least concern",NA
1047090,422400,"Tozzia alpina L.",NA,"Orobanchaceae",NA,2,1982,2024,NA,"Least concern",NA
1047180,422950,"Tragopogon pratensis L.",NA,"Asteraceae",NA,2,2024,2024,NA,"Least concern",NA
1047190,423000,"Tragopogon pratensis L. subsp. pratensis",NA,"Asteraceae",NA,2,2024,2024,NA,"Near threatened",NA
1047250,423600,"Traunsteinera globosa (L.) Rchb.",NA,"Orchidaceae",NA,6,2024,2025,NA,"Least concern",NA
1047290,423900,"Trichophorum cespitosum (L.) Hartm.",NA,"Cyperaceae",NA,5,1982,2025,NA,"Least concern",NA
1047370,424500,"Trifolium alpinum L.",NA,"Fabaceae",NA,33,1952,2025,NA,"Least concern",NA
1047410,424900,"Trifolium badium Schreb.",NA,"Fabaceae",NA,15,1952,2025,NA,"Least concern",NA
1047540,426300,"Trifolium montanum L.",NA,"Fabaceae",NA,7,1997,2024,NA,"Least concern",NA
1047570,426700,"Trifolium pallescens Schreb.",NA,"Fabaceae",NA,3,1966,2024,NA,"Least concern",NA
1047600,426895,"Trifolium pratense L.",NA,"Fabaceae",NA,18,1952,2025,NA,"Least concern",NA
1047620,427000,"Trifolium pratense subsp. nivale (W. D. J. Koch) Ces.",NA,"Fabaceae",NA,4,1982,2025,NA,"Least concern",NA
1047630,427100,"Trifolium repens L.",NA,"Fabaceae",NA,6,1952,2025,NA,"Least concern",NA
1047670,427500,"Trifolium rubens L.",NA,"Fabaceae",NA,2,2022,2022,NA,"Near threatened",NA
1047760,428100,"Trifolium thalii Vill.",NA,"Fabaceae",NA,2,1952,1982,NA,"Least concern",NA
1047880,429300,"Trisetum distichophyllum (Vill.) P. Beauv.",NA,"Poaceae",NA,1,1982,2022,NA,"Least concern",NA
1048030,430600,"Trollius europaeus L.",NA,"Ranunculaceae",NA,2,1982,2024,NA,"Least concern",NA
1048220,432000,"Tussilago farfara L.",NA,"Asteraceae",NA,11,1982,2025,NA,"Least concern",NA
1048360,433400,"Urtica dioica L.",NA,"Urticaceae",NA,1,1982,2025,NA,"Least concern",NA
1048470,434500,"Vaccinium gaultherioides Bigelow",NA,"Ericaceae",NA,6,2024,2025,NA,"Least concern",NA
1048500,434800,"Vaccinium myrtillus L.",NA,"Ericaceae",NA,29,1952,2025,NA,"Least concern",NA
1048530,435000,"Vaccinium uliginosum L.",NA,"Ericaceae",NA,1,2024,2024,NA,"Near threatened",NA
1048520,435100,"Vaccinium uliginosum aggr.",NA,"Ericaceae",NA,19,1952,2025,NA,"Least concern",NA
1048540,435300,"Vaccinium vitis-idaea L.",NA,"Ericaceae",NA,14,1952,2025,NA,"Least concern",NA
1048590,435700,"Valeriana montana L.",NA,"Caprifoliaceae",NA,1,2025,2025,NA,"Least concern",NA
1048690,436700,"Valeriana tripteris L.",NA,"Caprifoliaceae",NA,1,1982,2024,NA,"Least concern",NA
1048820,437800,"Veratrum album L.",NA,"Melanthiaceae",NA,6,1982,2025,NA,"Least concern",NA
1048840,438000,"Veratrum album subsp. lobelianum (Bernh.) Arcang.",NA,"Melanthiaceae",NA,3,2024,2025,NA,"Least concern",NA
1049070,440000,"Verbena officinalis L.",NA,"Verbenaceae",NA,1,2024,2024,NA,"Least concern",NA
1049120,440400,"Veronica alpina L.",NA,"Plantaginaceae",NA,6,1952,2025,NA,"Least concern",NA
1049150,440700,"Veronica aphylla L.",NA,"Plantaginaceae",NA,1,1952,1952,NA,"Least concern",NA
1049190,441100,"Veronica bellidioides L.",NA,"Plantaginaceae",NA,4,1982,2025,NA,"Least concern",NA
1049210,441400,"Veronica chamaedrys L.",NA,"Plantaginaceae",NA,1,1952,1982,NA,"Least concern",NA
1049270,441700,"Veronica fruticans Jacq.",NA,"Plantaginaceae",NA,3,1982,2024,NA,"Least concern",NA
1049340,442400,"Veronica officinalis L.",NA,"Plantaginaceae",NA,1,1952,1952,NA,"Least concern",NA
1049460,443395,"Veronica serpyllifolia L.",NA,"Plantaginaceae",NA,1,1982,2024,NA,"Least concern",NA
1049620,444995,"Vicia cracca L.",NA,"Fabaceae",NA,1,2025,2025,NA,"Least concern",NA
1049820,446995,"Vicia sativa L.",NA,"Fabaceae",NA,1,2024,2024,NA,"Least concern",NA
1049860,447400,"Vicia sepium L.",NA,"Fabaceae",NA,2,2024,2025,NA,"Least concern",NA
1050010,449100,"Viola biflora L.",NA,"Violaceae",NA,1,1982,2024,NA,"Least concern",NA
1050020,449200,"Viola calcarata L.",NA,"Violaceae",NA,1,1961,1994,NA,"Least concern",NA
1050220,451100,"Viola palustris L.",NA,"Violaceae",NA,5,1883,2025,NA,"Least concern",NA
1050340,452500,"Viola tricolor L.",NA,"Violaceae",NA,1,2024,2024,NA,"",NA
1050330,452510,"Viola tricolor aggr.",NA,"Violaceae",NA,1,2024,2024,NA,"Least concern",NA
1050350,452505,"Viola tricolor subsp. subalpina Gaudin",NA,"Violaceae",NA,1,2024,2024,NA,"Least concern",NA
1000120,700,"Acer platanoides L.",NA,"Sapindaceae",NA,1,2025,2025,NA,"Least concern",NA
1000130,800,"Acer pseudoplatanus L.",NA,"Sapindaceae",NA,1,1982,2025,NA,"Least concern",NA
1000310,1600,"Achillea macrophylla L.",NA,"Asteraceae",NA,7,1889,2024,NA,"Least concern",NA
1000330,1700,"Achillea millefolium L.",NA,"Asteraceae",NA,9,1982,2025,NA,"Least concern",NA
1000340,1701,"Achillea millefolium L. subsp. millefolium",NA,"Asteraceae",NA,2,2024,2025,NA,"",NA
1000320,1706,"Achillea millefolium aggr.",NA,"Asteraceae",NA,52,1941,2025,NA,"Least concern",NA
1000400,2200,"Achillea ptarmica L.",NA,"Asteraceae",NA,0,1982,1982,NA,"Vulnerable",NA
1000450,2700,"Achnatherum calamagrostis (L.) P. Beauv.",NA,"Poaceae",NA,1,2024,2024,NA,"Least concern",NA
1000460,2800,"Acinos alpinus (L.) Moench",NA,"Lamiaceae",NA,7,1982,2025,NA,"Least concern",NA
1000543,3510,"Aconitum lycoctonum L.",NA,"Ranunculaceae",NA,1,2024,2024,NA,"Least concern",NA
1000563,3540,"Aconitum napellus L.",NA,"Ranunculaceae",NA,1,2025,2025,NA,"Least concern",NA
1000565,3560,"Aconitum napellus subsp. lusitanicum Rouy",NA,"Ranunculaceae",NA,1,2025,2025,NA,"Least concern",NA
1000770,5400,"Adenostyles alliariae (Gouan) A. Kern.",NA,"Asteraceae",NA,26,1978,2025,NA,"Least concern",NA
1000880,6300,"Adoxa moschatellina L.",NA,"Adoxaceae",NA,4,2014,2022,NA,"Least concern",NA
1000930,6800,"Aegopodium podagraria L.",NA,"Apiaceae",NA,5,1982,2020,NA,"Least concern",NA
1001070,8500,"Agrostis canina L.",NA,"Poaceae",NA,1,2014,2014,NA,"Near threatened",NA
1001080,8600,"Agrostis capillaris L.",NA,"Poaceae",NA,89,1931,2025,NA,"Least concern",NA
1001090,8700,"Agrostis gigantea Roth",NA,"Poaceae",NA,8,1994,2020,NA,"Least concern",NA
1001120,9100,"Agrostis schraderiana Bech.",NA,"Poaceae",NA,4,1982,2025,NA,"Least concern",NA
1001130,9300,"Agrostis stolonifera L.",NA,"Poaceae",NA,3,1978,2014,NA,"Least concern",NA
1001220,10300,"Ajuga pyramidalis L.",NA,"Lamiaceae",NA,22,1978,2025,NA,"Least concern",NA
1001230,10400,"Ajuga reptans L.",NA,"Lamiaceae",NA,1,1955,1955,NA,"Least concern",NA
1001300,10790,"Alchemilla acutiloba Opiz",NA,"Rosaceae",NA,2,2015,2015,NA,"Least concern",NA
1001320,10950,"Alchemilla alpigena Hegi",NA,"Rosaceae",NA,1,2015,2015,NA,"Least concern",NA
1001350,10990,"Alchemilla alpina L.",NA,"Rosaceae",NA,14,2015,2019,NA,"Least concern",NA
1001340,11200,"Alchemilla alpina aggr.",NA,"Rosaceae",NA,30,1859,2025,NA,"Least concern",NA
1001330,11100,"Alchemilla alpina superaggr.",NA,"",NA,41,1859,2025,NA,"",NA
1001400,11800,"Alchemilla colorata Buser",NA,"Rosaceae",NA,4,2015,2015,NA,"Least concern",NA
1001410,12100,"Alchemilla conjuncta superaggr.",NA,"",NA,5,1982,2015,NA,"",NA
1001440,12190,"Alchemilla connivens Buser",NA,"Rosaceae",NA,9,2015,2017,NA,"Least concern",NA
1001480,12400,"Alchemilla coriacea Buser",NA,"Rosaceae",NA,5,2015,2017,NA,"Least concern",NA
1001470,12500,"Alchemilla coriacea aggr.",NA,"Rosaceae",NA,14,2007,2017,NA,"Least concern",NA
1001490,12700,"Alchemilla crinita Buser",NA,"Rosaceae",NA,26,2008,2019,NA,"Least concern",NA
1001510,12900,"Alchemilla curtiloba Buser",NA,"Rosaceae",NA,1,2015,2015,NA,"Least concern",NA
1001560,12990,"Alchemilla decumbens Buser",NA,"Rosaceae",NA,16,2007,2019,NA,"Least concern",NA
1001530,13100,"Alchemilla decumbens aggr.",NA,"Rosaceae",NA,16,2007,2019,NA,"Least concern",NA
1001570,13300,"Alchemilla demissa aggr.",NA,"Rosaceae",NA,5,2015,2025,NA,"Least concern",NA
1001590,13400,"Alchemilla effusa Buser",NA,"Rosaceae",NA,9,2015,2017,NA,"Least concern",NA
1001610,13600,"Alchemilla fallax Buser",NA,"Rosaceae",NA,7,2007,2015,NA,"Least concern",NA
1001620,13690,"Alchemilla filicaulis Buser",NA,"Rosaceae",NA,9,2015,2017,NA,"Least concern",NA
1001650,13890,"Alchemilla fissa Günther & Schummel",NA,"Rosaceae",NA,9,2015,2019,NA,"Least concern",NA
1001640,14000,"Alchemilla fissa aggr.",NA,"Rosaceae",NA,21,1982,2019,NA,"Least concern",NA
1001680,14300,"Alchemilla flavicoma Buser",NA,"Rosaceae",NA,3,2019,2019,NA,"Least concern",NA
1001720,14700,"Alchemilla frigens Buser",NA,"Rosaceae",NA,10,2007,2019,NA,"Least concern",NA
1001732,14830,"Alchemilla galkinae S. E. Fröhner",NA,"Rosaceae",NA,5,2007,2019,NA,"Least concern",NA
1001750,14895,"Alchemilla glabra Neygenf.",NA,"Rosaceae",NA,26,2007,2019,NA,"Least concern",NA
1001740,15000,"Alchemilla glabra aggr.",NA,"Rosaceae",NA,118,1982,2025,NA,"Least concern",NA
1001770,15150,"Alchemilla glaucescens Wallr.",NA,"Rosaceae",NA,8,2008,2015,NA,"Least concern",NA
1001780,15200,"Alchemilla glomerulans Buser",NA,"Rosaceae",NA,16,2007,2017,NA,"Least concern",NA
1001800,15400,"Alchemilla grossidens aggr.",NA,"Rosaceae",NA,4,2015,2015,NA,"Least concern",NA
1001840,15800,"Alchemilla heteropoda aggr.",NA,"Rosaceae",NA,5,2007,2019,NA,"Least concern",NA
1001890,16000,"Alchemilla hybrida aggr.",NA,"Rosaceae",NA,58,1978,2023,NA,"Least concern",NA
1001910,16200,"Alchemilla impexa Buser",NA,"Rosaceae",NA,8,2007,2019,NA,"Least concern",NA
1001960,16700,"Alchemilla lineata Buser",NA,"Rosaceae",NA,2,2015,2015,NA,"Least concern",NA
1001980,16900,"Alchemilla longiuscula Buser",NA,"Rosaceae",NA,1,2019,2019,NA,"Least concern",NA
1001990,16930,"Alchemilla lunaria S. E. Fröhner",NA,"Rosaceae",NA,5,2007,2019,NA,"Least concern",NA
1002000,16960,"Alchemilla micans Buser",NA,"Rosaceae",NA,11,2015,2017,NA,"Least concern",NA
1002030,17300,"Alchemilla monticola Opiz",NA,"Rosaceae",NA,28,1962,2019,NA,"Data deficient",NA
1002070,17700,"Alchemilla obtusa Buser",NA,"Rosaceae",NA,17,2015,2019,NA,"Least concern",NA
1002100,17990,"Alchemilla pallens Buser",NA,"Rosaceae",NA,4,2015,2015,NA,"Least concern",NA
1002110,18100,"Alchemilla pentaphyllea L.",NA,"Rosaceae",NA,9,1982,2025,NA,"Least concern",NA
1002140,18300,"Alchemilla plicata Buser",NA,"Rosaceae",NA,1,2007,2007,NA,"Least concern",NA
1002150,18500,"Alchemilla plicatula aggr.",NA,"Rosaceae",NA,1,2015,2015,NA,"Least concern",NA
1002190,18800,"Alchemilla reniformis Buser",NA,"Rosaceae",NA,8,2007,2017,NA,"Least concern",NA
1002200,18900,"Alchemilla rhododendrophila Buser",NA,"Rosaceae",NA,2,2015,2015,NA,"Least concern",NA
1002220,19000,"Alchemilla saxatilis Buser",NA,"Rosaceae",NA,5,2015,2019,NA,"Least concern",NA
1002320,20000,"Alchemilla straminea Buser",NA,"Rosaceae",NA,8,2015,2015,NA,"Least concern",NA
1002340,20200,"Alchemilla subcrenata Buser",NA,"Rosaceae",NA,26,2008,2019,NA,"Least concern",NA
1002360,20300,"Alchemilla subsericea Reut.",NA,"Rosaceae",NA,11,2015,2019,NA,"Least concern",NA
1002350,20400,"Alchemilla subsericea aggr.",NA,"Rosaceae",NA,11,2015,2019,NA,"Least concern",NA
1002380,20600,"Alchemilla trunciloba Buser",NA,"Rosaceae",NA,1,2007,2007,NA,"Least concern",NA
1002420,20900,"Alchemilla versipila Buser",NA,"Rosaceae",NA,4,2007,2015,NA,"Least concern",NA
1002440,21100,"Alchemilla vulgaris aggr.",NA,"Rosaceae",NA,170,1931,2025,NA,"Least concern",NA
1002470,21300,"Alchemilla xanthochlora Rothm.",NA,"Rosaceae",NA,17,1996,2017,NA,"Least concern",NA
1002850,25300,"Alnus incana (L.) Moench",NA,"Betulaceae",NA,2,2013,2020,NA,"Least concern",NA
1002870,25400,"Alnus viridis (Chaix) DC.",NA,"Betulaceae",NA,86,1962,2025,NA,"Least concern",NA
1002871,25410,"Alnus viridis (Chaix) DC. var. viridis",NA,"Betulaceae",NA,2,2025,2025,NA,"",NA
1002920,26000,"Alopecurus pratensis L.",NA,"Poaceae",NA,5,1955,2025,NA,"Least concern",NA
1003820,34100,"Angelica sylvestris L.",NA,"Apiaceae",NA,23,1978,2025,NA,"Least concern",NA
1003840,34300,"Antennaria carpatica (Wahlenb.) Bluff & Fingerh.",NA,"Asteraceae",NA,1,2022,2022,NA,"Least concern",NA
1003850,34400,"Antennaria dioica (L.) Gaertn.",NA,"Asteraceae",NA,22,1931,2025,NA,"Least concern",NA
1003920,35100,"Anthericum liliago L.",NA,"Asparagaceae",NA,4,1978,1997,NA,"Least concern",NA
1003930,35200,"Anthericum ramosum L.",NA,"Asparagaceae",NA,1,2008,2008,NA,"Least concern",NA
1003940,35300,"Anthoxanthum alpinum Á. Löve & D. Löve",NA,"Poaceae",NA,6,1982,2025,NA,"Least concern",NA
1003970,35400,"Anthoxanthum odoratum L.",NA,"Poaceae",NA,69,1931,2025,NA,"Least concern",NA
1003960,35500,"Anthoxanthum odoratum aggr.",NA,"Poaceae",NA,94,1931,2025,NA,"Least concern",NA
1004010,35900,"Anthriscus sylvestris (L.) Hoffm.",NA,"Apiaceae",NA,3,1955,2022,NA,"Least concern",NA
1004020,35950,"Anthriscus sylvestris subsp. alpina (Vill.) Gremli",NA,"Apiaceae",NA,1,1978,1978,NA,"",NA
1004070,36790,"Anthyllis vulneraria L.",NA,"Fabaceae",NA,40,1952,2025,NA,"Least concern",NA
1004090,36900,"Anthyllis vulneraria subsp. alpestris (Schult.) Asch. & Graebn.",NA,"Fabaceae",NA,10,1982,2025,NA,"Least concern",NA
1004100,37000,"Anthyllis vulneraria subsp. carpatica (Pant.) Nyman",NA,"Fabaceae",NA,4,1993,2020,NA,"Least concern",NA
1004440,40200,"Arabis ciliata Clairv.",NA,"Brassicaceae",NA,3,1982,2025,NA,"Least concern",NA
1004460,40600,"Arabis hirsuta (L.) Scop.",NA,"Brassicaceae",NA,2,1883,2023,NA,"Least concern",NA
1004470,40605,"Arabis hirsuta aggr.",NA,"Brassicaceae",NA,2,1883,2023,NA,"Least concern",NA
1004690,43100,"Arctostaphylos uva-ursi (L.) Spreng.",NA,"Ericaceae",NA,14,1962,2012,NA,"Least concern",NA
1004720,43400,"Arenaria biflora L.",NA,"Caryophyllaceae",NA,1,1982,2003,NA,"Least concern",NA
1004910,45700,"Arnica montana L.",NA,"Asteraceae",NA,58,1931,2025,NA,"Least concern",NA
1004930,45900,"Arrhenatherum elatius (L.) J. Presl & C. Presl",NA,"Poaceae",NA,7,1955,2025,NA,"Least concern",NA
1004931,45930,"Arrhenatherum elatius (L.) J. Presl & C. Presl subsp. elatius",NA,"Poaceae",NA,2,2024,2025,NA,"",NA
1004950,46100,"Artemisia absinthium L.",NA,"Asteraceae",NA,2,2021,2025,NA,"Least concern",NA
1005500,50900,"Asplenium ruta-muraria L.",NA,"Aspleniaceae",NA,2,1982,2024,NA,"Least concern",NA
1005550,51400,"Asplenium trichomanes L.",NA,"Aspleniaceae",NA,1,2021,2021,NA,"Least concern",NA
1005660,52000,"Aster bellidiastrum (L.) Scop.",NA,"Asteraceae",NA,8,1978,2025,NA,"Least concern",NA
1005880,54000,"Astragalus glycyphyllos L.",NA,"Fabaceae",NA,1,1877,1877,NA,"Least concern",NA
1005940,54600,"Astragalus penduliflorus Lam.",NA,"Fabaceae",NA,19,1978,2025,NA,"Least concern",NA
1006080,55600,"Athyrium distentifolium Opiz",NA,"Athyriaceae",NA,8,1962,2025,NA,"Least concern",NA
1006090,55700,"Athyrium filix-femina (L.) Roth",NA,"Athyriaceae",NA,6,1982,2025,NA,"Least concern",NA
1006320,57400,"Avenella flexuosa (L.) Drejer",NA,"Poaceae",NA,82,1962,2025,NA,"Least concern",NA
1006460,58700,"Bartsia alpina L.",NA,"Orobanchaceae",NA,10,1978,2025,NA,"Least concern",NA
1006490,59100,"Bellis perennis L.",NA,"Asteraceae",NA,4,1931,1982,NA,"Least concern",NA
1006530,59200,"Berberis vulgaris L.",NA,"Berberidaceae",NA,2,1982,2023,NA,"Least concern",NA
1006600,60400,"Betula pendula Roth",NA,"Betulaceae",NA,2,1978,2025,NA,"Least concern",NA
1006595,60450,"Betula pendula aggr.",NA,"Betulaceae",NA,5,1978,2025,NA,"",NA
1006610,60500,"Betula pubescens Ehrh.",NA,"Betulaceae",NA,2,2025,2025,NA,"Least concern",NA
1006611,60510,"Betula pubescens Ehrh. var. pubescens",NA,"Betulaceae",NA,1,2025,2025,NA,"",NA
1006870,62500,"Blechnum spicant (L.) Roth",NA,"Blechnaceae",NA,4,1962,2025,NA,"Least concern",NA
1006900,62800,"Blysmus compressus (L.) Link",NA,"Cyperaceae",NA,1,1982,2012,NA,"Least concern",NA
1006990,63300,"Botrychium lunaria (L.) Sw.",NA,"Ophioglossaceae",NA,10,1978,2023,NA,"Least concern",NA
1007070,64000,"Brachypodium pinnatum aggr.",NA,"Poaceae",NA,17,1978,2013,NA,"Least concern",NA
1007200,65200,"Briza media L.",NA,"Poaceae",NA,56,1952,2025,NA,"Least concern",NA
1007330,66000,"Bromus hordeaceus L.",NA,"Poaceae",NA,1,1955,1955,NA,"Least concern",NA
1007360,66100,"Bromus inermis Leyss.",NA,"Poaceae",NA,11,1982,2025,NA,"",NA
1007355,66130,"Bromus inermis aggr.",NA,"Poaceae",NA,15,1982,2025,NA,"",NA
1007840,70300,"Bupleurum stellatum L.",NA,"Apiaceae",NA,1,1982,2025,NA,"Least concern",NA
1007940,71400,"Calamagrostis varia (Schrad.) Host",NA,"Poaceae",NA,8,1982,2025,NA,"Least concern",NA
1007950,71500,"Calamagrostis villosa (Chaix) J. F. Gmel.",NA,"Poaceae",NA,16,1978,2025,NA,"Least concern",NA
1008160,73600,"Calluna vulgaris (L.) Hull",NA,"Ericaceae",NA,65,1962,2025,NA,"Least concern",NA
1008180,73700,"Caltha palustris L.",NA,"Ranunculaceae",NA,7,1982,2025,NA,"Least concern",NA
1008300,74700,"Campanula barbata L.",NA,"Campanulaceae",NA,64,1962,2025,NA,"Least concern",NA
1008390,75200,"Campanula cochleariifolia Lam.",NA,"Campanulaceae",NA,5,1982,2025,NA,"Least concern",NA
1008630,77000,"Campanula rhomboidalis L.",NA,"Campanulaceae",NA,32,1839,2025,NA,"Least concern",NA
1008640,77100,"Campanula rotundifolia L.",NA,"Campanulaceae",NA,15,1978,2025,NA,"Least concern",NA
1008650,77200,"Campanula scheuchzeri Vill.",NA,"Campanulaceae",NA,61,1941,2025,NA,"Least concern",NA
1008680,77500,"Campanula thyrsoides L.",NA,"Campanulaceae",NA,3,1982,2022,NA,"Least concern",NA
1008720,77900,"Capsella bursa-pastoris (L.) Medik.",NA,"Brassicaceae",NA,4,1982,2025,NA,"Least concern",NA
1008890,78900,"Cardamine hirsuta L.",NA,"Brassicaceae",NA,1,1982,2025,NA,"Least concern",NA
1008990,79790,"Cardamine pratensis L.",NA,"Brassicaceae",NA,1,1955,1955,NA,"Least concern",NA
1008970,79900,"Cardamine pratensis aggr.",NA,"Brassicaceae",NA,1,1955,1955,NA,"Least concern",NA
1009020,80300,"Cardamine resedifolia L.",NA,"Brassicaceae",NA,2,1982,2025,NA,"Least concern",NA
1009080,80695,"Cardaminopsis arenosa (L.) Hayek",NA,"Brassicaceae",NA,2,1982,2021,NA,"",NA
1009090,80700,"Cardaminopsis arenosa (L.) Hayek subsp. arenosa",NA,"Brassicaceae",NA,2,1982,2021,NA,"",NA
1009110,81000,"Cardaminopsis halleri (L.) Hayek",NA,"Brassicaceae",NA,2,2022,2025,NA,"Least concern",NA
1009170,81595,"Carduus defloratus L.",NA,"Asteraceae",NA,14,1982,2025,NA,"Least concern",NA
1009180,81600,"Carduus defloratus L. subsp. defloratus",NA,"Asteraceae",NA,5,1982,2025,NA,"Least concern",NA
1009240,82400,"Carduus personata (L.) Jacq.",NA,"Asteraceae",NA,23,1977,2025,NA,"Least concern",NA
1009245,82450,"Carduus personata (L.) Jacq. subsp. personata",NA,"Asteraceae",NA,3,2024,2025,NA,"",NA
1009330,83350,"Carex atrata L.",NA,"Cyperaceae",NA,1,1982,2007,NA,"Least concern",NA
1009320,83405,"Carex atrata aggr.",NA,"Cyperaceae",NA,1,1982,2007,NA,"",NA
1009350,83500,"Carex atrata subsp. aterrima (Hoppe) Hartm.",NA,"Cyperaceae",NA,1,1982,2007,NA,"Least concern",NA
1009440,84400,"Carex brunnescens (Pers.) Poir.",NA,"Cyperaceae",NA,1,2021,2021,NA,"Least concern",NA
1009480,84600,"Carex canescens L.",NA,"Cyperaceae",NA,1,1982,2022,NA,"Least concern",NA
1009510,84900,"Carex caryophyllea Latourr.",NA,"Cyperaceae",NA,5,1978,2023,NA,"Least concern",NA
1009540,85395,"Carex curvula All.",NA,"Cyperaceae",NA,5,1921,2023,NA,"Least concern",NA
1009550,85400,"Carex curvula All. subsp. curvula",NA,"Cyperaceae",NA,3,1921,2003,NA,"Least concern",NA
1009570,85700,"Carex davalliana Sm.",NA,"Cyperaceae",NA,1,1982,2012,NA,"Least concern",NA
1009580,85800,"Carex demissa Hornem.",NA,"Cyperaceae",NA,1,1966,2008,NA,"Near threatened",NA
1009680,86700,"Carex echinata Murray",NA,"Cyperaceae",NA,4,1982,2025,NA,"Least concern",NA
1009760,87500,"Carex flacca Schreb.",NA,"Cyperaceae",NA,6,1982,2025,NA,"Least concern",NA
1009770,87605,"Carex flava aggr.",NA,"Cyperaceae",NA,1,1966,2008,NA,"Least concern",NA
1009790,87700,"Carex foetida All.",NA,"Cyperaceae",NA,7,1982,2025,NA,"Least concern",NA
1009800,87800,"Carex frigida All.",NA,"Cyperaceae",NA,4,1982,2020,NA,"Least concern",NA
1009920,89100,"Carex lachenalii Schkuhr",NA,"Cyperaceae",NA,1,1966,2003,NA,"Least concern",NA
1009970,89500,"Carex leporina L.",NA,"Cyperaceae",NA,4,1962,2025,NA,"Least concern",NA
1010030,90200,"Carex microglochin Wahlenb.",NA,"Cyperaceae",NA,0,1966,1966,NA,"Vulnerable",NA
1010040,90300,"Carex montana L.",NA,"Cyperaceae",NA,1,2008,2008,NA,"Least concern",NA
1010070,90700,"Carex nigra (L.) Reichard",NA,"Cyperaceae",NA,12,1982,2025,NA,"Least concern",NA
1010090,91200,"Carex ornithopoda Willd.",NA,"Cyperaceae",NA,7,1982,2025,NA,"Least concern",NA
1010130,91600,"Carex pallescens L.",NA,"Cyperaceae",NA,8,1952,2025,NA,"Least concern",NA
1010140,91700,"Carex panicea L.",NA,"Cyperaceae",NA,4,1982,2025,NA,"Least concern",NA
1010150,91800,"Carex paniculata L.",NA,"Cyperaceae",NA,6,1982,2025,NA,"Least concern",NA
1010180,92200,"Carex paupercula Michx.",NA,"Cyperaceae",NA,1,1982,2025,NA,"Near threatened",NA
1010210,92500,"Carex pilulifera L.",NA,"Cyperaceae",NA,1,1962,1962,NA,"Least concern",NA
1010260,93100,"Carex pulicaris L.",NA,"Cyperaceae",NA,2,1966,2025,NA,"Near threatened",NA
1010320,93700,"Carex rostrata Stokes",NA,"Cyperaceae",NA,5,1982,2025,NA,"Least concern",NA
1010340,93900,"Carex sempervirens Vill.",NA,"Cyperaceae",NA,59,1962,2025,NA,"Least concern",NA
1010490,95800,"Carlina acaulis L.",NA,"Asteraceae",NA,39,1978,2025,NA,"Least concern",NA
1010510,96000,"Carlina acaulis subsp. caulescens (Lam.) Schübl. & G. Martens",NA,"Asteraceae",NA,6,2017,2025,NA,"",NA
1010610,97100,"Carum carvi L.",NA,"Apiaceae",NA,13,1941,2025,NA,"Least concern",NA
1010820,98750,"Centaurea jacea L.",NA,"Asteraceae",NA,3,1952,2025,NA,"Least concern",NA
1010865,99030,"Centaurea jacea aggr.",NA,"Asteraceae",NA,4,1952,2025,NA,"",NA
1010910,99400,"Centaurea nervosa Willd.",NA,"Asteraceae",NA,9,1839,2022,NA,"Least concern",NA
1010980,99995,"Centaurea scabiosa L.",NA,"Asteraceae",NA,22,1862,2025,NA,"Least concern",NA
1010990,100000,"Centaurea scabiosa L. subsp. scabiosa",NA,"Asteraceae",NA,0,1982,1982,NA,"Least concern",NA
1011000,100100,"Centaurea scabiosa subsp. alpestris (Hegetschw.) Nyman",NA,"Asteraceae",NA,5,1862,2025,NA,"Least concern",NA
1011270,102595,"Cerastium arvense L.",NA,"Caryophyllaceae",NA,8,1978,2025,NA,"Least concern",NA
1011300,102700,"Cerastium arvense subsp. strictum (W. D. J. Koch) Schinz & R. Keller",NA,"Caryophyllaceae",NA,4,1978,2025,NA,"Least concern",NA
1011330,102950,"Cerastium brachypetalum Pers.",NA,"Caryophyllaceae",NA,1,2014,2014,NA,"Least concern",NA
1011390,103595,"Cerastium fontanum Baumg.",NA,"Caryophyllaceae",NA,41,1931,2025,NA,"Least concern",NA
1011420,103800,"Cerastium fontanum subsp. vulgare (Hartm.) Greuter & Burdet",NA,"Caryophyllaceae",NA,30,1931,2025,NA,"Least concern",NA
1011480,104600,"Cerastium pedunculatum Gaudin",NA,"Caryophyllaceae",NA,1,2003,2003,NA,"Least concern",NA
1011530,105400,"Cerastium uniflorum Clairv.",NA,"Caryophyllaceae",NA,1,2003,2003,NA,"Least concern",NA
1011640,106100,"Chaenorrhinum minus (L.) Lange",NA,"Plantaginaceae",NA,4,2017,2025,NA,"Least concern",NA
1011650,106130,"Chaenorrhinum minus (L.) Lange subsp. minus",NA,"Plantaginaceae",NA,2,2017,2025,NA,"",NA
1011670,106200,"Chaerophyllum aureum L.",NA,"Apiaceae",NA,3,1941,2022,NA,"Least concern",NA
1011710,106700,"Chaerophyllum hirsutum L.",NA,"Apiaceae",NA,55,1952,2021,NA,"Least concern",NA
1011700,106705,"Chaerophyllum hirsutum aggr.",NA,"Apiaceae",NA,86,1952,2025,NA,"Least concern",NA
1011730,107100,"Chaerophyllum villarsii W. D. J. Koch",NA,"Apiaceae",NA,20,1953,2025,NA,"Least concern",NA
1011810,107700,"Chamorchis alpina (L.) Rich.",NA,"Orchidaceae",NA,1,1867,1867,NA,"Least concern",NA
1011840,108200,"Chelidonium majus L.",NA,"Papaveraceae",NA,1,2025,2025,NA,"Least concern",NA
1011850,108300,"Chenopodium album L.",NA,"Amaranthaceae",NA,1,1982,2024,NA,"Least concern",NA
1011845,108330,"Chenopodium album aggr.",NA,"Amaranthaceae",NA,1,1982,2024,NA,"",NA
1011880,108500,"Chenopodium bonus-henricus L.",NA,"Amaranthaceae",NA,5,1982,2025,NA,"Least concern",NA
1011910,108900,"Chenopodium ficifolium Sm.",NA,"Amaranthaceae",NA,1,2017,2017,NA,"Least concern",NA
1011920,109100,"Chenopodium glaucum L.",NA,"Amaranthaceae",NA,1,2017,2017,NA,"Near threatened",NA
1012160,112500,"Chrysosplenium alternifolium L.",NA,"Saxifragaceae",NA,0,1982,1982,NA,"Least concern",NA
1012190,112800,"Cicerbita alpina (L.) Wallr.",NA,"Asteraceae",NA,22,1978,2025,NA,"Least concern",NA
1012300,113700,"Cirsium acaule Scop.",NA,"Asteraceae",NA,3,1997,2023,NA,"Least concern",NA
1012370,114400,"Cirsium helenioides (L.) Hill",NA,"Asteraceae",NA,55,1839,2025,NA,"Least concern",NA
1012400,114800,"Cirsium oleraceum (L.) Scop.",NA,"Asteraceae",NA,5,1955,2024,NA,"Least concern",NA
1012450,115300,"Cirsium spinosissimum (L.) Scop.",NA,"Asteraceae",NA,4,1982,2025,NA,"Least concern",NA
1012750,117200,"Coeloglossum viride (L.) Hartm.",NA,"Orchidaceae",NA,11,1978,2025,NA,"Least concern",NA
1012800,117600,"Colchicum alpinum DC.",NA,"Colchicaceae",NA,1,1978,1978,NA,"Near threatened",NA
1012810,117700,"Colchicum autumnale L.",NA,"Colchicaceae",NA,4,1955,2022,NA,"Least concern",NA
1013090,119400,"Corallorhiza trifida Châtel.",NA,"Orchidaceae",NA,3,1989,2015,NA,"Least concern",NA
1013220,120600,"Coronopus didymus (L.) Sm.",NA,"Brassicaceae",NA,1,2017,2017,NA,"",NA
1013450,121800,"Cotoneaster integerrimus Medik.",NA,"Rosaceae",NA,1,2022,2022,NA,"Least concern",NA
1013580,122500,"Crataegus monogyna aggr.",NA,"Rosaceae",NA,0,1982,1982,NA,"Least concern",NA
1013630,123000,"Crepis aurea (L.) Cass.",NA,"Asteraceae",NA,16,1952,2025,NA,"Least concern",NA
1013640,123100,"Crepis biennis L.",NA,"Asteraceae",NA,1,1955,1955,NA,"Least concern",NA
1013660,123400,"Crepis capillaris Wallr.",NA,"Asteraceae",NA,1,2025,2025,NA,"Least concern",NA
1013670,123500,"Crepis conyzifolia (Gouan) A. Kern.",NA,"Asteraceae",NA,45,1862,2025,NA,"Least concern",NA
1013760,124300,"Crepis paludosa (L.) Moench",NA,"Asteraceae",NA,10,1982,2025,NA,"Least concern",NA
1013800,124800,"Crepis pyrenaica (L.) Greuter",NA,"Asteraceae",NA,5,1941,2022,NA,"Least concern",NA
1013850,125550,"Crepis vesicaria L.",NA,"Asteraceae",NA,3,2008,2008,NA,"",NA
1013880,125800,"Crocus albiflorus Kit.",NA,"Iridaceae",NA,24,1941,2025,NA,"Least concern",NA
1014000,126600,"Cryptogramma crispa (L.) Hook.",NA,"Pteridaceae",NA,10,1982,2025,NA,"Least concern",NA
1014130,127800,"Cuscuta epithymum (L.) L.",NA,"Convolvulaceae",NA,7,1978,2008,NA,"Least concern",NA
1014320,129400,"Cynosurus cristatus L.",NA,"Poaceae",NA,5,1952,2025,NA,"Least concern",NA
1014390,129800,"Cyperus fuscus L.",NA,"Cyperaceae",NA,0,1966,1966,NA,"Vulnerable",NA
1014520,130700,"Cystopteris fragilis (L.) Bernh.",NA,"Cystopteridaceae",NA,1,1982,2020,NA,"Least concern",NA
1014515,130750,"Cystopteris fragilis aggr.",NA,"Cystopteridaceae",NA,1,1982,2020,NA,"",NA
1014610,131800,"Dactylis glomerata L.",NA,"Poaceae",NA,58,1941,2025,NA,"Least concern",NA
1014620,131850,"Dactylis glomerata L. subsp. glomerata",NA,"Poaceae",NA,7,2020,2025,NA,"",NA
1014750,132500,"Dactylorhiza lapponica (Hartm.) Soó",NA,"Orchidaceae",NA,2,1986,2014,NA,"Near threatened",NA
1014760,132600,"Dactylorhiza maculata (L.) Soó",NA,"Orchidaceae",NA,22,1982,2025,NA,"Least concern",NA
1014775,132630,"Dactylorhiza maculata subsp. fuchsii (Druce) Hyl.",NA,"Orchidaceae",NA,18,1983,2025,NA,"Least concern",NA
1014800,132700,"Dactylorhiza majalis (Rchb.) P. F. Hunt & Summerh.",NA,"Orchidaceae",NA,23,1982,2025,NA,"Least concern",NA
1014820,132800,"Dactylorhiza sambucina (L.) Soó",NA,"Orchidaceae",NA,1,1994,2000,NA,"Near threatened",NA
1014840,132900,"Dactylorhiza traunsteineri (Rchb.) Soó",NA,"Orchidaceae",NA,1,1988,1988,NA,"Near threatened",NA
1014860,133100,"Danthonia decumbens (L.) DC.",NA,"Poaceae",NA,9,1978,2023,NA,"Least concern",NA
1014900,133600,"Daphne mezereum L.",NA,"Thymelaeaceae",NA,2,1982,2024,NA,"Least concern",NA
1014950,133900,"Daucus carota L.",NA,"Apiaceae",NA,3,1931,1996,NA,"Least concern",NA
1015040,134800,"Deschampsia cespitosa (L.) P. Beauv.",NA,"Poaceae",NA,15,1982,2025,NA,"Least concern",NA
1015120,135500,"Dianthus carthusianorum L.",NA,"Caryophyllaceae",NA,22,1839,2025,NA,"Least concern",NA
1015130,135600,"Dianthus carthusianorum L. subsp. carthusianorum",NA,"Caryophyllaceae",NA,5,1839,2025,NA,"Least concern",NA
1015160,135800,"Dianthus caryophyllus L.",NA,"Caryophyllaceae",NA,1,1978,1978,NA,"",NA
1015280,136800,"Dianthus superbus L.",NA,"Caryophyllaceae",NA,1,2012,2012,NA,"Least concern",NA
1015310,136900,"Dianthus sylvestris Wulfen",NA,"Caryophyllaceae",NA,11,1839,2025,NA,"Least concern",NA
1015315,136920,"Dianthus sylvestris Wulfen subsp. sylvestris",NA,"Caryophyllaceae",NA,1,2025,2025,NA,"",NA
1015340,137100,"Digitalis grandiflora Mill.",NA,"Plantaginaceae",NA,3,1982,2025,NA,"Least concern",NA
1015360,137300,"Digitalis lutea L.",NA,"Plantaginaceae",NA,1,2012,2012,NA,"Least concern",NA
1015420,137800,"Diphasiastrum alpinum (L.) Holub",NA,"Lycopodiaceae",NA,3,1885,1982,NA,"Least concern",NA
1015560,139700,"Doronicum clusii (All.) Tausch",NA,"Asteraceae",NA,1,1982,2007,NA,"Least concern",NA
1015670,140500,"Draba aizoides L.",NA,"Brassicaceae",NA,1,1977,1982,NA,"Least concern",NA
1015820,142000,"Drosera anglica Huds.",NA,"Droseraceae",NA,1,1982,2012,NA,"Vulnerable",NA
1015840,142300,"Drosera rotundifolia L.",NA,"Droseraceae",NA,1,1982,2012,NA,"Near threatened",NA
1015860,142500,"Dryas octopetala L.",NA,"Rosaceae",NA,1,1977,1982,NA,"Least concern",NA
1015870,142600,"Dryopteris affinis (Lowe) Fraser-Jenk.",NA,"Dryopteridaceae",NA,4,1982,2025,NA,"Least concern",NA
1015880,142700,"Dryopteris affinis subsp. borreri (Newman) Fraser-Jenk.",NA,"Dryopteridaceae",NA,1,2025,2025,NA,"Least concern",NA
1015910,143100,"Dryopteris carthusiana (Vill.) H. P. Fuchs",NA,"Dryopteridaceae",NA,5,1978,2025,NA,"Least concern",NA
1015930,143300,"Dryopteris dilatata (Hoffm.) A. Gray",NA,"Dryopteridaceae",NA,3,1982,2025,NA,"Least concern",NA
1015925,143350,"Dryopteris dilatata aggr.",NA,"Dryopteridaceae",NA,6,1982,2025,NA,"",NA
1015950,143500,"Dryopteris filix-mas (L.) Schott",NA,"Dryopteridaceae",NA,1,1982,2020,NA,"Least concern",NA
1016120,144500,"Echium vulgare L.",NA,"Boraginaceae",NA,1,1977,1982,NA,"Least concern",NA
1016400,146460,"Elymus caninus (L.) L.",NA,"Poaceae",NA,21,1982,2020,NA,"Least concern",NA
1016450,146560,"Elymus repens (L.) Gould",NA,"Poaceae",NA,7,1982,2025,NA,"Least concern",NA
1016470,146795,"Empetrum nigrum L.",NA,"Ericaceae",NA,7,1962,2025,NA,"Least concern",NA
1016490,146900,"Empetrum nigrum subsp. hermaphroditum (Hagerup) Böcher",NA,"Ericaceae",NA,2,1982,2025,NA,"Least concern",NA
1016510,147300,"Epilobium alpestre (Jacq.) Krock.",NA,"Onagraceae",NA,3,1982,2025,NA,"Least concern",NA
1016530,147600,"Epilobium anagallidifolium Lam.",NA,"Onagraceae",NA,1,1982,2024,NA,"Least concern",NA
1016540,147700,"Epilobium angustifolium L.",NA,"Onagraceae",NA,28,1982,2025,NA,"Least concern",NA
1016560,147900,"Epilobium collinum C. C. Gmel.",NA,"Onagraceae",NA,2,1982,2018,NA,"Least concern",NA
1016590,148200,"Epilobium fleischeri Hochst.",NA,"Onagraceae",NA,5,1982,2025,NA,"Least concern",NA
1016620,148600,"Epilobium montanum L.",NA,"Onagraceae",NA,2,1978,2020,NA,"Least concern",NA
1016650,148900,"Epilobium palustre L.",NA,"Onagraceae",NA,3,1977,2023,NA,"Least concern",NA
1016670,149100,"Epilobium roseum Schreb.",NA,"Onagraceae",NA,0,1982,1982,NA,"Least concern",NA
1016740,149600,"Epipactis atrorubens Besser",NA,"Orchidaceae",NA,1,1890,1982,NA,"Least concern",NA
1016920,150600,"Equisetum arvense L.",NA,"Equisetaceae",NA,10,1982,2025,NA,"Least concern",NA
1016940,150800,"Equisetum hyemale L.",NA,"Equisetaceae",NA,3,1982,2025,NA,"Least concern",NA
1016950,151100,"Equisetum palustre L.",NA,"Equisetaceae",NA,14,1982,2025,NA,"Least concern",NA
1016960,151200,"Equisetum pratense Ehrh.",NA,"Equisetaceae",NA,1,1982,2023,NA,"Least concern",NA
1017000,151600,"Equisetum variegatum Schleich.",NA,"Equisetaceae",NA,10,1982,2025,NA,"Least concern",NA
1017270,152000,"Eragrostis minor Host",NA,"Poaceae",NA,1,2025,2025,NA,"Least concern",NA
1017440,153300,"Erigeron acris L.",NA,"Asteraceae",NA,2,1982,2024,NA,"Least concern",NA
1017485,153650,"Erigeron alpinus aggr.",NA,"Asteraceae",NA,1,1982,2023,NA,"",NA
1017550,154200,"Erigeron atticus Vill.",NA,"Asteraceae",NA,2,1883,2020,NA,"Near threatened",NA
1017560,154400,"Erigeron gaudinii Brügger",NA,"Asteraceae",NA,1,2007,2007,NA,"Near threatened",NA
1017640,155200,"Eriophorum angustifolium Honck.",NA,"Cyperaceae",NA,5,1982,2025,NA,"Least concern",NA
1017660,155400,"Eriophorum latifolium Hoppe",NA,"Cyperaceae",NA,3,1982,2025,NA,"Least concern",NA
1017680,155600,"Eriophorum vaginatum L.",NA,"Cyperaceae",NA,6,1934,2025,NA,"Near threatened",NA
1018170,159800,"Euphorbia cyparissias L.",NA,"Euphorbiaceae",NA,3,1978,2013,NA,"Least concern",NA
1018520,162000,"Euphrasia alpina Lam.",NA,"Orobanchaceae",NA,6,1978,1982,NA,"Least concern",NA
1018560,162500,"Euphrasia hirtella Reut.",NA,"Orobanchaceae",NA,7,1966,1978,NA,"Least concern",NA
1018600,162750,"Euphrasia minima Schleich.",NA,"Orobanchaceae",NA,20,1872,2022,NA,"Least concern",NA
1018640,163100,"Euphrasia pectinata Ten.",NA,"Orobanchaceae",NA,4,1978,1978,NA,"Near threatened",NA
1018700,163450,"Euphrasia rostkoviana Hayne",NA,"Orobanchaceae",NA,43,1962,2024,NA,"Least concern",NA
1018710,163500,"Euphrasia rostkoviana Hayne subsp. rostkoviana",NA,"Orobanchaceae",NA,11,1978,1978,NA,"Least concern",NA
1018685,163850,"Euphrasia rostkoviana aggr.",NA,"Orobanchaceae",NA,48,1941,2025,NA,"",NA
1018730,163800,"Euphrasia rostkoviana subsp. montana (Jord.) Wettst.",NA,"Orobanchaceae",NA,27,1962,1982,NA,"Least concern",NA
1018740,163900,"Euphrasia salisburgensis Hoppe",NA,"Orobanchaceae",NA,1,1982,2008,NA,"Least concern",NA
1018750,164000,"Euphrasia stricta J. F. Lehm.",NA,"Orobanchaceae",NA,4,1978,2008,NA,"Near threatened",NA
1019020,166100,"Festuca arundinacea Schreb.",NA,"Poaceae",NA,4,1982,2008,NA,"Least concern",NA
1019030,166200,"Festuca arundinacea Schreb. subsp. arundinacea",NA,"Poaceae",NA,3,1996,1996,NA,"",NA
1019070,166550,"Festuca brevipila R. Tracey",NA,"Poaceae",NA,5,2008,2008,NA,"Least concern",NA
1019150,167500,"Festuca guestfalica Boenn.",NA,"Poaceae",NA,2,2023,2023,NA,"Least concern",NA
1019240,168150,"Festuca laevigata Gaudin",NA,"Poaceae",NA,1,2023,2023,NA,"",NA
1019250,168160,"Festuca laevigata Gaudin subsp. laevigata",NA,"Poaceae",NA,1,2023,2023,NA,"Least concern",NA
1019290,168300,"Festuca nigrescens Lam.",NA,"Poaceae",NA,3,2020,2023,NA,"Least concern",NA
1019310,168590,"Festuca ovina aggr.",NA,"Poaceae",NA,42,1962,2025,NA,"Least concern",NA
1019309,168580,"Festuca ovina superaggr.",NA,"",NA,47,1962,2025,NA,"",NA
1019380,169100,"Festuca pratensis Huds.",NA,"Poaceae",NA,8,1953,2025,NA,"Least concern",NA
1019390,169200,"Festuca pratensis Huds. subsp. pratensis",NA,"Poaceae",NA,2,2025,2025,NA,"Least concern",NA
1019450,170000,"Festuca quadriflora Honck.",NA,"Poaceae",NA,2,2017,2017,NA,"Least concern",NA
1019480,170100,"Festuca rubra L.",NA,"Poaceae",NA,47,1978,2025,NA,"Least concern",NA
1019490,170250,"Festuca rubra L. subsp. rubra",NA,"Poaceae",NA,1,2023,2023,NA,"",NA
1019470,170200,"Festuca rubra aggr.",NA,"Poaceae",NA,90,1941,2025,NA,"Least concern",NA
1019630,171690,"Festuca valesiaca aggr.",NA,"Poaceae",NA,5,2008,2008,NA,"Least concern",NA
1019680,172000,"Festuca violacea Gaudin",NA,"Poaceae",NA,1,2017,2017,NA,"Least concern",NA
1019670,172100,"Festuca violacea aggr.",NA,"Poaceae",NA,2,2013,2017,NA,"Least concern",NA
1019920,173800,"Fragaria vesca L.",NA,"Rosaceae",NA,5,1982,2025,NA,"Least concern",NA
1019970,174200,"Fraxinus excelsior L.",NA,"Oleaceae",NA,1,2020,2020,NA,"Least concern",NA
1020060,174800,"Fumaria capreolata L.",NA,"Papaveraceae",NA,1,2024,2024,NA,"Near threatened",NA
1020140,175300,"Fumaria schleicheri Soy.-Will.",NA,"Papaveraceae",NA,1,2014,2014,NA,"Vulnerable",NA
1020150,175400,"Fumaria vaillantii Loisel.",NA,"Papaveraceae",NA,2,2021,2025,NA,"Vulnerable",NA
1020160,175620,"Gagea fragifera (Vill.) Ehr. Bayer & G. López",NA,"Liliaceae",NA,1,1966,2025,NA,"Least concern",NA
1020350,177100,"Galeopsis tetrahit L.",NA,"Lamiaceae",NA,13,1978,2025,NA,"Least concern",NA
1020390,177500,"Galium anisophyllon Vill.",NA,"Rubiaceae",NA,10,1982,2025,NA,"Least concern",NA
1020510,179000,"Galium mollugo aggr.",NA,"Rubiaceae",NA,2,1941,1982,NA,"Least concern",NA
1020600,179700,"Galium pumilum Murray",NA,"Rubiaceae",NA,54,1962,2025,NA,"Least concern",NA
1020595,179650,"Galium pumilum aggr.",NA,"Rubiaceae",NA,68,1962,2025,NA,"",NA
1020640,180100,"Galium rubrum aggr.",NA,"Rubiaceae",NA,1,2018,2018,NA,"",NA
1020770,181230,"Galium ×centroniae Cariot",NA,"Rubiaceae",NA,1,2018,2018,NA,"",NA
1020890,182200,"Gentiana acaulis L.",NA,"Gentianaceae",NA,50,1962,2025,NA,"Least concern",NA
1020940,182700,"Gentiana asclepiadea L.",NA,"Gentianaceae",NA,1,1982,2021,NA,"Least concern",NA
1021000,183100,"Gentiana campestris L.",NA,"Gentianaceae",NA,14,1978,1997,NA,"Least concern",NA
1021090,183800,"Gentiana germanica Willd.",NA,"Gentianaceae",NA,1,2017,2017,NA,"Vulnerable",NA
1021120,184100,"Gentiana lutea L.",NA,"Gentianaceae",NA,1,1856,1856,NA,"Least concern",NA
1021140,184300,"Gentiana nivalis L.",NA,"Gentianaceae",NA,1,1982,1997,NA,"Least concern",NA
1021190,184800,"Gentiana punctata L.",NA,"Gentianaceae",NA,6,1982,2025,NA,"Least concern",NA
1021195,NA,"Gentiana punctata × purpurea",NA,"Gentianaceae",NA,1,2025,2025,NA,"",NA
1021200,184900,"Gentiana purpurea L.",NA,"Gentianaceae",NA,32,1839,2023,NA,"Least concern",NA
1021210,185000,"Gentiana ramosa Hegetschw.",NA,"Gentianaceae",NA,1,1982,2001,NA,"Least concern",NA
1021250,185400,"Gentiana verna L.",NA,"Gentianaceae",NA,7,1978,2025,NA,"Least concern",NA
1021260,185430,"Gentiana verna L. subsp. verna",NA,"Gentianaceae",NA,1,2025,2025,NA,"",NA
1021450,188600,"Geranium pyrenaicum Burm. f.",NA,"Geraniaceae",NA,2,1982,2025,NA,"Least concern",NA
1021470,188795,"Geranium robertianum L.",NA,"Geraniaceae",NA,1,1977,1982,NA,"Least concern",NA
1021480,188800,"Geranium robertianum L. subsp. robertianum",NA,"Geraniaceae",NA,0,1982,1982,NA,"Least concern",NA
1021530,189300,"Geranium sylvaticum L.",NA,"Geraniaceae",NA,59,1941,2025,NA,"Least concern",NA
1021540,189400,"Geum montanum L.",NA,"Rosaceae",NA,45,1941,2025,NA,"Least concern",NA
1021570,189600,"Geum rivale L.",NA,"Rosaceae",NA,9,1982,2020,NA,"Least concern",NA
1021860,192400,"Gnaphalium norvegicum Gunnerus",NA,"Asteraceae",NA,6,1982,2025,NA,"Least concern",NA
1021870,192500,"Gnaphalium supinum L.",NA,"Asteraceae",NA,1,1982,2003,NA,"Least concern",NA
1021880,192600,"Gnaphalium sylvaticum L.",NA,"Asteraceae",NA,9,1978,2025,NA,"Least concern",NA
1021890,192700,"Gnaphalium uliginosum L.",NA,"Asteraceae",NA,1,1994,2017,NA,"Near threatened",NA
1021950,193200,"Gymnadenia conopsea (L.) R. Br.",NA,"Orchidaceae",NA,35,1978,2025,NA,"Least concern",NA
1021970,193300,"Gymnadenia odoratissima (L.) Rich.",NA,"Orchidaceae",NA,1,1988,1988,NA,"Least concern",NA
1021980,193400,"Gymnocarpium dryopteris (L.) Newman",NA,"Cystopteridaceae",NA,2,1982,2025,NA,"Least concern",NA
1022020,193800,"Gypsophila repens L.",NA,"Caryophyllaceae",NA,9,1982,2025,NA,"Least concern",NA
1022180,194895,"Helianthemum nummularium (L.) Mill.",NA,"Cistaceae",NA,37,1962,2025,NA,"Least concern",NA
1022210,195100,"Helianthemum nummularium subsp. grandiflorum (Scop.) Schinz & Thell.",NA,"Cistaceae",NA,4,1962,2021,NA,"Least concern",NA
1022220,195200,"Helianthemum nummularium subsp. obscurum (Čelak.) Holub",NA,"Cistaceae",NA,3,1982,2025,NA,"Least concern",NA
1022390,196800,"Helictotrichon pubescens (Huds.) Pilg.",NA,"Poaceae",NA,2,1955,2013,NA,"Least concern",NA
1022440,197100,"Helictotrichon versicolor (Vill.) Pilg.",NA,"Poaceae",NA,40,1839,2025,NA,"Least concern",NA
1022590,198595,"Heracleum sphondylium L.",NA,"Apiaceae",NA,34,1953,2025,NA,"Least concern",NA
1022600,198600,"Heracleum sphondylium L. subsp. sphondylium",NA,"Apiaceae",NA,2,1982,2025,NA,"Least concern",NA
1022620,198800,"Heracleum sphondylium subsp. elegans (Crantz) Schübl. & G. Martens",NA,"Apiaceae",NA,5,1953,2025,NA,"Least concern",NA
1022790,199900,"Hieracium alpinum L.",NA,"Asteraceae",NA,8,1962,2025,NA,"Least concern",NA
1022810,200100,"Hieracium angustifolium Hoppe",NA,"Asteraceae",NA,3,2001,2020,NA,"Least concern",NA
1022820,200200,"Hieracium aurantiacum L.",NA,"Asteraceae",NA,22,1862,2025,NA,"Least concern",NA
1022840,200600,"Hieracium bifidum aggr.",NA,"Asteraceae",NA,2,2020,2020,NA,"Least concern",NA
1022990,201700,"Hieracium hoppeanum Schult.",NA,"Asteraceae",NA,29,1978,2013,NA,"Least concern",NA
1023010,201900,"Hieracium intybaceum All.",NA,"Asteraceae",NA,1,1982,2021,NA,"Least concern",NA
1023030,202000,"Hieracium lachenalii C. C. Gmel.",NA,"Asteraceae",NA,14,1962,2025,NA,"Least concern",NA
1023040,202100,"Hieracium lactucella Wallr.",NA,"Asteraceae",NA,12,1952,2022,NA,"Least concern",NA
1023110,202700,"Hieracium murorum aggr.",NA,"Asteraceae",NA,28,1962,2025,NA,"Least concern",NA
1023150,202900,"Hieracium peletierianum Mérat",NA,"Asteraceae",NA,2,2020,2020,NA,"Least concern",NA
1023170,203200,"Hieracium piliferum aggr.",NA,"Asteraceae",NA,0,1982,1982,NA,"Least concern",NA
1023200,203400,"Hieracium pilosella L.",NA,"Asteraceae",NA,28,1962,2025,NA,"Least concern",NA
1023270,203900,"Hieracium prenanthoides aggr.",NA,"Asteraceae",NA,29,1978,2025,NA,"Least concern",NA
1023400,205000,"Hieracium staticifolium All.",NA,"Asteraceae",NA,1,1966,2008,NA,"Least concern",NA
1023580,206300,"Hippocrepis comosa L.",NA,"Fabaceae",NA,33,1978,2025,NA,"Least concern",NA
1023630,206800,"Holcus lanatus L.",NA,"Poaceae",NA,1,1955,1955,NA,"Least concern",NA
1023640,206900,"Holcus mollis L.",NA,"Poaceae",NA,0,1966,1966,NA,"Least concern",NA
1023680,207300,"Homogyne alpina (L.) Cass.",NA,"Asteraceae",NA,53,1962,2025,NA,"Least concern",NA
1024060,210695,"Hypericum maculatum Crantz",NA,"Hypericaceae",NA,20,1941,2025,NA,"Least concern",NA
1024070,210700,"Hypericum maculatum Crantz subsp. maculatum",NA,"Hypericaceae",NA,1,1982,2025,NA,"Least concern",NA
1024130,211050,"Hypericum perforatum L.",NA,"Hypericaceae",NA,3,1978,1978,NA,"Least concern",NA
1024230,212100,"Hypochaeris radicata L.",NA,"Asteraceae",NA,1,2025,2025,NA,"Least concern",NA
1024250,212200,"Hypochaeris uniflora Vill.",NA,"Asteraceae",NA,34,1978,2025,NA,"Least concern",NA
1024900,217700,"Juncus alpinoarticulatus Chaix",NA,"Juncaceae",NA,3,1965,2008,NA,"Least concern",NA
1024930,218100,"Juncus articulatus L.",NA,"Juncaceae",NA,3,1982,2014,NA,"Least concern",NA
1024925,218150,"Juncus articulatus aggr.",NA,"Juncaceae",NA,6,1965,2014,NA,"",NA
1024940,218200,"Juncus bufonius L.",NA,"Juncaceae",NA,1,1982,2020,NA,"Least concern",NA
1024950,218300,"Juncus bulbosus L.",NA,"Juncaceae",NA,0,1966,1966,NA,"Endangered",NA
1025000,218800,"Juncus effusus L.",NA,"Juncaceae",NA,1,1982,1996,NA,"Least concern",NA
1025010,218900,"Juncus filiformis L.",NA,"Juncaceae",NA,5,1982,2025,NA,"Least concern",NA
1025040,219200,"Juncus jacquinii L.",NA,"Juncaceae",NA,2,1982,2025,NA,"Least concern",NA
1025120,220100,"Juncus trifidus L.",NA,"Juncaceae",NA,1,1982,2025,NA,"Least concern",NA
1025130,220300,"Juncus triglumis L.",NA,"Juncaceae",NA,1,1982,2025,NA,"Least concern",NA
1025140,220395,"Juniperus communis L.",NA,"Cupressaceae",NA,18,1962,2025,NA,"Least concern",NA
1025150,220400,"Juniperus communis L. subsp. communis",NA,"Cupressaceae",NA,0,1982,1982,NA,"Least concern",NA
1025160,220500,"Juniperus communis subsp. alpina Čelak.",NA,"Cupressaceae",NA,8,1962,2025,NA,"Least concern",NA
1025230,221400,"Knautia arvensis (L.) Coult.",NA,"Caprifoliaceae",NA,4,1982,2025,NA,"Least concern",NA
1025240,221450,"Knautia dipsacifolia Kreutzer",NA,"Caprifoliaceae",NA,36,1941,2025,NA,"Least concern",NA
1025250,221500,"Knautia dipsacifolia Kreutzer subsp. dipsacifolia",NA,"Caprifoliaceae",NA,3,1982,2025,NA,"Least concern",NA
1025450,223500,"Koeleria hirsuta Gaudin",NA,"Poaceae",NA,0,1966,1966,NA,"Least concern",NA
1025480,223900,"Koeleria pyramidata (Lam.) P. Beauv.",NA,"Poaceae",NA,0,1982,1982,NA,"Least concern",NA
1025490,223905,"Koeleria pyramidata aggr.",NA,"Poaceae",NA,0,1982,1982,NA,"Least concern",NA
1025750,226500,"Lamium purpureum L.",NA,"Lamiaceae",NA,1,1982,2024,NA,"Least concern",NA
1025810,227200,"Larix decidua Mill.",NA,"Pinaceae",NA,3,1982,2025,NA,"Least concern",NA
1025850,227500,"Laserpitium halleri Crantz",NA,"Apiaceae",NA,77,1839,2025,NA,"Least concern",NA
1025860,227700,"Laserpitium latifolium L.",NA,"Apiaceae",NA,12,1978,2025,NA,"Least concern",NA
1025900,228100,"Laserpitium siler L.",NA,"Apiaceae",NA,7,1977,2013,NA,"Least concern",NA
1026050,230400,"Lathyrus pratensis L.",NA,"Fabaceae",NA,11,1978,2025,NA,"Least concern",NA
1026290,232700,"Leontodon autumnalis L.",NA,"Asteraceae",NA,6,1952,2025,NA,"Least concern",NA
1026310,232900,"Leontodon helveticus Mérat",NA,"Asteraceae",NA,29,1962,2025,NA,"Least concern",NA
1026330,233000,"Leontodon hispidus L.",NA,"Asteraceae",NA,52,1941,2025,NA,"Least concern",NA
1026340,233100,"Leontodon hispidus L. subsp. hispidus",NA,"Asteraceae",NA,1,2025,2025,NA,"Least concern",NA
1026380,233600,"Leontodon hispidus subsp. pseudocrispus (Bisch.) Murr",NA,"Asteraceae",NA,2,1977,2023,NA,"Least concern",NA
1026600,236000,"Leucanthemopsis alpina (L.) Heywood",NA,"Asteraceae",NA,6,1982,2025,NA,"Least concern",NA
1026610,236020,"Leucanthemopsis alpina (L.) Heywood subsp. alpina",NA,"Asteraceae",NA,1,2025,2025,NA,"Least concern",NA
1026650,236200,"Leucanthemum adustum (W. D. J. Koch) Gremli",NA,"Asteraceae",NA,2,2025,2025,NA,"Least concern",NA
1026730,236800,"Leucanthemum vulgare Lam.",NA,"Asteraceae",NA,41,1931,2017,NA,"Least concern",NA
1026710,236905,"Leucanthemum vulgare aggr.",NA,"Asteraceae",NA,66,1931,2025,NA,"Least concern",NA
1026810,237800,"Ligusticum mutellina (L.) Crantz",NA,"Apiaceae",NA,3,1982,2025,NA,"Least concern",NA
1026920,238800,"Linaria alpina (L.) Mill.",NA,"Plantaginaceae",NA,2,1982,2023,NA,"Least concern",NA
1026930,238900,"Linaria alpina (L.) Mill. subsp. alpina",NA,"Plantaginaceae",NA,1,1982,2023,NA,"Least concern",NA
1027130,241100,"Linum catharticum L.",NA,"Linaceae",NA,35,1978,2025,NA,"Least concern",NA
1027131,241110,"Linum catharticum L. var. catharticum",NA,"Linaceae",NA,1,2025,2025,NA,"",NA
1027220,242000,"Listera ovata (L.) R. Br.",NA,"Orchidaceae",NA,6,1978,2003,NA,"Least concern",NA
1027290,242600,"Loiseleuria procumbens (L.) Desv.",NA,"Ericaceae",NA,5,1982,2025,NA,"Least concern",NA
1027310,242800,"Lolium perenne L.",NA,"Poaceae",NA,5,1955,2025,NA,"Least concern",NA
1027380,243500,"Lonicera caerulea L.",NA,"Caprifoliaceae",NA,4,1982,2025,NA,"Least concern",NA
1027500,244300,"Lotus alpinus (DC.) Ramond",NA,"Fabaceae",NA,3,1982,2025,NA,"Least concern",NA
1027520,244400,"Lotus corniculatus L.",NA,"Fabaceae",NA,59,1952,2025,NA,"Least concern",NA
1027510,244410,"Lotus corniculatus aggr.",NA,"Fabaceae",NA,90,1952,2025,NA,"Least concern",NA
1027560,245100,"Lotus tenuis Willd.",NA,"Fabaceae",NA,1,2023,2023,NA,"Near threatened",NA
1027640,245800,"Lupinus polyphyllus Lindl.",NA,"Fabaceae",NA,3,2003,2024,NA,"",NA
1027660,245900,"Luzula alpina Hoppe",NA,"Juncaceae",NA,7,2017,2025,NA,"Least concern",NA
1027670,246000,"Luzula alpinopilosa (Chaix) Breistr.",NA,"Juncaceae",NA,11,1978,2025,NA,"Least concern",NA
1027700,246100,"Luzula campestris (L.) DC.",NA,"Juncaceae",NA,5,1941,2025,NA,"Least concern",NA
1027740,246600,"Luzula lutea (All.) DC.",NA,"Juncaceae",NA,16,1978,2025,NA,"Least concern",NA
1027750,246700,"Luzula luzulina (Vill.) Dalla Torre & Sarnth.",NA,"Juncaceae",NA,14,1978,2025,NA,"Least concern",NA
1027760,246800,"Luzula luzuloides (Lam.) Dandy & Wilmott",NA,"Juncaceae",NA,9,1978,2025,NA,"Least concern",NA
1027770,246900,"Luzula luzuloides (Lam.) Dandy & Wilmott subsp. luzuloides",NA,"Juncaceae",NA,1,2025,2025,NA,"Least concern",NA
1027790,247100,"Luzula multiflora (Ehrh.) Lej.",NA,"Juncaceae",NA,64,1952,2025,NA,"Least concern",NA
1027785,247150,"Luzula multiflora aggr.",NA,"Juncaceae",NA,75,1952,2025,NA,"Least concern",NA
1027840,247500,"Luzula pilosa (L.) Willd.",NA,"Juncaceae",NA,1,1983,1983,NA,"Least concern",NA
1027850,247600,"Luzula sieberi Tausch",NA,"Juncaceae",NA,2,2023,2025,NA,"Least concern",NA
1027860,247800,"Luzula spicata (L.) DC.",NA,"Juncaceae",NA,4,1982,2025,NA,"Least concern",NA
1027870,247900,"Luzula spicata (L.) DC. subsp. spicata",NA,"Juncaceae",NA,3,2003,2025,NA,"",NA
1027890,248100,"Luzula sudetica (Willd.) Schult.",NA,"Juncaceae",NA,2,2023,2025,NA,"Least concern",NA
1027910,248300,"Luzula sylvatica (Huds.) Gaudin",NA,"Juncaceae",NA,39,1962,2025,NA,"Least concern",NA
1027920,248400,"Luzula sylvatica aggr.",NA,"Juncaceae",NA,46,1962,2025,NA,"Least concern",NA
1027980,249700,"Lycopodium annotinum L.",NA,"Lycopodiaceae",NA,1,1982,2023,NA,"Least concern",NA
1028080,251400,"Lysimachia nemorum L.",NA,"Primulaceae",NA,1,2014,2014,NA,"Least concern",NA
1028210,252400,"Maianthemum bifolium (L.) F. W. Schmidt",NA,"Asparagaceae",NA,42,1962,2025,NA,"Least concern",NA
1028420,254000,"Matricaria chamomilla L.",NA,"Asteraceae",NA,1,1982,2017,NA,"Least concern",NA
1028430,254100,"Matricaria discoidea DC.",NA,"Asteraceae",NA,7,1982,2025,NA,"",NA
1028640,256500,"Melampyrum pratense L.",NA,"Orobanchaceae",NA,20,1978,2025,NA,"Least concern",NA
1028660,256600,"Melampyrum sylvaticum L.",NA,"Orobanchaceae",NA,26,1962,2025,NA,"Least concern",NA
1029020,259800,"Milium effusum L.",NA,"Poaceae",NA,11,1978,2022,NA,"Least concern",NA
1029150,261200,"Minuartia laricifolia (L.) Schinz & Thell.",NA,"Caryophyllaceae",NA,1,1977,1982,NA,"Least concern",NA
1029440,263400,"Molinia caerulea (L.) Moench",NA,"Poaceae",NA,5,1978,2025,NA,"Least concern",NA
1029680,265700,"Mycelis muralis (L.) Dumort.",NA,"Asteraceae",NA,2,1982,2025,NA,"Least concern",NA
1029690,265800,"Myosotis alpestris F. W. Schmidt",NA,"Boraginaceae",NA,5,1953,2025,NA,"Least concern",NA
1029700,265900,"Myosotis arvensis Hill",NA,"Boraginaceae",NA,8,1955,2014,NA,"Least concern",NA
1029770,266400,"Myosotis nemorosa Besser",NA,"Boraginaceae",NA,1,1982,2020,NA,"Least concern",NA
1029800,266800,"Myosotis scorpioides L.",NA,"Boraginaceae",NA,3,1952,2022,NA,"Least concern",NA
1029795,266850,"Myosotis scorpioides aggr.",NA,"Boraginaceae",NA,4,1952,2022,NA,"",NA
1029820,267100,"Myosotis sylvatica Hoffm.",NA,"Boraginaceae",NA,13,1978,2025,NA,"Least concern",NA
1029815,267150,"Myosotis sylvatica aggr.",NA,"Boraginaceae",NA,15,1941,2025,NA,"",NA
1030080,269700,"Nardus stricta L.",NA,"Poaceae",NA,81,1952,2025,NA,"Least concern",NA
1030390,271655,"Nigritella rhellicani Teppner & E. Klein",NA,"Orchidaceae",NA,12,1888,2023,NA,"Least concern",NA
1030380,271700,"Nigritella rhellicani aggr.",NA,"Orchidaceae",NA,20,1888,2023,NA,"Least concern",NA
1030530,273150,"Odontites vernus (Bellardi) Dumort.",NA,"Orobanchaceae",NA,1,1978,1978,NA,"Endangered",NA
1030550,273350,"Odontites vernus aggr.",NA,"Orobanchaceae",NA,1,1978,1978,NA,"Vulnerable",NA
1031350,280900,"Orchis mascula (L.) L.",NA,"Orchidaceae",NA,7,1982,2020,NA,"Least concern",NA
1031370,280980,"Orchis mascula subsp. speciosa (Mutel) Hegi",NA,"Orchidaceae",NA,1,2020,2020,NA,"",NA
1031500,282200,"Orchis ustulata L.",NA,"Orchidaceae",NA,1,1888,1982,NA,"Near threatened",NA
1031700,284000,"Orobanche alba Willd.",NA,"Orobanchaceae",NA,1,1982,2022,NA,"Least concern",NA
1031840,285400,"Orobanche laserpitii-sileris Jord.",NA,"Orobanchaceae",NA,2,1978,1978,NA,"Near threatened",NA
1032070,287300,"Oxalis acetosella L.",NA,"Oxalidaceae",NA,8,1982,2025,NA,"Least concern",NA
1032240,288700,"Oxytropis halleri W. D. J. Koch",NA,"Fabaceae",NA,4,1977,2025,NA,"Near threatened",NA
1032230,289000,"Oxytropis halleri subsp. velutina (Schur) O. Schwarz",NA,"Fabaceae",NA,4,1977,2025,NA,"Near threatened",NA
1032560,292100,"Paradisea liliastrum (L.) Bertol.",NA,"Asparagaceae",NA,6,1978,2025,NA,"Least concern",NA
1032590,292600,"Paris quadrifolia L.",NA,"Melanthiaceae",NA,4,2008,2020,NA,"Least concern",NA
1032600,292700,"Parnassia palustris L.",NA,"Celastraceae",NA,3,1952,2020,NA,"Least concern",NA
1032820,294400,"Pedicularis kerneri Dalla Torre",NA,"Orobanchaceae",NA,0,1982,1982,NA,"Least concern",NA
1032850,294700,"Pedicularis recutita L.",NA,"Orobanchaceae",NA,7,1978,2025,NA,"Least concern",NA
1032930,295400,"Pedicularis tuberosa L.",NA,"Orobanchaceae",NA,51,1883,2025,NA,"Least concern",NA
1033000,295700,"Petasites albus (L.) Gaertn.",NA,"Asteraceae",NA,15,1982,2025,NA,"Least concern",NA
1033010,295900,"Petasites hybridus (L.) G. Gaertn. & al.",NA,"Asteraceae",NA,1,2014,2014,NA,"Least concern",NA
1033160,297200,"Peucedanum ostruthium (L.) W. D. J. Koch",NA,"Apiaceae",NA,36,1978,2025,NA,"Least concern",NA
1033290,298400,"Phegopteris connectilis (Michx.) Watt",NA,"Thelypteridaceae",NA,4,1978,1982,NA,"Least concern",NA
1033340,298800,"Phleum alpinum L.",NA,"Poaceae",NA,1,2008,2008,NA,"Least concern",NA
1033330,298900,"Phleum alpinum aggr.",NA,"Poaceae",NA,46,1941,2025,NA,"Least concern",NA
1033390,299900,"Phleum phleoides (L.) H. Karst.",NA,"Poaceae",NA,2,2008,2008,NA,"Least concern",NA
1033410,300000,"Phleum pratense L.",NA,"Poaceae",NA,4,1982,2025,NA,"Least concern",NA
1033400,300005,"Phleum pratense aggr.",NA,"Poaceae",NA,13,1982,2025,NA,"Least concern",NA
1033420,300200,"Phleum rhaeticum (Humphries) Rauschert",NA,"Poaceae",NA,11,1982,2025,NA,"Least concern",NA
1033570,300800,"Phyteuma betonicifolium Vill.",NA,"Campanulaceae",NA,76,1836,2025,NA,"Least concern",NA
1033630,301400,"Phyteuma hemisphaericum L.",NA,"Campanulaceae",NA,4,1839,2025,NA,"Least concern",NA
1033670,301800,"Phyteuma orbiculare L.",NA,"Campanulaceae",NA,4,1982,2022,NA,"Least concern",NA
1033680,301900,"Phyteuma ovatum Honck.",NA,"Campanulaceae",NA,6,1839,1941,NA,"Least concern",NA
1033690,302000,"Phyteuma scheuchzeri All.",NA,"Campanulaceae",NA,1,2023,2023,NA,"Least concern",NA
1033740,302400,"Phyteuma spicatum L.",NA,"Campanulaceae",NA,1,2024,2024,NA,"Least concern",NA
1033800,302800,"Picea abies (L.) H. Karst.",NA,"Pinaceae",NA,6,1982,2025,NA,"Least concern",NA
1033920,303800,"Pimpinella major (L.) Huds.",NA,"Apiaceae",NA,1,1955,1982,NA,"Least concern",NA
1033970,304000,"Pimpinella saxifraga L.",NA,"Apiaceae",NA,8,1978,2024,NA,"Least concern",NA
1033950,304100,"Pimpinella saxifraga aggr.",NA,"Apiaceae",NA,11,1978,2024,NA,"Least concern",NA
1034040,304700,"Pinguicula leptoceras Rchb.",NA,"Lentibulariaceae",NA,2,1982,2025,NA,"Least concern",NA
1034050,304800,"Pinguicula vulgaris L.",NA,"Lentibulariaceae",NA,3,1982,2025,NA,"Near threatened",NA
1034080,305495,"Pinus mugo Turra",NA,"Pinaceae",NA,3,1982,2025,NA,"Least concern",NA
1034090,305500,"Pinus mugo Turra subsp. mugo",NA,"Pinaceae",NA,2,1982,2025,NA,"Least concern",NA
1034280,307250,"Plantago atrata Hoppe",NA,"Plantaginaceae",NA,3,1982,2025,NA,"Least concern",NA
1034290,307300,"Plantago atrata Hoppe subsp. atrata",NA,"Plantaginaceae",NA,1,1982,2025,NA,"",NA
1034330,307800,"Plantago lanceolata L.",NA,"Plantaginaceae",NA,26,1952,2025,NA,"Least concern",NA
1034350,307850,"Plantago major L.",NA,"Plantaginaceae",NA,11,1982,2025,NA,"Least concern",NA
1034360,307900,"Plantago major L. subsp. major",NA,"Plantaginaceae",NA,3,1982,2025,NA,"Least concern",NA
1034390,308100,"Plantago media L.",NA,"Plantaginaceae",NA,23,1941,2025,NA,"Least concern",NA
1034420,308400,"Platanthera bifolia (L.) Rich.",NA,"Orchidaceae",NA,10,1978,2015,NA,"Least concern",NA
1034470,309000,"Poa alpina L.",NA,"Poaceae",NA,41,1931,2025,NA,"Least concern",NA
1034490,309200,"Poa annua L.",NA,"Poaceae",NA,5,1982,2025,NA,"Least concern",NA
1034540,309700,"Poa chaixii Vill.",NA,"Poaceae",NA,44,1941,2025,NA,"Least concern",NA
1034590,310200,"Poa laxa Haenke",NA,"Poaceae",NA,1,2003,2003,NA,"Least concern",NA
1034620,310500,"Poa nemoralis L.",NA,"Poaceae",NA,4,1978,2025,NA,"Least concern",NA
1034660,310800,"Poa pratensis L.",NA,"Poaceae",NA,4,1955,2025,NA,"Least concern",NA
1034650,310900,"Poa pratensis aggr.",NA,"Poaceae",NA,8,1955,2025,NA,"Least concern",NA
1034680,311100,"Poa supina Schrad.",NA,"Poaceae",NA,1,1982,2025,NA,"Least concern",NA
1034690,311295,"Poa trivialis L.",NA,"Poaceae",NA,13,1953,2025,NA,"Least concern",NA
1034700,311300,"Poa trivialis L. subsp. trivialis",NA,"Poaceae",NA,1,1982,2025,NA,"Least concern",NA
1034720,311450,"Poa variegata Lam.",NA,"Poaceae",NA,19,1978,2023,NA,"Least concern",NA
1034770,312300,"Polygala alpestris Rchb.",NA,"Polygalaceae",NA,1,1953,1982,NA,"Least concern",NA
1034830,312700,"Polygala chamaebuxus L.",NA,"Polygalaceae",NA,26,1978,2025,NA,"Least concern",NA
1034890,313195,"Polygala vulgaris L.",NA,"Polygalaceae",NA,14,1978,2025,NA,"Least concern",NA
1034900,313200,"Polygala vulgaris L. subsp. vulgaris",NA,"Polygalaceae",NA,2,1982,2025,NA,"Least concern",NA
1034910,313300,"Polygala vulgaris subsp. oxyptera (Rchb.) Schübl. & G. Martens",NA,"Polygalaceae",NA,1,2021,2021,NA,"Near threatened",NA
1034930,313500,"Polygonatum odoratum (Mill.) Druce",NA,"Asparagaceae",NA,1,1997,1997,NA,"Least concern",NA
1034950,313900,"Polygonum alpinum All.",NA,"Polygonaceae",NA,2,1860,1860,NA,"Near threatened",NA
1034980,314300,"Polygonum aviculare aggr.",NA,"Polygonaceae",NA,2,1982,2025,NA,"Least concern",NA
1035010,314400,"Polygonum bistorta L.",NA,"Polygonaceae",NA,39,1941,2025,NA,"Least concern",NA
1035170,315800,"Polygonum viviparum L.",NA,"Polygonaceae",NA,16,1978,2008,NA,"Least concern",NA
1035200,316400,"Polypodium vulgare L.",NA,"Polypodiaceae",NA,1,1982,2024,NA,"Least concern",NA
1035260,316800,"Polystichum lonchitis (L.) Roth",NA,"Dryopteridaceae",NA,3,1982,2025,NA,"Least concern",NA
1035360,317500,"Populus tremula L.",NA,"Salicaceae",NA,3,1978,2022,NA,"Least concern",NA
1035550,319200,"Potamogeton natans L.",NA,"Potamogetonaceae",NA,1,2025,2025,NA,"Least concern",NA
1035560,319300,"Potamogeton nodosus Poir.",NA,"Potamogetonaceae",NA,1,2025,2025,NA,"Vulnerable",NA
1035700,320900,"Potentilla anserina L.",NA,"Rosaceae",NA,1,2025,2025,NA,"Least concern",NA
1035720,321300,"Potentilla aurea L.",NA,"Rosaceae",NA,54,1962,2025,NA,"Least concern",NA
1035790,322100,"Potentilla crantzii (Crantz) Fritsch",NA,"Rosaceae",NA,1,1982,2023,NA,"Least concern",NA
1035810,322400,"Potentilla erecta (L.) Raeusch.",NA,"Rosaceae",NA,94,1941,2025,NA,"Least concern",NA
1035850,322700,"Potentilla grandiflora L.",NA,"Rosaceae",NA,20,1978,2023,NA,"Least concern",NA
1036090,325100,"Potentilla verna L.",NA,"Rosaceae",NA,4,2008,2023,NA,"Least concern",NA
1036120,325200,"Prenanthes purpurea L.",NA,"Asteraceae",NA,1,1982,2025,NA,"Least concern",NA
1036230,326200,"Primula farinosa L.",NA,"Primulaceae",NA,2,1982,2025,NA,"Least concern",NA
1036280,326605,"Primula hirsuta All.",NA,"Primulaceae",NA,2,1982,2025,NA,"Least concern",NA
1036480,328100,"Prunella vulgaris L.",NA,"Lamiaceae",NA,14,1952,2025,NA,"Least concern",NA
1036500,328400,"Prunus avium L.",NA,"Rosaceae",NA,1,2020,2020,NA,"Least concern",NA
1036620,329600,"Prunus padus L.",NA,"Rosaceae",NA,61,1977,2025,NA,"Least concern",NA
1036630,329700,"Prunus padus L. subsp. padus",NA,"Rosaceae",NA,18,2012,2025,NA,"Least concern",NA
1036640,329900,"Prunus padus subsp. petraea (Tausch) Domin",NA,"Rosaceae",NA,9,2014,2021,NA,"Data deficient",NA
1036710,330400,"Pseudorchis albida (L.) Á. Löve & D. Löve",NA,"Orchidaceae",NA,39,1962,2025,NA,"Least concern",NA
1036820,331100,"Puccinellia distans (Jacq.) Parl.",NA,"Poaceae",NA,12,2004,2007,NA,"Least concern",NA
1036980,333195,"Pulsatilla alpina (L.) Delarbre",NA,"Ranunculaceae",NA,40,1962,2025,NA,"Least concern",NA
1036990,333200,"Pulsatilla alpina (L.) Delarbre subsp. alpina",NA,"Ranunculaceae",NA,2,2023,2025,NA,"Least concern",NA
1037010,333390,"Pulsatilla alpina subsp. apiifolia (Scop.) Nyman",NA,"Ranunculaceae",NA,32,1962,2013,NA,"Least concern",NA
1037090,334100,"Pulsatilla vernalis (L.) Mill.",NA,"Ranunculaceae",NA,12,1962,2023,NA,"Least concern",NA
1037360,336500,"Ranunculus aconitifolius L.",NA,"Ranunculaceae",NA,25,1978,2025,NA,"Least concern",NA
1037370,336595,"Ranunculus acris L.",NA,"Ranunculaceae",NA,10,1941,2025,NA,"Least concern",NA
1037380,336600,"Ranunculus acris L. subsp. acris",NA,"Ranunculaceae",NA,3,1978,2025,NA,"Least concern",NA
1037390,336700,"Ranunculus acris subsp. friesianus (Jord.) Syme",NA,"Ranunculaceae",NA,3,1941,2025,NA,"Least concern",NA
1037460,337300,"Ranunculus auricomus aggr.",NA,"Ranunculaceae",NA,3,1953,2025,NA,"Least concern",NA
1037510,337700,"Ranunculus bulbosus L.",NA,"Ranunculaceae",NA,2,2025,2025,NA,"Least concern",NA
1037515,337750,"Ranunculus bulbosus L. subsp. bulbosus",NA,"Ranunculaceae",NA,1,2025,2025,NA,"",NA
1037660,339200,"Ranunculus kuepferi Greuter & Burdet",NA,"Ranunculaceae",NA,1,1983,1994,NA,"Least concern",NA
1037670,339300,"Ranunculus lanuginosus L.",NA,"Ranunculaceae",NA,1,1962,1962,NA,"Least concern",NA
1037710,339500,"Ranunculus montanus Willd.",NA,"Ranunculaceae",NA,48,1941,2025,NA,"Least concern",NA
1037700,339505,"Ranunculus montanus aggr.",NA,"Ranunculaceae",NA,57,1941,2025,NA,"Least concern",NA
1037790,340300,"Ranunculus platanifolius L.",NA,"Ranunculaceae",NA,1,1982,2025,NA,"Least concern",NA
1037840,340900,"Ranunculus repens L.",NA,"Ranunculaceae",NA,3,1955,1996,NA,"Least concern",NA
1037970,342200,"Ranunculus tuberosus Lapeyr.",NA,"Ranunculaceae",NA,22,1978,2023,NA,"Least concern",NA
1037965,342210,"Ranunculus tuberosus aggr.",NA,"Ranunculaceae",NA,24,1952,2023,NA,"Least concern",NA
1038000,342400,"Ranunculus villarsii DC.",NA,"Ranunculaceae",NA,1,1982,1997,NA,"Least concern",NA
1038020,342500,"Raphanus raphanistrum L.",NA,"Brassicaceae",NA,1,1977,1982,NA,"Least concern",NA
1038110,342900,"Reseda lutea L.",NA,"Resedaceae",NA,1,2022,2022,NA,"Least concern",NA
1038230,344100,"Rhinanthus alectorolophus (Scop.) Pollich",NA,"Orobanchaceae",NA,17,1941,2025,NA,"Least concern",NA
1038280,344700,"Rhinanthus glacialis Personnat",NA,"Orobanchaceae",NA,16,1962,2025,NA,"Least concern",NA
1038290,344800,"Rhinanthus minor L.",NA,"Orobanchaceae",NA,2,1952,2025,NA,"Least concern",NA
1038330,345300,"Rhododendron ferrugineum L.",NA,"Ericaceae",NA,25,1962,2025,NA,"Least concern",NA
1038420,346000,"Ribes alpinum L.",NA,"Grossulariaceae",NA,1,2021,2021,NA,"Least concern",NA
1038450,346200,"Ribes petraeum Wulfen",NA,"Grossulariaceae",NA,3,1982,2018,NA,"Least concern",NA
1038570,347150,"Rorippa stylosa (Pers.) Mansf. & Rothm.",NA,"Brassicaceae",NA,3,1853,1966,NA,"Vulnerable",NA
1038580,347200,"Rorippa sylvestris (L.) Besser",NA,"Brassicaceae",NA,1,1982,2022,NA,"Least concern",NA
1038670,348300,"Rosa corymbifera Borkh.",NA,"Rosaceae",NA,0,1966,1966,NA,"Least concern",NA
1038665,348310,"Rosa corymbifera aggr.",NA,"Rosaceae",NA,0,1966,1966,NA,"",NA
1038830,349500,"Rosa pendulina L.",NA,"Rosaceae",NA,2,1982,2025,NA,"Least concern",NA
1039550,354400,"Rubus idaeus L.",NA,"Rosaceae",NA,54,1978,2025,NA,"Least concern",NA
1039950,357400,"Rubus saxatilis L.",NA,"Rosaceae",NA,0,1982,1982,NA,"Least concern",NA
1040140,358900,"Rumex acetosa L.",NA,"Polygonaceae",NA,16,1931,2023,NA,"Least concern",NA
1040160,359000,"Rumex acetosella L.",NA,"Polygonaceae",NA,3,1982,2025,NA,"Least concern",NA
1040190,359300,"Rumex alpestris Jacq.",NA,"Polygonaceae",NA,26,1941,2025,NA,"Least concern",NA
1040200,359400,"Rumex alpinus L.",NA,"Polygonaceae",NA,19,1857,2025,NA,"Least concern",NA
1040290,360400,"Rumex obtusifolius L.",NA,"Polygonaceae",NA,5,1955,2016,NA,"Least concern",NA
1040360,360900,"Rumex scutatus L.",NA,"Polygonaceae",NA,8,1982,2025,NA,"Least concern",NA
1040420,361400,"Sagina apetala Ard.",NA,"Caryophyllaceae",NA,0,1982,1982,NA,"Least concern",NA
1040470,362200,"Sagina procumbens L.",NA,"Caryophyllaceae",NA,2,1982,2025,NA,"Least concern",NA
1040480,362300,"Sagina saginoides (L.) H. Karst.",NA,"Caryophyllaceae",NA,6,1931,2025,NA,"Least concern",NA
1040540,362800,"Salix alba L.",NA,"Salicaceae",NA,0,1982,1982,NA,"Least concern",NA
1040590,363100,"Salix appendiculata Vill.",NA,"Salicaceae",NA,3,1982,2025,NA,"Least concern",NA
1040670,363700,"Salix caprea L.",NA,"Salicaceae",NA,2,1982,2025,NA,"Least concern",NA
1040680,363800,"Salix cinerea L.",NA,"Salicaceae",NA,1,2014,2014,NA,"Least concern",NA
1040690,363900,"Salix daphnoides Vill.",NA,"Salicaceae",NA,152,1860,2023,NA,"Least concern",NA
1040790,364600,"Salix hastata L.",NA,"Salicaceae",NA,13,1881,2021,NA,"Least concern",NA
1040800,364700,"Salix helvetica Vill.",NA,"Salicaceae",NA,2,1862,2025,NA,"Least concern",NA
1040810,364800,"Salix herbacea L.",NA,"Salicaceae",NA,3,1982,2014,NA,"Least concern",NA
1040820,364900,"Salix laggeri Wimm.",NA,"Salicaceae",NA,1,2023,2023,NA,"Vulnerable",NA
1040860,365000,"Salix myrsinifolia Salisb.",NA,"Salicaceae",NA,9,1862,2025,NA,"Least concern",NA
1040900,365500,"Salix pentandra L.",NA,"Salicaceae",NA,144,1982,2024,NA,"Near threatened",NA
1040920,365800,"Salix purpurea L.",NA,"Salicaceae",NA,28,1982,2025,NA,"Least concern",NA
1041060,366700,"Salix ×hegetschweileri Heer",NA,"Salicaceae",NA,88,1854,2025,NA,"Endangered",NA
1041200,367600,"Salvia pratensis L.",NA,"Lamiaceae",NA,1,2022,2022,NA,"Least concern",NA
1041300,368400,"Sambucus racemosa L.",NA,"Adoxaceae",NA,3,1982,2025,NA,"Least concern",NA
1041370,369000,"Sanguisorba officinalis L.",NA,"Rosaceae",NA,1,1955,1955,NA,"Near threatened",NA
1041510,371050,"Saussurea alpina (L.) DC.",NA,"Asteraceae",NA,0,1994,1994,NA,"Least concern",NA
1041520,371100,"Saussurea alpina (L.) DC. subsp. alpina",NA,"Asteraceae",NA,0,1994,1994,NA,"Least concern",NA
1041560,371600,"Saxifraga aizoides L.",NA,"Saxifragaceae",NA,5,1982,2025,NA,"Least concern",NA
1041590,372000,"Saxifraga aspera L.",NA,"Saxifragaceae",NA,1,1982,2025,NA,"Least concern",NA
1041670,372700,"Saxifraga cotyledon L.",NA,"Saxifragaceae",NA,1,1900,1982,NA,"Least concern",NA
1041860,374450,"Saxifraga oppositifolia L.",NA,"Saxifragaceae",NA,1,1882,1882,NA,"Least concern",NA
1041890,374600,"Saxifraga paniculata Mill.",NA,"Saxifragaceae",NA,2,1982,2025,NA,"Least concern",NA
1041980,375400,"Saxifraga rotundifolia L.",NA,"Saxifragaceae",NA,9,1982,2025,NA,"Least concern",NA
1042010,375800,"Saxifraga stellaris L.",NA,"Saxifragaceae",NA,5,1982,2025,NA,"Least concern",NA
1042090,376500,"Scabiosa columbaria L.",NA,"Caprifoliaceae",NA,20,1978,2025,NA,"Least concern",NA
1042100,376600,"Scabiosa columbaria L. subsp. columbaria",NA,"Caprifoliaceae",NA,3,2017,2025,NA,"Least concern",NA
1042120,377100,"Scabiosa lucida Vill.",NA,"Caprifoliaceae",NA,10,1982,2023,NA,"Least concern",NA
1042620,382100,"Scrophularia nodosa L.",NA,"Scrophulariaceae",NA,0,1982,1982,NA,"Least concern",NA
1042730,383100,"Sedum acre L.",NA,"Crassulaceae",NA,1,1982,2025,NA,"Least concern",NA
1042750,383200,"Sedum album L.",NA,"Crassulaceae",NA,1,2025,2025,NA,"Least concern",NA
1042780,383500,"Sedum annuum L.",NA,"Crassulaceae",NA,3,1982,2025,NA,"Least concern",NA
1043100,386300,"Selaginella selaginoides (L.) Schrank & Mart.",NA,"Selaginellaceae",NA,24,1962,2008,NA,"Least concern",NA
1043120,386700,"Sempervivum arachnoideum L.",NA,"Crassulaceae",NA,2,1982,2022,NA,"Least concern",NA
1043130,386730,"Sempervivum arachnoideum L. subsp. arachnoideum",NA,"Crassulaceae",NA,1,2012,2012,NA,"",NA
1043160,387000,"Sempervivum montanum L.",NA,"Crassulaceae",NA,6,1982,2025,NA,"Least concern",NA
1043165,387050,"Sempervivum montanum L. subsp. montanum",NA,"Crassulaceae",NA,3,2020,2025,NA,"",NA
1043170,387100,"Sempervivum tectorum L.",NA,"Crassulaceae",NA,1,1982,2022,NA,"Least concern",NA
1043280,388200,"Senecio doronicum (L.) L.",NA,"Asteraceae",NA,9,1886,2025,NA,"Least concern",NA
1043285,388250,"Senecio doronicum (L.) L. subsp. doronicum",NA,"Asteraceae",NA,1,2025,2025,NA,"",NA
1043425,389870,"Senecio ovatus aggr.",NA,"Asteraceae",NA,1,2025,2025,NA,"",NA
1043470,390000,"Senecio rupestris Waldst. & Kit.",NA,"Asteraceae",NA,4,1994,2025,NA,"Least concern",NA
1043520,390400,"Senecio viscosus L.",NA,"Asteraceae",NA,8,2017,2025,NA,"Least concern",NA
1043530,390500,"Senecio vulgaris L.",NA,"Asteraceae",NA,1,1982,2025,NA,"Least concern",NA
1043700,392200,"Sesleria caerulea (L.) Ard.",NA,"Poaceae",NA,1,1977,1982,NA,"Least concern",NA
1043890,394300,"Silene acaulis (L.) Jacq.",NA,"Caryophyllaceae",NA,1,1982,2019,NA,"Least concern",NA
1043940,394900,"Silene dioica (L.) Clairv.",NA,"Caryophyllaceae",NA,12,1941,2025,NA,"Least concern",NA
1043960,395100,"Silene exscapa All.",NA,"Caryophyllaceae",NA,1,2020,2020,NA,"Least concern",NA
1043970,395200,"Silene flos-cuculi (L.) Clairv.",NA,"Caryophyllaceae",NA,33,1955,1978,NA,"Least concern",NA
1044020,396050,"Silene nutans L.",NA,"Caryophyllaceae",NA,40,1941,2025,NA,"Least concern",NA
1044030,396100,"Silene nutans L. subsp. nutans",NA,"Caryophyllaceae",NA,15,1982,2025,NA,"Least concern",NA
1044060,396400,"Silene pratensis (Rafn) Godr.",NA,"Caryophyllaceae",NA,1,1996,1996,NA,"Least concern",NA
1044080,396800,"Silene rupestris L.",NA,"Caryophyllaceae",NA,9,1978,2025,NA,"Least concern",NA
1044140,397295,"Silene vulgaris (Moench) Garcke",NA,"Caryophyllaceae",NA,23,1941,2025,NA,"Least concern",NA
1044150,397300,"Silene vulgaris (Moench) Garcke subsp. vulgaris",NA,"Caryophyllaceae",NA,3,1982,2025,NA,"Least concern",NA
1044540,400600,"Soldanella alpina L.",NA,"Primulaceae",NA,9,1941,1982,NA,"Least concern",NA
1044620,401395,"Solidago virgaurea L.",NA,"Asteraceae",NA,64,1962,2025,NA,"Least concern",NA
1044630,401400,"Solidago virgaurea L. subsp. virgaurea",NA,"Asteraceae",NA,3,1982,2025,NA,"Least concern",NA
1044640,401500,"Solidago virgaurea subsp. minuta (L.) Arcang.",NA,"Asteraceae",NA,5,1982,2025,NA,"Least concern",NA
1044680,401800,"Sonchus asper Hill",NA,"Asteraceae",NA,4,1982,2025,NA,"Least concern",NA
1044685,401850,"Sonchus asper Hill subsp. asper",NA,"Asteraceae",NA,2,2024,2025,NA,"",NA
1044690,401900,"Sonchus oleraceus L.",NA,"Asteraceae",NA,2,1977,2025,NA,"Least concern",NA
1044730,402200,"Sorbus aria (L.) Crantz",NA,"Rosaceae",NA,1,1982,2025,NA,"Least concern",NA
1044725,402250,"Sorbus aria aggr.",NA,"Rosaceae",NA,2,1982,2025,NA,"",NA
1044740,402300,"Sorbus aucuparia L.",NA,"Rosaceae",NA,59,1962,2025,NA,"Least concern",NA
1044750,402330,"Sorbus aucuparia L. subsp. aucuparia",NA,"Rosaceae",NA,2,2025,2025,NA,"Least concern",NA
1044770,402400,"Sorbus chamaemespilus (L.) Crantz",NA,"Rosaceae",NA,0,1982,1982,NA,"Least concern",NA
1044870,402900,"Sparganium angustifolium Michx.",NA,"Typhaceae",NA,4,1993,2025,NA,"Near threatened",NA
1044970,404300,"Spergula arvensis L.",NA,"Caryophyllaceae",NA,1,2022,2022,NA,"Vulnerable",NA
1045000,404700,"Spergularia rubra (L.) J. Presl & C. Presl",NA,"Caryophyllaceae",NA,11,1839,2025,NA,"Least concern",NA
1045360,407500,"Stellaria graminea L.",NA,"Caryophyllaceae",NA,3,1982,2023,NA,"Least concern",NA
1045420,408095,"Stellaria nemorum L.",NA,"Caryophyllaceae",NA,32,1982,2025,NA,"Least concern",NA
1045430,408100,"Stellaria nemorum L. subsp. nemorum",NA,"Caryophyllaceae",NA,8,1982,2025,NA,"Least concern",NA
1045470,408600,"Stemmacantha rhapontica (L.) Dittrich",NA,"Asteraceae",NA,1,2024,2024,NA,"Least concern",NA
1045480,408700,"Stemmacantha rhapontica (L.) Dittrich subsp. rhapontica",NA,"Asteraceae",NA,1,2024,2024,NA,"Least concern",NA
1045670,409800,"Streptopus amplexifolius (L.) DC.",NA,"Liliaceae",NA,4,1859,2020,NA,"Least concern",NA
1045790,410800,"Symphytum officinale L.",NA,"Boraginaceae",NA,1,1955,1955,NA,"Least concern",NA
1045785,410850,"Symphytum officinale aggr.",NA,"Boraginaceae",NA,1,1955,1955,NA,"",NA
1046040,412500,"Taraxacum cucullatum aggr.",NA,"Asteraceae",NA,0,1966,1966,NA,"Near threatened",NA
1046080,413100,"Taraxacum officinale aggr.",NA,"Asteraceae",NA,30,1931,2025,NA,"Least concern",NA
1046110,413400,"Taraxacum palustre aggr.",NA,"Asteraceae",NA,2,2008,2008,NA,"Near threatened",NA
1046300,415100,"Teucrium montanum L.",NA,"Lamiaceae",NA,4,1982,2013,NA,"Least concern",NA
1046450,417200,"Thesium alpinum L.",NA,"Santalaceae",NA,55,1962,2025,NA,"Least concern",NA
1046560,417995,"Thlaspi alpestre aggr.",NA,"Brassicaceae",NA,3,1881,2025,NA,"Near threatened",NA
1046670,419400,"Thlaspi sylvium Gaudin",NA,"Brassicaceae",NA,1,1881,1881,NA,"Vulnerable",NA
1046680,419500,"Thlaspi virens Jord.",NA,"Brassicaceae",NA,3,1881,2025,NA,"Near threatened",NA
1046830,420750,"Thymus praecox Opiz",NA,"Lamiaceae",NA,4,1977,2025,NA,"",NA
1046840,420800,"Thymus praecox Opiz subsp. praecox",NA,"Lamiaceae",NA,1,1977,1982,NA,"Least concern",NA
1046850,420900,"Thymus praecox subsp. polytrichus (Borbás) Jalas",NA,"Lamiaceae",NA,2,1982,2023,NA,"Least concern",NA
1046860,420940,"Thymus pulegioides L.",NA,"Lamiaceae",NA,29,1978,2025,NA,"",NA
1046870,420990,"Thymus pulegioides L. subsp. pulegioides",NA,"Lamiaceae",NA,2,2012,2025,NA,"Least concern",NA
1046880,421100,"Thymus pulegioides subsp. carniolicus (Borbás) P. A. Schmidt",NA,"Lamiaceae",NA,2,1978,1978,NA,"Near threatened",NA
1046890,421200,"Thymus serpyllum aggr.",NA,"Lamiaceae",NA,56,1977,2025,NA,"Least concern",NA
1046990,421600,"Tofieldia calyculata (L.) Wahlenb.",NA,"Tofieldiaceae",NA,4,1978,2025,NA,"Least concern",NA
1047090,422400,"Tozzia alpina L.",NA,"Orobanchaceae",NA,4,1860,2025,NA,"Least concern",NA
1047180,422950,"Tragopogon pratensis L.",NA,"Asteraceae",NA,6,1941,2025,NA,"Least concern",NA
1047220,423300,"Tragopogon pratensis subsp. orientalis (L.) Čelak.",NA,"Asteraceae",NA,4,1941,2025,NA,"Least concern",NA
1047300,423930,"Trichophorum cespitosum (L.) Hartm. subsp. cespitosum",NA,"Cyperaceae",NA,1,2025,2025,NA,"",NA
1047340,424200,"Trientalis europaea L.",NA,"Primulaceae",NA,21,1797,2025,NA,"Vulnerable",NA
1047370,424500,"Trifolium alpinum L.",NA,"Fabaceae",NA,25,1962,2025,NA,"Least concern",NA
1047410,424900,"Trifolium badium Schreb.",NA,"Fabaceae",NA,30,1952,2025,NA,"Least concern",NA
1047460,425595,"Trifolium hybridum L.",NA,"Fabaceae",NA,1,2008,2008,NA,"",NA
1047520,426000,"Trifolium medium L.",NA,"Fabaceae",NA,10,1978,2025,NA,"Least concern",NA
1047540,426300,"Trifolium montanum L.",NA,"Fabaceae",NA,45,1978,2025,NA,"Least concern",NA
1047600,426895,"Trifolium pratense L.",NA,"Fabaceae",NA,69,1931,2025,NA,"Least concern",NA
1047610,426900,"Trifolium pratense L. subsp. pratense",NA,"Fabaceae",NA,5,1982,2025,NA,"Least concern",NA
1047620,427000,"Trifolium pratense subsp. nivale (W. D. J. Koch) Ces.",NA,"Fabaceae",NA,11,1953,2025,NA,"Least concern",NA
1047630,427100,"Trifolium repens L.",NA,"Fabaceae",NA,45,1931,2025,NA,"Least concern",NA
1047640,427200,"Trifolium repens L. subsp. repens",NA,"Fabaceae",NA,20,1978,2025,NA,"Least concern",NA
1047670,427500,"Trifolium rubens L.",NA,"Fabaceae",NA,1,1978,1978,NA,"Near threatened",NA
1047760,428100,"Trifolium thalii Vill.",NA,"Fabaceae",NA,1,1982,2025,NA,"Least concern",NA
1047770,428200,"Triglochin palustris L.",NA,"Juncaginaceae",NA,2,1977,2012,NA,"Least concern",NA
1047840,428700,"Tripleurospermum inodorum (L.) Sch. Bip.",NA,"Asteraceae",NA,1,2022,2022,NA,"Least concern",NA
1047880,429300,"Trisetum distichophyllum (Vill.) P. Beauv.",NA,"Poaceae",NA,1,1977,1982,NA,"Least concern",NA
1047890,429400,"Trisetum flavescens (L.) P. Beauv.",NA,"Poaceae",NA,24,1941,2025,NA,"Least concern",NA
1047910,429460,"Trisetum flavescens subsp. purpurascens (DC.) Arcang.",NA,"Poaceae",NA,2,2024,2025,NA,"",NA
1048030,430600,"Trollius europaeus L.",NA,"Ranunculaceae",NA,12,1962,1982,NA,"Least concern",NA
1048220,432000,"Tussilago farfara L.",NA,"Asteraceae",NA,20,1978,2025,NA,"Least concern",NA
1048360,433400,"Urtica dioica L.",NA,"Urticaceae",NA,22,1978,2025,NA,"Least concern",NA
1048470,434500,"Vaccinium gaultherioides Bigelow",NA,"Ericaceae",NA,10,1997,2025,NA,"Least concern",NA
1048500,434800,"Vaccinium myrtillus L.",NA,"Ericaceae",NA,79,1962,2025,NA,"Least concern",NA
1048530,435000,"Vaccinium uliginosum L.",NA,"Ericaceae",NA,18,1978,2025,NA,"Near threatened",NA
1048520,435100,"Vaccinium uliginosum aggr.",NA,"Ericaceae",NA,44,1962,2025,NA,"Least concern",NA
1048540,435300,"Vaccinium vitis-idaea L.",NA,"Ericaceae",NA,66,1962,2025,NA,"Least concern",NA
1048545,435330,"Vaccinium vitis-idaea L. subsp. vitis-idaea",NA,"Ericaceae",NA,3,2025,2025,NA,"",NA
1048610,435800,"Valeriana officinalis L.",NA,"Caprifoliaceae",NA,1,2014,2014,NA,"Least concern",NA
1048600,435900,"Valeriana officinalis aggr.",NA,"Caprifoliaceae",NA,1,2014,2014,NA,"Least concern",NA
1048690,436700,"Valeriana tripteris L.",NA,"Caprifoliaceae",NA,2,1982,2025,NA,"Least concern",NA
1048820,437800,"Veratrum album L.",NA,"Melanthiaceae",NA,19,1941,2025,NA,"Least concern",NA
1048840,438000,"Veratrum album subsp. lobelianum (Bernh.) Arcang.",NA,"Melanthiaceae",NA,3,2025,2025,NA,"Least concern",NA
1048950,439100,"Verbascum nigrum L.",NA,"Scrophulariaceae",NA,0,1982,1982,NA,"Least concern",NA
1049040,439850,"Verbascum thapsus subsp. montanum (Schrad.) Bonnier & Layens",NA,"Scrophulariaceae",NA,0,1982,1982,NA,"Least concern",NA
1049120,440400,"Veronica alpina L.",NA,"Plantaginaceae",NA,1,1982,2003,NA,"Least concern",NA
1049150,440700,"Veronica aphylla L.",NA,"Plantaginaceae",NA,3,1983,2025,NA,"Least concern",NA
1049160,440800,"Veronica arvensis L.",NA,"Plantaginaceae",NA,2,1955,2025,NA,"Least concern",NA
1049190,441100,"Veronica bellidioides L.",NA,"Plantaginaceae",NA,2,1982,2017,NA,"Least concern",NA
1049210,441400,"Veronica chamaedrys L.",NA,"Plantaginaceae",NA,29,1941,2025,NA,"Least concern",NA
1049220,441430,"Veronica chamaedrys L. subsp. chamaedrys",NA,"Plantaginaceae",NA,1,2025,2025,NA,"",NA
1049270,441700,"Veronica fruticans Jacq.",NA,"Plantaginaceae",NA,9,1978,2025,NA,"Least concern",NA
1049340,442400,"Veronica officinalis L.",NA,"Plantaginaceae",NA,4,1977,2025,NA,"Least concern",NA
1049370,442600,"Veronica peregrina L.",NA,"Plantaginaceae",NA,1,2017,2017,NA,"",NA
1049460,443395,"Veronica serpyllifolia L.",NA,"Plantaginaceae",NA,3,1931,1982,NA,"Least concern",NA
1049620,444995,"Vicia cracca L.",NA,"Fabaceae",NA,26,1941,2025,NA,"Least concern",NA
1049630,445000,"Vicia cracca L. subsp. cracca",NA,"Fabaceae",NA,3,1982,2025,NA,"Least concern",NA
1049860,447400,"Vicia sepium L.",NA,"Fabaceae",NA,18,1953,2025,NA,"Least concern",NA
1050010,449100,"Viola biflora L.",NA,"Violaceae",NA,18,1978,2025,NA,"Least concern",NA
1050060,449250,"Viola canina L.",NA,"Violaceae",NA,23,1978,2025,NA,"Near threatened",NA
1050050,449300,"Viola canina L. subsp. canina",NA,"Violaceae",NA,3,1982,2025,NA,"Vulnerable",NA
1050170,450300,"Viola hirta L.",NA,"Violaceae",NA,19,1978,2013,NA,"Least concern",NA
1050270,451600,"Viola reichenbachiana Boreau",NA,"Violaceae",NA,3,1978,1978,NA,"Least concern",NA
1050290,451800,"Viola rupestris F. W. Schmidt",NA,"Violaceae",NA,1,1982,2017,NA,"Least concern",NA
1050340,452500,"Viola tricolor L.",NA,"Violaceae",NA,7,1941,2025,NA,"",NA
1050330,452510,"Viola tricolor aggr.",NA,"Violaceae",NA,8,1941,2025,NA,"Least concern",NA
1050350,452505,"Viola tricolor subsp. subalpina Gaudin",NA,"Violaceae",NA,5,1941,2025,NA,"Least concern",NA
